version 3
run SimpleRing_STM4-0-20260510-02:08:53-428
attr configname SimpleRing_STM4
attr datetime 20260510-02:08:53
attr datetimef 20260510-020853
attr experiment SimpleRing_STM4
attr inifile omnetpp.ini
attr iterationvars ""
attr iterationvarsd ""
attr iterationvarsf ""
attr measurement ""
attr network SimpleRingNetwork
attr processid 428
attr repetition 0
attr replication #0
attr resultdir results
attr runnumber 0
attr seedset 0
config image-path ../../../../../images
config *.adm*.stmLevel 4
config **.packetSize 1000
config **.packetInterval 100us
config **.numTributaries 1
config *.visualizer.*.enabled true
config *.visualizer.*.animationSpeed 20
config *.visualizer.*.displayRoutes false
config *.visualizer.*.displayLabels true
config *.visualizer.*.displayPacketDrops true
config *.lteSource.stmLevel 1
config *.lteSink.stmLevel 1
config *.lteSource.useProtection false
config *.lteSink.useProtection false
config *.source.packetInterval 20us
config *.source.packetSize 150
config *.lteSource.protectionSwitchTime -1s
config *.lteSink.protectionSwitchTime -1s
config **.scalar-recording true
config **.vector-recording true
config **.stmForwarded.record vector
config **.pdhReceived.record vector
config **.pdhTransmitted.record vector
config network SimpleRingNetwork
config sim-time-limit 1s

vector 0 SimpleRingNetwork.adm1 pdhReceived:vector ETV
attr recordingmode vector
attr source pdhReceived
attr title "PDH packets from tributary"
vector 1 SimpleRingNetwork.adm2 stmForwarded:vector ETV
attr recordingmode vector
attr source stmForwarded
attr title "STM frames forwarded"
vector 2 SimpleRingNetwork.adm3 pdhTransmitted:vector ETV
attr recordingmode vector
attr source pdhTransmitted
attr title "PDH packets to tributary"
0	7	0.000153440329	1
0	15	0.000253440329	1
0	19	0.000353440329	1
0	29	0.000453440329	1
0	39	0.000553440329	1
0	49	0.000653440329	1
0	58	0.000753440329	1
0	62	0.000853440329	1
0	72	0.000953440329	1
0	82	0.001053440329	1
0	92	0.001153440329	1
0	101	0.001253440329	1
0	105	0.001353440329	1
0	115	0.001453440329	1
0	125	0.001553440329	1
0	135	0.001653440329	1
0	144	0.001753440329	1
0	148	0.001853440329	1
0	158	0.001953440329	1
0	168	0.002053440329	1
0	178	0.002153440329	1
0	187	0.002253440329	1
0	191	0.002353440329	1
0	201	0.002453440329	1
0	211	0.002553440329	1
0	221	0.002653440329	1
0	230	0.002753440329	1
0	234	0.002853440329	1
0	244	0.002953440329	1
0	254	0.003053440329	1
0	264	0.003153440329	1
0	273	0.003253440329	1
0	277	0.003353440329	1
0	287	0.003453440329	1
0	297	0.003553440329	1
0	307	0.003653440329	1
0	316	0.003753440329	1
0	320	0.003853440329	1
0	330	0.003953440329	1
0	340	0.004053440329	1
0	350	0.004153440329	1
0	359	0.004253440329	1
0	363	0.004353440329	1
0	373	0.004453440329	1
0	383	0.004553440329	1
0	393	0.004653440329	1
0	402	0.004753440329	1
0	406	0.004853440329	1
0	416	0.004953440329	1
0	426	0.005053440329	1
0	436	0.005153440329	1
0	445	0.005253440329	1
0	449	0.005353440329	1
0	459	0.005453440329	1
0	469	0.005553440329	1
0	479	0.005653440329	1
0	488	0.005753440329	1
0	492	0.005853440329	1
0	502	0.005953440329	1
0	512	0.006053440329	1
0	522	0.006153440329	1
0	531	0.006253440329	1
0	535	0.006353440329	1
0	545	0.006453440329	1
0	555	0.006553440329	1
0	565	0.006653440329	1
0	574	0.006753440329	1
0	578	0.006853440329	1
0	588	0.006953440329	1
0	598	0.007053440329	1
0	608	0.007153440329	1
0	617	0.007253440329	1
0	621	0.007353440329	1
0	631	0.007453440329	1
0	641	0.007553440329	1
0	651	0.007653440329	1
0	660	0.007753440329	1
0	664	0.007853440329	1
0	674	0.007953440329	1
0	684	0.008053440329	1
0	694	0.008153440329	1
0	703	0.008253440329	1
0	707	0.008353440329	1
0	717	0.008453440329	1
0	727	0.008553440329	1
0	737	0.008653440329	1
0	746	0.008753440329	1
0	750	0.008853440329	1
0	760	0.008953440329	1
0	770	0.009053440329	1
0	780	0.009153440329	1
0	789	0.009253440329	1
0	793	0.009353440329	1
0	803	0.009453440329	1
0	813	0.009553440329	1
0	823	0.009653440329	1
0	832	0.009753440329	1
0	836	0.009853440329	1
0	846	0.009953440329	1
0	856	0.010053440329	1
0	866	0.010153440329	1
0	875	0.010253440329	1
0	879	0.010353440329	1
0	889	0.010453440329	1
0	899	0.010553440329	1
0	909	0.010653440329	1
0	918	0.010753440329	1
0	922	0.010853440329	1
0	932	0.010953440329	1
0	942	0.011053440329	1
0	952	0.011153440329	1
0	961	0.011253440329	1
0	965	0.011353440329	1
0	975	0.011453440329	1
0	985	0.011553440329	1
0	995	0.011653440329	1
0	1004	0.011753440329	1
0	1008	0.011853440329	1
0	1018	0.011953440329	1
0	1028	0.012053440329	1
0	1038	0.012153440329	1
0	1047	0.012253440329	1
0	1051	0.012353440329	1
0	1061	0.012453440329	1
0	1071	0.012553440329	1
0	1081	0.012653440329	1
0	1090	0.012753440329	1
0	1094	0.012853440329	1
0	1104	0.012953440329	1
0	1114	0.013053440329	1
0	1124	0.013153440329	1
0	1133	0.013253440329	1
0	1137	0.013353440329	1
0	1147	0.013453440329	1
0	1157	0.013553440329	1
0	1167	0.013653440329	1
0	1176	0.013753440329	1
0	1180	0.013853440329	1
0	1190	0.013953440329	1
0	1200	0.014053440329	1
0	1210	0.014153440329	1
0	1219	0.014253440329	1
0	1223	0.014353440329	1
0	1233	0.014453440329	1
0	1243	0.014553440329	1
0	1253	0.014653440329	1
0	1262	0.014753440329	1
0	1266	0.014853440329	1
0	1276	0.014953440329	1
0	1286	0.015053440329	1
0	1296	0.015153440329	1
0	1305	0.015253440329	1
0	1309	0.015353440329	1
0	1319	0.015453440329	1
0	1329	0.015553440329	1
0	1339	0.015653440329	1
0	1348	0.015753440329	1
0	1352	0.015853440329	1
0	1362	0.015953440329	1
0	1372	0.016053440329	1
0	1382	0.016153440329	1
0	1391	0.016253440329	1
0	1395	0.016353440329	1
0	1405	0.016453440329	1
0	1415	0.016553440329	1
0	1425	0.016653440329	1
0	1434	0.016753440329	1
0	1438	0.016853440329	1
0	1448	0.016953440329	1
0	1458	0.017053440329	1
0	1468	0.017153440329	1
0	1477	0.017253440329	1
0	1481	0.017353440329	1
0	1491	0.017453440329	1
0	1501	0.017553440329	1
0	1511	0.017653440329	1
0	1520	0.017753440329	1
0	1524	0.017853440329	1
0	1534	0.017953440329	1
0	1544	0.018053440329	1
0	1554	0.018153440329	1
0	1563	0.018253440329	1
0	1567	0.018353440329	1
0	1577	0.018453440329	1
0	1587	0.018553440329	1
0	1597	0.018653440329	1
0	1606	0.018753440329	1
0	1610	0.018853440329	1
0	1620	0.018953440329	1
0	1630	0.019053440329	1
0	1640	0.019153440329	1
0	1649	0.019253440329	1
0	1653	0.019353440329	1
0	1663	0.019453440329	1
0	1673	0.019553440329	1
0	1683	0.019653440329	1
0	1692	0.019753440329	1
0	1696	0.019853440329	1
0	1706	0.019953440329	1
0	1716	0.020053440329	1
0	1726	0.020153440329	1
0	1735	0.020253440329	1
0	1739	0.020353440329	1
0	1749	0.020453440329	1
0	1759	0.020553440329	1
0	1769	0.020653440329	1
0	1778	0.020753440329	1
0	1782	0.020853440329	1
0	1792	0.020953440329	1
0	1802	0.021053440329	1
0	1812	0.021153440329	1
0	1821	0.021253440329	1
0	1825	0.021353440329	1
0	1835	0.021453440329	1
0	1845	0.021553440329	1
0	1855	0.021653440329	1
0	1864	0.021753440329	1
0	1868	0.021853440329	1
0	1878	0.021953440329	1
0	1888	0.022053440329	1
0	1898	0.022153440329	1
0	1907	0.022253440329	1
0	1911	0.022353440329	1
0	1921	0.022453440329	1
0	1931	0.022553440329	1
0	1941	0.022653440329	1
0	1950	0.022753440329	1
0	1954	0.022853440329	1
0	1964	0.022953440329	1
0	1974	0.023053440329	1
0	1984	0.023153440329	1
0	1993	0.023253440329	1
0	1997	0.023353440329	1
0	2007	0.023453440329	1
0	2017	0.023553440329	1
0	2027	0.023653440329	1
0	2036	0.023753440329	1
0	2040	0.023853440329	1
0	2050	0.023953440329	1
0	2060	0.024053440329	1
0	2070	0.024153440329	1
0	2079	0.024253440329	1
0	2083	0.024353440329	1
0	2093	0.024453440329	1
0	2103	0.024553440329	1
0	2113	0.024653440329	1
0	2122	0.024753440329	1
0	2126	0.024853440329	1
0	2136	0.024953440329	1
0	2146	0.025053440329	1
0	2156	0.025153440329	1
0	2165	0.025253440329	1
0	2169	0.025353440329	1
0	2179	0.025453440329	1
0	2189	0.025553440329	1
0	2199	0.025653440329	1
0	2208	0.025753440329	1
0	2212	0.025853440329	1
0	2222	0.025953440329	1
0	2232	0.026053440329	1
0	2242	0.026153440329	1
0	2251	0.026253440329	1
0	2255	0.026353440329	1
0	2265	0.026453440329	1
0	2275	0.026553440329	1
0	2285	0.026653440329	1
0	2294	0.026753440329	1
0	2298	0.026853440329	1
0	2308	0.026953440329	1
0	2318	0.027053440329	1
0	2328	0.027153440329	1
0	2337	0.027253440329	1
0	2341	0.027353440329	1
0	2351	0.027453440329	1
0	2361	0.027553440329	1
0	2371	0.027653440329	1
0	2380	0.027753440329	1
0	2384	0.027853440329	1
0	2394	0.027953440329	1
0	2404	0.028053440329	1
0	2414	0.028153440329	1
0	2423	0.028253440329	1
0	2427	0.028353440329	1
0	2437	0.028453440329	1
0	2447	0.028553440329	1
0	2457	0.028653440329	1
0	2466	0.028753440329	1
0	2470	0.028853440329	1
0	2480	0.028953440329	1
0	2490	0.029053440329	1
0	2500	0.029153440329	1
0	2509	0.029253440329	1
0	2513	0.029353440329	1
0	2523	0.029453440329	1
0	2533	0.029553440329	1
0	2543	0.029653440329	1
0	2552	0.029753440329	1
0	2556	0.029853440329	1
0	2566	0.029953440329	1
0	2576	0.030053440329	1
0	2586	0.030153440329	1
0	2595	0.030253440329	1
0	2599	0.030353440329	1
0	2609	0.030453440329	1
0	2619	0.030553440329	1
0	2629	0.030653440329	1
0	2638	0.030753440329	1
0	2642	0.030853440329	1
0	2652	0.030953440329	1
0	2662	0.031053440329	1
0	2672	0.031153440329	1
0	2681	0.031253440329	1
0	2685	0.031353440329	1
0	2695	0.031453440329	1
0	2705	0.031553440329	1
0	2715	0.031653440329	1
0	2724	0.031753440329	1
0	2728	0.031853440329	1
0	2738	0.031953440329	1
0	2748	0.032053440329	1
0	2758	0.032153440329	1
0	2767	0.032253440329	1
0	2771	0.032353440329	1
0	2781	0.032453440329	1
0	2791	0.032553440329	1
0	2801	0.032653440329	1
0	2810	0.032753440329	1
0	2814	0.032853440329	1
0	2824	0.032953440329	1
0	2834	0.033053440329	1
0	2844	0.033153440329	1
0	2853	0.033253440329	1
0	2857	0.033353440329	1
0	2867	0.033453440329	1
0	2877	0.033553440329	1
0	2887	0.033653440329	1
0	2896	0.033753440329	1
0	2900	0.033853440329	1
0	2910	0.033953440329	1
0	2920	0.034053440329	1
0	2930	0.034153440329	1
0	2939	0.034253440329	1
0	2943	0.034353440329	1
0	2953	0.034453440329	1
0	2963	0.034553440329	1
0	2973	0.034653440329	1
0	2982	0.034753440329	1
0	2986	0.034853440329	1
0	2996	0.034953440329	1
0	3006	0.035053440329	1
0	3016	0.035153440329	1
0	3025	0.035253440329	1
0	3029	0.035353440329	1
0	3039	0.035453440329	1
0	3049	0.035553440329	1
0	3059	0.035653440329	1
0	3068	0.035753440329	1
0	3072	0.035853440329	1
0	3082	0.035953440329	1
0	3092	0.036053440329	1
0	3102	0.036153440329	1
0	3111	0.036253440329	1
0	3115	0.036353440329	1
0	3125	0.036453440329	1
0	3135	0.036553440329	1
0	3145	0.036653440329	1
0	3154	0.036753440329	1
0	3158	0.036853440329	1
0	3168	0.036953440329	1
0	3178	0.037053440329	1
0	3188	0.037153440329	1
0	3197	0.037253440329	1
0	3201	0.037353440329	1
0	3211	0.037453440329	1
0	3221	0.037553440329	1
0	3231	0.037653440329	1
0	3240	0.037753440329	1
0	3244	0.037853440329	1
0	3254	0.037953440329	1
0	3264	0.038053440329	1
0	3274	0.038153440329	1
0	3283	0.038253440329	1
0	3287	0.038353440329	1
0	3297	0.038453440329	1
0	3307	0.038553440329	1
0	3317	0.038653440329	1
0	3326	0.038753440329	1
0	3330	0.038853440329	1
0	3340	0.038953440329	1
0	3350	0.039053440329	1
0	3360	0.039153440329	1
0	3369	0.039253440329	1
0	3373	0.039353440329	1
0	3383	0.039453440329	1
0	3393	0.039553440329	1
0	3403	0.039653440329	1
0	3412	0.039753440329	1
0	3416	0.039853440329	1
0	3426	0.039953440329	1
0	3436	0.040053440329	1
0	3446	0.040153440329	1
0	3455	0.040253440329	1
0	3459	0.040353440329	1
0	3469	0.040453440329	1
0	3479	0.040553440329	1
0	3489	0.040653440329	1
0	3498	0.040753440329	1
0	3502	0.040853440329	1
0	3512	0.040953440329	1
0	3522	0.041053440329	1
0	3532	0.041153440329	1
0	3541	0.041253440329	1
0	3545	0.041353440329	1
0	3555	0.041453440329	1
0	3565	0.041553440329	1
0	3575	0.041653440329	1
0	3584	0.041753440329	1
0	3588	0.041853440329	1
0	3598	0.041953440329	1
0	3608	0.042053440329	1
0	3618	0.042153440329	1
0	3627	0.042253440329	1
0	3631	0.042353440329	1
0	3641	0.042453440329	1
0	3651	0.042553440329	1
0	3661	0.042653440329	1
0	3670	0.042753440329	1
0	3674	0.042853440329	1
0	3684	0.042953440329	1
0	3694	0.043053440329	1
0	3704	0.043153440329	1
0	3713	0.043253440329	1
0	3717	0.043353440329	1
0	3727	0.043453440329	1
0	3737	0.043553440329	1
0	3747	0.043653440329	1
0	3756	0.043753440329	1
0	3760	0.043853440329	1
0	3770	0.043953440329	1
0	3780	0.044053440329	1
0	3790	0.044153440329	1
0	3799	0.044253440329	1
0	3803	0.044353440329	1
0	3813	0.044453440329	1
0	3823	0.044553440329	1
0	3833	0.044653440329	1
0	3842	0.044753440329	1
0	3846	0.044853440329	1
0	3856	0.044953440329	1
0	3866	0.045053440329	1
0	3876	0.045153440329	1
0	3885	0.045253440329	1
0	3889	0.045353440329	1
0	3899	0.045453440329	1
0	3909	0.045553440329	1
0	3919	0.045653440329	1
0	3928	0.045753440329	1
0	3932	0.045853440329	1
0	3942	0.045953440329	1
0	3952	0.046053440329	1
0	3962	0.046153440329	1
0	3971	0.046253440329	1
0	3975	0.046353440329	1
0	3985	0.046453440329	1
0	3995	0.046553440329	1
0	4005	0.046653440329	1
0	4014	0.046753440329	1
0	4018	0.046853440329	1
0	4028	0.046953440329	1
0	4038	0.047053440329	1
0	4048	0.047153440329	1
0	4057	0.047253440329	1
0	4061	0.047353440329	1
0	4071	0.047453440329	1
0	4081	0.047553440329	1
0	4091	0.047653440329	1
0	4100	0.047753440329	1
0	4104	0.047853440329	1
0	4114	0.047953440329	1
0	4124	0.048053440329	1
0	4134	0.048153440329	1
0	4143	0.048253440329	1
0	4147	0.048353440329	1
0	4157	0.048453440329	1
0	4167	0.048553440329	1
0	4177	0.048653440329	1
0	4186	0.048753440329	1
0	4190	0.048853440329	1
0	4200	0.048953440329	1
0	4210	0.049053440329	1
0	4220	0.049153440329	1
0	4229	0.049253440329	1
0	4233	0.049353440329	1
0	4243	0.049453440329	1
0	4253	0.049553440329	1
0	4263	0.049653440329	1
0	4272	0.049753440329	1
0	4276	0.049853440329	1
0	4286	0.049953440329	1
0	4296	0.050053440329	1
0	4306	0.050153440329	1
0	4315	0.050253440329	1
0	4319	0.050353440329	1
0	4329	0.050453440329	1
0	4339	0.050553440329	1
0	4349	0.050653440329	1
0	4358	0.050753440329	1
0	4362	0.050853440329	1
0	4372	0.050953440329	1
0	4382	0.051053440329	1
0	4392	0.051153440329	1
0	4401	0.051253440329	1
0	4405	0.051353440329	1
0	4415	0.051453440329	1
0	4425	0.051553440329	1
0	4435	0.051653440329	1
0	4444	0.051753440329	1
0	4448	0.051853440329	1
0	4458	0.051953440329	1
0	4468	0.052053440329	1
0	4478	0.052153440329	1
0	4487	0.052253440329	1
0	4491	0.052353440329	1
0	4501	0.052453440329	1
0	4511	0.052553440329	1
0	4521	0.052653440329	1
0	4530	0.052753440329	1
0	4534	0.052853440329	1
0	4544	0.052953440329	1
0	4554	0.053053440329	1
0	4564	0.053153440329	1
0	4573	0.053253440329	1
0	4577	0.053353440329	1
0	4587	0.053453440329	1
0	4597	0.053553440329	1
0	4607	0.053653440329	1
0	4616	0.053753440329	1
0	4620	0.053853440329	1
0	4630	0.053953440329	1
0	4640	0.054053440329	1
0	4650	0.054153440329	1
0	4659	0.054253440329	1
0	4663	0.054353440329	1
0	4673	0.054453440329	1
0	4683	0.054553440329	1
0	4693	0.054653440329	1
0	4702	0.054753440329	1
0	4706	0.054853440329	1
0	4716	0.054953440329	1
0	4726	0.055053440329	1
0	4736	0.055153440329	1
0	4745	0.055253440329	1
0	4749	0.055353440329	1
0	4759	0.055453440329	1
0	4769	0.055553440329	1
0	4779	0.055653440329	1
0	4788	0.055753440329	1
0	4792	0.055853440329	1
0	4802	0.055953440329	1
0	4812	0.056053440329	1
0	4822	0.056153440329	1
0	4831	0.056253440329	1
0	4835	0.056353440329	1
0	4845	0.056453440329	1
0	4855	0.056553440329	1
0	4865	0.056653440329	1
0	4874	0.056753440329	1
0	4878	0.056853440329	1
0	4888	0.056953440329	1
0	4898	0.057053440329	1
0	4908	0.057153440329	1
0	4917	0.057253440329	1
0	4921	0.057353440329	1
0	4931	0.057453440329	1
0	4941	0.057553440329	1
0	4951	0.057653440329	1
0	4960	0.057753440329	1
0	4964	0.057853440329	1
0	4974	0.057953440329	1
0	4984	0.058053440329	1
0	4994	0.058153440329	1
0	5003	0.058253440329	1
0	5007	0.058353440329	1
0	5017	0.058453440329	1
0	5027	0.058553440329	1
0	5037	0.058653440329	1
0	5046	0.058753440329	1
0	5050	0.058853440329	1
0	5060	0.058953440329	1
0	5070	0.059053440329	1
0	5080	0.059153440329	1
0	5089	0.059253440329	1
0	5093	0.059353440329	1
0	5103	0.059453440329	1
0	5113	0.059553440329	1
0	5123	0.059653440329	1
0	5132	0.059753440329	1
0	5136	0.059853440329	1
0	5146	0.059953440329	1
0	5156	0.060053440329	1
0	5166	0.060153440329	1
0	5175	0.060253440329	1
0	5179	0.060353440329	1
0	5189	0.060453440329	1
0	5199	0.060553440329	1
0	5209	0.060653440329	1
0	5218	0.060753440329	1
0	5222	0.060853440329	1
0	5232	0.060953440329	1
0	5242	0.061053440329	1
0	5252	0.061153440329	1
0	5261	0.061253440329	1
0	5265	0.061353440329	1
0	5275	0.061453440329	1
0	5285	0.061553440329	1
0	5295	0.061653440329	1
0	5304	0.061753440329	1
0	5308	0.061853440329	1
0	5318	0.061953440329	1
0	5328	0.062053440329	1
0	5338	0.062153440329	1
0	5347	0.062253440329	1
0	5351	0.062353440329	1
0	5361	0.062453440329	1
0	5371	0.062553440329	1
0	5381	0.062653440329	1
0	5390	0.062753440329	1
0	5394	0.062853440329	1
0	5404	0.062953440329	1
0	5414	0.063053440329	1
0	5424	0.063153440329	1
0	5433	0.063253440329	1
0	5437	0.063353440329	1
0	5447	0.063453440329	1
0	5457	0.063553440329	1
0	5467	0.063653440329	1
0	5476	0.063753440329	1
0	5480	0.063853440329	1
0	5490	0.063953440329	1
0	5500	0.064053440329	1
0	5510	0.064153440329	1
0	5519	0.064253440329	1
0	5523	0.064353440329	1
0	5533	0.064453440329	1
0	5543	0.064553440329	1
0	5553	0.064653440329	1
0	5562	0.064753440329	1
0	5566	0.064853440329	1
0	5576	0.064953440329	1
0	5586	0.065053440329	1
0	5596	0.065153440329	1
0	5605	0.065253440329	1
0	5609	0.065353440329	1
0	5619	0.065453440329	1
0	5629	0.065553440329	1
0	5639	0.065653440329	1
0	5648	0.065753440329	1
0	5652	0.065853440329	1
0	5662	0.065953440329	1
0	5672	0.066053440329	1
0	5682	0.066153440329	1
0	5691	0.066253440329	1
0	5695	0.066353440329	1
0	5705	0.066453440329	1
0	5715	0.066553440329	1
0	5725	0.066653440329	1
0	5734	0.066753440329	1
0	5738	0.066853440329	1
0	5748	0.066953440329	1
0	5758	0.067053440329	1
0	5768	0.067153440329	1
0	5777	0.067253440329	1
0	5781	0.067353440329	1
0	5791	0.067453440329	1
0	5801	0.067553440329	1
0	5811	0.067653440329	1
0	5820	0.067753440329	1
0	5824	0.067853440329	1
0	5834	0.067953440329	1
0	5844	0.068053440329	1
0	5854	0.068153440329	1
0	5863	0.068253440329	1
0	5867	0.068353440329	1
0	5877	0.068453440329	1
0	5887	0.068553440329	1
0	5897	0.068653440329	1
0	5906	0.068753440329	1
0	5910	0.068853440329	1
0	5920	0.068953440329	1
0	5930	0.069053440329	1
0	5940	0.069153440329	1
0	5949	0.069253440329	1
0	5953	0.069353440329	1
0	5963	0.069453440329	1
0	5973	0.069553440329	1
0	5983	0.069653440329	1
0	5992	0.069753440329	1
0	5996	0.069853440329	1
0	6006	0.069953440329	1
0	6016	0.070053440329	1
0	6026	0.070153440329	1
0	6035	0.070253440329	1
0	6039	0.070353440329	1
0	6049	0.070453440329	1
0	6059	0.070553440329	1
0	6069	0.070653440329	1
0	6078	0.070753440329	1
0	6082	0.070853440329	1
0	6092	0.070953440329	1
0	6102	0.071053440329	1
0	6112	0.071153440329	1
0	6121	0.071253440329	1
0	6125	0.071353440329	1
0	6135	0.071453440329	1
0	6145	0.071553440329	1
0	6155	0.071653440329	1
0	6164	0.071753440329	1
0	6168	0.071853440329	1
0	6178	0.071953440329	1
0	6188	0.072053440329	1
0	6198	0.072153440329	1
0	6207	0.072253440329	1
0	6211	0.072353440329	1
0	6221	0.072453440329	1
0	6231	0.072553440329	1
0	6241	0.072653440329	1
0	6250	0.072753440329	1
0	6254	0.072853440329	1
0	6264	0.072953440329	1
0	6274	0.073053440329	1
0	6284	0.073153440329	1
0	6293	0.073253440329	1
0	6297	0.073353440329	1
0	6307	0.073453440329	1
0	6317	0.073553440329	1
0	6327	0.073653440329	1
0	6336	0.073753440329	1
0	6340	0.073853440329	1
0	6350	0.073953440329	1
0	6360	0.074053440329	1
0	6370	0.074153440329	1
0	6379	0.074253440329	1
0	6383	0.074353440329	1
0	6393	0.074453440329	1
0	6403	0.074553440329	1
0	6413	0.074653440329	1
0	6422	0.074753440329	1
0	6426	0.074853440329	1
0	6436	0.074953440329	1
0	6446	0.075053440329	1
0	6456	0.075153440329	1
0	6465	0.075253440329	1
0	6469	0.075353440329	1
0	6479	0.075453440329	1
0	6489	0.075553440329	1
0	6499	0.075653440329	1
0	6508	0.075753440329	1
0	6512	0.075853440329	1
0	6522	0.075953440329	1
0	6532	0.076053440329	1
0	6542	0.076153440329	1
0	6551	0.076253440329	1
0	6555	0.076353440329	1
0	6565	0.076453440329	1
0	6575	0.076553440329	1
0	6585	0.076653440329	1
0	6594	0.076753440329	1
0	6598	0.076853440329	1
0	6608	0.076953440329	1
0	6618	0.077053440329	1
0	6628	0.077153440329	1
0	6637	0.077253440329	1
0	6641	0.077353440329	1
0	6651	0.077453440329	1
0	6661	0.077553440329	1
0	6671	0.077653440329	1
0	6680	0.077753440329	1
0	6684	0.077853440329	1
0	6694	0.077953440329	1
0	6704	0.078053440329	1
0	6714	0.078153440329	1
0	6723	0.078253440329	1
0	6727	0.078353440329	1
0	6737	0.078453440329	1
0	6747	0.078553440329	1
0	6757	0.078653440329	1
0	6766	0.078753440329	1
0	6770	0.078853440329	1
0	6780	0.078953440329	1
0	6790	0.079053440329	1
0	6800	0.079153440329	1
0	6809	0.079253440329	1
0	6813	0.079353440329	1
0	6823	0.079453440329	1
0	6833	0.079553440329	1
0	6843	0.079653440329	1
0	6852	0.079753440329	1
0	6856	0.079853440329	1
0	6866	0.079953440329	1
0	6876	0.080053440329	1
0	6886	0.080153440329	1
0	6895	0.080253440329	1
0	6899	0.080353440329	1
0	6909	0.080453440329	1
0	6919	0.080553440329	1
0	6929	0.080653440329	1
0	6938	0.080753440329	1
0	6942	0.080853440329	1
0	6952	0.080953440329	1
0	6962	0.081053440329	1
0	6972	0.081153440329	1
0	6981	0.081253440329	1
0	6985	0.081353440329	1
0	6995	0.081453440329	1
0	7005	0.081553440329	1
0	7015	0.081653440329	1
0	7024	0.081753440329	1
0	7028	0.081853440329	1
0	7038	0.081953440329	1
0	7048	0.082053440329	1
0	7058	0.082153440329	1
0	7067	0.082253440329	1
0	7071	0.082353440329	1
0	7081	0.082453440329	1
0	7091	0.082553440329	1
0	7101	0.082653440329	1
0	7110	0.082753440329	1
0	7114	0.082853440329	1
0	7124	0.082953440329	1
0	7134	0.083053440329	1
0	7144	0.083153440329	1
0	7153	0.083253440329	1
0	7157	0.083353440329	1
0	7167	0.083453440329	1
0	7177	0.083553440329	1
0	7187	0.083653440329	1
0	7196	0.083753440329	1
0	7200	0.083853440329	1
0	7210	0.083953440329	1
0	7220	0.084053440329	1
0	7230	0.084153440329	1
0	7239	0.084253440329	1
0	7243	0.084353440329	1
0	7253	0.084453440329	1
0	7263	0.084553440329	1
0	7273	0.084653440329	1
0	7282	0.084753440329	1
0	7286	0.084853440329	1
0	7296	0.084953440329	1
0	7306	0.085053440329	1
0	7316	0.085153440329	1
0	7325	0.085253440329	1
0	7329	0.085353440329	1
0	7339	0.085453440329	1
0	7349	0.085553440329	1
0	7359	0.085653440329	1
0	7368	0.085753440329	1
0	7372	0.085853440329	1
0	7382	0.085953440329	1
0	7392	0.086053440329	1
0	7402	0.086153440329	1
0	7411	0.086253440329	1
0	7415	0.086353440329	1
0	7425	0.086453440329	1
0	7435	0.086553440329	1
0	7445	0.086653440329	1
0	7454	0.086753440329	1
0	7458	0.086853440329	1
0	7468	0.086953440329	1
0	7478	0.087053440329	1
0	7488	0.087153440329	1
0	7497	0.087253440329	1
0	7501	0.087353440329	1
0	7511	0.087453440329	1
0	7521	0.087553440329	1
0	7531	0.087653440329	1
0	7540	0.087753440329	1
0	7544	0.087853440329	1
0	7554	0.087953440329	1
0	7564	0.088053440329	1
0	7574	0.088153440329	1
0	7583	0.088253440329	1
0	7587	0.088353440329	1
0	7597	0.088453440329	1
0	7607	0.088553440329	1
0	7617	0.088653440329	1
0	7626	0.088753440329	1
0	7630	0.088853440329	1
0	7640	0.088953440329	1
0	7650	0.089053440329	1
0	7660	0.089153440329	1
0	7669	0.089253440329	1
0	7673	0.089353440329	1
0	7683	0.089453440329	1
0	7693	0.089553440329	1
0	7703	0.089653440329	1
0	7712	0.089753440329	1
0	7716	0.089853440329	1
0	7726	0.089953440329	1
0	7736	0.090053440329	1
0	7746	0.090153440329	1
0	7755	0.090253440329	1
0	7759	0.090353440329	1
0	7769	0.090453440329	1
0	7779	0.090553440329	1
0	7789	0.090653440329	1
0	7798	0.090753440329	1
0	7802	0.090853440329	1
0	7812	0.090953440329	1
0	7822	0.091053440329	1
0	7832	0.091153440329	1
0	7841	0.091253440329	1
0	7845	0.091353440329	1
0	7855	0.091453440329	1
0	7865	0.091553440329	1
0	7875	0.091653440329	1
0	7884	0.091753440329	1
0	7888	0.091853440329	1
0	7898	0.091953440329	1
0	7908	0.092053440329	1
0	7918	0.092153440329	1
0	7927	0.092253440329	1
0	7931	0.092353440329	1
0	7941	0.092453440329	1
0	7951	0.092553440329	1
0	7961	0.092653440329	1
0	7970	0.092753440329	1
0	7974	0.092853440329	1
0	7984	0.092953440329	1
0	7994	0.093053440329	1
0	8004	0.093153440329	1
0	8013	0.093253440329	1
0	8017	0.093353440329	1
0	8027	0.093453440329	1
0	8037	0.093553440329	1
0	8047	0.093653440329	1
0	8056	0.093753440329	1
0	8060	0.093853440329	1
0	8070	0.093953440329	1
0	8080	0.094053440329	1
0	8090	0.094153440329	1
0	8099	0.094253440329	1
0	8103	0.094353440329	1
0	8113	0.094453440329	1
0	8123	0.094553440329	1
0	8133	0.094653440329	1
0	8142	0.094753440329	1
0	8146	0.094853440329	1
0	8156	0.094953440329	1
0	8166	0.095053440329	1
0	8176	0.095153440329	1
0	8185	0.095253440329	1
0	8189	0.095353440329	1
0	8199	0.095453440329	1
0	8209	0.095553440329	1
0	8219	0.095653440329	1
0	8228	0.095753440329	1
0	8232	0.095853440329	1
0	8242	0.095953440329	1
0	8252	0.096053440329	1
0	8262	0.096153440329	1
0	8271	0.096253440329	1
0	8275	0.096353440329	1
0	8285	0.096453440329	1
0	8295	0.096553440329	1
0	8305	0.096653440329	1
0	8314	0.096753440329	1
0	8318	0.096853440329	1
0	8328	0.096953440329	1
0	8338	0.097053440329	1
0	8348	0.097153440329	1
0	8357	0.097253440329	1
0	8361	0.097353440329	1
0	8371	0.097453440329	1
0	8381	0.097553440329	1
0	8391	0.097653440329	1
0	8400	0.097753440329	1
0	8404	0.097853440329	1
0	8414	0.097953440329	1
0	8424	0.098053440329	1
0	8434	0.098153440329	1
0	8443	0.098253440329	1
0	8447	0.098353440329	1
0	8457	0.098453440329	1
0	8467	0.098553440329	1
0	8477	0.098653440329	1
0	8486	0.098753440329	1
0	8490	0.098853440329	1
0	8500	0.098953440329	1
0	8510	0.099053440329	1
0	8520	0.099153440329	1
0	8529	0.099253440329	1
0	8533	0.099353440329	1
0	8543	0.099453440329	1
0	8553	0.099553440329	1
0	8563	0.099653440329	1
0	8572	0.099753440329	1
0	8576	0.099853440329	1
0	8586	0.099953440329	1
0	8596	0.100053440329	1
0	8606	0.100153440329	1
0	8615	0.100253440329	1
0	8619	0.100353440329	1
0	8629	0.100453440329	1
0	8639	0.100553440329	1
0	8649	0.100653440329	1
0	8658	0.100753440329	1
0	8662	0.100853440329	1
0	8672	0.100953440329	1
0	8682	0.101053440329	1
0	8692	0.101153440329	1
0	8701	0.101253440329	1
0	8705	0.101353440329	1
0	8715	0.101453440329	1
0	8725	0.101553440329	1
0	8735	0.101653440329	1
0	8744	0.101753440329	1
0	8748	0.101853440329	1
0	8758	0.101953440329	1
0	8768	0.102053440329	1
0	8778	0.102153440329	1
0	8787	0.102253440329	1
0	8791	0.102353440329	1
0	8801	0.102453440329	1
0	8811	0.102553440329	1
0	8821	0.102653440329	1
0	8830	0.102753440329	1
0	8834	0.102853440329	1
0	8844	0.102953440329	1
0	8854	0.103053440329	1
0	8864	0.103153440329	1
0	8873	0.103253440329	1
0	8877	0.103353440329	1
0	8887	0.103453440329	1
0	8897	0.103553440329	1
0	8907	0.103653440329	1
0	8916	0.103753440329	1
0	8920	0.103853440329	1
0	8930	0.103953440329	1
0	8940	0.104053440329	1
0	8950	0.104153440329	1
0	8959	0.104253440329	1
0	8963	0.104353440329	1
0	8973	0.104453440329	1
0	8983	0.104553440329	1
0	8993	0.104653440329	1
0	9002	0.104753440329	1
0	9006	0.104853440329	1
0	9016	0.104953440329	1
0	9026	0.105053440329	1
0	9036	0.105153440329	1
0	9045	0.105253440329	1
0	9049	0.105353440329	1
0	9059	0.105453440329	1
0	9069	0.105553440329	1
0	9079	0.105653440329	1
0	9088	0.105753440329	1
0	9092	0.105853440329	1
0	9102	0.105953440329	1
0	9112	0.106053440329	1
0	9122	0.106153440329	1
0	9131	0.106253440329	1
0	9135	0.106353440329	1
0	9145	0.106453440329	1
0	9155	0.106553440329	1
0	9165	0.106653440329	1
0	9174	0.106753440329	1
0	9178	0.106853440329	1
0	9188	0.106953440329	1
0	9198	0.107053440329	1
0	9208	0.107153440329	1
0	9217	0.107253440329	1
0	9221	0.107353440329	1
0	9231	0.107453440329	1
0	9241	0.107553440329	1
0	9251	0.107653440329	1
0	9260	0.107753440329	1
0	9264	0.107853440329	1
0	9274	0.107953440329	1
0	9284	0.108053440329	1
0	9294	0.108153440329	1
0	9303	0.108253440329	1
0	9307	0.108353440329	1
0	9317	0.108453440329	1
0	9327	0.108553440329	1
0	9337	0.108653440329	1
0	9346	0.108753440329	1
0	9350	0.108853440329	1
0	9360	0.108953440329	1
0	9370	0.109053440329	1
0	9380	0.109153440329	1
0	9389	0.109253440329	1
0	9393	0.109353440329	1
0	9403	0.109453440329	1
0	9413	0.109553440329	1
0	9423	0.109653440329	1
0	9432	0.109753440329	1
0	9436	0.109853440329	1
0	9446	0.109953440329	1
0	9456	0.110053440329	1
0	9466	0.110153440329	1
0	9475	0.110253440329	1
0	9479	0.110353440329	1
0	9489	0.110453440329	1
0	9499	0.110553440329	1
0	9509	0.110653440329	1
0	9518	0.110753440329	1
0	9522	0.110853440329	1
0	9532	0.110953440329	1
0	9542	0.111053440329	1
0	9552	0.111153440329	1
0	9561	0.111253440329	1
0	9565	0.111353440329	1
0	9575	0.111453440329	1
0	9585	0.111553440329	1
0	9595	0.111653440329	1
0	9604	0.111753440329	1
0	9608	0.111853440329	1
0	9618	0.111953440329	1
0	9628	0.112053440329	1
0	9638	0.112153440329	1
0	9647	0.112253440329	1
0	9651	0.112353440329	1
0	9661	0.112453440329	1
0	9671	0.112553440329	1
0	9681	0.112653440329	1
0	9690	0.112753440329	1
0	9694	0.112853440329	1
0	9704	0.112953440329	1
0	9714	0.113053440329	1
0	9724	0.113153440329	1
0	9733	0.113253440329	1
0	9737	0.113353440329	1
0	9747	0.113453440329	1
0	9757	0.113553440329	1
0	9767	0.113653440329	1
0	9776	0.113753440329	1
0	9780	0.113853440329	1
0	9790	0.113953440329	1
0	9800	0.114053440329	1
0	9810	0.114153440329	1
0	9819	0.114253440329	1
0	9823	0.114353440329	1
0	9833	0.114453440329	1
0	9843	0.114553440329	1
0	9853	0.114653440329	1
0	9862	0.114753440329	1
0	9866	0.114853440329	1
0	9876	0.114953440329	1
0	9886	0.115053440329	1
0	9896	0.115153440329	1
0	9905	0.115253440329	1
0	9909	0.115353440329	1
0	9919	0.115453440329	1
0	9929	0.115553440329	1
0	9939	0.115653440329	1
0	9948	0.115753440329	1
0	9952	0.115853440329	1
0	9962	0.115953440329	1
0	9972	0.116053440329	1
0	9982	0.116153440329	1
0	9991	0.116253440329	1
0	9995	0.116353440329	1
0	10005	0.116453440329	1
0	10015	0.116553440329	1
0	10025	0.116653440329	1
0	10034	0.116753440329	1
0	10038	0.116853440329	1
0	10048	0.116953440329	1
0	10058	0.117053440329	1
0	10068	0.117153440329	1
0	10077	0.117253440329	1
0	10081	0.117353440329	1
0	10091	0.117453440329	1
0	10101	0.117553440329	1
0	10111	0.117653440329	1
0	10120	0.117753440329	1
0	10124	0.117853440329	1
0	10134	0.117953440329	1
0	10144	0.118053440329	1
0	10154	0.118153440329	1
0	10163	0.118253440329	1
0	10167	0.118353440329	1
0	10177	0.118453440329	1
0	10187	0.118553440329	1
0	10197	0.118653440329	1
0	10206	0.118753440329	1
0	10210	0.118853440329	1
0	10220	0.118953440329	1
0	10230	0.119053440329	1
0	10240	0.119153440329	1
0	10249	0.119253440329	1
0	10253	0.119353440329	1
0	10263	0.119453440329	1
0	10273	0.119553440329	1
0	10283	0.119653440329	1
0	10292	0.119753440329	1
0	10296	0.119853440329	1
0	10306	0.119953440329	1
0	10316	0.120053440329	1
0	10326	0.120153440329	1
0	10335	0.120253440329	1
0	10339	0.120353440329	1
0	10349	0.120453440329	1
0	10359	0.120553440329	1
0	10369	0.120653440329	1
0	10378	0.120753440329	1
0	10382	0.120853440329	1
0	10392	0.120953440329	1
0	10402	0.121053440329	1
0	10412	0.121153440329	1
0	10421	0.121253440329	1
0	10425	0.121353440329	1
0	10435	0.121453440329	1
0	10445	0.121553440329	1
0	10455	0.121653440329	1
0	10464	0.121753440329	1
0	10468	0.121853440329	1
0	10478	0.121953440329	1
0	10488	0.122053440329	1
0	10498	0.122153440329	1
0	10507	0.122253440329	1
0	10511	0.122353440329	1
0	10521	0.122453440329	1
0	10531	0.122553440329	1
0	10541	0.122653440329	1
0	10550	0.122753440329	1
0	10554	0.122853440329	1
0	10564	0.122953440329	1
0	10574	0.123053440329	1
0	10584	0.123153440329	1
0	10593	0.123253440329	1
0	10597	0.123353440329	1
0	10607	0.123453440329	1
0	10617	0.123553440329	1
0	10627	0.123653440329	1
0	10636	0.123753440329	1
0	10640	0.123853440329	1
0	10650	0.123953440329	1
0	10660	0.124053440329	1
0	10670	0.124153440329	1
0	10679	0.124253440329	1
0	10683	0.124353440329	1
0	10693	0.124453440329	1
0	10703	0.124553440329	1
0	10713	0.124653440329	1
0	10722	0.124753440329	1
0	10726	0.124853440329	1
0	10736	0.124953440329	1
0	10746	0.125053440329	1
0	10756	0.125153440329	1
0	10765	0.125253440329	1
0	10769	0.125353440329	1
0	10779	0.125453440329	1
0	10789	0.125553440329	1
0	10799	0.125653440329	1
0	10808	0.125753440329	1
0	10812	0.125853440329	1
0	10822	0.125953440329	1
0	10832	0.126053440329	1
0	10842	0.126153440329	1
0	10851	0.126253440329	1
0	10855	0.126353440329	1
0	10865	0.126453440329	1
0	10875	0.126553440329	1
0	10885	0.126653440329	1
0	10894	0.126753440329	1
0	10898	0.126853440329	1
0	10908	0.126953440329	1
0	10918	0.127053440329	1
0	10928	0.127153440329	1
0	10937	0.127253440329	1
0	10941	0.127353440329	1
0	10951	0.127453440329	1
0	10961	0.127553440329	1
0	10971	0.127653440329	1
0	10980	0.127753440329	1
0	10984	0.127853440329	1
0	10994	0.127953440329	1
0	11004	0.128053440329	1
0	11014	0.128153440329	1
0	11023	0.128253440329	1
0	11027	0.128353440329	1
0	11037	0.128453440329	1
0	11047	0.128553440329	1
0	11057	0.128653440329	1
0	11066	0.128753440329	1
0	11070	0.128853440329	1
0	11080	0.128953440329	1
0	11090	0.129053440329	1
0	11100	0.129153440329	1
0	11109	0.129253440329	1
0	11113	0.129353440329	1
0	11123	0.129453440329	1
0	11133	0.129553440329	1
0	11143	0.129653440329	1
0	11152	0.129753440329	1
0	11156	0.129853440329	1
0	11166	0.129953440329	1
0	11176	0.130053440329	1
0	11186	0.130153440329	1
0	11195	0.130253440329	1
0	11199	0.130353440329	1
0	11209	0.130453440329	1
0	11219	0.130553440329	1
0	11229	0.130653440329	1
0	11238	0.130753440329	1
0	11242	0.130853440329	1
0	11252	0.130953440329	1
0	11262	0.131053440329	1
0	11272	0.131153440329	1
0	11281	0.131253440329	1
0	11285	0.131353440329	1
0	11295	0.131453440329	1
0	11305	0.131553440329	1
0	11315	0.131653440329	1
0	11324	0.131753440329	1
0	11328	0.131853440329	1
0	11338	0.131953440329	1
0	11348	0.132053440329	1
0	11358	0.132153440329	1
0	11367	0.132253440329	1
0	11371	0.132353440329	1
0	11381	0.132453440329	1
0	11391	0.132553440329	1
0	11401	0.132653440329	1
0	11410	0.132753440329	1
0	11414	0.132853440329	1
0	11424	0.132953440329	1
0	11434	0.133053440329	1
0	11444	0.133153440329	1
0	11453	0.133253440329	1
0	11457	0.133353440329	1
0	11467	0.133453440329	1
0	11477	0.133553440329	1
0	11487	0.133653440329	1
0	11496	0.133753440329	1
0	11500	0.133853440329	1
0	11510	0.133953440329	1
0	11520	0.134053440329	1
0	11530	0.134153440329	1
0	11539	0.134253440329	1
0	11543	0.134353440329	1
0	11553	0.134453440329	1
0	11563	0.134553440329	1
0	11573	0.134653440329	1
0	11582	0.134753440329	1
0	11586	0.134853440329	1
0	11596	0.134953440329	1
0	11606	0.135053440329	1
0	11616	0.135153440329	1
0	11625	0.135253440329	1
0	11629	0.135353440329	1
0	11639	0.135453440329	1
0	11649	0.135553440329	1
0	11659	0.135653440329	1
0	11668	0.135753440329	1
0	11672	0.135853440329	1
0	11682	0.135953440329	1
0	11692	0.136053440329	1
0	11702	0.136153440329	1
0	11711	0.136253440329	1
0	11715	0.136353440329	1
0	11725	0.136453440329	1
0	11735	0.136553440329	1
0	11745	0.136653440329	1
0	11754	0.136753440329	1
0	11758	0.136853440329	1
0	11768	0.136953440329	1
0	11778	0.137053440329	1
0	11788	0.137153440329	1
0	11797	0.137253440329	1
0	11801	0.137353440329	1
0	11811	0.137453440329	1
0	11821	0.137553440329	1
0	11831	0.137653440329	1
0	11840	0.137753440329	1
0	11844	0.137853440329	1
0	11854	0.137953440329	1
0	11864	0.138053440329	1
0	11874	0.138153440329	1
0	11883	0.138253440329	1
0	11887	0.138353440329	1
0	11897	0.138453440329	1
0	11907	0.138553440329	1
0	11917	0.138653440329	1
0	11926	0.138753440329	1
0	11930	0.138853440329	1
0	11940	0.138953440329	1
0	11950	0.139053440329	1
0	11960	0.139153440329	1
0	11969	0.139253440329	1
0	11973	0.139353440329	1
0	11983	0.139453440329	1
0	11993	0.139553440329	1
0	12003	0.139653440329	1
0	12012	0.139753440329	1
0	12016	0.139853440329	1
0	12026	0.139953440329	1
0	12036	0.140053440329	1
0	12046	0.140153440329	1
0	12055	0.140253440329	1
0	12059	0.140353440329	1
0	12069	0.140453440329	1
0	12079	0.140553440329	1
0	12089	0.140653440329	1
0	12098	0.140753440329	1
0	12102	0.140853440329	1
0	12112	0.140953440329	1
0	12122	0.141053440329	1
0	12132	0.141153440329	1
0	12141	0.141253440329	1
0	12145	0.141353440329	1
0	12155	0.141453440329	1
0	12165	0.141553440329	1
0	12175	0.141653440329	1
0	12184	0.141753440329	1
0	12188	0.141853440329	1
0	12198	0.141953440329	1
0	12208	0.142053440329	1
0	12218	0.142153440329	1
0	12227	0.142253440329	1
0	12231	0.142353440329	1
0	12241	0.142453440329	1
0	12251	0.142553440329	1
0	12261	0.142653440329	1
0	12270	0.142753440329	1
0	12274	0.142853440329	1
0	12284	0.142953440329	1
0	12294	0.143053440329	1
0	12304	0.143153440329	1
0	12313	0.143253440329	1
0	12317	0.143353440329	1
0	12327	0.143453440329	1
0	12337	0.143553440329	1
0	12347	0.143653440329	1
0	12356	0.143753440329	1
0	12360	0.143853440329	1
0	12370	0.143953440329	1
0	12380	0.144053440329	1
0	12390	0.144153440329	1
0	12399	0.144253440329	1
0	12403	0.144353440329	1
0	12413	0.144453440329	1
0	12423	0.144553440329	1
0	12433	0.144653440329	1
0	12442	0.144753440329	1
0	12446	0.144853440329	1
0	12456	0.144953440329	1
0	12466	0.145053440329	1
0	12476	0.145153440329	1
0	12485	0.145253440329	1
0	12489	0.145353440329	1
0	12499	0.145453440329	1
0	12509	0.145553440329	1
0	12519	0.145653440329	1
0	12528	0.145753440329	1
0	12532	0.145853440329	1
0	12542	0.145953440329	1
0	12552	0.146053440329	1
0	12562	0.146153440329	1
0	12571	0.146253440329	1
0	12575	0.146353440329	1
0	12585	0.146453440329	1
0	12595	0.146553440329	1
0	12605	0.146653440329	1
0	12614	0.146753440329	1
0	12618	0.146853440329	1
0	12628	0.146953440329	1
0	12638	0.147053440329	1
0	12648	0.147153440329	1
0	12657	0.147253440329	1
0	12661	0.147353440329	1
0	12671	0.147453440329	1
0	12681	0.147553440329	1
0	12691	0.147653440329	1
0	12700	0.147753440329	1
0	12704	0.147853440329	1
0	12714	0.147953440329	1
0	12724	0.148053440329	1
0	12734	0.148153440329	1
0	12743	0.148253440329	1
0	12747	0.148353440329	1
0	12757	0.148453440329	1
0	12767	0.148553440329	1
0	12777	0.148653440329	1
0	12786	0.148753440329	1
0	12790	0.148853440329	1
0	12800	0.148953440329	1
0	12810	0.149053440329	1
0	12820	0.149153440329	1
0	12829	0.149253440329	1
0	12833	0.149353440329	1
0	12843	0.149453440329	1
0	12853	0.149553440329	1
0	12863	0.149653440329	1
0	12872	0.149753440329	1
0	12876	0.149853440329	1
0	12886	0.149953440329	1
0	12896	0.150053440329	1
0	12906	0.150153440329	1
0	12915	0.150253440329	1
0	12919	0.150353440329	1
0	12929	0.150453440329	1
0	12939	0.150553440329	1
0	12949	0.150653440329	1
0	12958	0.150753440329	1
0	12962	0.150853440329	1
0	12972	0.150953440329	1
0	12982	0.151053440329	1
0	12992	0.151153440329	1
0	13001	0.151253440329	1
0	13005	0.151353440329	1
0	13015	0.151453440329	1
0	13025	0.151553440329	1
0	13035	0.151653440329	1
0	13044	0.151753440329	1
0	13048	0.151853440329	1
0	13058	0.151953440329	1
0	13068	0.152053440329	1
0	13078	0.152153440329	1
0	13087	0.152253440329	1
0	13091	0.152353440329	1
0	13101	0.152453440329	1
0	13111	0.152553440329	1
0	13121	0.152653440329	1
0	13130	0.152753440329	1
0	13134	0.152853440329	1
0	13144	0.152953440329	1
0	13154	0.153053440329	1
0	13164	0.153153440329	1
0	13173	0.153253440329	1
0	13177	0.153353440329	1
0	13187	0.153453440329	1
0	13197	0.153553440329	1
0	13207	0.153653440329	1
0	13216	0.153753440329	1
0	13220	0.153853440329	1
0	13230	0.153953440329	1
0	13240	0.154053440329	1
0	13250	0.154153440329	1
0	13259	0.154253440329	1
0	13263	0.154353440329	1
0	13273	0.154453440329	1
0	13283	0.154553440329	1
0	13293	0.154653440329	1
0	13302	0.154753440329	1
0	13306	0.154853440329	1
0	13316	0.154953440329	1
0	13326	0.155053440329	1
0	13336	0.155153440329	1
0	13345	0.155253440329	1
0	13349	0.155353440329	1
0	13359	0.155453440329	1
0	13369	0.155553440329	1
0	13379	0.155653440329	1
0	13388	0.155753440329	1
0	13392	0.155853440329	1
0	13402	0.155953440329	1
0	13412	0.156053440329	1
0	13422	0.156153440329	1
0	13431	0.156253440329	1
0	13435	0.156353440329	1
0	13445	0.156453440329	1
0	13455	0.156553440329	1
0	13465	0.156653440329	1
0	13474	0.156753440329	1
0	13478	0.156853440329	1
0	13488	0.156953440329	1
0	13498	0.157053440329	1
0	13508	0.157153440329	1
0	13517	0.157253440329	1
0	13521	0.157353440329	1
0	13531	0.157453440329	1
0	13541	0.157553440329	1
0	13551	0.157653440329	1
0	13560	0.157753440329	1
0	13564	0.157853440329	1
0	13574	0.157953440329	1
0	13584	0.158053440329	1
0	13594	0.158153440329	1
0	13603	0.158253440329	1
0	13607	0.158353440329	1
0	13617	0.158453440329	1
0	13627	0.158553440329	1
0	13637	0.158653440329	1
0	13646	0.158753440329	1
0	13650	0.158853440329	1
0	13660	0.158953440329	1
0	13670	0.159053440329	1
0	13680	0.159153440329	1
0	13689	0.159253440329	1
0	13693	0.159353440329	1
0	13703	0.159453440329	1
0	13713	0.159553440329	1
0	13723	0.159653440329	1
0	13732	0.159753440329	1
0	13736	0.159853440329	1
0	13746	0.159953440329	1
0	13756	0.160053440329	1
0	13766	0.160153440329	1
0	13775	0.160253440329	1
0	13779	0.160353440329	1
0	13789	0.160453440329	1
0	13799	0.160553440329	1
0	13809	0.160653440329	1
0	13818	0.160753440329	1
0	13822	0.160853440329	1
0	13832	0.160953440329	1
0	13842	0.161053440329	1
0	13852	0.161153440329	1
0	13861	0.161253440329	1
0	13865	0.161353440329	1
0	13875	0.161453440329	1
0	13885	0.161553440329	1
0	13895	0.161653440329	1
0	13904	0.161753440329	1
0	13908	0.161853440329	1
0	13918	0.161953440329	1
0	13928	0.162053440329	1
0	13938	0.162153440329	1
0	13947	0.162253440329	1
0	13951	0.162353440329	1
0	13961	0.162453440329	1
0	13971	0.162553440329	1
0	13981	0.162653440329	1
0	13990	0.162753440329	1
0	13994	0.162853440329	1
0	14004	0.162953440329	1
0	14014	0.163053440329	1
0	14024	0.163153440329	1
0	14033	0.163253440329	1
0	14037	0.163353440329	1
0	14047	0.163453440329	1
0	14057	0.163553440329	1
0	14067	0.163653440329	1
0	14076	0.163753440329	1
0	14080	0.163853440329	1
0	14090	0.163953440329	1
0	14100	0.164053440329	1
0	14110	0.164153440329	1
0	14119	0.164253440329	1
0	14123	0.164353440329	1
0	14133	0.164453440329	1
0	14143	0.164553440329	1
0	14153	0.164653440329	1
0	14162	0.164753440329	1
0	14166	0.164853440329	1
0	14176	0.164953440329	1
0	14186	0.165053440329	1
0	14196	0.165153440329	1
0	14205	0.165253440329	1
0	14209	0.165353440329	1
0	14219	0.165453440329	1
0	14229	0.165553440329	1
0	14239	0.165653440329	1
0	14248	0.165753440329	1
0	14252	0.165853440329	1
0	14262	0.165953440329	1
0	14272	0.166053440329	1
0	14282	0.166153440329	1
0	14291	0.166253440329	1
0	14295	0.166353440329	1
0	14305	0.166453440329	1
0	14315	0.166553440329	1
0	14325	0.166653440329	1
0	14334	0.166753440329	1
0	14338	0.166853440329	1
0	14348	0.166953440329	1
0	14358	0.167053440329	1
0	14368	0.167153440329	1
0	14377	0.167253440329	1
0	14381	0.167353440329	1
0	14391	0.167453440329	1
0	14401	0.167553440329	1
0	14411	0.167653440329	1
0	14420	0.167753440329	1
0	14424	0.167853440329	1
0	14434	0.167953440329	1
0	14444	0.168053440329	1
0	14454	0.168153440329	1
0	14463	0.168253440329	1
0	14467	0.168353440329	1
0	14477	0.168453440329	1
0	14487	0.168553440329	1
0	14497	0.168653440329	1
0	14506	0.168753440329	1
0	14510	0.168853440329	1
0	14520	0.168953440329	1
0	14530	0.169053440329	1
0	14540	0.169153440329	1
0	14549	0.169253440329	1
0	14553	0.169353440329	1
0	14563	0.169453440329	1
0	14573	0.169553440329	1
0	14583	0.169653440329	1
0	14592	0.169753440329	1
0	14596	0.169853440329	1
0	14606	0.169953440329	1
0	14616	0.170053440329	1
0	14626	0.170153440329	1
0	14635	0.170253440329	1
0	14639	0.170353440329	1
0	14649	0.170453440329	1
0	14659	0.170553440329	1
0	14669	0.170653440329	1
0	14678	0.170753440329	1
0	14682	0.170853440329	1
0	14692	0.170953440329	1
0	14702	0.171053440329	1
0	14712	0.171153440329	1
0	14721	0.171253440329	1
0	14725	0.171353440329	1
0	14735	0.171453440329	1
0	14745	0.171553440329	1
0	14755	0.171653440329	1
0	14764	0.171753440329	1
0	14768	0.171853440329	1
0	14778	0.171953440329	1
0	14788	0.172053440329	1
0	14798	0.172153440329	1
0	14807	0.172253440329	1
0	14811	0.172353440329	1
0	14821	0.172453440329	1
0	14831	0.172553440329	1
0	14841	0.172653440329	1
0	14850	0.172753440329	1
0	14854	0.172853440329	1
0	14864	0.172953440329	1
0	14874	0.173053440329	1
0	14884	0.173153440329	1
0	14893	0.173253440329	1
0	14897	0.173353440329	1
0	14907	0.173453440329	1
0	14917	0.173553440329	1
0	14927	0.173653440329	1
0	14936	0.173753440329	1
0	14940	0.173853440329	1
0	14950	0.173953440329	1
0	14960	0.174053440329	1
0	14970	0.174153440329	1
0	14979	0.174253440329	1
0	14983	0.174353440329	1
0	14993	0.174453440329	1
0	15003	0.174553440329	1
0	15013	0.174653440329	1
0	15022	0.174753440329	1
0	15026	0.174853440329	1
0	15036	0.174953440329	1
0	15046	0.175053440329	1
0	15056	0.175153440329	1
0	15065	0.175253440329	1
0	15069	0.175353440329	1
0	15079	0.175453440329	1
0	15089	0.175553440329	1
0	15099	0.175653440329	1
0	15108	0.175753440329	1
0	15112	0.175853440329	1
0	15122	0.175953440329	1
0	15132	0.176053440329	1
0	15142	0.176153440329	1
0	15151	0.176253440329	1
0	15155	0.176353440329	1
0	15165	0.176453440329	1
0	15175	0.176553440329	1
0	15185	0.176653440329	1
0	15194	0.176753440329	1
0	15198	0.176853440329	1
0	15208	0.176953440329	1
0	15218	0.177053440329	1
0	15228	0.177153440329	1
0	15237	0.177253440329	1
0	15241	0.177353440329	1
0	15251	0.177453440329	1
0	15261	0.177553440329	1
0	15271	0.177653440329	1
0	15280	0.177753440329	1
0	15284	0.177853440329	1
0	15294	0.177953440329	1
0	15304	0.178053440329	1
0	15314	0.178153440329	1
0	15323	0.178253440329	1
0	15327	0.178353440329	1
0	15337	0.178453440329	1
0	15347	0.178553440329	1
0	15357	0.178653440329	1
0	15366	0.178753440329	1
0	15370	0.178853440329	1
0	15380	0.178953440329	1
0	15390	0.179053440329	1
0	15400	0.179153440329	1
0	15409	0.179253440329	1
0	15413	0.179353440329	1
0	15423	0.179453440329	1
0	15433	0.179553440329	1
0	15443	0.179653440329	1
0	15452	0.179753440329	1
0	15456	0.179853440329	1
0	15466	0.179953440329	1
0	15476	0.180053440329	1
0	15486	0.180153440329	1
0	15495	0.180253440329	1
0	15499	0.180353440329	1
0	15509	0.180453440329	1
0	15519	0.180553440329	1
0	15529	0.180653440329	1
0	15538	0.180753440329	1
0	15542	0.180853440329	1
0	15552	0.180953440329	1
0	15562	0.181053440329	1
0	15572	0.181153440329	1
0	15581	0.181253440329	1
0	15585	0.181353440329	1
0	15595	0.181453440329	1
0	15605	0.181553440329	1
0	15615	0.181653440329	1
0	15624	0.181753440329	1
0	15628	0.181853440329	1
0	15638	0.181953440329	1
0	15648	0.182053440329	1
0	15658	0.182153440329	1
0	15667	0.182253440329	1
0	15671	0.182353440329	1
0	15681	0.182453440329	1
0	15691	0.182553440329	1
0	15701	0.182653440329	1
0	15710	0.182753440329	1
0	15714	0.182853440329	1
0	15724	0.182953440329	1
0	15734	0.183053440329	1
0	15744	0.183153440329	1
0	15753	0.183253440329	1
0	15757	0.183353440329	1
0	15767	0.183453440329	1
0	15777	0.183553440329	1
0	15787	0.183653440329	1
0	15796	0.183753440329	1
0	15800	0.183853440329	1
0	15810	0.183953440329	1
0	15820	0.184053440329	1
0	15830	0.184153440329	1
0	15839	0.184253440329	1
0	15843	0.184353440329	1
0	15853	0.184453440329	1
0	15863	0.184553440329	1
0	15873	0.184653440329	1
0	15882	0.184753440329	1
0	15886	0.184853440329	1
0	15896	0.184953440329	1
0	15906	0.185053440329	1
0	15916	0.185153440329	1
0	15925	0.185253440329	1
0	15929	0.185353440329	1
0	15939	0.185453440329	1
0	15949	0.185553440329	1
0	15959	0.185653440329	1
0	15968	0.185753440329	1
0	15972	0.185853440329	1
0	15982	0.185953440329	1
0	15992	0.186053440329	1
0	16002	0.186153440329	1
0	16011	0.186253440329	1
0	16015	0.186353440329	1
0	16025	0.186453440329	1
0	16035	0.186553440329	1
0	16045	0.186653440329	1
0	16054	0.186753440329	1
0	16058	0.186853440329	1
0	16068	0.186953440329	1
0	16078	0.187053440329	1
0	16088	0.187153440329	1
0	16097	0.187253440329	1
0	16101	0.187353440329	1
0	16111	0.187453440329	1
0	16121	0.187553440329	1
0	16131	0.187653440329	1
0	16140	0.187753440329	1
0	16144	0.187853440329	1
0	16154	0.187953440329	1
0	16164	0.188053440329	1
0	16174	0.188153440329	1
0	16183	0.188253440329	1
0	16187	0.188353440329	1
0	16197	0.188453440329	1
0	16207	0.188553440329	1
0	16217	0.188653440329	1
0	16226	0.188753440329	1
0	16230	0.188853440329	1
0	16240	0.188953440329	1
0	16250	0.189053440329	1
0	16260	0.189153440329	1
0	16269	0.189253440329	1
0	16273	0.189353440329	1
0	16283	0.189453440329	1
0	16293	0.189553440329	1
0	16303	0.189653440329	1
0	16312	0.189753440329	1
0	16316	0.189853440329	1
0	16326	0.189953440329	1
0	16336	0.190053440329	1
0	16346	0.190153440329	1
0	16355	0.190253440329	1
0	16359	0.190353440329	1
0	16369	0.190453440329	1
0	16379	0.190553440329	1
0	16389	0.190653440329	1
0	16398	0.190753440329	1
0	16402	0.190853440329	1
0	16412	0.190953440329	1
0	16422	0.191053440329	1
0	16432	0.191153440329	1
0	16441	0.191253440329	1
0	16445	0.191353440329	1
0	16455	0.191453440329	1
0	16465	0.191553440329	1
0	16475	0.191653440329	1
0	16484	0.191753440329	1
0	16488	0.191853440329	1
0	16498	0.191953440329	1
0	16508	0.192053440329	1
0	16518	0.192153440329	1
0	16527	0.192253440329	1
0	16531	0.192353440329	1
0	16541	0.192453440329	1
0	16551	0.192553440329	1
0	16561	0.192653440329	1
0	16570	0.192753440329	1
0	16574	0.192853440329	1
0	16584	0.192953440329	1
0	16594	0.193053440329	1
0	16604	0.193153440329	1
0	16613	0.193253440329	1
0	16617	0.193353440329	1
0	16627	0.193453440329	1
0	16637	0.193553440329	1
0	16647	0.193653440329	1
0	16656	0.193753440329	1
0	16660	0.193853440329	1
0	16670	0.193953440329	1
0	16680	0.194053440329	1
0	16690	0.194153440329	1
0	16699	0.194253440329	1
0	16703	0.194353440329	1
0	16713	0.194453440329	1
0	16723	0.194553440329	1
0	16733	0.194653440329	1
0	16742	0.194753440329	1
0	16746	0.194853440329	1
0	16756	0.194953440329	1
0	16766	0.195053440329	1
0	16776	0.195153440329	1
0	16785	0.195253440329	1
0	16789	0.195353440329	1
0	16799	0.195453440329	1
0	16809	0.195553440329	1
0	16819	0.195653440329	1
0	16828	0.195753440329	1
0	16832	0.195853440329	1
0	16842	0.195953440329	1
0	16852	0.196053440329	1
0	16862	0.196153440329	1
0	16871	0.196253440329	1
0	16875	0.196353440329	1
0	16885	0.196453440329	1
0	16895	0.196553440329	1
0	16905	0.196653440329	1
0	16914	0.196753440329	1
0	16918	0.196853440329	1
0	16928	0.196953440329	1
0	16938	0.197053440329	1
0	16948	0.197153440329	1
0	16957	0.197253440329	1
0	16961	0.197353440329	1
0	16971	0.197453440329	1
0	16981	0.197553440329	1
0	16991	0.197653440329	1
0	17000	0.197753440329	1
0	17004	0.197853440329	1
0	17014	0.197953440329	1
0	17024	0.198053440329	1
0	17034	0.198153440329	1
0	17043	0.198253440329	1
0	17047	0.198353440329	1
0	17057	0.198453440329	1
0	17067	0.198553440329	1
0	17077	0.198653440329	1
0	17086	0.198753440329	1
0	17090	0.198853440329	1
0	17100	0.198953440329	1
0	17110	0.199053440329	1
0	17120	0.199153440329	1
0	17129	0.199253440329	1
0	17133	0.199353440329	1
0	17143	0.199453440329	1
0	17153	0.199553440329	1
0	17163	0.199653440329	1
0	17172	0.199753440329	1
0	17176	0.199853440329	1
0	17186	0.199953440329	1
0	17196	0.200053440329	1
0	17206	0.200153440329	1
0	17215	0.200253440329	1
0	17219	0.200353440329	1
0	17229	0.200453440329	1
0	17239	0.200553440329	1
0	17249	0.200653440329	1
0	17258	0.200753440329	1
0	17262	0.200853440329	1
0	17272	0.200953440329	1
0	17282	0.201053440329	1
0	17292	0.201153440329	1
0	17301	0.201253440329	1
0	17305	0.201353440329	1
0	17315	0.201453440329	1
0	17325	0.201553440329	1
0	17335	0.201653440329	1
0	17344	0.201753440329	1
0	17348	0.201853440329	1
0	17358	0.201953440329	1
0	17368	0.202053440329	1
0	17378	0.202153440329	1
0	17387	0.202253440329	1
0	17391	0.202353440329	1
0	17401	0.202453440329	1
0	17411	0.202553440329	1
0	17421	0.202653440329	1
0	17430	0.202753440329	1
0	17434	0.202853440329	1
0	17444	0.202953440329	1
0	17454	0.203053440329	1
0	17464	0.203153440329	1
0	17473	0.203253440329	1
0	17477	0.203353440329	1
0	17487	0.203453440329	1
0	17497	0.203553440329	1
0	17507	0.203653440329	1
0	17516	0.203753440329	1
0	17520	0.203853440329	1
0	17530	0.203953440329	1
0	17540	0.204053440329	1
0	17550	0.204153440329	1
0	17559	0.204253440329	1
0	17563	0.204353440329	1
0	17573	0.204453440329	1
0	17583	0.204553440329	1
0	17593	0.204653440329	1
0	17602	0.204753440329	1
0	17606	0.204853440329	1
0	17616	0.204953440329	1
0	17626	0.205053440329	1
0	17636	0.205153440329	1
0	17645	0.205253440329	1
0	17649	0.205353440329	1
0	17659	0.205453440329	1
0	17669	0.205553440329	1
0	17679	0.205653440329	1
0	17688	0.205753440329	1
0	17692	0.205853440329	1
0	17702	0.205953440329	1
0	17712	0.206053440329	1
0	17722	0.206153440329	1
0	17731	0.206253440329	1
0	17735	0.206353440329	1
0	17745	0.206453440329	1
0	17755	0.206553440329	1
0	17765	0.206653440329	1
0	17774	0.206753440329	1
0	17778	0.206853440329	1
0	17788	0.206953440329	1
0	17798	0.207053440329	1
0	17808	0.207153440329	1
0	17817	0.207253440329	1
0	17821	0.207353440329	1
0	17831	0.207453440329	1
0	17841	0.207553440329	1
0	17851	0.207653440329	1
0	17860	0.207753440329	1
0	17864	0.207853440329	1
0	17874	0.207953440329	1
0	17884	0.208053440329	1
0	17894	0.208153440329	1
0	17903	0.208253440329	1
0	17907	0.208353440329	1
0	17917	0.208453440329	1
0	17927	0.208553440329	1
0	17937	0.208653440329	1
0	17946	0.208753440329	1
0	17950	0.208853440329	1
0	17960	0.208953440329	1
0	17970	0.209053440329	1
0	17980	0.209153440329	1
0	17989	0.209253440329	1
0	17993	0.209353440329	1
0	18003	0.209453440329	1
0	18013	0.209553440329	1
0	18023	0.209653440329	1
0	18032	0.209753440329	1
0	18036	0.209853440329	1
0	18046	0.209953440329	1
0	18056	0.210053440329	1
0	18066	0.210153440329	1
0	18075	0.210253440329	1
0	18079	0.210353440329	1
0	18089	0.210453440329	1
0	18099	0.210553440329	1
0	18109	0.210653440329	1
0	18118	0.210753440329	1
0	18122	0.210853440329	1
0	18132	0.210953440329	1
0	18142	0.211053440329	1
0	18152	0.211153440329	1
0	18161	0.211253440329	1
0	18165	0.211353440329	1
0	18175	0.211453440329	1
0	18185	0.211553440329	1
0	18195	0.211653440329	1
0	18204	0.211753440329	1
0	18208	0.211853440329	1
0	18218	0.211953440329	1
0	18228	0.212053440329	1
0	18238	0.212153440329	1
0	18247	0.212253440329	1
0	18251	0.212353440329	1
0	18261	0.212453440329	1
0	18271	0.212553440329	1
0	18281	0.212653440329	1
0	18290	0.212753440329	1
0	18294	0.212853440329	1
0	18304	0.212953440329	1
0	18314	0.213053440329	1
0	18324	0.213153440329	1
0	18333	0.213253440329	1
0	18337	0.213353440329	1
0	18347	0.213453440329	1
0	18357	0.213553440329	1
0	18367	0.213653440329	1
0	18376	0.213753440329	1
0	18380	0.213853440329	1
0	18390	0.213953440329	1
0	18400	0.214053440329	1
0	18410	0.214153440329	1
0	18419	0.214253440329	1
0	18423	0.214353440329	1
0	18433	0.214453440329	1
0	18443	0.214553440329	1
0	18453	0.214653440329	1
0	18462	0.214753440329	1
0	18466	0.214853440329	1
0	18476	0.214953440329	1
0	18486	0.215053440329	1
0	18496	0.215153440329	1
0	18505	0.215253440329	1
0	18509	0.215353440329	1
0	18519	0.215453440329	1
0	18529	0.215553440329	1
0	18539	0.215653440329	1
0	18548	0.215753440329	1
0	18552	0.215853440329	1
0	18562	0.215953440329	1
0	18572	0.216053440329	1
0	18582	0.216153440329	1
0	18591	0.216253440329	1
0	18595	0.216353440329	1
0	18605	0.216453440329	1
0	18615	0.216553440329	1
0	18625	0.216653440329	1
0	18634	0.216753440329	1
0	18638	0.216853440329	1
0	18648	0.216953440329	1
0	18658	0.217053440329	1
0	18668	0.217153440329	1
0	18677	0.217253440329	1
0	18681	0.217353440329	1
0	18691	0.217453440329	1
0	18701	0.217553440329	1
0	18711	0.217653440329	1
0	18720	0.217753440329	1
0	18724	0.217853440329	1
0	18734	0.217953440329	1
0	18744	0.218053440329	1
0	18754	0.218153440329	1
0	18763	0.218253440329	1
0	18767	0.218353440329	1
0	18777	0.218453440329	1
0	18787	0.218553440329	1
0	18797	0.218653440329	1
0	18806	0.218753440329	1
0	18810	0.218853440329	1
0	18820	0.218953440329	1
0	18830	0.219053440329	1
0	18840	0.219153440329	1
0	18849	0.219253440329	1
0	18853	0.219353440329	1
0	18863	0.219453440329	1
0	18873	0.219553440329	1
0	18883	0.219653440329	1
0	18892	0.219753440329	1
0	18896	0.219853440329	1
0	18906	0.219953440329	1
0	18916	0.220053440329	1
0	18926	0.220153440329	1
0	18935	0.220253440329	1
0	18939	0.220353440329	1
0	18949	0.220453440329	1
0	18959	0.220553440329	1
0	18969	0.220653440329	1
0	18978	0.220753440329	1
0	18982	0.220853440329	1
0	18992	0.220953440329	1
0	19002	0.221053440329	1
0	19012	0.221153440329	1
0	19021	0.221253440329	1
0	19025	0.221353440329	1
0	19035	0.221453440329	1
0	19045	0.221553440329	1
0	19055	0.221653440329	1
0	19064	0.221753440329	1
0	19068	0.221853440329	1
0	19078	0.221953440329	1
0	19088	0.222053440329	1
0	19098	0.222153440329	1
0	19107	0.222253440329	1
0	19111	0.222353440329	1
0	19121	0.222453440329	1
0	19131	0.222553440329	1
0	19141	0.222653440329	1
0	19150	0.222753440329	1
0	19154	0.222853440329	1
0	19164	0.222953440329	1
0	19174	0.223053440329	1
0	19184	0.223153440329	1
0	19193	0.223253440329	1
0	19197	0.223353440329	1
0	19207	0.223453440329	1
0	19217	0.223553440329	1
0	19227	0.223653440329	1
0	19236	0.223753440329	1
0	19240	0.223853440329	1
0	19250	0.223953440329	1
0	19260	0.224053440329	1
0	19270	0.224153440329	1
0	19279	0.224253440329	1
0	19283	0.224353440329	1
0	19293	0.224453440329	1
0	19303	0.224553440329	1
0	19313	0.224653440329	1
0	19322	0.224753440329	1
0	19326	0.224853440329	1
0	19336	0.224953440329	1
0	19346	0.225053440329	1
0	19356	0.225153440329	1
0	19365	0.225253440329	1
0	19369	0.225353440329	1
0	19379	0.225453440329	1
0	19389	0.225553440329	1
0	19399	0.225653440329	1
0	19408	0.225753440329	1
0	19412	0.225853440329	1
0	19422	0.225953440329	1
0	19432	0.226053440329	1
0	19442	0.226153440329	1
0	19451	0.226253440329	1
0	19455	0.226353440329	1
0	19465	0.226453440329	1
0	19475	0.226553440329	1
0	19485	0.226653440329	1
0	19494	0.226753440329	1
0	19498	0.226853440329	1
0	19508	0.226953440329	1
0	19518	0.227053440329	1
0	19528	0.227153440329	1
0	19537	0.227253440329	1
0	19541	0.227353440329	1
0	19551	0.227453440329	1
0	19561	0.227553440329	1
0	19571	0.227653440329	1
0	19580	0.227753440329	1
0	19584	0.227853440329	1
0	19594	0.227953440329	1
0	19604	0.228053440329	1
0	19614	0.228153440329	1
0	19623	0.228253440329	1
0	19627	0.228353440329	1
0	19637	0.228453440329	1
0	19647	0.228553440329	1
0	19657	0.228653440329	1
0	19666	0.228753440329	1
0	19670	0.228853440329	1
0	19680	0.228953440329	1
0	19690	0.229053440329	1
0	19700	0.229153440329	1
0	19709	0.229253440329	1
0	19713	0.229353440329	1
0	19723	0.229453440329	1
0	19733	0.229553440329	1
0	19743	0.229653440329	1
0	19752	0.229753440329	1
0	19756	0.229853440329	1
0	19766	0.229953440329	1
0	19776	0.230053440329	1
0	19786	0.230153440329	1
0	19795	0.230253440329	1
0	19799	0.230353440329	1
0	19809	0.230453440329	1
0	19819	0.230553440329	1
0	19829	0.230653440329	1
0	19838	0.230753440329	1
0	19842	0.230853440329	1
0	19852	0.230953440329	1
0	19862	0.231053440329	1
0	19872	0.231153440329	1
0	19881	0.231253440329	1
0	19885	0.231353440329	1
0	19895	0.231453440329	1
0	19905	0.231553440329	1
0	19915	0.231653440329	1
0	19924	0.231753440329	1
0	19928	0.231853440329	1
0	19938	0.231953440329	1
0	19948	0.232053440329	1
0	19958	0.232153440329	1
0	19967	0.232253440329	1
0	19971	0.232353440329	1
0	19981	0.232453440329	1
0	19991	0.232553440329	1
0	20001	0.232653440329	1
0	20010	0.232753440329	1
0	20014	0.232853440329	1
0	20024	0.232953440329	1
0	20034	0.233053440329	1
0	20044	0.233153440329	1
0	20053	0.233253440329	1
0	20057	0.233353440329	1
0	20067	0.233453440329	1
0	20077	0.233553440329	1
0	20087	0.233653440329	1
0	20096	0.233753440329	1
0	20100	0.233853440329	1
0	20110	0.233953440329	1
0	20120	0.234053440329	1
0	20130	0.234153440329	1
0	20139	0.234253440329	1
0	20143	0.234353440329	1
0	20153	0.234453440329	1
0	20163	0.234553440329	1
0	20173	0.234653440329	1
0	20182	0.234753440329	1
0	20186	0.234853440329	1
0	20196	0.234953440329	1
0	20206	0.235053440329	1
0	20216	0.235153440329	1
0	20225	0.235253440329	1
0	20229	0.235353440329	1
0	20239	0.235453440329	1
0	20249	0.235553440329	1
0	20259	0.235653440329	1
0	20268	0.235753440329	1
0	20272	0.235853440329	1
0	20282	0.235953440329	1
0	20292	0.236053440329	1
0	20302	0.236153440329	1
0	20311	0.236253440329	1
0	20315	0.236353440329	1
0	20325	0.236453440329	1
0	20335	0.236553440329	1
0	20345	0.236653440329	1
0	20354	0.236753440329	1
0	20358	0.236853440329	1
0	20368	0.236953440329	1
0	20378	0.237053440329	1
0	20388	0.237153440329	1
0	20397	0.237253440329	1
0	20401	0.237353440329	1
0	20411	0.237453440329	1
0	20421	0.237553440329	1
0	20431	0.237653440329	1
0	20440	0.237753440329	1
0	20444	0.237853440329	1
0	20454	0.237953440329	1
0	20464	0.238053440329	1
0	20474	0.238153440329	1
0	20483	0.238253440329	1
0	20487	0.238353440329	1
0	20497	0.238453440329	1
0	20507	0.238553440329	1
0	20517	0.238653440329	1
0	20526	0.238753440329	1
0	20530	0.238853440329	1
0	20540	0.238953440329	1
0	20550	0.239053440329	1
0	20560	0.239153440329	1
0	20569	0.239253440329	1
0	20573	0.239353440329	1
0	20583	0.239453440329	1
0	20593	0.239553440329	1
0	20603	0.239653440329	1
0	20612	0.239753440329	1
0	20616	0.239853440329	1
0	20626	0.239953440329	1
0	20636	0.240053440329	1
0	20646	0.240153440329	1
0	20655	0.240253440329	1
0	20659	0.240353440329	1
0	20669	0.240453440329	1
0	20679	0.240553440329	1
0	20689	0.240653440329	1
0	20698	0.240753440329	1
0	20702	0.240853440329	1
0	20712	0.240953440329	1
0	20722	0.241053440329	1
0	20732	0.241153440329	1
0	20741	0.241253440329	1
0	20745	0.241353440329	1
0	20755	0.241453440329	1
0	20765	0.241553440329	1
0	20775	0.241653440329	1
0	20784	0.241753440329	1
0	20788	0.241853440329	1
0	20798	0.241953440329	1
0	20808	0.242053440329	1
0	20818	0.242153440329	1
0	20827	0.242253440329	1
0	20831	0.242353440329	1
0	20841	0.242453440329	1
0	20851	0.242553440329	1
0	20861	0.242653440329	1
0	20870	0.242753440329	1
0	20874	0.242853440329	1
0	20884	0.242953440329	1
0	20894	0.243053440329	1
0	20904	0.243153440329	1
0	20913	0.243253440329	1
0	20917	0.243353440329	1
0	20927	0.243453440329	1
0	20937	0.243553440329	1
0	20947	0.243653440329	1
0	20956	0.243753440329	1
0	20960	0.243853440329	1
0	20970	0.243953440329	1
0	20980	0.244053440329	1
0	20990	0.244153440329	1
0	20999	0.244253440329	1
0	21003	0.244353440329	1
0	21013	0.244453440329	1
0	21023	0.244553440329	1
0	21033	0.244653440329	1
0	21042	0.244753440329	1
0	21046	0.244853440329	1
0	21056	0.244953440329	1
0	21066	0.245053440329	1
0	21076	0.245153440329	1
0	21085	0.245253440329	1
0	21089	0.245353440329	1
0	21099	0.245453440329	1
0	21109	0.245553440329	1
0	21119	0.245653440329	1
0	21128	0.245753440329	1
0	21132	0.245853440329	1
0	21142	0.245953440329	1
0	21152	0.246053440329	1
0	21162	0.246153440329	1
0	21171	0.246253440329	1
0	21175	0.246353440329	1
0	21185	0.246453440329	1
0	21195	0.246553440329	1
0	21205	0.246653440329	1
0	21214	0.246753440329	1
0	21218	0.246853440329	1
0	21228	0.246953440329	1
0	21238	0.247053440329	1
0	21248	0.247153440329	1
0	21257	0.247253440329	1
0	21261	0.247353440329	1
0	21271	0.247453440329	1
0	21281	0.247553440329	1
0	21291	0.247653440329	1
0	21300	0.247753440329	1
0	21304	0.247853440329	1
0	21314	0.247953440329	1
0	21324	0.248053440329	1
0	21334	0.248153440329	1
0	21343	0.248253440329	1
0	21347	0.248353440329	1
0	21357	0.248453440329	1
0	21367	0.248553440329	1
0	21377	0.248653440329	1
0	21386	0.248753440329	1
0	21390	0.248853440329	1
0	21400	0.248953440329	1
0	21410	0.249053440329	1
0	21420	0.249153440329	1
0	21429	0.249253440329	1
0	21433	0.249353440329	1
0	21443	0.249453440329	1
0	21453	0.249553440329	1
0	21463	0.249653440329	1
0	21472	0.249753440329	1
0	21476	0.249853440329	1
0	21486	0.249953440329	1
0	21496	0.250053440329	1
0	21506	0.250153440329	1
0	21515	0.250253440329	1
0	21519	0.250353440329	1
0	21529	0.250453440329	1
0	21539	0.250553440329	1
0	21549	0.250653440329	1
0	21558	0.250753440329	1
0	21562	0.250853440329	1
0	21572	0.250953440329	1
0	21582	0.251053440329	1
0	21592	0.251153440329	1
0	21601	0.251253440329	1
0	21605	0.251353440329	1
0	21615	0.251453440329	1
0	21625	0.251553440329	1
0	21635	0.251653440329	1
0	21644	0.251753440329	1
0	21648	0.251853440329	1
0	21658	0.251953440329	1
0	21668	0.252053440329	1
0	21678	0.252153440329	1
0	21687	0.252253440329	1
0	21691	0.252353440329	1
0	21701	0.252453440329	1
0	21711	0.252553440329	1
0	21721	0.252653440329	1
0	21730	0.252753440329	1
0	21734	0.252853440329	1
0	21744	0.252953440329	1
0	21754	0.253053440329	1
0	21764	0.253153440329	1
0	21773	0.253253440329	1
0	21777	0.253353440329	1
0	21787	0.253453440329	1
0	21797	0.253553440329	1
0	21807	0.253653440329	1
0	21816	0.253753440329	1
0	21820	0.253853440329	1
0	21830	0.253953440329	1
0	21840	0.254053440329	1
0	21850	0.254153440329	1
0	21859	0.254253440329	1
0	21863	0.254353440329	1
0	21873	0.254453440329	1
0	21883	0.254553440329	1
0	21893	0.254653440329	1
0	21902	0.254753440329	1
0	21906	0.254853440329	1
0	21916	0.254953440329	1
0	21926	0.255053440329	1
0	21936	0.255153440329	1
0	21945	0.255253440329	1
0	21949	0.255353440329	1
0	21959	0.255453440329	1
0	21969	0.255553440329	1
0	21979	0.255653440329	1
0	21988	0.255753440329	1
0	21992	0.255853440329	1
0	22002	0.255953440329	1
0	22012	0.256053440329	1
0	22022	0.256153440329	1
0	22031	0.256253440329	1
0	22035	0.256353440329	1
0	22045	0.256453440329	1
0	22055	0.256553440329	1
0	22065	0.256653440329	1
0	22074	0.256753440329	1
0	22078	0.256853440329	1
0	22088	0.256953440329	1
0	22098	0.257053440329	1
0	22108	0.257153440329	1
0	22117	0.257253440329	1
0	22121	0.257353440329	1
0	22131	0.257453440329	1
0	22141	0.257553440329	1
0	22151	0.257653440329	1
0	22160	0.257753440329	1
0	22164	0.257853440329	1
0	22174	0.257953440329	1
0	22184	0.258053440329	1
0	22194	0.258153440329	1
0	22203	0.258253440329	1
0	22207	0.258353440329	1
0	22217	0.258453440329	1
0	22227	0.258553440329	1
0	22237	0.258653440329	1
0	22246	0.258753440329	1
0	22250	0.258853440329	1
0	22260	0.258953440329	1
0	22270	0.259053440329	1
0	22280	0.259153440329	1
0	22289	0.259253440329	1
0	22293	0.259353440329	1
0	22303	0.259453440329	1
0	22313	0.259553440329	1
0	22323	0.259653440329	1
0	22332	0.259753440329	1
0	22336	0.259853440329	1
0	22346	0.259953440329	1
0	22356	0.260053440329	1
0	22366	0.260153440329	1
0	22375	0.260253440329	1
0	22379	0.260353440329	1
0	22389	0.260453440329	1
0	22399	0.260553440329	1
0	22409	0.260653440329	1
0	22418	0.260753440329	1
0	22422	0.260853440329	1
0	22432	0.260953440329	1
0	22442	0.261053440329	1
0	22452	0.261153440329	1
0	22461	0.261253440329	1
0	22465	0.261353440329	1
0	22475	0.261453440329	1
0	22485	0.261553440329	1
0	22495	0.261653440329	1
0	22504	0.261753440329	1
0	22508	0.261853440329	1
0	22518	0.261953440329	1
0	22528	0.262053440329	1
0	22538	0.262153440329	1
0	22547	0.262253440329	1
0	22551	0.262353440329	1
0	22561	0.262453440329	1
0	22571	0.262553440329	1
0	22581	0.262653440329	1
0	22590	0.262753440329	1
0	22594	0.262853440329	1
0	22604	0.262953440329	1
0	22614	0.263053440329	1
0	22624	0.263153440329	1
0	22633	0.263253440329	1
0	22637	0.263353440329	1
0	22647	0.263453440329	1
0	22657	0.263553440329	1
0	22667	0.263653440329	1
0	22676	0.263753440329	1
0	22680	0.263853440329	1
0	22690	0.263953440329	1
0	22700	0.264053440329	1
0	22710	0.264153440329	1
0	22719	0.264253440329	1
0	22723	0.264353440329	1
0	22733	0.264453440329	1
0	22743	0.264553440329	1
0	22753	0.264653440329	1
0	22762	0.264753440329	1
0	22766	0.264853440329	1
0	22776	0.264953440329	1
0	22786	0.265053440329	1
0	22796	0.265153440329	1
0	22805	0.265253440329	1
0	22809	0.265353440329	1
0	22819	0.265453440329	1
0	22829	0.265553440329	1
0	22839	0.265653440329	1
0	22848	0.265753440329	1
0	22852	0.265853440329	1
0	22862	0.265953440329	1
0	22872	0.266053440329	1
0	22882	0.266153440329	1
0	22891	0.266253440329	1
0	22895	0.266353440329	1
0	22905	0.266453440329	1
0	22915	0.266553440329	1
0	22925	0.266653440329	1
0	22934	0.266753440329	1
0	22938	0.266853440329	1
0	22948	0.266953440329	1
0	22958	0.267053440329	1
0	22968	0.267153440329	1
0	22977	0.267253440329	1
0	22981	0.267353440329	1
0	22991	0.267453440329	1
0	23001	0.267553440329	1
0	23011	0.267653440329	1
0	23020	0.267753440329	1
0	23024	0.267853440329	1
0	23034	0.267953440329	1
0	23044	0.268053440329	1
0	23054	0.268153440329	1
0	23063	0.268253440329	1
0	23067	0.268353440329	1
0	23077	0.268453440329	1
0	23087	0.268553440329	1
0	23097	0.268653440329	1
0	23106	0.268753440329	1
0	23110	0.268853440329	1
0	23120	0.268953440329	1
0	23130	0.269053440329	1
0	23140	0.269153440329	1
0	23149	0.269253440329	1
0	23153	0.269353440329	1
0	23163	0.269453440329	1
0	23173	0.269553440329	1
0	23183	0.269653440329	1
0	23192	0.269753440329	1
0	23196	0.269853440329	1
0	23206	0.269953440329	1
0	23216	0.270053440329	1
0	23226	0.270153440329	1
0	23235	0.270253440329	1
0	23239	0.270353440329	1
0	23249	0.270453440329	1
0	23259	0.270553440329	1
0	23269	0.270653440329	1
0	23278	0.270753440329	1
0	23282	0.270853440329	1
0	23292	0.270953440329	1
0	23302	0.271053440329	1
0	23312	0.271153440329	1
0	23321	0.271253440329	1
0	23325	0.271353440329	1
0	23335	0.271453440329	1
0	23345	0.271553440329	1
0	23355	0.271653440329	1
0	23364	0.271753440329	1
0	23368	0.271853440329	1
0	23378	0.271953440329	1
0	23388	0.272053440329	1
0	23398	0.272153440329	1
0	23407	0.272253440329	1
0	23411	0.272353440329	1
0	23421	0.272453440329	1
0	23431	0.272553440329	1
0	23441	0.272653440329	1
0	23450	0.272753440329	1
0	23454	0.272853440329	1
0	23464	0.272953440329	1
0	23474	0.273053440329	1
0	23484	0.273153440329	1
0	23493	0.273253440329	1
0	23497	0.273353440329	1
0	23507	0.273453440329	1
0	23517	0.273553440329	1
0	23527	0.273653440329	1
0	23536	0.273753440329	1
0	23540	0.273853440329	1
0	23550	0.273953440329	1
0	23560	0.274053440329	1
0	23570	0.274153440329	1
0	23579	0.274253440329	1
0	23583	0.274353440329	1
0	23593	0.274453440329	1
0	23603	0.274553440329	1
0	23613	0.274653440329	1
0	23622	0.274753440329	1
0	23626	0.274853440329	1
0	23636	0.274953440329	1
0	23646	0.275053440329	1
0	23656	0.275153440329	1
0	23665	0.275253440329	1
0	23669	0.275353440329	1
0	23679	0.275453440329	1
0	23689	0.275553440329	1
0	23699	0.275653440329	1
0	23708	0.275753440329	1
0	23712	0.275853440329	1
0	23722	0.275953440329	1
0	23732	0.276053440329	1
0	23742	0.276153440329	1
0	23751	0.276253440329	1
0	23755	0.276353440329	1
0	23765	0.276453440329	1
0	23775	0.276553440329	1
0	23785	0.276653440329	1
0	23794	0.276753440329	1
0	23798	0.276853440329	1
0	23808	0.276953440329	1
0	23818	0.277053440329	1
0	23828	0.277153440329	1
0	23837	0.277253440329	1
0	23841	0.277353440329	1
0	23851	0.277453440329	1
0	23861	0.277553440329	1
0	23871	0.277653440329	1
0	23880	0.277753440329	1
0	23884	0.277853440329	1
0	23894	0.277953440329	1
0	23904	0.278053440329	1
0	23914	0.278153440329	1
0	23923	0.278253440329	1
0	23927	0.278353440329	1
0	23937	0.278453440329	1
0	23947	0.278553440329	1
0	23957	0.278653440329	1
0	23966	0.278753440329	1
0	23970	0.278853440329	1
0	23980	0.278953440329	1
0	23990	0.279053440329	1
0	24000	0.279153440329	1
0	24009	0.279253440329	1
0	24013	0.279353440329	1
0	24023	0.279453440329	1
0	24033	0.279553440329	1
0	24043	0.279653440329	1
0	24052	0.279753440329	1
0	24056	0.279853440329	1
0	24066	0.279953440329	1
0	24076	0.280053440329	1
0	24086	0.280153440329	1
0	24095	0.280253440329	1
0	24099	0.280353440329	1
0	24109	0.280453440329	1
0	24119	0.280553440329	1
0	24129	0.280653440329	1
0	24138	0.280753440329	1
0	24142	0.280853440329	1
0	24152	0.280953440329	1
0	24162	0.281053440329	1
0	24172	0.281153440329	1
0	24181	0.281253440329	1
0	24185	0.281353440329	1
0	24195	0.281453440329	1
0	24205	0.281553440329	1
0	24215	0.281653440329	1
0	24224	0.281753440329	1
0	24228	0.281853440329	1
0	24238	0.281953440329	1
0	24248	0.282053440329	1
0	24258	0.282153440329	1
0	24267	0.282253440329	1
0	24271	0.282353440329	1
0	24281	0.282453440329	1
0	24291	0.282553440329	1
0	24301	0.282653440329	1
0	24310	0.282753440329	1
0	24314	0.282853440329	1
0	24324	0.282953440329	1
0	24334	0.283053440329	1
0	24344	0.283153440329	1
0	24353	0.283253440329	1
0	24357	0.283353440329	1
0	24367	0.283453440329	1
0	24377	0.283553440329	1
0	24387	0.283653440329	1
0	24396	0.283753440329	1
0	24400	0.283853440329	1
0	24410	0.283953440329	1
0	24420	0.284053440329	1
0	24430	0.284153440329	1
0	24439	0.284253440329	1
0	24443	0.284353440329	1
0	24453	0.284453440329	1
0	24463	0.284553440329	1
0	24473	0.284653440329	1
0	24482	0.284753440329	1
0	24486	0.284853440329	1
0	24496	0.284953440329	1
0	24506	0.285053440329	1
0	24516	0.285153440329	1
0	24525	0.285253440329	1
0	24529	0.285353440329	1
0	24539	0.285453440329	1
0	24549	0.285553440329	1
0	24559	0.285653440329	1
0	24568	0.285753440329	1
0	24572	0.285853440329	1
0	24582	0.285953440329	1
0	24592	0.286053440329	1
0	24602	0.286153440329	1
0	24611	0.286253440329	1
0	24615	0.286353440329	1
0	24625	0.286453440329	1
0	24635	0.286553440329	1
0	24645	0.286653440329	1
0	24654	0.286753440329	1
0	24658	0.286853440329	1
0	24668	0.286953440329	1
0	24678	0.287053440329	1
0	24688	0.287153440329	1
0	24697	0.287253440329	1
0	24701	0.287353440329	1
0	24711	0.287453440329	1
0	24721	0.287553440329	1
0	24731	0.287653440329	1
0	24740	0.287753440329	1
0	24744	0.287853440329	1
0	24754	0.287953440329	1
0	24764	0.288053440329	1
0	24774	0.288153440329	1
0	24783	0.288253440329	1
0	24787	0.288353440329	1
0	24797	0.288453440329	1
0	24807	0.288553440329	1
0	24817	0.288653440329	1
0	24826	0.288753440329	1
0	24830	0.288853440329	1
0	24840	0.288953440329	1
0	24850	0.289053440329	1
0	24860	0.289153440329	1
0	24869	0.289253440329	1
0	24873	0.289353440329	1
0	24883	0.289453440329	1
0	24893	0.289553440329	1
0	24903	0.289653440329	1
0	24912	0.289753440329	1
0	24916	0.289853440329	1
0	24926	0.289953440329	1
0	24936	0.290053440329	1
0	24946	0.290153440329	1
0	24955	0.290253440329	1
0	24959	0.290353440329	1
0	24969	0.290453440329	1
0	24979	0.290553440329	1
0	24989	0.290653440329	1
0	24998	0.290753440329	1
0	25002	0.290853440329	1
0	25012	0.290953440329	1
0	25022	0.291053440329	1
0	25032	0.291153440329	1
0	25041	0.291253440329	1
0	25045	0.291353440329	1
0	25055	0.291453440329	1
0	25065	0.291553440329	1
0	25075	0.291653440329	1
0	25084	0.291753440329	1
0	25088	0.291853440329	1
0	25098	0.291953440329	1
0	25108	0.292053440329	1
0	25118	0.292153440329	1
0	25127	0.292253440329	1
0	25131	0.292353440329	1
0	25141	0.292453440329	1
0	25151	0.292553440329	1
0	25161	0.292653440329	1
0	25170	0.292753440329	1
0	25174	0.292853440329	1
0	25184	0.292953440329	1
0	25194	0.293053440329	1
0	25204	0.293153440329	1
0	25213	0.293253440329	1
0	25217	0.293353440329	1
0	25227	0.293453440329	1
0	25237	0.293553440329	1
0	25247	0.293653440329	1
0	25256	0.293753440329	1
0	25260	0.293853440329	1
0	25270	0.293953440329	1
0	25280	0.294053440329	1
0	25290	0.294153440329	1
0	25299	0.294253440329	1
0	25303	0.294353440329	1
0	25313	0.294453440329	1
0	25323	0.294553440329	1
0	25333	0.294653440329	1
0	25342	0.294753440329	1
0	25346	0.294853440329	1
0	25356	0.294953440329	1
0	25366	0.295053440329	1
0	25376	0.295153440329	1
0	25385	0.295253440329	1
0	25389	0.295353440329	1
0	25399	0.295453440329	1
0	25409	0.295553440329	1
0	25419	0.295653440329	1
0	25428	0.295753440329	1
0	25432	0.295853440329	1
0	25442	0.295953440329	1
0	25452	0.296053440329	1
0	25462	0.296153440329	1
0	25471	0.296253440329	1
0	25475	0.296353440329	1
0	25485	0.296453440329	1
0	25495	0.296553440329	1
0	25505	0.296653440329	1
0	25514	0.296753440329	1
0	25518	0.296853440329	1
0	25528	0.296953440329	1
0	25538	0.297053440329	1
0	25548	0.297153440329	1
0	25557	0.297253440329	1
0	25561	0.297353440329	1
0	25571	0.297453440329	1
0	25581	0.297553440329	1
0	25591	0.297653440329	1
0	25600	0.297753440329	1
0	25604	0.297853440329	1
0	25614	0.297953440329	1
0	25624	0.298053440329	1
0	25634	0.298153440329	1
0	25643	0.298253440329	1
0	25647	0.298353440329	1
0	25657	0.298453440329	1
0	25667	0.298553440329	1
0	25677	0.298653440329	1
0	25686	0.298753440329	1
0	25690	0.298853440329	1
0	25700	0.298953440329	1
0	25710	0.299053440329	1
0	25720	0.299153440329	1
0	25729	0.299253440329	1
0	25733	0.299353440329	1
0	25743	0.299453440329	1
0	25753	0.299553440329	1
0	25763	0.299653440329	1
0	25772	0.299753440329	1
0	25776	0.299853440329	1
0	25786	0.299953440329	1
0	25796	0.300053440329	1
0	25806	0.300153440329	1
0	25815	0.300253440329	1
0	25819	0.300353440329	1
0	25829	0.300453440329	1
0	25839	0.300553440329	1
0	25849	0.300653440329	1
0	25858	0.300753440329	1
0	25862	0.300853440329	1
0	25872	0.300953440329	1
0	25882	0.301053440329	1
0	25892	0.301153440329	1
0	25901	0.301253440329	1
0	25905	0.301353440329	1
0	25915	0.301453440329	1
0	25925	0.301553440329	1
0	25935	0.301653440329	1
0	25944	0.301753440329	1
0	25948	0.301853440329	1
0	25958	0.301953440329	1
0	25968	0.302053440329	1
0	25978	0.302153440329	1
0	25987	0.302253440329	1
0	25991	0.302353440329	1
0	26001	0.302453440329	1
0	26011	0.302553440329	1
0	26021	0.302653440329	1
0	26030	0.302753440329	1
0	26034	0.302853440329	1
0	26044	0.302953440329	1
0	26054	0.303053440329	1
0	26064	0.303153440329	1
0	26073	0.303253440329	1
0	26077	0.303353440329	1
0	26087	0.303453440329	1
0	26097	0.303553440329	1
0	26107	0.303653440329	1
0	26116	0.303753440329	1
0	26120	0.303853440329	1
0	26130	0.303953440329	1
0	26140	0.304053440329	1
0	26150	0.304153440329	1
0	26159	0.304253440329	1
0	26163	0.304353440329	1
0	26173	0.304453440329	1
0	26183	0.304553440329	1
0	26193	0.304653440329	1
0	26202	0.304753440329	1
0	26206	0.304853440329	1
0	26216	0.304953440329	1
0	26226	0.305053440329	1
0	26236	0.305153440329	1
0	26245	0.305253440329	1
0	26249	0.305353440329	1
0	26259	0.305453440329	1
0	26269	0.305553440329	1
0	26279	0.305653440329	1
0	26288	0.305753440329	1
0	26292	0.305853440329	1
0	26302	0.305953440329	1
0	26312	0.306053440329	1
0	26322	0.306153440329	1
0	26331	0.306253440329	1
0	26335	0.306353440329	1
0	26345	0.306453440329	1
0	26355	0.306553440329	1
0	26365	0.306653440329	1
0	26374	0.306753440329	1
0	26378	0.306853440329	1
0	26388	0.306953440329	1
0	26398	0.307053440329	1
0	26408	0.307153440329	1
0	26417	0.307253440329	1
0	26421	0.307353440329	1
0	26431	0.307453440329	1
0	26441	0.307553440329	1
0	26451	0.307653440329	1
0	26460	0.307753440329	1
0	26464	0.307853440329	1
0	26474	0.307953440329	1
0	26484	0.308053440329	1
0	26494	0.308153440329	1
0	26503	0.308253440329	1
0	26507	0.308353440329	1
0	26517	0.308453440329	1
0	26527	0.308553440329	1
0	26537	0.308653440329	1
0	26546	0.308753440329	1
0	26550	0.308853440329	1
0	26560	0.308953440329	1
0	26570	0.309053440329	1
0	26580	0.309153440329	1
0	26589	0.309253440329	1
0	26593	0.309353440329	1
0	26603	0.309453440329	1
0	26613	0.309553440329	1
0	26623	0.309653440329	1
0	26632	0.309753440329	1
0	26636	0.309853440329	1
0	26646	0.309953440329	1
0	26656	0.310053440329	1
0	26666	0.310153440329	1
0	26675	0.310253440329	1
0	26679	0.310353440329	1
0	26689	0.310453440329	1
0	26699	0.310553440329	1
0	26709	0.310653440329	1
0	26718	0.310753440329	1
0	26722	0.310853440329	1
0	26732	0.310953440329	1
0	26742	0.311053440329	1
0	26752	0.311153440329	1
0	26761	0.311253440329	1
0	26765	0.311353440329	1
0	26775	0.311453440329	1
0	26785	0.311553440329	1
0	26795	0.311653440329	1
0	26804	0.311753440329	1
0	26808	0.311853440329	1
0	26818	0.311953440329	1
0	26828	0.312053440329	1
0	26838	0.312153440329	1
0	26847	0.312253440329	1
0	26851	0.312353440329	1
0	26861	0.312453440329	1
0	26871	0.312553440329	1
0	26881	0.312653440329	1
0	26890	0.312753440329	1
0	26894	0.312853440329	1
0	26904	0.312953440329	1
0	26914	0.313053440329	1
0	26924	0.313153440329	1
0	26933	0.313253440329	1
0	26937	0.313353440329	1
0	26947	0.313453440329	1
0	26957	0.313553440329	1
0	26967	0.313653440329	1
0	26976	0.313753440329	1
0	26980	0.313853440329	1
0	26990	0.313953440329	1
0	27000	0.314053440329	1
0	27010	0.314153440329	1
0	27019	0.314253440329	1
0	27023	0.314353440329	1
0	27033	0.314453440329	1
0	27043	0.314553440329	1
0	27053	0.314653440329	1
0	27062	0.314753440329	1
0	27066	0.314853440329	1
0	27076	0.314953440329	1
0	27086	0.315053440329	1
0	27096	0.315153440329	1
0	27105	0.315253440329	1
0	27109	0.315353440329	1
0	27119	0.315453440329	1
0	27129	0.315553440329	1
0	27139	0.315653440329	1
0	27148	0.315753440329	1
0	27152	0.315853440329	1
0	27162	0.315953440329	1
0	27172	0.316053440329	1
0	27182	0.316153440329	1
0	27191	0.316253440329	1
0	27195	0.316353440329	1
0	27205	0.316453440329	1
0	27215	0.316553440329	1
0	27225	0.316653440329	1
0	27234	0.316753440329	1
0	27238	0.316853440329	1
0	27248	0.316953440329	1
0	27258	0.317053440329	1
0	27268	0.317153440329	1
0	27277	0.317253440329	1
0	27281	0.317353440329	1
0	27291	0.317453440329	1
0	27301	0.317553440329	1
0	27311	0.317653440329	1
0	27320	0.317753440329	1
0	27324	0.317853440329	1
0	27334	0.317953440329	1
0	27344	0.318053440329	1
0	27354	0.318153440329	1
0	27363	0.318253440329	1
0	27367	0.318353440329	1
0	27377	0.318453440329	1
0	27387	0.318553440329	1
0	27397	0.318653440329	1
0	27406	0.318753440329	1
0	27410	0.318853440329	1
0	27420	0.318953440329	1
0	27430	0.319053440329	1
0	27440	0.319153440329	1
0	27449	0.319253440329	1
0	27453	0.319353440329	1
0	27463	0.319453440329	1
0	27473	0.319553440329	1
0	27483	0.319653440329	1
0	27492	0.319753440329	1
0	27496	0.319853440329	1
0	27506	0.319953440329	1
0	27516	0.320053440329	1
0	27526	0.320153440329	1
0	27535	0.320253440329	1
0	27539	0.320353440329	1
0	27549	0.320453440329	1
0	27559	0.320553440329	1
0	27569	0.320653440329	1
0	27578	0.320753440329	1
0	27582	0.320853440329	1
0	27592	0.320953440329	1
0	27602	0.321053440329	1
0	27612	0.321153440329	1
0	27621	0.321253440329	1
0	27625	0.321353440329	1
0	27635	0.321453440329	1
0	27645	0.321553440329	1
0	27655	0.321653440329	1
0	27664	0.321753440329	1
0	27668	0.321853440329	1
0	27678	0.321953440329	1
0	27688	0.322053440329	1
0	27698	0.322153440329	1
0	27707	0.322253440329	1
0	27711	0.322353440329	1
0	27721	0.322453440329	1
0	27731	0.322553440329	1
0	27741	0.322653440329	1
0	27750	0.322753440329	1
0	27754	0.322853440329	1
0	27764	0.322953440329	1
0	27774	0.323053440329	1
0	27784	0.323153440329	1
0	27793	0.323253440329	1
0	27797	0.323353440329	1
0	27807	0.323453440329	1
0	27817	0.323553440329	1
0	27827	0.323653440329	1
0	27836	0.323753440329	1
0	27840	0.323853440329	1
0	27850	0.323953440329	1
0	27860	0.324053440329	1
0	27870	0.324153440329	1
0	27879	0.324253440329	1
0	27883	0.324353440329	1
0	27893	0.324453440329	1
0	27903	0.324553440329	1
0	27913	0.324653440329	1
0	27922	0.324753440329	1
0	27926	0.324853440329	1
0	27936	0.324953440329	1
0	27946	0.325053440329	1
0	27956	0.325153440329	1
0	27965	0.325253440329	1
0	27969	0.325353440329	1
0	27979	0.325453440329	1
0	27989	0.325553440329	1
0	27999	0.325653440329	1
0	28008	0.325753440329	1
0	28012	0.325853440329	1
0	28022	0.325953440329	1
0	28032	0.326053440329	1
0	28042	0.326153440329	1
0	28051	0.326253440329	1
0	28055	0.326353440329	1
0	28065	0.326453440329	1
0	28075	0.326553440329	1
0	28085	0.326653440329	1
0	28094	0.326753440329	1
0	28098	0.326853440329	1
0	28108	0.326953440329	1
0	28118	0.327053440329	1
0	28128	0.327153440329	1
0	28137	0.327253440329	1
0	28141	0.327353440329	1
0	28151	0.327453440329	1
0	28161	0.327553440329	1
0	28171	0.327653440329	1
0	28180	0.327753440329	1
0	28184	0.327853440329	1
0	28194	0.327953440329	1
0	28204	0.328053440329	1
0	28214	0.328153440329	1
0	28223	0.328253440329	1
0	28227	0.328353440329	1
0	28237	0.328453440329	1
0	28247	0.328553440329	1
0	28257	0.328653440329	1
0	28266	0.328753440329	1
0	28270	0.328853440329	1
0	28280	0.328953440329	1
0	28290	0.329053440329	1
0	28300	0.329153440329	1
0	28309	0.329253440329	1
0	28313	0.329353440329	1
0	28323	0.329453440329	1
0	28333	0.329553440329	1
0	28343	0.329653440329	1
0	28352	0.329753440329	1
0	28356	0.329853440329	1
0	28366	0.329953440329	1
0	28376	0.330053440329	1
0	28386	0.330153440329	1
0	28395	0.330253440329	1
0	28399	0.330353440329	1
0	28409	0.330453440329	1
0	28419	0.330553440329	1
0	28429	0.330653440329	1
0	28438	0.330753440329	1
0	28442	0.330853440329	1
0	28452	0.330953440329	1
0	28462	0.331053440329	1
0	28472	0.331153440329	1
0	28481	0.331253440329	1
0	28485	0.331353440329	1
0	28495	0.331453440329	1
0	28505	0.331553440329	1
0	28515	0.331653440329	1
0	28524	0.331753440329	1
0	28528	0.331853440329	1
0	28538	0.331953440329	1
0	28548	0.332053440329	1
0	28558	0.332153440329	1
0	28567	0.332253440329	1
0	28571	0.332353440329	1
0	28581	0.332453440329	1
0	28591	0.332553440329	1
0	28601	0.332653440329	1
0	28610	0.332753440329	1
0	28614	0.332853440329	1
0	28624	0.332953440329	1
0	28634	0.333053440329	1
0	28644	0.333153440329	1
0	28653	0.333253440329	1
0	28657	0.333353440329	1
0	28667	0.333453440329	1
0	28677	0.333553440329	1
0	28687	0.333653440329	1
0	28696	0.333753440329	1
0	28700	0.333853440329	1
0	28710	0.333953440329	1
0	28720	0.334053440329	1
0	28730	0.334153440329	1
0	28739	0.334253440329	1
0	28743	0.334353440329	1
0	28753	0.334453440329	1
0	28763	0.334553440329	1
0	28773	0.334653440329	1
0	28782	0.334753440329	1
0	28786	0.334853440329	1
0	28796	0.334953440329	1
0	28806	0.335053440329	1
0	28816	0.335153440329	1
0	28825	0.335253440329	1
0	28829	0.335353440329	1
0	28839	0.335453440329	1
0	28849	0.335553440329	1
0	28859	0.335653440329	1
0	28868	0.335753440329	1
0	28872	0.335853440329	1
0	28882	0.335953440329	1
0	28892	0.336053440329	1
0	28902	0.336153440329	1
0	28911	0.336253440329	1
0	28915	0.336353440329	1
0	28925	0.336453440329	1
0	28935	0.336553440329	1
0	28945	0.336653440329	1
0	28954	0.336753440329	1
0	28958	0.336853440329	1
0	28968	0.336953440329	1
0	28978	0.337053440329	1
0	28988	0.337153440329	1
0	28997	0.337253440329	1
0	29001	0.337353440329	1
0	29011	0.337453440329	1
0	29021	0.337553440329	1
0	29031	0.337653440329	1
0	29040	0.337753440329	1
0	29044	0.337853440329	1
0	29054	0.337953440329	1
0	29064	0.338053440329	1
0	29074	0.338153440329	1
0	29083	0.338253440329	1
0	29087	0.338353440329	1
0	29097	0.338453440329	1
0	29107	0.338553440329	1
0	29117	0.338653440329	1
0	29126	0.338753440329	1
0	29130	0.338853440329	1
0	29140	0.338953440329	1
0	29150	0.339053440329	1
0	29160	0.339153440329	1
0	29169	0.339253440329	1
0	29173	0.339353440329	1
0	29183	0.339453440329	1
0	29193	0.339553440329	1
0	29203	0.339653440329	1
0	29212	0.339753440329	1
0	29216	0.339853440329	1
0	29226	0.339953440329	1
0	29236	0.340053440329	1
0	29246	0.340153440329	1
0	29255	0.340253440329	1
0	29259	0.340353440329	1
0	29269	0.340453440329	1
0	29279	0.340553440329	1
0	29289	0.340653440329	1
0	29298	0.340753440329	1
0	29302	0.340853440329	1
0	29312	0.340953440329	1
0	29322	0.341053440329	1
0	29332	0.341153440329	1
0	29341	0.341253440329	1
0	29345	0.341353440329	1
0	29355	0.341453440329	1
0	29365	0.341553440329	1
0	29375	0.341653440329	1
0	29384	0.341753440329	1
0	29388	0.341853440329	1
0	29398	0.341953440329	1
0	29408	0.342053440329	1
0	29418	0.342153440329	1
0	29427	0.342253440329	1
0	29431	0.342353440329	1
0	29441	0.342453440329	1
0	29451	0.342553440329	1
0	29461	0.342653440329	1
0	29470	0.342753440329	1
0	29474	0.342853440329	1
0	29484	0.342953440329	1
0	29494	0.343053440329	1
0	29504	0.343153440329	1
0	29513	0.343253440329	1
0	29517	0.343353440329	1
0	29527	0.343453440329	1
0	29537	0.343553440329	1
0	29547	0.343653440329	1
0	29556	0.343753440329	1
0	29560	0.343853440329	1
0	29570	0.343953440329	1
0	29580	0.344053440329	1
0	29590	0.344153440329	1
0	29599	0.344253440329	1
0	29603	0.344353440329	1
0	29613	0.344453440329	1
0	29623	0.344553440329	1
0	29633	0.344653440329	1
0	29642	0.344753440329	1
0	29646	0.344853440329	1
0	29656	0.344953440329	1
0	29666	0.345053440329	1
0	29676	0.345153440329	1
0	29685	0.345253440329	1
0	29689	0.345353440329	1
0	29699	0.345453440329	1
0	29709	0.345553440329	1
0	29719	0.345653440329	1
0	29728	0.345753440329	1
0	29732	0.345853440329	1
0	29742	0.345953440329	1
0	29752	0.346053440329	1
0	29762	0.346153440329	1
0	29771	0.346253440329	1
0	29775	0.346353440329	1
0	29785	0.346453440329	1
0	29795	0.346553440329	1
0	29805	0.346653440329	1
0	29814	0.346753440329	1
0	29818	0.346853440329	1
0	29828	0.346953440329	1
0	29838	0.347053440329	1
0	29848	0.347153440329	1
0	29857	0.347253440329	1
0	29861	0.347353440329	1
0	29871	0.347453440329	1
0	29881	0.347553440329	1
0	29891	0.347653440329	1
0	29900	0.347753440329	1
0	29904	0.347853440329	1
0	29914	0.347953440329	1
0	29924	0.348053440329	1
0	29934	0.348153440329	1
0	29943	0.348253440329	1
0	29947	0.348353440329	1
0	29957	0.348453440329	1
0	29967	0.348553440329	1
0	29977	0.348653440329	1
0	29986	0.348753440329	1
0	29990	0.348853440329	1
0	30000	0.348953440329	1
0	30010	0.349053440329	1
0	30020	0.349153440329	1
0	30029	0.349253440329	1
0	30033	0.349353440329	1
0	30043	0.349453440329	1
0	30053	0.349553440329	1
0	30063	0.349653440329	1
0	30072	0.349753440329	1
0	30076	0.349853440329	1
0	30086	0.349953440329	1
0	30096	0.350053440329	1
0	30106	0.350153440329	1
0	30115	0.350253440329	1
0	30119	0.350353440329	1
0	30129	0.350453440329	1
0	30139	0.350553440329	1
0	30149	0.350653440329	1
0	30158	0.350753440329	1
0	30162	0.350853440329	1
0	30172	0.350953440329	1
0	30182	0.351053440329	1
0	30192	0.351153440329	1
0	30201	0.351253440329	1
0	30205	0.351353440329	1
0	30215	0.351453440329	1
0	30225	0.351553440329	1
0	30235	0.351653440329	1
0	30244	0.351753440329	1
0	30248	0.351853440329	1
0	30258	0.351953440329	1
0	30268	0.352053440329	1
0	30278	0.352153440329	1
0	30287	0.352253440329	1
0	30291	0.352353440329	1
0	30301	0.352453440329	1
0	30311	0.352553440329	1
0	30321	0.352653440329	1
0	30330	0.352753440329	1
0	30334	0.352853440329	1
0	30344	0.352953440329	1
0	30354	0.353053440329	1
0	30364	0.353153440329	1
0	30373	0.353253440329	1
0	30377	0.353353440329	1
0	30387	0.353453440329	1
0	30397	0.353553440329	1
0	30407	0.353653440329	1
0	30416	0.353753440329	1
0	30420	0.353853440329	1
0	30430	0.353953440329	1
0	30440	0.354053440329	1
0	30450	0.354153440329	1
0	30459	0.354253440329	1
0	30463	0.354353440329	1
0	30473	0.354453440329	1
0	30483	0.354553440329	1
0	30493	0.354653440329	1
0	30502	0.354753440329	1
0	30506	0.354853440329	1
0	30516	0.354953440329	1
0	30526	0.355053440329	1
0	30536	0.355153440329	1
0	30545	0.355253440329	1
0	30549	0.355353440329	1
0	30559	0.355453440329	1
0	30569	0.355553440329	1
0	30579	0.355653440329	1
0	30588	0.355753440329	1
0	30592	0.355853440329	1
0	30602	0.355953440329	1
0	30612	0.356053440329	1
0	30622	0.356153440329	1
0	30631	0.356253440329	1
0	30635	0.356353440329	1
0	30645	0.356453440329	1
0	30655	0.356553440329	1
0	30665	0.356653440329	1
0	30674	0.356753440329	1
0	30678	0.356853440329	1
0	30688	0.356953440329	1
0	30698	0.357053440329	1
0	30708	0.357153440329	1
0	30717	0.357253440329	1
0	30721	0.357353440329	1
0	30731	0.357453440329	1
0	30741	0.357553440329	1
0	30751	0.357653440329	1
0	30760	0.357753440329	1
0	30764	0.357853440329	1
0	30774	0.357953440329	1
0	30784	0.358053440329	1
0	30794	0.358153440329	1
0	30803	0.358253440329	1
0	30807	0.358353440329	1
0	30817	0.358453440329	1
0	30827	0.358553440329	1
0	30837	0.358653440329	1
0	30846	0.358753440329	1
0	30850	0.358853440329	1
0	30860	0.358953440329	1
0	30870	0.359053440329	1
0	30880	0.359153440329	1
0	30889	0.359253440329	1
0	30893	0.359353440329	1
0	30903	0.359453440329	1
0	30913	0.359553440329	1
0	30923	0.359653440329	1
0	30932	0.359753440329	1
0	30936	0.359853440329	1
0	30946	0.359953440329	1
0	30956	0.360053440329	1
0	30966	0.360153440329	1
0	30975	0.360253440329	1
0	30979	0.360353440329	1
0	30989	0.360453440329	1
0	30999	0.360553440329	1
0	31009	0.360653440329	1
0	31018	0.360753440329	1
0	31022	0.360853440329	1
0	31032	0.360953440329	1
0	31042	0.361053440329	1
0	31052	0.361153440329	1
0	31061	0.361253440329	1
0	31065	0.361353440329	1
0	31075	0.361453440329	1
0	31085	0.361553440329	1
0	31095	0.361653440329	1
0	31104	0.361753440329	1
0	31108	0.361853440329	1
0	31118	0.361953440329	1
0	31128	0.362053440329	1
0	31138	0.362153440329	1
0	31147	0.362253440329	1
0	31151	0.362353440329	1
0	31161	0.362453440329	1
0	31171	0.362553440329	1
0	31181	0.362653440329	1
0	31190	0.362753440329	1
0	31194	0.362853440329	1
0	31204	0.362953440329	1
0	31214	0.363053440329	1
0	31224	0.363153440329	1
0	31233	0.363253440329	1
0	31237	0.363353440329	1
0	31247	0.363453440329	1
0	31257	0.363553440329	1
0	31267	0.363653440329	1
0	31276	0.363753440329	1
0	31280	0.363853440329	1
0	31290	0.363953440329	1
0	31300	0.364053440329	1
0	31310	0.364153440329	1
0	31319	0.364253440329	1
0	31323	0.364353440329	1
0	31333	0.364453440329	1
0	31343	0.364553440329	1
0	31353	0.364653440329	1
0	31362	0.364753440329	1
0	31366	0.364853440329	1
0	31376	0.364953440329	1
0	31386	0.365053440329	1
0	31396	0.365153440329	1
0	31405	0.365253440329	1
0	31409	0.365353440329	1
0	31419	0.365453440329	1
0	31429	0.365553440329	1
0	31439	0.365653440329	1
0	31448	0.365753440329	1
0	31452	0.365853440329	1
0	31462	0.365953440329	1
0	31472	0.366053440329	1
0	31482	0.366153440329	1
0	31491	0.366253440329	1
0	31495	0.366353440329	1
0	31505	0.366453440329	1
0	31515	0.366553440329	1
0	31525	0.366653440329	1
0	31534	0.366753440329	1
0	31538	0.366853440329	1
0	31548	0.366953440329	1
0	31558	0.367053440329	1
0	31568	0.367153440329	1
0	31577	0.367253440329	1
0	31581	0.367353440329	1
0	31591	0.367453440329	1
0	31601	0.367553440329	1
0	31611	0.367653440329	1
0	31620	0.367753440329	1
0	31624	0.367853440329	1
0	31634	0.367953440329	1
0	31644	0.368053440329	1
0	31654	0.368153440329	1
0	31663	0.368253440329	1
0	31667	0.368353440329	1
0	31677	0.368453440329	1
0	31687	0.368553440329	1
0	31697	0.368653440329	1
0	31706	0.368753440329	1
0	31710	0.368853440329	1
0	31720	0.368953440329	1
0	31730	0.369053440329	1
0	31740	0.369153440329	1
0	31749	0.369253440329	1
0	31753	0.369353440329	1
0	31763	0.369453440329	1
0	31773	0.369553440329	1
0	31783	0.369653440329	1
0	31792	0.369753440329	1
0	31796	0.369853440329	1
0	31806	0.369953440329	1
0	31816	0.370053440329	1
0	31826	0.370153440329	1
0	31835	0.370253440329	1
0	31839	0.370353440329	1
0	31849	0.370453440329	1
0	31859	0.370553440329	1
0	31869	0.370653440329	1
0	31878	0.370753440329	1
0	31882	0.370853440329	1
0	31892	0.370953440329	1
0	31902	0.371053440329	1
0	31912	0.371153440329	1
0	31921	0.371253440329	1
0	31925	0.371353440329	1
0	31935	0.371453440329	1
0	31945	0.371553440329	1
0	31955	0.371653440329	1
0	31964	0.371753440329	1
0	31968	0.371853440329	1
0	31978	0.371953440329	1
0	31988	0.372053440329	1
0	31998	0.372153440329	1
0	32007	0.372253440329	1
0	32011	0.372353440329	1
0	32021	0.372453440329	1
0	32031	0.372553440329	1
0	32041	0.372653440329	1
0	32050	0.372753440329	1
0	32054	0.372853440329	1
0	32064	0.372953440329	1
0	32074	0.373053440329	1
0	32084	0.373153440329	1
0	32093	0.373253440329	1
0	32097	0.373353440329	1
0	32107	0.373453440329	1
0	32117	0.373553440329	1
0	32127	0.373653440329	1
0	32136	0.373753440329	1
0	32140	0.373853440329	1
0	32150	0.373953440329	1
0	32160	0.374053440329	1
0	32170	0.374153440329	1
0	32179	0.374253440329	1
0	32183	0.374353440329	1
0	32193	0.374453440329	1
0	32203	0.374553440329	1
0	32213	0.374653440329	1
0	32222	0.374753440329	1
0	32226	0.374853440329	1
0	32236	0.374953440329	1
0	32246	0.375053440329	1
0	32256	0.375153440329	1
0	32265	0.375253440329	1
0	32269	0.375353440329	1
0	32279	0.375453440329	1
0	32289	0.375553440329	1
0	32299	0.375653440329	1
0	32308	0.375753440329	1
0	32312	0.375853440329	1
0	32322	0.375953440329	1
0	32332	0.376053440329	1
0	32342	0.376153440329	1
0	32351	0.376253440329	1
0	32355	0.376353440329	1
0	32365	0.376453440329	1
0	32375	0.376553440329	1
0	32385	0.376653440329	1
0	32394	0.376753440329	1
0	32398	0.376853440329	1
0	32408	0.376953440329	1
0	32418	0.377053440329	1
0	32428	0.377153440329	1
0	32437	0.377253440329	1
0	32441	0.377353440329	1
0	32451	0.377453440329	1
0	32461	0.377553440329	1
0	32471	0.377653440329	1
0	32480	0.377753440329	1
0	32484	0.377853440329	1
0	32494	0.377953440329	1
0	32504	0.378053440329	1
0	32514	0.378153440329	1
0	32523	0.378253440329	1
0	32527	0.378353440329	1
0	32537	0.378453440329	1
0	32547	0.378553440329	1
0	32557	0.378653440329	1
0	32566	0.378753440329	1
0	32570	0.378853440329	1
0	32580	0.378953440329	1
0	32590	0.379053440329	1
0	32600	0.379153440329	1
0	32609	0.379253440329	1
0	32613	0.379353440329	1
0	32623	0.379453440329	1
0	32633	0.379553440329	1
0	32643	0.379653440329	1
0	32652	0.379753440329	1
0	32656	0.379853440329	1
0	32666	0.379953440329	1
0	32676	0.380053440329	1
0	32686	0.380153440329	1
0	32695	0.380253440329	1
0	32699	0.380353440329	1
0	32709	0.380453440329	1
0	32719	0.380553440329	1
0	32729	0.380653440329	1
0	32738	0.380753440329	1
0	32742	0.380853440329	1
0	32752	0.380953440329	1
0	32762	0.381053440329	1
0	32772	0.381153440329	1
0	32781	0.381253440329	1
0	32785	0.381353440329	1
0	32795	0.381453440329	1
0	32805	0.381553440329	1
0	32815	0.381653440329	1
0	32824	0.381753440329	1
0	32828	0.381853440329	1
0	32838	0.381953440329	1
0	32848	0.382053440329	1
0	32858	0.382153440329	1
0	32867	0.382253440329	1
0	32871	0.382353440329	1
0	32881	0.382453440329	1
0	32891	0.382553440329	1
0	32901	0.382653440329	1
0	32910	0.382753440329	1
0	32914	0.382853440329	1
0	32924	0.382953440329	1
0	32934	0.383053440329	1
0	32944	0.383153440329	1
0	32953	0.383253440329	1
0	32957	0.383353440329	1
0	32967	0.383453440329	1
0	32977	0.383553440329	1
0	32987	0.383653440329	1
0	32996	0.383753440329	1
0	33000	0.383853440329	1
0	33010	0.383953440329	1
0	33020	0.384053440329	1
0	33030	0.384153440329	1
0	33039	0.384253440329	1
0	33043	0.384353440329	1
0	33053	0.384453440329	1
0	33063	0.384553440329	1
0	33073	0.384653440329	1
0	33082	0.384753440329	1
0	33086	0.384853440329	1
0	33096	0.384953440329	1
0	33106	0.385053440329	1
0	33116	0.385153440329	1
0	33125	0.385253440329	1
0	33129	0.385353440329	1
0	33139	0.385453440329	1
0	33149	0.385553440329	1
0	33159	0.385653440329	1
0	33168	0.385753440329	1
0	33172	0.385853440329	1
0	33182	0.385953440329	1
0	33192	0.386053440329	1
0	33202	0.386153440329	1
0	33211	0.386253440329	1
0	33215	0.386353440329	1
0	33225	0.386453440329	1
0	33235	0.386553440329	1
0	33245	0.386653440329	1
0	33254	0.386753440329	1
0	33258	0.386853440329	1
0	33268	0.386953440329	1
0	33278	0.387053440329	1
0	33288	0.387153440329	1
0	33297	0.387253440329	1
0	33301	0.387353440329	1
0	33311	0.387453440329	1
0	33321	0.387553440329	1
0	33331	0.387653440329	1
0	33340	0.387753440329	1
0	33344	0.387853440329	1
0	33354	0.387953440329	1
0	33364	0.388053440329	1
0	33374	0.388153440329	1
0	33383	0.388253440329	1
0	33387	0.388353440329	1
0	33397	0.388453440329	1
0	33407	0.388553440329	1
0	33417	0.388653440329	1
0	33426	0.388753440329	1
0	33430	0.388853440329	1
0	33440	0.388953440329	1
0	33450	0.389053440329	1
0	33460	0.389153440329	1
0	33469	0.389253440329	1
0	33473	0.389353440329	1
0	33483	0.389453440329	1
0	33493	0.389553440329	1
0	33503	0.389653440329	1
0	33512	0.389753440329	1
0	33516	0.389853440329	1
0	33526	0.389953440329	1
0	33536	0.390053440329	1
0	33546	0.390153440329	1
0	33555	0.390253440329	1
0	33559	0.390353440329	1
0	33569	0.390453440329	1
0	33579	0.390553440329	1
0	33589	0.390653440329	1
0	33598	0.390753440329	1
0	33602	0.390853440329	1
0	33612	0.390953440329	1
0	33622	0.391053440329	1
0	33632	0.391153440329	1
0	33641	0.391253440329	1
0	33645	0.391353440329	1
0	33655	0.391453440329	1
0	33665	0.391553440329	1
0	33675	0.391653440329	1
0	33684	0.391753440329	1
0	33688	0.391853440329	1
0	33698	0.391953440329	1
0	33708	0.392053440329	1
0	33718	0.392153440329	1
0	33727	0.392253440329	1
0	33731	0.392353440329	1
0	33741	0.392453440329	1
0	33751	0.392553440329	1
0	33761	0.392653440329	1
0	33770	0.392753440329	1
0	33774	0.392853440329	1
0	33784	0.392953440329	1
0	33794	0.393053440329	1
0	33804	0.393153440329	1
0	33813	0.393253440329	1
0	33817	0.393353440329	1
0	33827	0.393453440329	1
0	33837	0.393553440329	1
0	33847	0.393653440329	1
0	33856	0.393753440329	1
0	33860	0.393853440329	1
0	33870	0.393953440329	1
0	33880	0.394053440329	1
0	33890	0.394153440329	1
0	33899	0.394253440329	1
0	33903	0.394353440329	1
0	33913	0.394453440329	1
0	33923	0.394553440329	1
0	33933	0.394653440329	1
0	33942	0.394753440329	1
0	33946	0.394853440329	1
0	33956	0.394953440329	1
0	33966	0.395053440329	1
0	33976	0.395153440329	1
0	33985	0.395253440329	1
0	33989	0.395353440329	1
0	33999	0.395453440329	1
0	34009	0.395553440329	1
0	34019	0.395653440329	1
0	34028	0.395753440329	1
0	34032	0.395853440329	1
0	34042	0.395953440329	1
0	34052	0.396053440329	1
0	34062	0.396153440329	1
0	34071	0.396253440329	1
0	34075	0.396353440329	1
0	34085	0.396453440329	1
0	34095	0.396553440329	1
0	34105	0.396653440329	1
0	34114	0.396753440329	1
0	34118	0.396853440329	1
0	34128	0.396953440329	1
0	34138	0.397053440329	1
0	34148	0.397153440329	1
0	34157	0.397253440329	1
0	34161	0.397353440329	1
0	34171	0.397453440329	1
0	34181	0.397553440329	1
0	34191	0.397653440329	1
0	34200	0.397753440329	1
0	34204	0.397853440329	1
0	34214	0.397953440329	1
0	34224	0.398053440329	1
0	34234	0.398153440329	1
0	34243	0.398253440329	1
0	34247	0.398353440329	1
0	34257	0.398453440329	1
0	34267	0.398553440329	1
0	34277	0.398653440329	1
0	34286	0.398753440329	1
0	34290	0.398853440329	1
0	34300	0.398953440329	1
0	34310	0.399053440329	1
0	34320	0.399153440329	1
0	34329	0.399253440329	1
0	34333	0.399353440329	1
0	34343	0.399453440329	1
0	34353	0.399553440329	1
0	34363	0.399653440329	1
0	34372	0.399753440329	1
0	34376	0.399853440329	1
0	34386	0.399953440329	1
0	34396	0.400053440329	1
0	34406	0.400153440329	1
0	34415	0.400253440329	1
0	34419	0.400353440329	1
0	34429	0.400453440329	1
0	34439	0.400553440329	1
0	34449	0.400653440329	1
0	34458	0.400753440329	1
0	34462	0.400853440329	1
0	34472	0.400953440329	1
0	34482	0.401053440329	1
0	34492	0.401153440329	1
0	34501	0.401253440329	1
0	34505	0.401353440329	1
0	34515	0.401453440329	1
0	34525	0.401553440329	1
0	34535	0.401653440329	1
0	34544	0.401753440329	1
0	34548	0.401853440329	1
0	34558	0.401953440329	1
0	34568	0.402053440329	1
0	34578	0.402153440329	1
0	34587	0.402253440329	1
0	34591	0.402353440329	1
0	34601	0.402453440329	1
0	34611	0.402553440329	1
0	34621	0.402653440329	1
0	34630	0.402753440329	1
0	34634	0.402853440329	1
0	34644	0.402953440329	1
0	34654	0.403053440329	1
0	34664	0.403153440329	1
0	34673	0.403253440329	1
0	34677	0.403353440329	1
0	34687	0.403453440329	1
0	34697	0.403553440329	1
0	34707	0.403653440329	1
0	34716	0.403753440329	1
0	34720	0.403853440329	1
0	34730	0.403953440329	1
0	34740	0.404053440329	1
0	34750	0.404153440329	1
0	34759	0.404253440329	1
0	34763	0.404353440329	1
0	34773	0.404453440329	1
0	34783	0.404553440329	1
0	34793	0.404653440329	1
0	34802	0.404753440329	1
0	34806	0.404853440329	1
0	34816	0.404953440329	1
0	34826	0.405053440329	1
0	34836	0.405153440329	1
0	34845	0.405253440329	1
0	34849	0.405353440329	1
0	34859	0.405453440329	1
0	34869	0.405553440329	1
0	34879	0.405653440329	1
0	34888	0.405753440329	1
0	34892	0.405853440329	1
0	34902	0.405953440329	1
0	34912	0.406053440329	1
0	34922	0.406153440329	1
0	34931	0.406253440329	1
0	34935	0.406353440329	1
0	34945	0.406453440329	1
0	34955	0.406553440329	1
0	34965	0.406653440329	1
0	34974	0.406753440329	1
0	34978	0.406853440329	1
0	34988	0.406953440329	1
0	34998	0.407053440329	1
0	35008	0.407153440329	1
0	35017	0.407253440329	1
0	35021	0.407353440329	1
0	35031	0.407453440329	1
0	35041	0.407553440329	1
0	35051	0.407653440329	1
0	35060	0.407753440329	1
0	35064	0.407853440329	1
0	35074	0.407953440329	1
0	35084	0.408053440329	1
0	35094	0.408153440329	1
0	35103	0.408253440329	1
0	35107	0.408353440329	1
0	35117	0.408453440329	1
0	35127	0.408553440329	1
0	35137	0.408653440329	1
0	35146	0.408753440329	1
0	35150	0.408853440329	1
0	35160	0.408953440329	1
0	35170	0.409053440329	1
0	35180	0.409153440329	1
0	35189	0.409253440329	1
0	35193	0.409353440329	1
0	35203	0.409453440329	1
0	35213	0.409553440329	1
0	35223	0.409653440329	1
0	35232	0.409753440329	1
0	35236	0.409853440329	1
0	35246	0.409953440329	1
0	35256	0.410053440329	1
0	35266	0.410153440329	1
0	35275	0.410253440329	1
0	35279	0.410353440329	1
0	35289	0.410453440329	1
0	35299	0.410553440329	1
0	35309	0.410653440329	1
0	35318	0.410753440329	1
0	35322	0.410853440329	1
0	35332	0.410953440329	1
0	35342	0.411053440329	1
0	35352	0.411153440329	1
0	35361	0.411253440329	1
0	35365	0.411353440329	1
0	35375	0.411453440329	1
0	35385	0.411553440329	1
0	35395	0.411653440329	1
0	35404	0.411753440329	1
0	35408	0.411853440329	1
0	35418	0.411953440329	1
0	35428	0.412053440329	1
0	35438	0.412153440329	1
0	35447	0.412253440329	1
0	35451	0.412353440329	1
0	35461	0.412453440329	1
0	35471	0.412553440329	1
0	35481	0.412653440329	1
0	35490	0.412753440329	1
0	35494	0.412853440329	1
0	35504	0.412953440329	1
0	35514	0.413053440329	1
0	35524	0.413153440329	1
0	35533	0.413253440329	1
0	35537	0.413353440329	1
0	35547	0.413453440329	1
0	35557	0.413553440329	1
0	35567	0.413653440329	1
0	35576	0.413753440329	1
0	35580	0.413853440329	1
0	35590	0.413953440329	1
0	35600	0.414053440329	1
0	35610	0.414153440329	1
0	35619	0.414253440329	1
0	35623	0.414353440329	1
0	35633	0.414453440329	1
0	35643	0.414553440329	1
0	35653	0.414653440329	1
0	35662	0.414753440329	1
0	35666	0.414853440329	1
0	35676	0.414953440329	1
0	35686	0.415053440329	1
0	35696	0.415153440329	1
0	35705	0.415253440329	1
0	35709	0.415353440329	1
0	35719	0.415453440329	1
0	35729	0.415553440329	1
0	35739	0.415653440329	1
0	35748	0.415753440329	1
0	35752	0.415853440329	1
0	35762	0.415953440329	1
0	35772	0.416053440329	1
0	35782	0.416153440329	1
0	35791	0.416253440329	1
0	35795	0.416353440329	1
0	35805	0.416453440329	1
0	35815	0.416553440329	1
0	35825	0.416653440329	1
0	35834	0.416753440329	1
0	35838	0.416853440329	1
0	35848	0.416953440329	1
0	35858	0.417053440329	1
0	35868	0.417153440329	1
0	35877	0.417253440329	1
0	35881	0.417353440329	1
0	35891	0.417453440329	1
0	35901	0.417553440329	1
0	35911	0.417653440329	1
0	35920	0.417753440329	1
0	35924	0.417853440329	1
0	35934	0.417953440329	1
0	35944	0.418053440329	1
0	35954	0.418153440329	1
0	35963	0.418253440329	1
0	35967	0.418353440329	1
0	35977	0.418453440329	1
0	35987	0.418553440329	1
0	35997	0.418653440329	1
0	36006	0.418753440329	1
0	36010	0.418853440329	1
0	36020	0.418953440329	1
0	36030	0.419053440329	1
0	36040	0.419153440329	1
0	36049	0.419253440329	1
0	36053	0.419353440329	1
0	36063	0.419453440329	1
0	36073	0.419553440329	1
0	36083	0.419653440329	1
0	36092	0.419753440329	1
0	36096	0.419853440329	1
0	36106	0.419953440329	1
0	36116	0.420053440329	1
0	36126	0.420153440329	1
0	36135	0.420253440329	1
0	36139	0.420353440329	1
0	36149	0.420453440329	1
0	36159	0.420553440329	1
0	36169	0.420653440329	1
0	36178	0.420753440329	1
0	36182	0.420853440329	1
0	36192	0.420953440329	1
0	36202	0.421053440329	1
0	36212	0.421153440329	1
0	36221	0.421253440329	1
0	36225	0.421353440329	1
0	36235	0.421453440329	1
0	36245	0.421553440329	1
0	36255	0.421653440329	1
0	36264	0.421753440329	1
0	36268	0.421853440329	1
0	36278	0.421953440329	1
0	36288	0.422053440329	1
0	36298	0.422153440329	1
0	36307	0.422253440329	1
0	36311	0.422353440329	1
0	36321	0.422453440329	1
0	36331	0.422553440329	1
0	36341	0.422653440329	1
0	36350	0.422753440329	1
0	36354	0.422853440329	1
0	36364	0.422953440329	1
0	36374	0.423053440329	1
0	36384	0.423153440329	1
0	36393	0.423253440329	1
0	36397	0.423353440329	1
0	36407	0.423453440329	1
0	36417	0.423553440329	1
0	36427	0.423653440329	1
0	36436	0.423753440329	1
0	36440	0.423853440329	1
0	36450	0.423953440329	1
0	36460	0.424053440329	1
0	36470	0.424153440329	1
0	36479	0.424253440329	1
0	36483	0.424353440329	1
0	36493	0.424453440329	1
0	36503	0.424553440329	1
0	36513	0.424653440329	1
0	36522	0.424753440329	1
0	36526	0.424853440329	1
0	36536	0.424953440329	1
0	36546	0.425053440329	1
0	36556	0.425153440329	1
0	36565	0.425253440329	1
0	36569	0.425353440329	1
0	36579	0.425453440329	1
0	36589	0.425553440329	1
0	36599	0.425653440329	1
0	36608	0.425753440329	1
0	36612	0.425853440329	1
0	36622	0.425953440329	1
0	36632	0.426053440329	1
0	36642	0.426153440329	1
0	36651	0.426253440329	1
0	36655	0.426353440329	1
0	36665	0.426453440329	1
0	36675	0.426553440329	1
0	36685	0.426653440329	1
0	36694	0.426753440329	1
0	36698	0.426853440329	1
0	36708	0.426953440329	1
0	36718	0.427053440329	1
0	36728	0.427153440329	1
0	36737	0.427253440329	1
0	36741	0.427353440329	1
0	36751	0.427453440329	1
0	36761	0.427553440329	1
0	36771	0.427653440329	1
0	36780	0.427753440329	1
0	36784	0.427853440329	1
0	36794	0.427953440329	1
0	36804	0.428053440329	1
0	36814	0.428153440329	1
0	36823	0.428253440329	1
0	36827	0.428353440329	1
0	36837	0.428453440329	1
0	36847	0.428553440329	1
0	36857	0.428653440329	1
0	36866	0.428753440329	1
0	36870	0.428853440329	1
0	36880	0.428953440329	1
0	36890	0.429053440329	1
0	36900	0.429153440329	1
0	36909	0.429253440329	1
0	36913	0.429353440329	1
0	36923	0.429453440329	1
0	36933	0.429553440329	1
0	36943	0.429653440329	1
0	36952	0.429753440329	1
0	36956	0.429853440329	1
0	36966	0.429953440329	1
0	36976	0.430053440329	1
0	36986	0.430153440329	1
0	36995	0.430253440329	1
0	36999	0.430353440329	1
0	37009	0.430453440329	1
0	37019	0.430553440329	1
0	37029	0.430653440329	1
0	37038	0.430753440329	1
0	37042	0.430853440329	1
0	37052	0.430953440329	1
0	37062	0.431053440329	1
0	37072	0.431153440329	1
0	37081	0.431253440329	1
0	37085	0.431353440329	1
0	37095	0.431453440329	1
0	37105	0.431553440329	1
0	37115	0.431653440329	1
0	37124	0.431753440329	1
0	37128	0.431853440329	1
0	37138	0.431953440329	1
0	37148	0.432053440329	1
0	37158	0.432153440329	1
0	37167	0.432253440329	1
0	37171	0.432353440329	1
0	37181	0.432453440329	1
0	37191	0.432553440329	1
0	37201	0.432653440329	1
0	37210	0.432753440329	1
0	37214	0.432853440329	1
0	37224	0.432953440329	1
0	37234	0.433053440329	1
0	37244	0.433153440329	1
0	37253	0.433253440329	1
0	37257	0.433353440329	1
0	37267	0.433453440329	1
0	37277	0.433553440329	1
0	37287	0.433653440329	1
0	37296	0.433753440329	1
0	37300	0.433853440329	1
0	37310	0.433953440329	1
0	37320	0.434053440329	1
0	37330	0.434153440329	1
0	37339	0.434253440329	1
0	37343	0.434353440329	1
0	37353	0.434453440329	1
0	37363	0.434553440329	1
0	37373	0.434653440329	1
0	37382	0.434753440329	1
0	37386	0.434853440329	1
0	37396	0.434953440329	1
0	37406	0.435053440329	1
0	37416	0.435153440329	1
0	37425	0.435253440329	1
0	37429	0.435353440329	1
0	37439	0.435453440329	1
0	37449	0.435553440329	1
0	37459	0.435653440329	1
0	37468	0.435753440329	1
0	37472	0.435853440329	1
0	37482	0.435953440329	1
0	37492	0.436053440329	1
0	37502	0.436153440329	1
0	37511	0.436253440329	1
0	37515	0.436353440329	1
0	37525	0.436453440329	1
0	37535	0.436553440329	1
0	37545	0.436653440329	1
0	37554	0.436753440329	1
0	37558	0.436853440329	1
0	37568	0.436953440329	1
0	37578	0.437053440329	1
0	37588	0.437153440329	1
0	37597	0.437253440329	1
0	37601	0.437353440329	1
0	37611	0.437453440329	1
0	37621	0.437553440329	1
0	37631	0.437653440329	1
0	37640	0.437753440329	1
0	37644	0.437853440329	1
0	37654	0.437953440329	1
0	37664	0.438053440329	1
0	37674	0.438153440329	1
0	37683	0.438253440329	1
0	37687	0.438353440329	1
0	37697	0.438453440329	1
0	37707	0.438553440329	1
0	37717	0.438653440329	1
0	37726	0.438753440329	1
0	37730	0.438853440329	1
0	37740	0.438953440329	1
0	37750	0.439053440329	1
0	37760	0.439153440329	1
0	37769	0.439253440329	1
0	37773	0.439353440329	1
0	37783	0.439453440329	1
0	37793	0.439553440329	1
0	37803	0.439653440329	1
0	37812	0.439753440329	1
0	37816	0.439853440329	1
0	37826	0.439953440329	1
0	37836	0.440053440329	1
0	37846	0.440153440329	1
0	37855	0.440253440329	1
0	37859	0.440353440329	1
0	37869	0.440453440329	1
0	37879	0.440553440329	1
0	37889	0.440653440329	1
0	37898	0.440753440329	1
0	37902	0.440853440329	1
0	37912	0.440953440329	1
0	37922	0.441053440329	1
0	37932	0.441153440329	1
0	37941	0.441253440329	1
0	37945	0.441353440329	1
0	37955	0.441453440329	1
0	37965	0.441553440329	1
0	37975	0.441653440329	1
0	37984	0.441753440329	1
0	37988	0.441853440329	1
0	37998	0.441953440329	1
0	38008	0.442053440329	1
0	38018	0.442153440329	1
0	38027	0.442253440329	1
0	38031	0.442353440329	1
0	38041	0.442453440329	1
0	38051	0.442553440329	1
0	38061	0.442653440329	1
0	38070	0.442753440329	1
0	38074	0.442853440329	1
0	38084	0.442953440329	1
0	38094	0.443053440329	1
0	38104	0.443153440329	1
0	38113	0.443253440329	1
0	38117	0.443353440329	1
0	38127	0.443453440329	1
0	38137	0.443553440329	1
0	38147	0.443653440329	1
0	38156	0.443753440329	1
0	38160	0.443853440329	1
0	38170	0.443953440329	1
0	38180	0.444053440329	1
0	38190	0.444153440329	1
0	38199	0.444253440329	1
0	38203	0.444353440329	1
0	38213	0.444453440329	1
0	38223	0.444553440329	1
0	38233	0.444653440329	1
0	38242	0.444753440329	1
0	38246	0.444853440329	1
0	38256	0.444953440329	1
0	38266	0.445053440329	1
0	38276	0.445153440329	1
0	38285	0.445253440329	1
0	38289	0.445353440329	1
0	38299	0.445453440329	1
0	38309	0.445553440329	1
0	38319	0.445653440329	1
0	38328	0.445753440329	1
0	38332	0.445853440329	1
0	38342	0.445953440329	1
0	38352	0.446053440329	1
0	38362	0.446153440329	1
0	38371	0.446253440329	1
0	38375	0.446353440329	1
0	38385	0.446453440329	1
0	38395	0.446553440329	1
0	38405	0.446653440329	1
0	38414	0.446753440329	1
0	38418	0.446853440329	1
0	38428	0.446953440329	1
0	38438	0.447053440329	1
0	38448	0.447153440329	1
0	38457	0.447253440329	1
0	38461	0.447353440329	1
0	38471	0.447453440329	1
0	38481	0.447553440329	1
0	38491	0.447653440329	1
0	38500	0.447753440329	1
0	38504	0.447853440329	1
0	38514	0.447953440329	1
0	38524	0.448053440329	1
0	38534	0.448153440329	1
0	38543	0.448253440329	1
0	38547	0.448353440329	1
0	38557	0.448453440329	1
0	38567	0.448553440329	1
0	38577	0.448653440329	1
0	38586	0.448753440329	1
0	38590	0.448853440329	1
0	38600	0.448953440329	1
0	38610	0.449053440329	1
0	38620	0.449153440329	1
0	38629	0.449253440329	1
0	38633	0.449353440329	1
0	38643	0.449453440329	1
0	38653	0.449553440329	1
0	38663	0.449653440329	1
0	38672	0.449753440329	1
0	38676	0.449853440329	1
0	38686	0.449953440329	1
0	38696	0.450053440329	1
0	38706	0.450153440329	1
0	38715	0.450253440329	1
0	38719	0.450353440329	1
0	38729	0.450453440329	1
0	38739	0.450553440329	1
0	38749	0.450653440329	1
0	38758	0.450753440329	1
0	38762	0.450853440329	1
0	38772	0.450953440329	1
0	38782	0.451053440329	1
0	38792	0.451153440329	1
0	38801	0.451253440329	1
0	38805	0.451353440329	1
0	38815	0.451453440329	1
0	38825	0.451553440329	1
0	38835	0.451653440329	1
0	38844	0.451753440329	1
0	38848	0.451853440329	1
0	38858	0.451953440329	1
0	38868	0.452053440329	1
0	38878	0.452153440329	1
0	38887	0.452253440329	1
0	38891	0.452353440329	1
0	38901	0.452453440329	1
0	38911	0.452553440329	1
0	38921	0.452653440329	1
0	38930	0.452753440329	1
0	38934	0.452853440329	1
0	38944	0.452953440329	1
0	38954	0.453053440329	1
0	38964	0.453153440329	1
0	38973	0.453253440329	1
0	38977	0.453353440329	1
0	38987	0.453453440329	1
0	38997	0.453553440329	1
0	39007	0.453653440329	1
0	39016	0.453753440329	1
0	39020	0.453853440329	1
0	39030	0.453953440329	1
0	39040	0.454053440329	1
0	39050	0.454153440329	1
0	39059	0.454253440329	1
0	39063	0.454353440329	1
0	39073	0.454453440329	1
0	39083	0.454553440329	1
0	39093	0.454653440329	1
0	39102	0.454753440329	1
0	39106	0.454853440329	1
0	39116	0.454953440329	1
0	39126	0.455053440329	1
0	39136	0.455153440329	1
0	39145	0.455253440329	1
0	39149	0.455353440329	1
0	39159	0.455453440329	1
0	39169	0.455553440329	1
0	39179	0.455653440329	1
0	39188	0.455753440329	1
0	39192	0.455853440329	1
0	39202	0.455953440329	1
0	39212	0.456053440329	1
0	39222	0.456153440329	1
0	39231	0.456253440329	1
0	39235	0.456353440329	1
0	39245	0.456453440329	1
0	39255	0.456553440329	1
0	39265	0.456653440329	1
0	39274	0.456753440329	1
0	39278	0.456853440329	1
0	39288	0.456953440329	1
0	39298	0.457053440329	1
0	39308	0.457153440329	1
0	39317	0.457253440329	1
0	39321	0.457353440329	1
0	39331	0.457453440329	1
0	39341	0.457553440329	1
0	39351	0.457653440329	1
0	39360	0.457753440329	1
0	39364	0.457853440329	1
0	39374	0.457953440329	1
0	39384	0.458053440329	1
0	39394	0.458153440329	1
0	39403	0.458253440329	1
0	39407	0.458353440329	1
0	39417	0.458453440329	1
0	39427	0.458553440329	1
0	39437	0.458653440329	1
0	39446	0.458753440329	1
0	39450	0.458853440329	1
0	39460	0.458953440329	1
0	39470	0.459053440329	1
0	39480	0.459153440329	1
0	39489	0.459253440329	1
0	39493	0.459353440329	1
0	39503	0.459453440329	1
0	39513	0.459553440329	1
0	39523	0.459653440329	1
0	39532	0.459753440329	1
0	39536	0.459853440329	1
0	39546	0.459953440329	1
0	39556	0.460053440329	1
0	39566	0.460153440329	1
0	39575	0.460253440329	1
0	39579	0.460353440329	1
0	39589	0.460453440329	1
0	39599	0.460553440329	1
0	39609	0.460653440329	1
0	39618	0.460753440329	1
0	39622	0.460853440329	1
0	39632	0.460953440329	1
0	39642	0.461053440329	1
0	39652	0.461153440329	1
0	39661	0.461253440329	1
0	39665	0.461353440329	1
0	39675	0.461453440329	1
0	39685	0.461553440329	1
0	39695	0.461653440329	1
0	39704	0.461753440329	1
0	39708	0.461853440329	1
0	39718	0.461953440329	1
0	39728	0.462053440329	1
0	39738	0.462153440329	1
0	39747	0.462253440329	1
0	39751	0.462353440329	1
0	39761	0.462453440329	1
0	39771	0.462553440329	1
0	39781	0.462653440329	1
0	39790	0.462753440329	1
0	39794	0.462853440329	1
0	39804	0.462953440329	1
0	39814	0.463053440329	1
0	39824	0.463153440329	1
0	39833	0.463253440329	1
0	39837	0.463353440329	1
0	39847	0.463453440329	1
0	39857	0.463553440329	1
0	39867	0.463653440329	1
0	39876	0.463753440329	1
0	39880	0.463853440329	1
0	39890	0.463953440329	1
0	39900	0.464053440329	1
0	39910	0.464153440329	1
0	39919	0.464253440329	1
0	39923	0.464353440329	1
0	39933	0.464453440329	1
0	39943	0.464553440329	1
0	39953	0.464653440329	1
0	39962	0.464753440329	1
0	39966	0.464853440329	1
0	39976	0.464953440329	1
0	39986	0.465053440329	1
0	39996	0.465153440329	1
0	40005	0.465253440329	1
0	40009	0.465353440329	1
0	40019	0.465453440329	1
0	40029	0.465553440329	1
0	40039	0.465653440329	1
0	40048	0.465753440329	1
0	40052	0.465853440329	1
0	40062	0.465953440329	1
0	40072	0.466053440329	1
0	40082	0.466153440329	1
0	40091	0.466253440329	1
0	40095	0.466353440329	1
0	40105	0.466453440329	1
0	40115	0.466553440329	1
0	40125	0.466653440329	1
0	40134	0.466753440329	1
0	40138	0.466853440329	1
0	40148	0.466953440329	1
0	40158	0.467053440329	1
0	40168	0.467153440329	1
0	40177	0.467253440329	1
0	40181	0.467353440329	1
0	40191	0.467453440329	1
0	40201	0.467553440329	1
0	40211	0.467653440329	1
0	40220	0.467753440329	1
0	40224	0.467853440329	1
0	40234	0.467953440329	1
0	40244	0.468053440329	1
0	40254	0.468153440329	1
0	40263	0.468253440329	1
0	40267	0.468353440329	1
0	40277	0.468453440329	1
0	40287	0.468553440329	1
0	40297	0.468653440329	1
0	40306	0.468753440329	1
0	40310	0.468853440329	1
0	40320	0.468953440329	1
0	40330	0.469053440329	1
0	40340	0.469153440329	1
0	40349	0.469253440329	1
0	40353	0.469353440329	1
0	40363	0.469453440329	1
0	40373	0.469553440329	1
0	40383	0.469653440329	1
0	40392	0.469753440329	1
0	40396	0.469853440329	1
0	40406	0.469953440329	1
0	40416	0.470053440329	1
0	40426	0.470153440329	1
0	40435	0.470253440329	1
0	40439	0.470353440329	1
0	40449	0.470453440329	1
0	40459	0.470553440329	1
0	40469	0.470653440329	1
0	40478	0.470753440329	1
0	40482	0.470853440329	1
0	40492	0.470953440329	1
0	40502	0.471053440329	1
0	40512	0.471153440329	1
0	40521	0.471253440329	1
0	40525	0.471353440329	1
0	40535	0.471453440329	1
0	40545	0.471553440329	1
0	40555	0.471653440329	1
0	40564	0.471753440329	1
0	40568	0.471853440329	1
0	40578	0.471953440329	1
0	40588	0.472053440329	1
0	40598	0.472153440329	1
0	40607	0.472253440329	1
0	40611	0.472353440329	1
0	40621	0.472453440329	1
0	40631	0.472553440329	1
0	40641	0.472653440329	1
0	40650	0.472753440329	1
0	40654	0.472853440329	1
0	40664	0.472953440329	1
0	40674	0.473053440329	1
0	40684	0.473153440329	1
0	40693	0.473253440329	1
0	40697	0.473353440329	1
0	40707	0.473453440329	1
0	40717	0.473553440329	1
0	40727	0.473653440329	1
0	40736	0.473753440329	1
0	40740	0.473853440329	1
0	40750	0.473953440329	1
0	40760	0.474053440329	1
0	40770	0.474153440329	1
0	40779	0.474253440329	1
0	40783	0.474353440329	1
0	40793	0.474453440329	1
0	40803	0.474553440329	1
0	40813	0.474653440329	1
0	40822	0.474753440329	1
0	40826	0.474853440329	1
0	40836	0.474953440329	1
0	40846	0.475053440329	1
0	40856	0.475153440329	1
0	40865	0.475253440329	1
0	40869	0.475353440329	1
0	40879	0.475453440329	1
0	40889	0.475553440329	1
0	40899	0.475653440329	1
0	40908	0.475753440329	1
0	40912	0.475853440329	1
0	40922	0.475953440329	1
0	40932	0.476053440329	1
0	40942	0.476153440329	1
0	40951	0.476253440329	1
0	40955	0.476353440329	1
0	40965	0.476453440329	1
0	40975	0.476553440329	1
0	40985	0.476653440329	1
0	40994	0.476753440329	1
0	40998	0.476853440329	1
0	41008	0.476953440329	1
0	41018	0.477053440329	1
0	41028	0.477153440329	1
0	41037	0.477253440329	1
0	41041	0.477353440329	1
0	41051	0.477453440329	1
0	41061	0.477553440329	1
0	41071	0.477653440329	1
0	41080	0.477753440329	1
0	41084	0.477853440329	1
0	41094	0.477953440329	1
0	41104	0.478053440329	1
0	41114	0.478153440329	1
0	41123	0.478253440329	1
0	41127	0.478353440329	1
0	41137	0.478453440329	1
0	41147	0.478553440329	1
0	41157	0.478653440329	1
0	41166	0.478753440329	1
0	41170	0.478853440329	1
0	41180	0.478953440329	1
0	41190	0.479053440329	1
0	41200	0.479153440329	1
0	41209	0.479253440329	1
0	41213	0.479353440329	1
0	41223	0.479453440329	1
0	41233	0.479553440329	1
0	41243	0.479653440329	1
0	41252	0.479753440329	1
0	41256	0.479853440329	1
0	41266	0.479953440329	1
0	41276	0.480053440329	1
0	41286	0.480153440329	1
0	41295	0.480253440329	1
0	41299	0.480353440329	1
0	41309	0.480453440329	1
0	41319	0.480553440329	1
0	41329	0.480653440329	1
0	41338	0.480753440329	1
0	41342	0.480853440329	1
0	41352	0.480953440329	1
0	41362	0.481053440329	1
0	41372	0.481153440329	1
0	41381	0.481253440329	1
0	41385	0.481353440329	1
0	41395	0.481453440329	1
0	41405	0.481553440329	1
0	41415	0.481653440329	1
0	41424	0.481753440329	1
0	41428	0.481853440329	1
0	41438	0.481953440329	1
0	41448	0.482053440329	1
0	41458	0.482153440329	1
0	41467	0.482253440329	1
0	41471	0.482353440329	1
0	41481	0.482453440329	1
0	41491	0.482553440329	1
0	41501	0.482653440329	1
0	41510	0.482753440329	1
0	41514	0.482853440329	1
0	41524	0.482953440329	1
0	41534	0.483053440329	1
0	41544	0.483153440329	1
0	41553	0.483253440329	1
0	41557	0.483353440329	1
0	41567	0.483453440329	1
0	41577	0.483553440329	1
0	41587	0.483653440329	1
0	41596	0.483753440329	1
0	41600	0.483853440329	1
0	41610	0.483953440329	1
0	41620	0.484053440329	1
0	41630	0.484153440329	1
0	41639	0.484253440329	1
0	41643	0.484353440329	1
0	41653	0.484453440329	1
0	41663	0.484553440329	1
0	41673	0.484653440329	1
0	41682	0.484753440329	1
0	41686	0.484853440329	1
0	41696	0.484953440329	1
0	41706	0.485053440329	1
0	41716	0.485153440329	1
0	41725	0.485253440329	1
0	41729	0.485353440329	1
0	41739	0.485453440329	1
0	41749	0.485553440329	1
0	41759	0.485653440329	1
0	41768	0.485753440329	1
0	41772	0.485853440329	1
0	41782	0.485953440329	1
0	41792	0.486053440329	1
0	41802	0.486153440329	1
0	41811	0.486253440329	1
0	41815	0.486353440329	1
0	41825	0.486453440329	1
0	41835	0.486553440329	1
0	41845	0.486653440329	1
0	41854	0.486753440329	1
0	41858	0.486853440329	1
0	41868	0.486953440329	1
0	41878	0.487053440329	1
0	41888	0.487153440329	1
0	41897	0.487253440329	1
0	41901	0.487353440329	1
0	41911	0.487453440329	1
0	41921	0.487553440329	1
0	41931	0.487653440329	1
0	41940	0.487753440329	1
0	41944	0.487853440329	1
0	41954	0.487953440329	1
0	41964	0.488053440329	1
0	41974	0.488153440329	1
0	41983	0.488253440329	1
0	41987	0.488353440329	1
0	41997	0.488453440329	1
0	42007	0.488553440329	1
0	42017	0.488653440329	1
0	42026	0.488753440329	1
0	42030	0.488853440329	1
0	42040	0.488953440329	1
0	42050	0.489053440329	1
0	42060	0.489153440329	1
0	42069	0.489253440329	1
0	42073	0.489353440329	1
0	42083	0.489453440329	1
0	42093	0.489553440329	1
0	42103	0.489653440329	1
0	42112	0.489753440329	1
0	42116	0.489853440329	1
0	42126	0.489953440329	1
0	42136	0.490053440329	1
0	42146	0.490153440329	1
0	42155	0.490253440329	1
0	42159	0.490353440329	1
0	42169	0.490453440329	1
0	42179	0.490553440329	1
0	42189	0.490653440329	1
0	42198	0.490753440329	1
0	42202	0.490853440329	1
0	42212	0.490953440329	1
0	42222	0.491053440329	1
0	42232	0.491153440329	1
0	42241	0.491253440329	1
0	42245	0.491353440329	1
0	42255	0.491453440329	1
0	42265	0.491553440329	1
0	42275	0.491653440329	1
0	42284	0.491753440329	1
0	42288	0.491853440329	1
0	42298	0.491953440329	1
0	42308	0.492053440329	1
0	42318	0.492153440329	1
0	42327	0.492253440329	1
0	42331	0.492353440329	1
0	42341	0.492453440329	1
0	42351	0.492553440329	1
0	42361	0.492653440329	1
0	42370	0.492753440329	1
0	42374	0.492853440329	1
0	42384	0.492953440329	1
0	42394	0.493053440329	1
0	42404	0.493153440329	1
0	42413	0.493253440329	1
0	42417	0.493353440329	1
0	42427	0.493453440329	1
0	42437	0.493553440329	1
0	42447	0.493653440329	1
0	42456	0.493753440329	1
0	42460	0.493853440329	1
0	42470	0.493953440329	1
0	42480	0.494053440329	1
0	42490	0.494153440329	1
0	42499	0.494253440329	1
0	42503	0.494353440329	1
0	42513	0.494453440329	1
0	42523	0.494553440329	1
0	42533	0.494653440329	1
0	42542	0.494753440329	1
0	42546	0.494853440329	1
0	42556	0.494953440329	1
0	42566	0.495053440329	1
0	42576	0.495153440329	1
0	42585	0.495253440329	1
0	42589	0.495353440329	1
0	42599	0.495453440329	1
0	42609	0.495553440329	1
0	42619	0.495653440329	1
0	42628	0.495753440329	1
0	42632	0.495853440329	1
0	42642	0.495953440329	1
0	42652	0.496053440329	1
0	42662	0.496153440329	1
0	42671	0.496253440329	1
0	42675	0.496353440329	1
0	42685	0.496453440329	1
0	42695	0.496553440329	1
0	42705	0.496653440329	1
0	42714	0.496753440329	1
0	42718	0.496853440329	1
0	42728	0.496953440329	1
0	42738	0.497053440329	1
0	42748	0.497153440329	1
0	42757	0.497253440329	1
0	42761	0.497353440329	1
0	42771	0.497453440329	1
0	42781	0.497553440329	1
0	42791	0.497653440329	1
0	42800	0.497753440329	1
0	42804	0.497853440329	1
0	42814	0.497953440329	1
0	42824	0.498053440329	1
0	42834	0.498153440329	1
0	42843	0.498253440329	1
0	42847	0.498353440329	1
0	42857	0.498453440329	1
0	42867	0.498553440329	1
0	42877	0.498653440329	1
0	42886	0.498753440329	1
0	42890	0.498853440329	1
0	42900	0.498953440329	1
0	42910	0.499053440329	1
0	42920	0.499153440329	1
0	42929	0.499253440329	1
0	42933	0.499353440329	1
0	42943	0.499453440329	1
0	42953	0.499553440329	1
0	42963	0.499653440329	1
0	42972	0.499753440329	1
0	42976	0.499853440329	1
0	42986	0.499953440329	1
0	42996	0.500053440329	1
0	43006	0.500153440329	1
0	43015	0.500253440329	1
0	43019	0.500353440329	1
0	43029	0.500453440329	1
0	43039	0.500553440329	1
0	43049	0.500653440329	1
0	43058	0.500753440329	1
0	43062	0.500853440329	1
0	43072	0.500953440329	1
0	43082	0.501053440329	1
0	43092	0.501153440329	1
0	43101	0.501253440329	1
0	43105	0.501353440329	1
0	43115	0.501453440329	1
0	43125	0.501553440329	1
0	43135	0.501653440329	1
0	43144	0.501753440329	1
0	43148	0.501853440329	1
0	43158	0.501953440329	1
0	43168	0.502053440329	1
0	43178	0.502153440329	1
0	43187	0.502253440329	1
0	43191	0.502353440329	1
0	43201	0.502453440329	1
0	43211	0.502553440329	1
0	43221	0.502653440329	1
0	43230	0.502753440329	1
0	43234	0.502853440329	1
0	43244	0.502953440329	1
0	43254	0.503053440329	1
0	43264	0.503153440329	1
0	43273	0.503253440329	1
0	43277	0.503353440329	1
0	43287	0.503453440329	1
0	43297	0.503553440329	1
0	43307	0.503653440329	1
0	43316	0.503753440329	1
0	43320	0.503853440329	1
0	43330	0.503953440329	1
0	43340	0.504053440329	1
0	43350	0.504153440329	1
0	43359	0.504253440329	1
0	43363	0.504353440329	1
0	43373	0.504453440329	1
0	43383	0.504553440329	1
0	43393	0.504653440329	1
0	43402	0.504753440329	1
0	43406	0.504853440329	1
0	43416	0.504953440329	1
0	43426	0.505053440329	1
0	43436	0.505153440329	1
0	43445	0.505253440329	1
0	43449	0.505353440329	1
0	43459	0.505453440329	1
0	43469	0.505553440329	1
0	43479	0.505653440329	1
0	43488	0.505753440329	1
0	43492	0.505853440329	1
0	43502	0.505953440329	1
0	43512	0.506053440329	1
0	43522	0.506153440329	1
0	43531	0.506253440329	1
0	43535	0.506353440329	1
0	43545	0.506453440329	1
0	43555	0.506553440329	1
0	43565	0.506653440329	1
0	43574	0.506753440329	1
0	43578	0.506853440329	1
0	43588	0.506953440329	1
0	43598	0.507053440329	1
0	43608	0.507153440329	1
0	43617	0.507253440329	1
0	43621	0.507353440329	1
0	43631	0.507453440329	1
0	43641	0.507553440329	1
0	43651	0.507653440329	1
0	43660	0.507753440329	1
0	43664	0.507853440329	1
0	43674	0.507953440329	1
0	43684	0.508053440329	1
0	43694	0.508153440329	1
0	43703	0.508253440329	1
0	43707	0.508353440329	1
0	43717	0.508453440329	1
0	43727	0.508553440329	1
0	43737	0.508653440329	1
0	43746	0.508753440329	1
0	43750	0.508853440329	1
0	43760	0.508953440329	1
0	43770	0.509053440329	1
0	43780	0.509153440329	1
0	43789	0.509253440329	1
0	43793	0.509353440329	1
0	43803	0.509453440329	1
0	43813	0.509553440329	1
0	43823	0.509653440329	1
0	43832	0.509753440329	1
0	43836	0.509853440329	1
0	43846	0.509953440329	1
0	43856	0.510053440329	1
0	43866	0.510153440329	1
0	43875	0.510253440329	1
0	43879	0.510353440329	1
0	43889	0.510453440329	1
0	43899	0.510553440329	1
0	43909	0.510653440329	1
0	43918	0.510753440329	1
0	43922	0.510853440329	1
0	43932	0.510953440329	1
0	43942	0.511053440329	1
0	43952	0.511153440329	1
0	43961	0.511253440329	1
0	43965	0.511353440329	1
0	43975	0.511453440329	1
0	43985	0.511553440329	1
0	43995	0.511653440329	1
0	44004	0.511753440329	1
0	44008	0.511853440329	1
0	44018	0.511953440329	1
0	44028	0.512053440329	1
0	44038	0.512153440329	1
0	44047	0.512253440329	1
0	44051	0.512353440329	1
0	44061	0.512453440329	1
0	44071	0.512553440329	1
0	44081	0.512653440329	1
0	44090	0.512753440329	1
0	44094	0.512853440329	1
0	44104	0.512953440329	1
0	44114	0.513053440329	1
0	44124	0.513153440329	1
0	44133	0.513253440329	1
0	44137	0.513353440329	1
0	44147	0.513453440329	1
0	44157	0.513553440329	1
0	44167	0.513653440329	1
0	44176	0.513753440329	1
0	44180	0.513853440329	1
0	44190	0.513953440329	1
0	44200	0.514053440329	1
0	44210	0.514153440329	1
0	44219	0.514253440329	1
0	44223	0.514353440329	1
0	44233	0.514453440329	1
0	44243	0.514553440329	1
0	44253	0.514653440329	1
0	44262	0.514753440329	1
0	44266	0.514853440329	1
0	44276	0.514953440329	1
0	44286	0.515053440329	1
0	44296	0.515153440329	1
0	44305	0.515253440329	1
0	44309	0.515353440329	1
0	44319	0.515453440329	1
0	44329	0.515553440329	1
0	44339	0.515653440329	1
0	44348	0.515753440329	1
0	44352	0.515853440329	1
0	44362	0.515953440329	1
0	44372	0.516053440329	1
0	44382	0.516153440329	1
0	44391	0.516253440329	1
0	44395	0.516353440329	1
0	44405	0.516453440329	1
0	44415	0.516553440329	1
0	44425	0.516653440329	1
0	44434	0.516753440329	1
0	44438	0.516853440329	1
0	44448	0.516953440329	1
0	44458	0.517053440329	1
0	44468	0.517153440329	1
0	44477	0.517253440329	1
0	44481	0.517353440329	1
0	44491	0.517453440329	1
0	44501	0.517553440329	1
0	44511	0.517653440329	1
0	44520	0.517753440329	1
0	44524	0.517853440329	1
0	44534	0.517953440329	1
0	44544	0.518053440329	1
0	44554	0.518153440329	1
0	44563	0.518253440329	1
0	44567	0.518353440329	1
0	44577	0.518453440329	1
0	44587	0.518553440329	1
0	44597	0.518653440329	1
0	44606	0.518753440329	1
0	44610	0.518853440329	1
0	44620	0.518953440329	1
0	44630	0.519053440329	1
0	44640	0.519153440329	1
0	44649	0.519253440329	1
0	44653	0.519353440329	1
0	44663	0.519453440329	1
0	44673	0.519553440329	1
0	44683	0.519653440329	1
0	44692	0.519753440329	1
0	44696	0.519853440329	1
0	44706	0.519953440329	1
0	44716	0.520053440329	1
0	44726	0.520153440329	1
0	44735	0.520253440329	1
0	44739	0.520353440329	1
0	44749	0.520453440329	1
0	44759	0.520553440329	1
0	44769	0.520653440329	1
0	44778	0.520753440329	1
0	44782	0.520853440329	1
0	44792	0.520953440329	1
0	44802	0.521053440329	1
0	44812	0.521153440329	1
0	44821	0.521253440329	1
0	44825	0.521353440329	1
0	44835	0.521453440329	1
0	44845	0.521553440329	1
0	44855	0.521653440329	1
0	44864	0.521753440329	1
0	44868	0.521853440329	1
0	44878	0.521953440329	1
0	44888	0.522053440329	1
0	44898	0.522153440329	1
0	44907	0.522253440329	1
0	44911	0.522353440329	1
0	44921	0.522453440329	1
0	44931	0.522553440329	1
0	44941	0.522653440329	1
0	44950	0.522753440329	1
0	44954	0.522853440329	1
0	44964	0.522953440329	1
0	44974	0.523053440329	1
0	44984	0.523153440329	1
0	44993	0.523253440329	1
0	44997	0.523353440329	1
0	45007	0.523453440329	1
0	45017	0.523553440329	1
0	45027	0.523653440329	1
0	45036	0.523753440329	1
0	45040	0.523853440329	1
0	45050	0.523953440329	1
0	45060	0.524053440329	1
0	45070	0.524153440329	1
0	45079	0.524253440329	1
0	45083	0.524353440329	1
0	45093	0.524453440329	1
0	45103	0.524553440329	1
0	45113	0.524653440329	1
0	45122	0.524753440329	1
0	45126	0.524853440329	1
0	45136	0.524953440329	1
0	45146	0.525053440329	1
0	45156	0.525153440329	1
0	45165	0.525253440329	1
0	45169	0.525353440329	1
0	45179	0.525453440329	1
0	45189	0.525553440329	1
0	45199	0.525653440329	1
0	45208	0.525753440329	1
0	45212	0.525853440329	1
0	45222	0.525953440329	1
0	45232	0.526053440329	1
0	45242	0.526153440329	1
0	45251	0.526253440329	1
0	45255	0.526353440329	1
0	45265	0.526453440329	1
0	45275	0.526553440329	1
0	45285	0.526653440329	1
0	45294	0.526753440329	1
0	45298	0.526853440329	1
0	45308	0.526953440329	1
0	45318	0.527053440329	1
0	45328	0.527153440329	1
0	45337	0.527253440329	1
0	45341	0.527353440329	1
0	45351	0.527453440329	1
0	45361	0.527553440329	1
0	45371	0.527653440329	1
0	45380	0.527753440329	1
0	45384	0.527853440329	1
0	45394	0.527953440329	1
0	45404	0.528053440329	1
0	45414	0.528153440329	1
0	45423	0.528253440329	1
0	45427	0.528353440329	1
0	45437	0.528453440329	1
0	45447	0.528553440329	1
0	45457	0.528653440329	1
0	45466	0.528753440329	1
0	45470	0.528853440329	1
0	45480	0.528953440329	1
0	45490	0.529053440329	1
0	45500	0.529153440329	1
0	45509	0.529253440329	1
0	45513	0.529353440329	1
0	45523	0.529453440329	1
0	45533	0.529553440329	1
0	45543	0.529653440329	1
0	45552	0.529753440329	1
0	45556	0.529853440329	1
0	45566	0.529953440329	1
0	45576	0.530053440329	1
0	45586	0.530153440329	1
0	45595	0.530253440329	1
0	45599	0.530353440329	1
0	45609	0.530453440329	1
0	45619	0.530553440329	1
0	45629	0.530653440329	1
0	45638	0.530753440329	1
0	45642	0.530853440329	1
0	45652	0.530953440329	1
0	45662	0.531053440329	1
0	45672	0.531153440329	1
0	45681	0.531253440329	1
0	45685	0.531353440329	1
0	45695	0.531453440329	1
0	45705	0.531553440329	1
0	45715	0.531653440329	1
0	45724	0.531753440329	1
0	45728	0.531853440329	1
0	45738	0.531953440329	1
0	45748	0.532053440329	1
0	45758	0.532153440329	1
0	45767	0.532253440329	1
0	45771	0.532353440329	1
0	45781	0.532453440329	1
0	45791	0.532553440329	1
0	45801	0.532653440329	1
0	45810	0.532753440329	1
0	45814	0.532853440329	1
0	45824	0.532953440329	1
0	45834	0.533053440329	1
0	45844	0.533153440329	1
0	45853	0.533253440329	1
0	45857	0.533353440329	1
0	45867	0.533453440329	1
0	45877	0.533553440329	1
0	45887	0.533653440329	1
0	45896	0.533753440329	1
0	45900	0.533853440329	1
0	45910	0.533953440329	1
0	45920	0.534053440329	1
0	45930	0.534153440329	1
0	45939	0.534253440329	1
0	45943	0.534353440329	1
0	45953	0.534453440329	1
0	45963	0.534553440329	1
0	45973	0.534653440329	1
0	45982	0.534753440329	1
0	45986	0.534853440329	1
0	45996	0.534953440329	1
0	46006	0.535053440329	1
0	46016	0.535153440329	1
0	46025	0.535253440329	1
0	46029	0.535353440329	1
0	46039	0.535453440329	1
0	46049	0.535553440329	1
0	46059	0.535653440329	1
0	46068	0.535753440329	1
0	46072	0.535853440329	1
0	46082	0.535953440329	1
0	46092	0.536053440329	1
0	46102	0.536153440329	1
0	46111	0.536253440329	1
0	46115	0.536353440329	1
0	46125	0.536453440329	1
0	46135	0.536553440329	1
0	46145	0.536653440329	1
0	46154	0.536753440329	1
0	46158	0.536853440329	1
0	46168	0.536953440329	1
0	46178	0.537053440329	1
0	46188	0.537153440329	1
0	46197	0.537253440329	1
0	46201	0.537353440329	1
0	46211	0.537453440329	1
0	46221	0.537553440329	1
0	46231	0.537653440329	1
0	46240	0.537753440329	1
0	46244	0.537853440329	1
0	46254	0.537953440329	1
0	46264	0.538053440329	1
0	46274	0.538153440329	1
0	46283	0.538253440329	1
0	46287	0.538353440329	1
0	46297	0.538453440329	1
0	46307	0.538553440329	1
0	46317	0.538653440329	1
0	46326	0.538753440329	1
0	46330	0.538853440329	1
0	46340	0.538953440329	1
0	46350	0.539053440329	1
0	46360	0.539153440329	1
0	46369	0.539253440329	1
0	46373	0.539353440329	1
0	46383	0.539453440329	1
0	46393	0.539553440329	1
0	46403	0.539653440329	1
0	46412	0.539753440329	1
0	46416	0.539853440329	1
0	46426	0.539953440329	1
0	46436	0.540053440329	1
0	46446	0.540153440329	1
0	46455	0.540253440329	1
0	46459	0.540353440329	1
0	46469	0.540453440329	1
0	46479	0.540553440329	1
0	46489	0.540653440329	1
0	46498	0.540753440329	1
0	46502	0.540853440329	1
0	46512	0.540953440329	1
0	46522	0.541053440329	1
0	46532	0.541153440329	1
0	46541	0.541253440329	1
0	46545	0.541353440329	1
0	46555	0.541453440329	1
0	46565	0.541553440329	1
0	46575	0.541653440329	1
0	46584	0.541753440329	1
0	46588	0.541853440329	1
0	46598	0.541953440329	1
0	46608	0.542053440329	1
0	46618	0.542153440329	1
0	46627	0.542253440329	1
0	46631	0.542353440329	1
0	46641	0.542453440329	1
0	46651	0.542553440329	1
0	46661	0.542653440329	1
0	46670	0.542753440329	1
0	46674	0.542853440329	1
0	46684	0.542953440329	1
0	46694	0.543053440329	1
0	46704	0.543153440329	1
0	46713	0.543253440329	1
0	46717	0.543353440329	1
0	46727	0.543453440329	1
0	46737	0.543553440329	1
0	46747	0.543653440329	1
0	46756	0.543753440329	1
0	46760	0.543853440329	1
0	46770	0.543953440329	1
0	46780	0.544053440329	1
0	46790	0.544153440329	1
0	46799	0.544253440329	1
0	46803	0.544353440329	1
0	46813	0.544453440329	1
0	46823	0.544553440329	1
0	46833	0.544653440329	1
0	46842	0.544753440329	1
0	46846	0.544853440329	1
0	46856	0.544953440329	1
0	46866	0.545053440329	1
0	46876	0.545153440329	1
0	46885	0.545253440329	1
0	46889	0.545353440329	1
0	46899	0.545453440329	1
0	46909	0.545553440329	1
0	46919	0.545653440329	1
0	46928	0.545753440329	1
0	46932	0.545853440329	1
0	46942	0.545953440329	1
0	46952	0.546053440329	1
0	46962	0.546153440329	1
0	46971	0.546253440329	1
0	46975	0.546353440329	1
0	46985	0.546453440329	1
0	46995	0.546553440329	1
0	47005	0.546653440329	1
0	47014	0.546753440329	1
0	47018	0.546853440329	1
0	47028	0.546953440329	1
0	47038	0.547053440329	1
0	47048	0.547153440329	1
0	47057	0.547253440329	1
0	47061	0.547353440329	1
0	47071	0.547453440329	1
0	47081	0.547553440329	1
0	47091	0.547653440329	1
0	47100	0.547753440329	1
0	47104	0.547853440329	1
0	47114	0.547953440329	1
0	47124	0.548053440329	1
0	47134	0.548153440329	1
0	47143	0.548253440329	1
0	47147	0.548353440329	1
0	47157	0.548453440329	1
0	47167	0.548553440329	1
0	47177	0.548653440329	1
0	47186	0.548753440329	1
0	47190	0.548853440329	1
0	47200	0.548953440329	1
0	47210	0.549053440329	1
0	47220	0.549153440329	1
0	47229	0.549253440329	1
0	47233	0.549353440329	1
0	47243	0.549453440329	1
0	47253	0.549553440329	1
0	47263	0.549653440329	1
0	47272	0.549753440329	1
0	47276	0.549853440329	1
0	47286	0.549953440329	1
0	47296	0.550053440329	1
0	47306	0.550153440329	1
0	47315	0.550253440329	1
0	47319	0.550353440329	1
0	47329	0.550453440329	1
0	47339	0.550553440329	1
0	47349	0.550653440329	1
0	47358	0.550753440329	1
0	47362	0.550853440329	1
0	47372	0.550953440329	1
0	47382	0.551053440329	1
0	47392	0.551153440329	1
0	47401	0.551253440329	1
0	47405	0.551353440329	1
0	47415	0.551453440329	1
0	47425	0.551553440329	1
0	47435	0.551653440329	1
0	47444	0.551753440329	1
0	47448	0.551853440329	1
0	47458	0.551953440329	1
0	47468	0.552053440329	1
0	47478	0.552153440329	1
0	47487	0.552253440329	1
0	47491	0.552353440329	1
0	47501	0.552453440329	1
0	47511	0.552553440329	1
0	47521	0.552653440329	1
0	47530	0.552753440329	1
0	47534	0.552853440329	1
0	47544	0.552953440329	1
0	47554	0.553053440329	1
0	47564	0.553153440329	1
0	47573	0.553253440329	1
0	47577	0.553353440329	1
0	47587	0.553453440329	1
0	47597	0.553553440329	1
0	47607	0.553653440329	1
0	47616	0.553753440329	1
0	47620	0.553853440329	1
0	47630	0.553953440329	1
0	47640	0.554053440329	1
0	47650	0.554153440329	1
0	47659	0.554253440329	1
0	47663	0.554353440329	1
0	47673	0.554453440329	1
0	47683	0.554553440329	1
0	47693	0.554653440329	1
0	47702	0.554753440329	1
0	47706	0.554853440329	1
0	47716	0.554953440329	1
0	47726	0.555053440329	1
0	47736	0.555153440329	1
0	47745	0.555253440329	1
0	47749	0.555353440329	1
0	47759	0.555453440329	1
0	47769	0.555553440329	1
0	47779	0.555653440329	1
0	47788	0.555753440329	1
0	47792	0.555853440329	1
0	47802	0.555953440329	1
0	47812	0.556053440329	1
0	47822	0.556153440329	1
0	47831	0.556253440329	1
0	47835	0.556353440329	1
0	47845	0.556453440329	1
0	47855	0.556553440329	1
0	47865	0.556653440329	1
0	47874	0.556753440329	1
0	47878	0.556853440329	1
0	47888	0.556953440329	1
0	47898	0.557053440329	1
0	47908	0.557153440329	1
0	47917	0.557253440329	1
0	47921	0.557353440329	1
0	47931	0.557453440329	1
0	47941	0.557553440329	1
0	47951	0.557653440329	1
0	47960	0.557753440329	1
0	47964	0.557853440329	1
0	47974	0.557953440329	1
0	47984	0.558053440329	1
0	47994	0.558153440329	1
0	48003	0.558253440329	1
0	48007	0.558353440329	1
0	48017	0.558453440329	1
0	48027	0.558553440329	1
0	48037	0.558653440329	1
0	48046	0.558753440329	1
0	48050	0.558853440329	1
0	48060	0.558953440329	1
0	48070	0.559053440329	1
0	48080	0.559153440329	1
0	48089	0.559253440329	1
0	48093	0.559353440329	1
0	48103	0.559453440329	1
0	48113	0.559553440329	1
0	48123	0.559653440329	1
0	48132	0.559753440329	1
0	48136	0.559853440329	1
0	48146	0.559953440329	1
0	48156	0.560053440329	1
0	48166	0.560153440329	1
0	48175	0.560253440329	1
0	48179	0.560353440329	1
0	48189	0.560453440329	1
0	48199	0.560553440329	1
0	48209	0.560653440329	1
0	48218	0.560753440329	1
0	48222	0.560853440329	1
0	48232	0.560953440329	1
0	48242	0.561053440329	1
0	48252	0.561153440329	1
0	48261	0.561253440329	1
0	48265	0.561353440329	1
0	48275	0.561453440329	1
0	48285	0.561553440329	1
0	48295	0.561653440329	1
0	48304	0.561753440329	1
0	48308	0.561853440329	1
0	48318	0.561953440329	1
0	48328	0.562053440329	1
0	48338	0.562153440329	1
0	48347	0.562253440329	1
0	48351	0.562353440329	1
0	48361	0.562453440329	1
0	48371	0.562553440329	1
0	48381	0.562653440329	1
0	48390	0.562753440329	1
0	48394	0.562853440329	1
0	48404	0.562953440329	1
0	48414	0.563053440329	1
0	48424	0.563153440329	1
0	48433	0.563253440329	1
0	48437	0.563353440329	1
0	48447	0.563453440329	1
0	48457	0.563553440329	1
0	48467	0.563653440329	1
0	48476	0.563753440329	1
0	48480	0.563853440329	1
0	48490	0.563953440329	1
0	48500	0.564053440329	1
0	48510	0.564153440329	1
0	48519	0.564253440329	1
0	48523	0.564353440329	1
0	48533	0.564453440329	1
0	48543	0.564553440329	1
0	48553	0.564653440329	1
0	48562	0.564753440329	1
0	48566	0.564853440329	1
0	48576	0.564953440329	1
0	48586	0.565053440329	1
0	48596	0.565153440329	1
0	48605	0.565253440329	1
0	48609	0.565353440329	1
0	48619	0.565453440329	1
0	48629	0.565553440329	1
0	48639	0.565653440329	1
0	48648	0.565753440329	1
0	48652	0.565853440329	1
0	48662	0.565953440329	1
0	48672	0.566053440329	1
0	48682	0.566153440329	1
0	48691	0.566253440329	1
0	48695	0.566353440329	1
0	48705	0.566453440329	1
0	48715	0.566553440329	1
0	48725	0.566653440329	1
0	48734	0.566753440329	1
0	48738	0.566853440329	1
0	48748	0.566953440329	1
0	48758	0.567053440329	1
0	48768	0.567153440329	1
0	48777	0.567253440329	1
0	48781	0.567353440329	1
0	48791	0.567453440329	1
0	48801	0.567553440329	1
0	48811	0.567653440329	1
0	48820	0.567753440329	1
0	48824	0.567853440329	1
0	48834	0.567953440329	1
0	48844	0.568053440329	1
0	48854	0.568153440329	1
0	48863	0.568253440329	1
0	48867	0.568353440329	1
0	48877	0.568453440329	1
0	48887	0.568553440329	1
0	48897	0.568653440329	1
0	48906	0.568753440329	1
0	48910	0.568853440329	1
0	48920	0.568953440329	1
0	48930	0.569053440329	1
0	48940	0.569153440329	1
0	48949	0.569253440329	1
0	48953	0.569353440329	1
0	48963	0.569453440329	1
0	48973	0.569553440329	1
0	48983	0.569653440329	1
0	48992	0.569753440329	1
0	48996	0.569853440329	1
0	49006	0.569953440329	1
0	49016	0.570053440329	1
0	49026	0.570153440329	1
0	49035	0.570253440329	1
0	49039	0.570353440329	1
0	49049	0.570453440329	1
0	49059	0.570553440329	1
0	49069	0.570653440329	1
0	49078	0.570753440329	1
0	49082	0.570853440329	1
0	49092	0.570953440329	1
0	49102	0.571053440329	1
0	49112	0.571153440329	1
0	49121	0.571253440329	1
0	49125	0.571353440329	1
0	49135	0.571453440329	1
0	49145	0.571553440329	1
0	49155	0.571653440329	1
0	49164	0.571753440329	1
0	49168	0.571853440329	1
0	49178	0.571953440329	1
0	49188	0.572053440329	1
0	49198	0.572153440329	1
0	49207	0.572253440329	1
0	49211	0.572353440329	1
0	49221	0.572453440329	1
0	49231	0.572553440329	1
0	49241	0.572653440329	1
0	49250	0.572753440329	1
0	49254	0.572853440329	1
0	49264	0.572953440329	1
0	49274	0.573053440329	1
0	49284	0.573153440329	1
0	49293	0.573253440329	1
0	49297	0.573353440329	1
0	49307	0.573453440329	1
0	49317	0.573553440329	1
0	49327	0.573653440329	1
0	49336	0.573753440329	1
0	49340	0.573853440329	1
0	49350	0.573953440329	1
0	49360	0.574053440329	1
0	49370	0.574153440329	1
0	49379	0.574253440329	1
0	49383	0.574353440329	1
0	49393	0.574453440329	1
0	49403	0.574553440329	1
0	49413	0.574653440329	1
0	49422	0.574753440329	1
0	49426	0.574853440329	1
0	49436	0.574953440329	1
0	49446	0.575053440329	1
0	49456	0.575153440329	1
0	49465	0.575253440329	1
0	49469	0.575353440329	1
0	49479	0.575453440329	1
0	49489	0.575553440329	1
0	49499	0.575653440329	1
0	49508	0.575753440329	1
0	49512	0.575853440329	1
0	49522	0.575953440329	1
0	49532	0.576053440329	1
0	49542	0.576153440329	1
0	49551	0.576253440329	1
0	49555	0.576353440329	1
0	49565	0.576453440329	1
0	49575	0.576553440329	1
0	49585	0.576653440329	1
0	49594	0.576753440329	1
0	49598	0.576853440329	1
0	49608	0.576953440329	1
0	49618	0.577053440329	1
0	49628	0.577153440329	1
0	49637	0.577253440329	1
0	49641	0.577353440329	1
0	49651	0.577453440329	1
0	49661	0.577553440329	1
0	49671	0.577653440329	1
0	49680	0.577753440329	1
0	49684	0.577853440329	1
0	49694	0.577953440329	1
0	49704	0.578053440329	1
0	49714	0.578153440329	1
0	49723	0.578253440329	1
0	49727	0.578353440329	1
0	49737	0.578453440329	1
0	49747	0.578553440329	1
0	49757	0.578653440329	1
0	49766	0.578753440329	1
0	49770	0.578853440329	1
0	49780	0.578953440329	1
0	49790	0.579053440329	1
0	49800	0.579153440329	1
0	49809	0.579253440329	1
0	49813	0.579353440329	1
0	49823	0.579453440329	1
0	49833	0.579553440329	1
0	49843	0.579653440329	1
0	49852	0.579753440329	1
0	49856	0.579853440329	1
0	49866	0.579953440329	1
0	49876	0.580053440329	1
0	49886	0.580153440329	1
0	49895	0.580253440329	1
0	49899	0.580353440329	1
0	49909	0.580453440329	1
0	49919	0.580553440329	1
0	49929	0.580653440329	1
0	49938	0.580753440329	1
0	49942	0.580853440329	1
0	49952	0.580953440329	1
0	49962	0.581053440329	1
0	49972	0.581153440329	1
0	49981	0.581253440329	1
0	49985	0.581353440329	1
0	49995	0.581453440329	1
0	50005	0.581553440329	1
0	50015	0.581653440329	1
0	50024	0.581753440329	1
0	50028	0.581853440329	1
0	50038	0.581953440329	1
0	50048	0.582053440329	1
0	50058	0.582153440329	1
0	50067	0.582253440329	1
0	50071	0.582353440329	1
0	50081	0.582453440329	1
0	50091	0.582553440329	1
0	50101	0.582653440329	1
0	50110	0.582753440329	1
0	50114	0.582853440329	1
0	50124	0.582953440329	1
0	50134	0.583053440329	1
0	50144	0.583153440329	1
0	50153	0.583253440329	1
0	50157	0.583353440329	1
0	50167	0.583453440329	1
0	50177	0.583553440329	1
0	50187	0.583653440329	1
0	50196	0.583753440329	1
0	50200	0.583853440329	1
0	50210	0.583953440329	1
0	50220	0.584053440329	1
0	50230	0.584153440329	1
0	50239	0.584253440329	1
0	50243	0.584353440329	1
0	50253	0.584453440329	1
0	50263	0.584553440329	1
0	50273	0.584653440329	1
0	50282	0.584753440329	1
0	50286	0.584853440329	1
0	50296	0.584953440329	1
0	50306	0.585053440329	1
0	50316	0.585153440329	1
0	50325	0.585253440329	1
0	50329	0.585353440329	1
0	50339	0.585453440329	1
0	50349	0.585553440329	1
0	50359	0.585653440329	1
0	50368	0.585753440329	1
0	50372	0.585853440329	1
0	50382	0.585953440329	1
0	50392	0.586053440329	1
0	50402	0.586153440329	1
0	50411	0.586253440329	1
0	50415	0.586353440329	1
0	50425	0.586453440329	1
0	50435	0.586553440329	1
0	50445	0.586653440329	1
0	50454	0.586753440329	1
0	50458	0.586853440329	1
0	50468	0.586953440329	1
0	50478	0.587053440329	1
0	50488	0.587153440329	1
0	50497	0.587253440329	1
0	50501	0.587353440329	1
0	50511	0.587453440329	1
0	50521	0.587553440329	1
0	50531	0.587653440329	1
0	50540	0.587753440329	1
0	50544	0.587853440329	1
0	50554	0.587953440329	1
0	50564	0.588053440329	1
0	50574	0.588153440329	1
0	50583	0.588253440329	1
0	50587	0.588353440329	1
0	50597	0.588453440329	1
0	50607	0.588553440329	1
0	50617	0.588653440329	1
0	50626	0.588753440329	1
0	50630	0.588853440329	1
0	50640	0.588953440329	1
0	50650	0.589053440329	1
0	50660	0.589153440329	1
0	50669	0.589253440329	1
0	50673	0.589353440329	1
0	50683	0.589453440329	1
0	50693	0.589553440329	1
0	50703	0.589653440329	1
0	50712	0.589753440329	1
0	50716	0.589853440329	1
0	50726	0.589953440329	1
0	50736	0.590053440329	1
0	50746	0.590153440329	1
0	50755	0.590253440329	1
0	50759	0.590353440329	1
0	50769	0.590453440329	1
0	50779	0.590553440329	1
0	50789	0.590653440329	1
0	50798	0.590753440329	1
0	50802	0.590853440329	1
0	50812	0.590953440329	1
0	50822	0.591053440329	1
0	50832	0.591153440329	1
0	50841	0.591253440329	1
0	50845	0.591353440329	1
0	50855	0.591453440329	1
0	50865	0.591553440329	1
0	50875	0.591653440329	1
0	50884	0.591753440329	1
0	50888	0.591853440329	1
0	50898	0.591953440329	1
0	50908	0.592053440329	1
0	50918	0.592153440329	1
0	50927	0.592253440329	1
0	50931	0.592353440329	1
0	50941	0.592453440329	1
0	50951	0.592553440329	1
0	50961	0.592653440329	1
0	50970	0.592753440329	1
0	50974	0.592853440329	1
0	50984	0.592953440329	1
0	50994	0.593053440329	1
0	51004	0.593153440329	1
0	51013	0.593253440329	1
0	51017	0.593353440329	1
0	51027	0.593453440329	1
0	51037	0.593553440329	1
0	51047	0.593653440329	1
0	51056	0.593753440329	1
0	51060	0.593853440329	1
0	51070	0.593953440329	1
0	51080	0.594053440329	1
0	51090	0.594153440329	1
0	51099	0.594253440329	1
0	51103	0.594353440329	1
0	51113	0.594453440329	1
0	51123	0.594553440329	1
0	51133	0.594653440329	1
0	51142	0.594753440329	1
0	51146	0.594853440329	1
0	51156	0.594953440329	1
0	51166	0.595053440329	1
0	51176	0.595153440329	1
0	51185	0.595253440329	1
0	51189	0.595353440329	1
0	51199	0.595453440329	1
0	51209	0.595553440329	1
0	51219	0.595653440329	1
0	51228	0.595753440329	1
0	51232	0.595853440329	1
0	51242	0.595953440329	1
0	51252	0.596053440329	1
0	51262	0.596153440329	1
0	51271	0.596253440329	1
0	51275	0.596353440329	1
0	51285	0.596453440329	1
0	51295	0.596553440329	1
0	51305	0.596653440329	1
0	51314	0.596753440329	1
0	51318	0.596853440329	1
0	51328	0.596953440329	1
0	51338	0.597053440329	1
0	51348	0.597153440329	1
0	51357	0.597253440329	1
0	51361	0.597353440329	1
0	51371	0.597453440329	1
0	51381	0.597553440329	1
0	51391	0.597653440329	1
0	51400	0.597753440329	1
0	51404	0.597853440329	1
0	51414	0.597953440329	1
0	51424	0.598053440329	1
0	51434	0.598153440329	1
0	51443	0.598253440329	1
0	51447	0.598353440329	1
0	51457	0.598453440329	1
0	51467	0.598553440329	1
0	51477	0.598653440329	1
0	51486	0.598753440329	1
0	51490	0.598853440329	1
0	51500	0.598953440329	1
0	51510	0.599053440329	1
0	51520	0.599153440329	1
0	51529	0.599253440329	1
0	51533	0.599353440329	1
0	51543	0.599453440329	1
0	51553	0.599553440329	1
0	51563	0.599653440329	1
0	51572	0.599753440329	1
0	51576	0.599853440329	1
0	51586	0.599953440329	1
0	51596	0.600053440329	1
0	51606	0.600153440329	1
0	51615	0.600253440329	1
0	51619	0.600353440329	1
0	51629	0.600453440329	1
0	51639	0.600553440329	1
0	51649	0.600653440329	1
0	51658	0.600753440329	1
0	51662	0.600853440329	1
0	51672	0.600953440329	1
0	51682	0.601053440329	1
0	51692	0.601153440329	1
0	51701	0.601253440329	1
0	51705	0.601353440329	1
0	51715	0.601453440329	1
0	51725	0.601553440329	1
0	51735	0.601653440329	1
0	51744	0.601753440329	1
0	51748	0.601853440329	1
0	51758	0.601953440329	1
0	51768	0.602053440329	1
0	51778	0.602153440329	1
0	51787	0.602253440329	1
0	51791	0.602353440329	1
0	51801	0.602453440329	1
0	51811	0.602553440329	1
0	51821	0.602653440329	1
0	51830	0.602753440329	1
0	51834	0.602853440329	1
0	51844	0.602953440329	1
0	51854	0.603053440329	1
0	51864	0.603153440329	1
0	51873	0.603253440329	1
0	51877	0.603353440329	1
0	51887	0.603453440329	1
0	51897	0.603553440329	1
0	51907	0.603653440329	1
0	51916	0.603753440329	1
0	51920	0.603853440329	1
0	51930	0.603953440329	1
0	51940	0.604053440329	1
0	51950	0.604153440329	1
0	51959	0.604253440329	1
0	51963	0.604353440329	1
0	51973	0.604453440329	1
0	51983	0.604553440329	1
0	51993	0.604653440329	1
0	52002	0.604753440329	1
0	52006	0.604853440329	1
0	52016	0.604953440329	1
0	52026	0.605053440329	1
0	52036	0.605153440329	1
0	52045	0.605253440329	1
0	52049	0.605353440329	1
0	52059	0.605453440329	1
0	52069	0.605553440329	1
0	52079	0.605653440329	1
0	52088	0.605753440329	1
0	52092	0.605853440329	1
0	52102	0.605953440329	1
0	52112	0.606053440329	1
0	52122	0.606153440329	1
0	52131	0.606253440329	1
0	52135	0.606353440329	1
0	52145	0.606453440329	1
0	52155	0.606553440329	1
0	52165	0.606653440329	1
0	52174	0.606753440329	1
0	52178	0.606853440329	1
0	52188	0.606953440329	1
0	52198	0.607053440329	1
0	52208	0.607153440329	1
0	52217	0.607253440329	1
0	52221	0.607353440329	1
0	52231	0.607453440329	1
0	52241	0.607553440329	1
0	52251	0.607653440329	1
0	52260	0.607753440329	1
0	52264	0.607853440329	1
0	52274	0.607953440329	1
0	52284	0.608053440329	1
0	52294	0.608153440329	1
0	52303	0.608253440329	1
0	52307	0.608353440329	1
0	52317	0.608453440329	1
0	52327	0.608553440329	1
0	52337	0.608653440329	1
0	52346	0.608753440329	1
0	52350	0.608853440329	1
0	52360	0.608953440329	1
0	52370	0.609053440329	1
0	52380	0.609153440329	1
0	52389	0.609253440329	1
0	52393	0.609353440329	1
0	52403	0.609453440329	1
0	52413	0.609553440329	1
0	52423	0.609653440329	1
0	52432	0.609753440329	1
0	52436	0.609853440329	1
0	52446	0.609953440329	1
0	52456	0.610053440329	1
0	52466	0.610153440329	1
0	52475	0.610253440329	1
0	52479	0.610353440329	1
0	52489	0.610453440329	1
0	52499	0.610553440329	1
0	52509	0.610653440329	1
0	52518	0.610753440329	1
0	52522	0.610853440329	1
0	52532	0.610953440329	1
0	52542	0.611053440329	1
0	52552	0.611153440329	1
0	52561	0.611253440329	1
0	52565	0.611353440329	1
0	52575	0.611453440329	1
0	52585	0.611553440329	1
0	52595	0.611653440329	1
0	52604	0.611753440329	1
0	52608	0.611853440329	1
0	52618	0.611953440329	1
0	52628	0.612053440329	1
0	52638	0.612153440329	1
0	52647	0.612253440329	1
0	52651	0.612353440329	1
0	52661	0.612453440329	1
0	52671	0.612553440329	1
0	52681	0.612653440329	1
0	52690	0.612753440329	1
0	52694	0.612853440329	1
0	52704	0.612953440329	1
0	52714	0.613053440329	1
0	52724	0.613153440329	1
0	52733	0.613253440329	1
0	52737	0.613353440329	1
0	52747	0.613453440329	1
0	52757	0.613553440329	1
0	52767	0.613653440329	1
0	52776	0.613753440329	1
0	52780	0.613853440329	1
0	52790	0.613953440329	1
0	52800	0.614053440329	1
0	52810	0.614153440329	1
0	52819	0.614253440329	1
0	52823	0.614353440329	1
0	52833	0.614453440329	1
0	52843	0.614553440329	1
0	52853	0.614653440329	1
0	52862	0.614753440329	1
0	52866	0.614853440329	1
0	52876	0.614953440329	1
0	52886	0.615053440329	1
0	52896	0.615153440329	1
0	52905	0.615253440329	1
0	52909	0.615353440329	1
0	52919	0.615453440329	1
0	52929	0.615553440329	1
0	52939	0.615653440329	1
0	52948	0.615753440329	1
0	52952	0.615853440329	1
0	52962	0.615953440329	1
0	52972	0.616053440329	1
0	52982	0.616153440329	1
0	52991	0.616253440329	1
0	52995	0.616353440329	1
0	53005	0.616453440329	1
0	53015	0.616553440329	1
0	53025	0.616653440329	1
0	53034	0.616753440329	1
0	53038	0.616853440329	1
0	53048	0.616953440329	1
0	53058	0.617053440329	1
0	53068	0.617153440329	1
0	53077	0.617253440329	1
0	53081	0.617353440329	1
0	53091	0.617453440329	1
0	53101	0.617553440329	1
0	53111	0.617653440329	1
0	53120	0.617753440329	1
0	53124	0.617853440329	1
0	53134	0.617953440329	1
0	53144	0.618053440329	1
0	53154	0.618153440329	1
0	53163	0.618253440329	1
0	53167	0.618353440329	1
0	53177	0.618453440329	1
0	53187	0.618553440329	1
0	53197	0.618653440329	1
0	53206	0.618753440329	1
0	53210	0.618853440329	1
0	53220	0.618953440329	1
0	53230	0.619053440329	1
0	53240	0.619153440329	1
0	53249	0.619253440329	1
0	53253	0.619353440329	1
0	53263	0.619453440329	1
0	53273	0.619553440329	1
0	53283	0.619653440329	1
0	53292	0.619753440329	1
0	53296	0.619853440329	1
0	53306	0.619953440329	1
0	53316	0.620053440329	1
0	53326	0.620153440329	1
0	53335	0.620253440329	1
0	53339	0.620353440329	1
0	53349	0.620453440329	1
0	53359	0.620553440329	1
0	53369	0.620653440329	1
0	53378	0.620753440329	1
0	53382	0.620853440329	1
0	53392	0.620953440329	1
0	53402	0.621053440329	1
0	53412	0.621153440329	1
0	53421	0.621253440329	1
0	53425	0.621353440329	1
0	53435	0.621453440329	1
0	53445	0.621553440329	1
0	53455	0.621653440329	1
0	53464	0.621753440329	1
0	53468	0.621853440329	1
0	53478	0.621953440329	1
0	53488	0.622053440329	1
0	53498	0.622153440329	1
0	53507	0.622253440329	1
0	53511	0.622353440329	1
0	53521	0.622453440329	1
0	53531	0.622553440329	1
0	53541	0.622653440329	1
0	53550	0.622753440329	1
0	53554	0.622853440329	1
0	53564	0.622953440329	1
0	53574	0.623053440329	1
0	53584	0.623153440329	1
0	53593	0.623253440329	1
0	53597	0.623353440329	1
0	53607	0.623453440329	1
0	53617	0.623553440329	1
0	53627	0.623653440329	1
0	53636	0.623753440329	1
0	53640	0.623853440329	1
0	53650	0.623953440329	1
0	53660	0.624053440329	1
0	53670	0.624153440329	1
0	53679	0.624253440329	1
0	53683	0.624353440329	1
0	53693	0.624453440329	1
0	53703	0.624553440329	1
0	53713	0.624653440329	1
0	53722	0.624753440329	1
0	53726	0.624853440329	1
0	53736	0.624953440329	1
0	53746	0.625053440329	1
0	53756	0.625153440329	1
0	53765	0.625253440329	1
0	53769	0.625353440329	1
0	53779	0.625453440329	1
0	53789	0.625553440329	1
0	53799	0.625653440329	1
0	53808	0.625753440329	1
0	53812	0.625853440329	1
0	53822	0.625953440329	1
0	53832	0.626053440329	1
0	53842	0.626153440329	1
0	53851	0.626253440329	1
0	53855	0.626353440329	1
0	53865	0.626453440329	1
0	53875	0.626553440329	1
0	53885	0.626653440329	1
0	53894	0.626753440329	1
0	53898	0.626853440329	1
0	53908	0.626953440329	1
0	53918	0.627053440329	1
0	53928	0.627153440329	1
0	53937	0.627253440329	1
0	53941	0.627353440329	1
0	53951	0.627453440329	1
0	53961	0.627553440329	1
0	53971	0.627653440329	1
0	53980	0.627753440329	1
0	53984	0.627853440329	1
0	53994	0.627953440329	1
0	54004	0.628053440329	1
0	54014	0.628153440329	1
0	54023	0.628253440329	1
0	54027	0.628353440329	1
0	54037	0.628453440329	1
0	54047	0.628553440329	1
0	54057	0.628653440329	1
0	54066	0.628753440329	1
0	54070	0.628853440329	1
0	54080	0.628953440329	1
0	54090	0.629053440329	1
0	54100	0.629153440329	1
0	54109	0.629253440329	1
0	54113	0.629353440329	1
0	54123	0.629453440329	1
0	54133	0.629553440329	1
0	54143	0.629653440329	1
0	54152	0.629753440329	1
0	54156	0.629853440329	1
0	54166	0.629953440329	1
0	54176	0.630053440329	1
0	54186	0.630153440329	1
0	54195	0.630253440329	1
0	54199	0.630353440329	1
0	54209	0.630453440329	1
0	54219	0.630553440329	1
0	54229	0.630653440329	1
0	54238	0.630753440329	1
0	54242	0.630853440329	1
0	54252	0.630953440329	1
0	54262	0.631053440329	1
0	54272	0.631153440329	1
0	54281	0.631253440329	1
0	54285	0.631353440329	1
0	54295	0.631453440329	1
0	54305	0.631553440329	1
0	54315	0.631653440329	1
0	54324	0.631753440329	1
0	54328	0.631853440329	1
0	54338	0.631953440329	1
0	54348	0.632053440329	1
0	54358	0.632153440329	1
0	54367	0.632253440329	1
0	54371	0.632353440329	1
0	54381	0.632453440329	1
0	54391	0.632553440329	1
0	54401	0.632653440329	1
0	54410	0.632753440329	1
0	54414	0.632853440329	1
0	54424	0.632953440329	1
0	54434	0.633053440329	1
0	54444	0.633153440329	1
0	54453	0.633253440329	1
0	54457	0.633353440329	1
0	54467	0.633453440329	1
0	54477	0.633553440329	1
0	54487	0.633653440329	1
0	54496	0.633753440329	1
0	54500	0.633853440329	1
0	54510	0.633953440329	1
0	54520	0.634053440329	1
0	54530	0.634153440329	1
0	54539	0.634253440329	1
0	54543	0.634353440329	1
0	54553	0.634453440329	1
0	54563	0.634553440329	1
0	54573	0.634653440329	1
0	54582	0.634753440329	1
0	54586	0.634853440329	1
0	54596	0.634953440329	1
0	54606	0.635053440329	1
0	54616	0.635153440329	1
0	54625	0.635253440329	1
0	54629	0.635353440329	1
0	54639	0.635453440329	1
0	54649	0.635553440329	1
0	54659	0.635653440329	1
0	54668	0.635753440329	1
0	54672	0.635853440329	1
0	54682	0.635953440329	1
0	54692	0.636053440329	1
0	54702	0.636153440329	1
0	54711	0.636253440329	1
0	54715	0.636353440329	1
0	54725	0.636453440329	1
0	54735	0.636553440329	1
0	54745	0.636653440329	1
0	54754	0.636753440329	1
0	54758	0.636853440329	1
0	54768	0.636953440329	1
0	54778	0.637053440329	1
0	54788	0.637153440329	1
0	54797	0.637253440329	1
0	54801	0.637353440329	1
0	54811	0.637453440329	1
0	54821	0.637553440329	1
0	54831	0.637653440329	1
0	54840	0.637753440329	1
0	54844	0.637853440329	1
0	54854	0.637953440329	1
0	54864	0.638053440329	1
0	54874	0.638153440329	1
0	54883	0.638253440329	1
0	54887	0.638353440329	1
0	54897	0.638453440329	1
0	54907	0.638553440329	1
0	54917	0.638653440329	1
0	54926	0.638753440329	1
0	54930	0.638853440329	1
0	54940	0.638953440329	1
0	54950	0.639053440329	1
0	54960	0.639153440329	1
0	54969	0.639253440329	1
0	54973	0.639353440329	1
0	54983	0.639453440329	1
0	54993	0.639553440329	1
0	55003	0.639653440329	1
0	55012	0.639753440329	1
0	55016	0.639853440329	1
0	55026	0.639953440329	1
0	55036	0.640053440329	1
0	55046	0.640153440329	1
0	55055	0.640253440329	1
0	55059	0.640353440329	1
0	55069	0.640453440329	1
0	55079	0.640553440329	1
0	55089	0.640653440329	1
0	55098	0.640753440329	1
0	55102	0.640853440329	1
0	55112	0.640953440329	1
0	55122	0.641053440329	1
0	55132	0.641153440329	1
0	55141	0.641253440329	1
0	55145	0.641353440329	1
0	55155	0.641453440329	1
0	55165	0.641553440329	1
0	55175	0.641653440329	1
0	55184	0.641753440329	1
0	55188	0.641853440329	1
0	55198	0.641953440329	1
0	55208	0.642053440329	1
0	55218	0.642153440329	1
0	55227	0.642253440329	1
0	55231	0.642353440329	1
0	55241	0.642453440329	1
0	55251	0.642553440329	1
0	55261	0.642653440329	1
0	55270	0.642753440329	1
0	55274	0.642853440329	1
0	55284	0.642953440329	1
0	55294	0.643053440329	1
0	55304	0.643153440329	1
0	55313	0.643253440329	1
0	55317	0.643353440329	1
0	55327	0.643453440329	1
0	55337	0.643553440329	1
0	55347	0.643653440329	1
0	55356	0.643753440329	1
0	55360	0.643853440329	1
0	55370	0.643953440329	1
0	55380	0.644053440329	1
0	55390	0.644153440329	1
0	55399	0.644253440329	1
0	55403	0.644353440329	1
0	55413	0.644453440329	1
0	55423	0.644553440329	1
0	55433	0.644653440329	1
0	55442	0.644753440329	1
0	55446	0.644853440329	1
0	55456	0.644953440329	1
0	55466	0.645053440329	1
0	55476	0.645153440329	1
0	55485	0.645253440329	1
0	55489	0.645353440329	1
0	55499	0.645453440329	1
0	55509	0.645553440329	1
0	55519	0.645653440329	1
0	55528	0.645753440329	1
0	55532	0.645853440329	1
0	55542	0.645953440329	1
0	55552	0.646053440329	1
0	55562	0.646153440329	1
0	55571	0.646253440329	1
0	55575	0.646353440329	1
0	55585	0.646453440329	1
0	55595	0.646553440329	1
0	55605	0.646653440329	1
0	55614	0.646753440329	1
0	55618	0.646853440329	1
0	55628	0.646953440329	1
0	55638	0.647053440329	1
0	55648	0.647153440329	1
0	55657	0.647253440329	1
0	55661	0.647353440329	1
0	55671	0.647453440329	1
0	55681	0.647553440329	1
0	55691	0.647653440329	1
0	55700	0.647753440329	1
0	55704	0.647853440329	1
0	55714	0.647953440329	1
0	55724	0.648053440329	1
0	55734	0.648153440329	1
0	55743	0.648253440329	1
0	55747	0.648353440329	1
0	55757	0.648453440329	1
0	55767	0.648553440329	1
0	55777	0.648653440329	1
0	55786	0.648753440329	1
0	55790	0.648853440329	1
0	55800	0.648953440329	1
0	55810	0.649053440329	1
0	55820	0.649153440329	1
0	55829	0.649253440329	1
0	55833	0.649353440329	1
0	55843	0.649453440329	1
0	55853	0.649553440329	1
0	55863	0.649653440329	1
0	55872	0.649753440329	1
0	55876	0.649853440329	1
0	55886	0.649953440329	1
0	55896	0.650053440329	1
0	55906	0.650153440329	1
0	55915	0.650253440329	1
0	55919	0.650353440329	1
0	55929	0.650453440329	1
0	55939	0.650553440329	1
0	55949	0.650653440329	1
0	55958	0.650753440329	1
0	55962	0.650853440329	1
0	55972	0.650953440329	1
0	55982	0.651053440329	1
0	55992	0.651153440329	1
0	56001	0.651253440329	1
0	56005	0.651353440329	1
0	56015	0.651453440329	1
0	56025	0.651553440329	1
0	56035	0.651653440329	1
0	56044	0.651753440329	1
0	56048	0.651853440329	1
0	56058	0.651953440329	1
0	56068	0.652053440329	1
0	56078	0.652153440329	1
0	56087	0.652253440329	1
0	56091	0.652353440329	1
0	56101	0.652453440329	1
0	56111	0.652553440329	1
0	56121	0.652653440329	1
0	56130	0.652753440329	1
0	56134	0.652853440329	1
0	56144	0.652953440329	1
0	56154	0.653053440329	1
0	56164	0.653153440329	1
0	56173	0.653253440329	1
0	56177	0.653353440329	1
0	56187	0.653453440329	1
0	56197	0.653553440329	1
0	56207	0.653653440329	1
0	56216	0.653753440329	1
0	56220	0.653853440329	1
0	56230	0.653953440329	1
0	56240	0.654053440329	1
0	56250	0.654153440329	1
0	56259	0.654253440329	1
0	56263	0.654353440329	1
0	56273	0.654453440329	1
0	56283	0.654553440329	1
0	56293	0.654653440329	1
0	56302	0.654753440329	1
0	56306	0.654853440329	1
0	56316	0.654953440329	1
0	56326	0.655053440329	1
0	56336	0.655153440329	1
0	56345	0.655253440329	1
0	56349	0.655353440329	1
0	56359	0.655453440329	1
0	56369	0.655553440329	1
0	56379	0.655653440329	1
0	56388	0.655753440329	1
0	56392	0.655853440329	1
0	56402	0.655953440329	1
0	56412	0.656053440329	1
0	56422	0.656153440329	1
0	56431	0.656253440329	1
0	56435	0.656353440329	1
0	56445	0.656453440329	1
0	56455	0.656553440329	1
0	56465	0.656653440329	1
0	56474	0.656753440329	1
0	56478	0.656853440329	1
0	56488	0.656953440329	1
0	56498	0.657053440329	1
0	56508	0.657153440329	1
0	56517	0.657253440329	1
0	56521	0.657353440329	1
0	56531	0.657453440329	1
0	56541	0.657553440329	1
0	56551	0.657653440329	1
0	56560	0.657753440329	1
0	56564	0.657853440329	1
0	56574	0.657953440329	1
0	56584	0.658053440329	1
0	56594	0.658153440329	1
0	56603	0.658253440329	1
0	56607	0.658353440329	1
0	56617	0.658453440329	1
0	56627	0.658553440329	1
0	56637	0.658653440329	1
0	56646	0.658753440329	1
0	56650	0.658853440329	1
0	56660	0.658953440329	1
0	56670	0.659053440329	1
0	56680	0.659153440329	1
0	56689	0.659253440329	1
0	56693	0.659353440329	1
0	56703	0.659453440329	1
0	56713	0.659553440329	1
0	56723	0.659653440329	1
0	56732	0.659753440329	1
0	56736	0.659853440329	1
0	56746	0.659953440329	1
0	56756	0.660053440329	1
0	56766	0.660153440329	1
0	56775	0.660253440329	1
0	56779	0.660353440329	1
0	56789	0.660453440329	1
0	56799	0.660553440329	1
0	56809	0.660653440329	1
0	56818	0.660753440329	1
0	56822	0.660853440329	1
0	56832	0.660953440329	1
0	56842	0.661053440329	1
0	56852	0.661153440329	1
0	56861	0.661253440329	1
0	56865	0.661353440329	1
0	56875	0.661453440329	1
0	56885	0.661553440329	1
0	56895	0.661653440329	1
0	56904	0.661753440329	1
0	56908	0.661853440329	1
0	56918	0.661953440329	1
0	56928	0.662053440329	1
0	56938	0.662153440329	1
0	56947	0.662253440329	1
0	56951	0.662353440329	1
0	56961	0.662453440329	1
0	56971	0.662553440329	1
0	56981	0.662653440329	1
0	56990	0.662753440329	1
0	56994	0.662853440329	1
0	57004	0.662953440329	1
0	57014	0.663053440329	1
0	57024	0.663153440329	1
0	57033	0.663253440329	1
0	57037	0.663353440329	1
0	57047	0.663453440329	1
0	57057	0.663553440329	1
0	57067	0.663653440329	1
0	57076	0.663753440329	1
0	57080	0.663853440329	1
0	57090	0.663953440329	1
0	57100	0.664053440329	1
0	57110	0.664153440329	1
0	57119	0.664253440329	1
0	57123	0.664353440329	1
0	57133	0.664453440329	1
0	57143	0.664553440329	1
0	57153	0.664653440329	1
0	57162	0.664753440329	1
0	57166	0.664853440329	1
0	57176	0.664953440329	1
0	57186	0.665053440329	1
0	57196	0.665153440329	1
0	57205	0.665253440329	1
0	57209	0.665353440329	1
0	57219	0.665453440329	1
0	57229	0.665553440329	1
0	57239	0.665653440329	1
0	57248	0.665753440329	1
0	57252	0.665853440329	1
0	57262	0.665953440329	1
0	57272	0.666053440329	1
0	57282	0.666153440329	1
0	57291	0.666253440329	1
0	57295	0.666353440329	1
0	57305	0.666453440329	1
0	57315	0.666553440329	1
0	57325	0.666653440329	1
0	57334	0.666753440329	1
0	57338	0.666853440329	1
0	57348	0.666953440329	1
0	57358	0.667053440329	1
0	57368	0.667153440329	1
0	57377	0.667253440329	1
0	57381	0.667353440329	1
0	57391	0.667453440329	1
0	57401	0.667553440329	1
0	57411	0.667653440329	1
0	57420	0.667753440329	1
0	57424	0.667853440329	1
0	57434	0.667953440329	1
0	57444	0.668053440329	1
0	57454	0.668153440329	1
0	57463	0.668253440329	1
0	57467	0.668353440329	1
0	57477	0.668453440329	1
0	57487	0.668553440329	1
0	57497	0.668653440329	1
0	57506	0.668753440329	1
0	57510	0.668853440329	1
0	57520	0.668953440329	1
0	57530	0.669053440329	1
0	57540	0.669153440329	1
0	57549	0.669253440329	1
0	57553	0.669353440329	1
0	57563	0.669453440329	1
0	57573	0.669553440329	1
0	57583	0.669653440329	1
0	57592	0.669753440329	1
0	57596	0.669853440329	1
0	57606	0.669953440329	1
0	57616	0.670053440329	1
0	57626	0.670153440329	1
0	57635	0.670253440329	1
0	57639	0.670353440329	1
0	57649	0.670453440329	1
0	57659	0.670553440329	1
0	57669	0.670653440329	1
0	57678	0.670753440329	1
0	57682	0.670853440329	1
0	57692	0.670953440329	1
0	57702	0.671053440329	1
0	57712	0.671153440329	1
0	57721	0.671253440329	1
0	57725	0.671353440329	1
0	57735	0.671453440329	1
0	57745	0.671553440329	1
0	57755	0.671653440329	1
0	57764	0.671753440329	1
0	57768	0.671853440329	1
0	57778	0.671953440329	1
0	57788	0.672053440329	1
0	57798	0.672153440329	1
0	57807	0.672253440329	1
0	57811	0.672353440329	1
0	57821	0.672453440329	1
0	57831	0.672553440329	1
0	57841	0.672653440329	1
0	57850	0.672753440329	1
0	57854	0.672853440329	1
0	57864	0.672953440329	1
0	57874	0.673053440329	1
0	57884	0.673153440329	1
0	57893	0.673253440329	1
0	57897	0.673353440329	1
0	57907	0.673453440329	1
0	57917	0.673553440329	1
0	57927	0.673653440329	1
0	57936	0.673753440329	1
0	57940	0.673853440329	1
0	57950	0.673953440329	1
0	57960	0.674053440329	1
0	57970	0.674153440329	1
0	57979	0.674253440329	1
0	57983	0.674353440329	1
0	57993	0.674453440329	1
0	58003	0.674553440329	1
0	58013	0.674653440329	1
0	58022	0.674753440329	1
0	58026	0.674853440329	1
0	58036	0.674953440329	1
0	58046	0.675053440329	1
0	58056	0.675153440329	1
0	58065	0.675253440329	1
0	58069	0.675353440329	1
0	58079	0.675453440329	1
0	58089	0.675553440329	1
0	58099	0.675653440329	1
0	58108	0.675753440329	1
0	58112	0.675853440329	1
0	58122	0.675953440329	1
0	58132	0.676053440329	1
0	58142	0.676153440329	1
0	58151	0.676253440329	1
0	58155	0.676353440329	1
0	58165	0.676453440329	1
0	58175	0.676553440329	1
0	58185	0.676653440329	1
0	58194	0.676753440329	1
0	58198	0.676853440329	1
0	58208	0.676953440329	1
0	58218	0.677053440329	1
0	58228	0.677153440329	1
0	58237	0.677253440329	1
0	58241	0.677353440329	1
0	58251	0.677453440329	1
0	58261	0.677553440329	1
0	58271	0.677653440329	1
0	58280	0.677753440329	1
0	58284	0.677853440329	1
0	58294	0.677953440329	1
0	58304	0.678053440329	1
0	58314	0.678153440329	1
0	58323	0.678253440329	1
0	58327	0.678353440329	1
0	58337	0.678453440329	1
0	58347	0.678553440329	1
0	58357	0.678653440329	1
0	58366	0.678753440329	1
0	58370	0.678853440329	1
0	58380	0.678953440329	1
0	58390	0.679053440329	1
0	58400	0.679153440329	1
0	58409	0.679253440329	1
0	58413	0.679353440329	1
0	58423	0.679453440329	1
0	58433	0.679553440329	1
0	58443	0.679653440329	1
0	58452	0.679753440329	1
0	58456	0.679853440329	1
0	58466	0.679953440329	1
0	58476	0.680053440329	1
0	58486	0.680153440329	1
0	58495	0.680253440329	1
0	58499	0.680353440329	1
0	58509	0.680453440329	1
0	58519	0.680553440329	1
0	58529	0.680653440329	1
0	58538	0.680753440329	1
0	58542	0.680853440329	1
0	58552	0.680953440329	1
0	58562	0.681053440329	1
0	58572	0.681153440329	1
0	58581	0.681253440329	1
0	58585	0.681353440329	1
0	58595	0.681453440329	1
0	58605	0.681553440329	1
0	58615	0.681653440329	1
0	58624	0.681753440329	1
0	58628	0.681853440329	1
0	58638	0.681953440329	1
0	58648	0.682053440329	1
0	58658	0.682153440329	1
0	58667	0.682253440329	1
0	58671	0.682353440329	1
0	58681	0.682453440329	1
0	58691	0.682553440329	1
0	58701	0.682653440329	1
0	58710	0.682753440329	1
0	58714	0.682853440329	1
0	58724	0.682953440329	1
0	58734	0.683053440329	1
0	58744	0.683153440329	1
0	58753	0.683253440329	1
0	58757	0.683353440329	1
0	58767	0.683453440329	1
0	58777	0.683553440329	1
0	58787	0.683653440329	1
0	58796	0.683753440329	1
0	58800	0.683853440329	1
0	58810	0.683953440329	1
0	58820	0.684053440329	1
0	58830	0.684153440329	1
0	58839	0.684253440329	1
0	58843	0.684353440329	1
0	58853	0.684453440329	1
0	58863	0.684553440329	1
0	58873	0.684653440329	1
0	58882	0.684753440329	1
0	58886	0.684853440329	1
0	58896	0.684953440329	1
0	58906	0.685053440329	1
0	58916	0.685153440329	1
0	58925	0.685253440329	1
0	58929	0.685353440329	1
0	58939	0.685453440329	1
0	58949	0.685553440329	1
0	58959	0.685653440329	1
0	58968	0.685753440329	1
0	58972	0.685853440329	1
0	58982	0.685953440329	1
0	58992	0.686053440329	1
0	59002	0.686153440329	1
0	59011	0.686253440329	1
0	59015	0.686353440329	1
0	59025	0.686453440329	1
0	59035	0.686553440329	1
0	59045	0.686653440329	1
0	59054	0.686753440329	1
0	59058	0.686853440329	1
0	59068	0.686953440329	1
0	59078	0.687053440329	1
0	59088	0.687153440329	1
0	59097	0.687253440329	1
0	59101	0.687353440329	1
0	59111	0.687453440329	1
0	59121	0.687553440329	1
0	59131	0.687653440329	1
0	59140	0.687753440329	1
0	59144	0.687853440329	1
0	59154	0.687953440329	1
0	59164	0.688053440329	1
0	59174	0.688153440329	1
0	59183	0.688253440329	1
0	59187	0.688353440329	1
0	59197	0.688453440329	1
0	59207	0.688553440329	1
0	59217	0.688653440329	1
0	59226	0.688753440329	1
0	59230	0.688853440329	1
0	59240	0.688953440329	1
0	59250	0.689053440329	1
0	59260	0.689153440329	1
0	59269	0.689253440329	1
0	59273	0.689353440329	1
0	59283	0.689453440329	1
0	59293	0.689553440329	1
0	59303	0.689653440329	1
0	59312	0.689753440329	1
0	59316	0.689853440329	1
0	59326	0.689953440329	1
0	59336	0.690053440329	1
0	59346	0.690153440329	1
0	59355	0.690253440329	1
0	59359	0.690353440329	1
0	59369	0.690453440329	1
0	59379	0.690553440329	1
0	59389	0.690653440329	1
0	59398	0.690753440329	1
0	59402	0.690853440329	1
0	59412	0.690953440329	1
0	59422	0.691053440329	1
0	59432	0.691153440329	1
0	59441	0.691253440329	1
0	59445	0.691353440329	1
0	59455	0.691453440329	1
0	59465	0.691553440329	1
0	59475	0.691653440329	1
0	59484	0.691753440329	1
0	59488	0.691853440329	1
0	59498	0.691953440329	1
0	59508	0.692053440329	1
0	59518	0.692153440329	1
0	59527	0.692253440329	1
0	59531	0.692353440329	1
0	59541	0.692453440329	1
0	59551	0.692553440329	1
0	59561	0.692653440329	1
0	59570	0.692753440329	1
0	59574	0.692853440329	1
0	59584	0.692953440329	1
0	59594	0.693053440329	1
0	59604	0.693153440329	1
0	59613	0.693253440329	1
0	59617	0.693353440329	1
0	59627	0.693453440329	1
0	59637	0.693553440329	1
0	59647	0.693653440329	1
0	59656	0.693753440329	1
0	59660	0.693853440329	1
0	59670	0.693953440329	1
0	59680	0.694053440329	1
0	59690	0.694153440329	1
0	59699	0.694253440329	1
0	59703	0.694353440329	1
0	59713	0.694453440329	1
0	59723	0.694553440329	1
0	59733	0.694653440329	1
0	59742	0.694753440329	1
0	59746	0.694853440329	1
0	59756	0.694953440329	1
0	59766	0.695053440329	1
0	59776	0.695153440329	1
0	59785	0.695253440329	1
0	59789	0.695353440329	1
0	59799	0.695453440329	1
0	59809	0.695553440329	1
0	59819	0.695653440329	1
0	59828	0.695753440329	1
0	59832	0.695853440329	1
0	59842	0.695953440329	1
0	59852	0.696053440329	1
0	59862	0.696153440329	1
0	59871	0.696253440329	1
0	59875	0.696353440329	1
0	59885	0.696453440329	1
0	59895	0.696553440329	1
0	59905	0.696653440329	1
0	59914	0.696753440329	1
0	59918	0.696853440329	1
0	59928	0.696953440329	1
0	59938	0.697053440329	1
0	59948	0.697153440329	1
0	59957	0.697253440329	1
0	59961	0.697353440329	1
0	59971	0.697453440329	1
0	59981	0.697553440329	1
0	59991	0.697653440329	1
0	60000	0.697753440329	1
0	60004	0.697853440329	1
0	60014	0.697953440329	1
0	60024	0.698053440329	1
0	60034	0.698153440329	1
0	60043	0.698253440329	1
0	60047	0.698353440329	1
0	60057	0.698453440329	1
0	60067	0.698553440329	1
0	60077	0.698653440329	1
0	60086	0.698753440329	1
0	60090	0.698853440329	1
0	60100	0.698953440329	1
0	60110	0.699053440329	1
0	60120	0.699153440329	1
0	60129	0.699253440329	1
0	60133	0.699353440329	1
0	60143	0.699453440329	1
0	60153	0.699553440329	1
0	60163	0.699653440329	1
0	60172	0.699753440329	1
0	60176	0.699853440329	1
0	60186	0.699953440329	1
0	60196	0.700053440329	1
0	60206	0.700153440329	1
0	60215	0.700253440329	1
0	60219	0.700353440329	1
0	60229	0.700453440329	1
0	60239	0.700553440329	1
0	60249	0.700653440329	1
0	60258	0.700753440329	1
0	60262	0.700853440329	1
0	60272	0.700953440329	1
0	60282	0.701053440329	1
0	60292	0.701153440329	1
0	60301	0.701253440329	1
0	60305	0.701353440329	1
0	60315	0.701453440329	1
0	60325	0.701553440329	1
0	60335	0.701653440329	1
0	60344	0.701753440329	1
0	60348	0.701853440329	1
0	60358	0.701953440329	1
0	60368	0.702053440329	1
0	60378	0.702153440329	1
0	60387	0.702253440329	1
0	60391	0.702353440329	1
0	60401	0.702453440329	1
0	60411	0.702553440329	1
0	60421	0.702653440329	1
0	60430	0.702753440329	1
0	60434	0.702853440329	1
0	60444	0.702953440329	1
0	60454	0.703053440329	1
0	60464	0.703153440329	1
0	60473	0.703253440329	1
0	60477	0.703353440329	1
0	60487	0.703453440329	1
0	60497	0.703553440329	1
0	60507	0.703653440329	1
0	60516	0.703753440329	1
0	60520	0.703853440329	1
0	60530	0.703953440329	1
0	60540	0.704053440329	1
0	60550	0.704153440329	1
0	60559	0.704253440329	1
0	60563	0.704353440329	1
0	60573	0.704453440329	1
0	60583	0.704553440329	1
0	60593	0.704653440329	1
0	60602	0.704753440329	1
0	60606	0.704853440329	1
0	60616	0.704953440329	1
0	60626	0.705053440329	1
0	60636	0.705153440329	1
0	60645	0.705253440329	1
0	60649	0.705353440329	1
0	60659	0.705453440329	1
0	60669	0.705553440329	1
0	60679	0.705653440329	1
0	60688	0.705753440329	1
0	60692	0.705853440329	1
0	60702	0.705953440329	1
0	60712	0.706053440329	1
0	60722	0.706153440329	1
0	60731	0.706253440329	1
0	60735	0.706353440329	1
0	60745	0.706453440329	1
0	60755	0.706553440329	1
0	60765	0.706653440329	1
0	60774	0.706753440329	1
0	60778	0.706853440329	1
0	60788	0.706953440329	1
0	60798	0.707053440329	1
0	60808	0.707153440329	1
0	60817	0.707253440329	1
0	60821	0.707353440329	1
0	60831	0.707453440329	1
0	60841	0.707553440329	1
0	60851	0.707653440329	1
0	60860	0.707753440329	1
0	60864	0.707853440329	1
0	60874	0.707953440329	1
0	60884	0.708053440329	1
0	60894	0.708153440329	1
0	60903	0.708253440329	1
0	60907	0.708353440329	1
0	60917	0.708453440329	1
0	60927	0.708553440329	1
0	60937	0.708653440329	1
0	60946	0.708753440329	1
0	60950	0.708853440329	1
0	60960	0.708953440329	1
0	60970	0.709053440329	1
0	60980	0.709153440329	1
0	60989	0.709253440329	1
0	60993	0.709353440329	1
0	61003	0.709453440329	1
0	61013	0.709553440329	1
0	61023	0.709653440329	1
0	61032	0.709753440329	1
0	61036	0.709853440329	1
0	61046	0.709953440329	1
0	61056	0.710053440329	1
0	61066	0.710153440329	1
0	61075	0.710253440329	1
0	61079	0.710353440329	1
0	61089	0.710453440329	1
0	61099	0.710553440329	1
0	61109	0.710653440329	1
0	61118	0.710753440329	1
0	61122	0.710853440329	1
0	61132	0.710953440329	1
0	61142	0.711053440329	1
0	61152	0.711153440329	1
0	61161	0.711253440329	1
0	61165	0.711353440329	1
0	61175	0.711453440329	1
0	61185	0.711553440329	1
0	61195	0.711653440329	1
0	61204	0.711753440329	1
0	61208	0.711853440329	1
0	61218	0.711953440329	1
0	61228	0.712053440329	1
0	61238	0.712153440329	1
0	61247	0.712253440329	1
0	61251	0.712353440329	1
0	61261	0.712453440329	1
0	61271	0.712553440329	1
0	61281	0.712653440329	1
0	61290	0.712753440329	1
0	61294	0.712853440329	1
0	61304	0.712953440329	1
0	61314	0.713053440329	1
0	61324	0.713153440329	1
0	61333	0.713253440329	1
0	61337	0.713353440329	1
0	61347	0.713453440329	1
0	61357	0.713553440329	1
0	61367	0.713653440329	1
0	61376	0.713753440329	1
0	61380	0.713853440329	1
0	61390	0.713953440329	1
0	61400	0.714053440329	1
0	61410	0.714153440329	1
0	61419	0.714253440329	1
0	61423	0.714353440329	1
0	61433	0.714453440329	1
0	61443	0.714553440329	1
0	61453	0.714653440329	1
0	61462	0.714753440329	1
0	61466	0.714853440329	1
0	61476	0.714953440329	1
0	61486	0.715053440329	1
0	61496	0.715153440329	1
0	61505	0.715253440329	1
0	61509	0.715353440329	1
0	61519	0.715453440329	1
0	61529	0.715553440329	1
0	61539	0.715653440329	1
0	61548	0.715753440329	1
0	61552	0.715853440329	1
0	61562	0.715953440329	1
0	61572	0.716053440329	1
0	61582	0.716153440329	1
0	61591	0.716253440329	1
0	61595	0.716353440329	1
0	61605	0.716453440329	1
0	61615	0.716553440329	1
0	61625	0.716653440329	1
0	61634	0.716753440329	1
0	61638	0.716853440329	1
0	61648	0.716953440329	1
0	61658	0.717053440329	1
0	61668	0.717153440329	1
0	61677	0.717253440329	1
0	61681	0.717353440329	1
0	61691	0.717453440329	1
0	61701	0.717553440329	1
0	61711	0.717653440329	1
0	61720	0.717753440329	1
0	61724	0.717853440329	1
0	61734	0.717953440329	1
0	61744	0.718053440329	1
0	61754	0.718153440329	1
0	61763	0.718253440329	1
0	61767	0.718353440329	1
0	61777	0.718453440329	1
0	61787	0.718553440329	1
0	61797	0.718653440329	1
0	61806	0.718753440329	1
0	61810	0.718853440329	1
0	61820	0.718953440329	1
0	61830	0.719053440329	1
0	61840	0.719153440329	1
0	61849	0.719253440329	1
0	61853	0.719353440329	1
0	61863	0.719453440329	1
0	61873	0.719553440329	1
0	61883	0.719653440329	1
0	61892	0.719753440329	1
0	61896	0.719853440329	1
0	61906	0.719953440329	1
0	61916	0.720053440329	1
0	61926	0.720153440329	1
0	61935	0.720253440329	1
0	61939	0.720353440329	1
0	61949	0.720453440329	1
0	61959	0.720553440329	1
0	61969	0.720653440329	1
0	61978	0.720753440329	1
0	61982	0.720853440329	1
0	61992	0.720953440329	1
0	62002	0.721053440329	1
0	62012	0.721153440329	1
0	62021	0.721253440329	1
0	62025	0.721353440329	1
0	62035	0.721453440329	1
0	62045	0.721553440329	1
0	62055	0.721653440329	1
0	62064	0.721753440329	1
0	62068	0.721853440329	1
0	62078	0.721953440329	1
0	62088	0.722053440329	1
0	62098	0.722153440329	1
0	62107	0.722253440329	1
0	62111	0.722353440329	1
0	62121	0.722453440329	1
0	62131	0.722553440329	1
0	62141	0.722653440329	1
0	62150	0.722753440329	1
0	62154	0.722853440329	1
0	62164	0.722953440329	1
0	62174	0.723053440329	1
0	62184	0.723153440329	1
0	62193	0.723253440329	1
0	62197	0.723353440329	1
0	62207	0.723453440329	1
0	62217	0.723553440329	1
0	62227	0.723653440329	1
0	62236	0.723753440329	1
0	62240	0.723853440329	1
0	62250	0.723953440329	1
0	62260	0.724053440329	1
0	62270	0.724153440329	1
0	62279	0.724253440329	1
0	62283	0.724353440329	1
0	62293	0.724453440329	1
0	62303	0.724553440329	1
0	62313	0.724653440329	1
0	62322	0.724753440329	1
0	62326	0.724853440329	1
0	62336	0.724953440329	1
0	62346	0.725053440329	1
0	62356	0.725153440329	1
0	62365	0.725253440329	1
0	62369	0.725353440329	1
0	62379	0.725453440329	1
0	62389	0.725553440329	1
0	62399	0.725653440329	1
0	62408	0.725753440329	1
0	62412	0.725853440329	1
0	62422	0.725953440329	1
0	62432	0.726053440329	1
0	62442	0.726153440329	1
0	62451	0.726253440329	1
0	62455	0.726353440329	1
0	62465	0.726453440329	1
0	62475	0.726553440329	1
0	62485	0.726653440329	1
0	62494	0.726753440329	1
0	62498	0.726853440329	1
0	62508	0.726953440329	1
0	62518	0.727053440329	1
0	62528	0.727153440329	1
0	62537	0.727253440329	1
0	62541	0.727353440329	1
0	62551	0.727453440329	1
0	62561	0.727553440329	1
0	62571	0.727653440329	1
0	62580	0.727753440329	1
0	62584	0.727853440329	1
0	62594	0.727953440329	1
0	62604	0.728053440329	1
0	62614	0.728153440329	1
0	62623	0.728253440329	1
0	62627	0.728353440329	1
0	62637	0.728453440329	1
0	62647	0.728553440329	1
0	62657	0.728653440329	1
0	62666	0.728753440329	1
0	62670	0.728853440329	1
0	62680	0.728953440329	1
0	62690	0.729053440329	1
0	62700	0.729153440329	1
0	62709	0.729253440329	1
0	62713	0.729353440329	1
0	62723	0.729453440329	1
0	62733	0.729553440329	1
0	62743	0.729653440329	1
0	62752	0.729753440329	1
0	62756	0.729853440329	1
0	62766	0.729953440329	1
0	62776	0.730053440329	1
0	62786	0.730153440329	1
0	62795	0.730253440329	1
0	62799	0.730353440329	1
0	62809	0.730453440329	1
0	62819	0.730553440329	1
0	62829	0.730653440329	1
0	62838	0.730753440329	1
0	62842	0.730853440329	1
0	62852	0.730953440329	1
0	62862	0.731053440329	1
0	62872	0.731153440329	1
0	62881	0.731253440329	1
0	62885	0.731353440329	1
0	62895	0.731453440329	1
0	62905	0.731553440329	1
0	62915	0.731653440329	1
0	62924	0.731753440329	1
0	62928	0.731853440329	1
0	62938	0.731953440329	1
0	62948	0.732053440329	1
0	62958	0.732153440329	1
0	62967	0.732253440329	1
0	62971	0.732353440329	1
0	62981	0.732453440329	1
0	62991	0.732553440329	1
0	63001	0.732653440329	1
0	63010	0.732753440329	1
0	63014	0.732853440329	1
0	63024	0.732953440329	1
0	63034	0.733053440329	1
0	63044	0.733153440329	1
0	63053	0.733253440329	1
0	63057	0.733353440329	1
0	63067	0.733453440329	1
0	63077	0.733553440329	1
0	63087	0.733653440329	1
0	63096	0.733753440329	1
0	63100	0.733853440329	1
0	63110	0.733953440329	1
0	63120	0.734053440329	1
0	63130	0.734153440329	1
0	63139	0.734253440329	1
0	63143	0.734353440329	1
0	63153	0.734453440329	1
0	63163	0.734553440329	1
0	63173	0.734653440329	1
0	63182	0.734753440329	1
0	63186	0.734853440329	1
0	63196	0.734953440329	1
0	63206	0.735053440329	1
0	63216	0.735153440329	1
0	63225	0.735253440329	1
0	63229	0.735353440329	1
0	63239	0.735453440329	1
0	63249	0.735553440329	1
0	63259	0.735653440329	1
0	63268	0.735753440329	1
0	63272	0.735853440329	1
0	63282	0.735953440329	1
0	63292	0.736053440329	1
0	63302	0.736153440329	1
0	63311	0.736253440329	1
0	63315	0.736353440329	1
0	63325	0.736453440329	1
0	63335	0.736553440329	1
0	63345	0.736653440329	1
0	63354	0.736753440329	1
0	63358	0.736853440329	1
0	63368	0.736953440329	1
0	63378	0.737053440329	1
0	63388	0.737153440329	1
0	63397	0.737253440329	1
0	63401	0.737353440329	1
0	63411	0.737453440329	1
0	63421	0.737553440329	1
0	63431	0.737653440329	1
0	63440	0.737753440329	1
0	63444	0.737853440329	1
0	63454	0.737953440329	1
0	63464	0.738053440329	1
0	63474	0.738153440329	1
0	63483	0.738253440329	1
0	63487	0.738353440329	1
0	63497	0.738453440329	1
0	63507	0.738553440329	1
0	63517	0.738653440329	1
0	63526	0.738753440329	1
0	63530	0.738853440329	1
0	63540	0.738953440329	1
0	63550	0.739053440329	1
0	63560	0.739153440329	1
0	63569	0.739253440329	1
0	63573	0.739353440329	1
0	63583	0.739453440329	1
0	63593	0.739553440329	1
0	63603	0.739653440329	1
0	63612	0.739753440329	1
0	63616	0.739853440329	1
0	63626	0.739953440329	1
0	63636	0.740053440329	1
0	63646	0.740153440329	1
0	63655	0.740253440329	1
0	63659	0.740353440329	1
0	63669	0.740453440329	1
0	63679	0.740553440329	1
0	63689	0.740653440329	1
0	63698	0.740753440329	1
0	63702	0.740853440329	1
0	63712	0.740953440329	1
0	63722	0.741053440329	1
0	63732	0.741153440329	1
0	63741	0.741253440329	1
0	63745	0.741353440329	1
0	63755	0.741453440329	1
0	63765	0.741553440329	1
0	63775	0.741653440329	1
0	63784	0.741753440329	1
0	63788	0.741853440329	1
0	63798	0.741953440329	1
0	63808	0.742053440329	1
0	63818	0.742153440329	1
0	63827	0.742253440329	1
0	63831	0.742353440329	1
0	63841	0.742453440329	1
0	63851	0.742553440329	1
0	63861	0.742653440329	1
0	63870	0.742753440329	1
0	63874	0.742853440329	1
0	63884	0.742953440329	1
0	63894	0.743053440329	1
0	63904	0.743153440329	1
0	63913	0.743253440329	1
0	63917	0.743353440329	1
0	63927	0.743453440329	1
0	63937	0.743553440329	1
0	63947	0.743653440329	1
0	63956	0.743753440329	1
0	63960	0.743853440329	1
0	63970	0.743953440329	1
0	63980	0.744053440329	1
0	63990	0.744153440329	1
0	63999	0.744253440329	1
0	64003	0.744353440329	1
0	64013	0.744453440329	1
0	64023	0.744553440329	1
0	64033	0.744653440329	1
0	64042	0.744753440329	1
0	64046	0.744853440329	1
0	64056	0.744953440329	1
0	64066	0.745053440329	1
0	64076	0.745153440329	1
0	64085	0.745253440329	1
0	64089	0.745353440329	1
0	64099	0.745453440329	1
0	64109	0.745553440329	1
0	64119	0.745653440329	1
0	64128	0.745753440329	1
0	64132	0.745853440329	1
0	64142	0.745953440329	1
0	64152	0.746053440329	1
0	64162	0.746153440329	1
0	64171	0.746253440329	1
0	64175	0.746353440329	1
0	64185	0.746453440329	1
0	64195	0.746553440329	1
0	64205	0.746653440329	1
0	64214	0.746753440329	1
0	64218	0.746853440329	1
0	64228	0.746953440329	1
0	64238	0.747053440329	1
0	64248	0.747153440329	1
0	64257	0.747253440329	1
0	64261	0.747353440329	1
0	64271	0.747453440329	1
0	64281	0.747553440329	1
0	64291	0.747653440329	1
0	64300	0.747753440329	1
0	64304	0.747853440329	1
0	64314	0.747953440329	1
0	64324	0.748053440329	1
0	64334	0.748153440329	1
0	64343	0.748253440329	1
0	64347	0.748353440329	1
0	64357	0.748453440329	1
0	64367	0.748553440329	1
0	64377	0.748653440329	1
0	64386	0.748753440329	1
0	64390	0.748853440329	1
0	64400	0.748953440329	1
0	64410	0.749053440329	1
0	64420	0.749153440329	1
0	64429	0.749253440329	1
0	64433	0.749353440329	1
0	64443	0.749453440329	1
0	64453	0.749553440329	1
0	64463	0.749653440329	1
0	64472	0.749753440329	1
0	64476	0.749853440329	1
0	64486	0.749953440329	1
0	64496	0.750053440329	1
0	64506	0.750153440329	1
0	64515	0.750253440329	1
0	64519	0.750353440329	1
0	64529	0.750453440329	1
0	64539	0.750553440329	1
0	64549	0.750653440329	1
0	64558	0.750753440329	1
0	64562	0.750853440329	1
0	64572	0.750953440329	1
0	64582	0.751053440329	1
0	64592	0.751153440329	1
0	64601	0.751253440329	1
0	64605	0.751353440329	1
0	64615	0.751453440329	1
0	64625	0.751553440329	1
0	64635	0.751653440329	1
0	64644	0.751753440329	1
0	64648	0.751853440329	1
0	64658	0.751953440329	1
0	64668	0.752053440329	1
0	64678	0.752153440329	1
0	64687	0.752253440329	1
0	64691	0.752353440329	1
0	64701	0.752453440329	1
0	64711	0.752553440329	1
0	64721	0.752653440329	1
0	64730	0.752753440329	1
0	64734	0.752853440329	1
0	64744	0.752953440329	1
0	64754	0.753053440329	1
0	64764	0.753153440329	1
0	64773	0.753253440329	1
0	64777	0.753353440329	1
0	64787	0.753453440329	1
0	64797	0.753553440329	1
0	64807	0.753653440329	1
0	64816	0.753753440329	1
0	64820	0.753853440329	1
0	64830	0.753953440329	1
0	64840	0.754053440329	1
0	64850	0.754153440329	1
0	64859	0.754253440329	1
0	64863	0.754353440329	1
0	64873	0.754453440329	1
0	64883	0.754553440329	1
0	64893	0.754653440329	1
0	64902	0.754753440329	1
0	64906	0.754853440329	1
0	64916	0.754953440329	1
0	64926	0.755053440329	1
0	64936	0.755153440329	1
0	64945	0.755253440329	1
0	64949	0.755353440329	1
0	64959	0.755453440329	1
0	64969	0.755553440329	1
0	64979	0.755653440329	1
0	64988	0.755753440329	1
0	64992	0.755853440329	1
0	65002	0.755953440329	1
0	65012	0.756053440329	1
0	65022	0.756153440329	1
0	65031	0.756253440329	1
0	65035	0.756353440329	1
0	65045	0.756453440329	1
0	65055	0.756553440329	1
0	65065	0.756653440329	1
0	65074	0.756753440329	1
0	65078	0.756853440329	1
0	65088	0.756953440329	1
0	65098	0.757053440329	1
0	65108	0.757153440329	1
0	65117	0.757253440329	1
0	65121	0.757353440329	1
0	65131	0.757453440329	1
0	65141	0.757553440329	1
0	65151	0.757653440329	1
0	65160	0.757753440329	1
0	65164	0.757853440329	1
0	65174	0.757953440329	1
0	65184	0.758053440329	1
0	65194	0.758153440329	1
0	65203	0.758253440329	1
0	65207	0.758353440329	1
0	65217	0.758453440329	1
0	65227	0.758553440329	1
0	65237	0.758653440329	1
0	65246	0.758753440329	1
0	65250	0.758853440329	1
0	65260	0.758953440329	1
0	65270	0.759053440329	1
0	65280	0.759153440329	1
0	65289	0.759253440329	1
0	65293	0.759353440329	1
0	65303	0.759453440329	1
0	65313	0.759553440329	1
0	65323	0.759653440329	1
0	65332	0.759753440329	1
0	65336	0.759853440329	1
0	65346	0.759953440329	1
0	65356	0.760053440329	1
0	65366	0.760153440329	1
0	65375	0.760253440329	1
0	65379	0.760353440329	1
0	65389	0.760453440329	1
0	65399	0.760553440329	1
0	65409	0.760653440329	1
0	65418	0.760753440329	1
0	65422	0.760853440329	1
0	65432	0.760953440329	1
0	65442	0.761053440329	1
0	65452	0.761153440329	1
0	65461	0.761253440329	1
0	65465	0.761353440329	1
0	65475	0.761453440329	1
0	65485	0.761553440329	1
0	65495	0.761653440329	1
0	65504	0.761753440329	1
0	65508	0.761853440329	1
0	65518	0.761953440329	1
0	65528	0.762053440329	1
0	65538	0.762153440329	1
0	65547	0.762253440329	1
0	65551	0.762353440329	1
0	65561	0.762453440329	1
0	65571	0.762553440329	1
0	65581	0.762653440329	1
0	65590	0.762753440329	1
0	65594	0.762853440329	1
0	65604	0.762953440329	1
0	65614	0.763053440329	1
0	65624	0.763153440329	1
0	65633	0.763253440329	1
0	65637	0.763353440329	1
0	65647	0.763453440329	1
0	65657	0.763553440329	1
0	65667	0.763653440329	1
0	65676	0.763753440329	1
0	65680	0.763853440329	1
0	65690	0.763953440329	1
0	65700	0.764053440329	1
0	65710	0.764153440329	1
0	65719	0.764253440329	1
0	65723	0.764353440329	1
0	65733	0.764453440329	1
0	65743	0.764553440329	1
0	65753	0.764653440329	1
0	65762	0.764753440329	1
0	65766	0.764853440329	1
0	65776	0.764953440329	1
0	65786	0.765053440329	1
0	65796	0.765153440329	1
0	65805	0.765253440329	1
0	65809	0.765353440329	1
0	65819	0.765453440329	1
0	65829	0.765553440329	1
0	65839	0.765653440329	1
0	65848	0.765753440329	1
0	65852	0.765853440329	1
0	65862	0.765953440329	1
0	65872	0.766053440329	1
0	65882	0.766153440329	1
0	65891	0.766253440329	1
0	65895	0.766353440329	1
0	65905	0.766453440329	1
0	65915	0.766553440329	1
0	65925	0.766653440329	1
0	65934	0.766753440329	1
0	65938	0.766853440329	1
0	65948	0.766953440329	1
0	65958	0.767053440329	1
0	65968	0.767153440329	1
0	65977	0.767253440329	1
0	65981	0.767353440329	1
0	65991	0.767453440329	1
0	66001	0.767553440329	1
0	66011	0.767653440329	1
0	66020	0.767753440329	1
0	66024	0.767853440329	1
0	66034	0.767953440329	1
0	66044	0.768053440329	1
0	66054	0.768153440329	1
0	66063	0.768253440329	1
0	66067	0.768353440329	1
0	66077	0.768453440329	1
0	66087	0.768553440329	1
0	66097	0.768653440329	1
0	66106	0.768753440329	1
0	66110	0.768853440329	1
0	66120	0.768953440329	1
0	66130	0.769053440329	1
0	66140	0.769153440329	1
0	66149	0.769253440329	1
0	66153	0.769353440329	1
0	66163	0.769453440329	1
0	66173	0.769553440329	1
0	66183	0.769653440329	1
0	66192	0.769753440329	1
0	66196	0.769853440329	1
0	66206	0.769953440329	1
0	66216	0.770053440329	1
0	66226	0.770153440329	1
0	66235	0.770253440329	1
0	66239	0.770353440329	1
0	66249	0.770453440329	1
0	66259	0.770553440329	1
0	66269	0.770653440329	1
0	66278	0.770753440329	1
0	66282	0.770853440329	1
0	66292	0.770953440329	1
0	66302	0.771053440329	1
0	66312	0.771153440329	1
0	66321	0.771253440329	1
0	66325	0.771353440329	1
0	66335	0.771453440329	1
0	66345	0.771553440329	1
0	66355	0.771653440329	1
0	66364	0.771753440329	1
0	66368	0.771853440329	1
0	66378	0.771953440329	1
0	66388	0.772053440329	1
0	66398	0.772153440329	1
0	66407	0.772253440329	1
0	66411	0.772353440329	1
0	66421	0.772453440329	1
0	66431	0.772553440329	1
0	66441	0.772653440329	1
0	66450	0.772753440329	1
0	66454	0.772853440329	1
0	66464	0.772953440329	1
0	66474	0.773053440329	1
0	66484	0.773153440329	1
0	66493	0.773253440329	1
0	66497	0.773353440329	1
0	66507	0.773453440329	1
0	66517	0.773553440329	1
0	66527	0.773653440329	1
0	66536	0.773753440329	1
0	66540	0.773853440329	1
0	66550	0.773953440329	1
0	66560	0.774053440329	1
0	66570	0.774153440329	1
0	66579	0.774253440329	1
0	66583	0.774353440329	1
0	66593	0.774453440329	1
0	66603	0.774553440329	1
0	66613	0.774653440329	1
0	66622	0.774753440329	1
0	66626	0.774853440329	1
0	66636	0.774953440329	1
0	66646	0.775053440329	1
0	66656	0.775153440329	1
0	66665	0.775253440329	1
0	66669	0.775353440329	1
0	66679	0.775453440329	1
0	66689	0.775553440329	1
0	66699	0.775653440329	1
0	66708	0.775753440329	1
0	66712	0.775853440329	1
0	66722	0.775953440329	1
0	66732	0.776053440329	1
0	66742	0.776153440329	1
0	66751	0.776253440329	1
0	66755	0.776353440329	1
0	66765	0.776453440329	1
0	66775	0.776553440329	1
0	66785	0.776653440329	1
0	66794	0.776753440329	1
0	66798	0.776853440329	1
0	66808	0.776953440329	1
0	66818	0.777053440329	1
0	66828	0.777153440329	1
0	66837	0.777253440329	1
0	66841	0.777353440329	1
0	66851	0.777453440329	1
0	66861	0.777553440329	1
0	66871	0.777653440329	1
0	66880	0.777753440329	1
0	66884	0.777853440329	1
0	66894	0.777953440329	1
0	66904	0.778053440329	1
0	66914	0.778153440329	1
0	66923	0.778253440329	1
0	66927	0.778353440329	1
0	66937	0.778453440329	1
0	66947	0.778553440329	1
0	66957	0.778653440329	1
0	66966	0.778753440329	1
0	66970	0.778853440329	1
0	66980	0.778953440329	1
0	66990	0.779053440329	1
0	67000	0.779153440329	1
0	67009	0.779253440329	1
0	67013	0.779353440329	1
0	67023	0.779453440329	1
0	67033	0.779553440329	1
0	67043	0.779653440329	1
0	67052	0.779753440329	1
0	67056	0.779853440329	1
0	67066	0.779953440329	1
0	67076	0.780053440329	1
0	67086	0.780153440329	1
0	67095	0.780253440329	1
0	67099	0.780353440329	1
0	67109	0.780453440329	1
0	67119	0.780553440329	1
0	67129	0.780653440329	1
0	67138	0.780753440329	1
0	67142	0.780853440329	1
0	67152	0.780953440329	1
0	67162	0.781053440329	1
0	67172	0.781153440329	1
0	67181	0.781253440329	1
0	67185	0.781353440329	1
0	67195	0.781453440329	1
0	67205	0.781553440329	1
0	67215	0.781653440329	1
0	67224	0.781753440329	1
0	67228	0.781853440329	1
0	67238	0.781953440329	1
0	67248	0.782053440329	1
0	67258	0.782153440329	1
0	67267	0.782253440329	1
0	67271	0.782353440329	1
0	67281	0.782453440329	1
0	67291	0.782553440329	1
0	67301	0.782653440329	1
0	67310	0.782753440329	1
0	67314	0.782853440329	1
0	67324	0.782953440329	1
0	67334	0.783053440329	1
0	67344	0.783153440329	1
0	67353	0.783253440329	1
0	67357	0.783353440329	1
0	67367	0.783453440329	1
0	67377	0.783553440329	1
0	67387	0.783653440329	1
0	67396	0.783753440329	1
0	67400	0.783853440329	1
0	67410	0.783953440329	1
0	67420	0.784053440329	1
0	67430	0.784153440329	1
0	67439	0.784253440329	1
0	67443	0.784353440329	1
0	67453	0.784453440329	1
0	67463	0.784553440329	1
0	67473	0.784653440329	1
0	67482	0.784753440329	1
0	67486	0.784853440329	1
0	67496	0.784953440329	1
0	67506	0.785053440329	1
0	67516	0.785153440329	1
0	67525	0.785253440329	1
0	67529	0.785353440329	1
0	67539	0.785453440329	1
0	67549	0.785553440329	1
0	67559	0.785653440329	1
0	67568	0.785753440329	1
0	67572	0.785853440329	1
0	67582	0.785953440329	1
0	67592	0.786053440329	1
0	67602	0.786153440329	1
0	67611	0.786253440329	1
0	67615	0.786353440329	1
0	67625	0.786453440329	1
0	67635	0.786553440329	1
0	67645	0.786653440329	1
0	67654	0.786753440329	1
0	67658	0.786853440329	1
0	67668	0.786953440329	1
0	67678	0.787053440329	1
0	67688	0.787153440329	1
0	67697	0.787253440329	1
0	67701	0.787353440329	1
0	67711	0.787453440329	1
0	67721	0.787553440329	1
0	67731	0.787653440329	1
0	67740	0.787753440329	1
0	67744	0.787853440329	1
0	67754	0.787953440329	1
0	67764	0.788053440329	1
0	67774	0.788153440329	1
0	67783	0.788253440329	1
0	67787	0.788353440329	1
0	67797	0.788453440329	1
0	67807	0.788553440329	1
0	67817	0.788653440329	1
0	67826	0.788753440329	1
0	67830	0.788853440329	1
0	67840	0.788953440329	1
0	67850	0.789053440329	1
0	67860	0.789153440329	1
0	67869	0.789253440329	1
0	67873	0.789353440329	1
0	67883	0.789453440329	1
0	67893	0.789553440329	1
0	67903	0.789653440329	1
0	67912	0.789753440329	1
0	67916	0.789853440329	1
0	67926	0.789953440329	1
0	67936	0.790053440329	1
0	67946	0.790153440329	1
0	67955	0.790253440329	1
0	67959	0.790353440329	1
0	67969	0.790453440329	1
0	67979	0.790553440329	1
0	67989	0.790653440329	1
0	67998	0.790753440329	1
0	68002	0.790853440329	1
0	68012	0.790953440329	1
0	68022	0.791053440329	1
0	68032	0.791153440329	1
0	68041	0.791253440329	1
0	68045	0.791353440329	1
0	68055	0.791453440329	1
0	68065	0.791553440329	1
0	68075	0.791653440329	1
0	68084	0.791753440329	1
0	68088	0.791853440329	1
0	68098	0.791953440329	1
0	68108	0.792053440329	1
0	68118	0.792153440329	1
0	68127	0.792253440329	1
0	68131	0.792353440329	1
0	68141	0.792453440329	1
0	68151	0.792553440329	1
0	68161	0.792653440329	1
0	68170	0.792753440329	1
0	68174	0.792853440329	1
0	68184	0.792953440329	1
0	68194	0.793053440329	1
0	68204	0.793153440329	1
0	68213	0.793253440329	1
0	68217	0.793353440329	1
0	68227	0.793453440329	1
0	68237	0.793553440329	1
0	68247	0.793653440329	1
0	68256	0.793753440329	1
0	68260	0.793853440329	1
0	68270	0.793953440329	1
0	68280	0.794053440329	1
0	68290	0.794153440329	1
0	68299	0.794253440329	1
0	68303	0.794353440329	1
0	68313	0.794453440329	1
0	68323	0.794553440329	1
0	68333	0.794653440329	1
0	68342	0.794753440329	1
0	68346	0.794853440329	1
0	68356	0.794953440329	1
0	68366	0.795053440329	1
0	68376	0.795153440329	1
0	68385	0.795253440329	1
0	68389	0.795353440329	1
0	68399	0.795453440329	1
0	68409	0.795553440329	1
0	68419	0.795653440329	1
0	68428	0.795753440329	1
0	68432	0.795853440329	1
0	68442	0.795953440329	1
0	68452	0.796053440329	1
0	68462	0.796153440329	1
0	68471	0.796253440329	1
0	68475	0.796353440329	1
0	68485	0.796453440329	1
0	68495	0.796553440329	1
0	68505	0.796653440329	1
0	68514	0.796753440329	1
0	68518	0.796853440329	1
0	68528	0.796953440329	1
0	68538	0.797053440329	1
0	68548	0.797153440329	1
0	68557	0.797253440329	1
0	68561	0.797353440329	1
0	68571	0.797453440329	1
0	68581	0.797553440329	1
0	68591	0.797653440329	1
0	68600	0.797753440329	1
0	68604	0.797853440329	1
0	68614	0.797953440329	1
0	68624	0.798053440329	1
0	68634	0.798153440329	1
0	68643	0.798253440329	1
0	68647	0.798353440329	1
0	68657	0.798453440329	1
0	68667	0.798553440329	1
0	68677	0.798653440329	1
0	68686	0.798753440329	1
0	68690	0.798853440329	1
0	68700	0.798953440329	1
0	68710	0.799053440329	1
0	68720	0.799153440329	1
0	68729	0.799253440329	1
0	68733	0.799353440329	1
0	68743	0.799453440329	1
0	68753	0.799553440329	1
0	68763	0.799653440329	1
0	68772	0.799753440329	1
0	68776	0.799853440329	1
0	68786	0.799953440329	1
0	68796	0.800053440329	1
0	68806	0.800153440329	1
0	68815	0.800253440329	1
0	68819	0.800353440329	1
0	68829	0.800453440329	1
0	68839	0.800553440329	1
0	68849	0.800653440329	1
0	68858	0.800753440329	1
0	68862	0.800853440329	1
0	68872	0.800953440329	1
0	68882	0.801053440329	1
0	68892	0.801153440329	1
0	68901	0.801253440329	1
0	68905	0.801353440329	1
0	68915	0.801453440329	1
0	68925	0.801553440329	1
0	68935	0.801653440329	1
0	68944	0.801753440329	1
0	68948	0.801853440329	1
0	68958	0.801953440329	1
0	68968	0.802053440329	1
0	68978	0.802153440329	1
0	68987	0.802253440329	1
0	68991	0.802353440329	1
0	69001	0.802453440329	1
0	69011	0.802553440329	1
0	69021	0.802653440329	1
0	69030	0.802753440329	1
0	69034	0.802853440329	1
0	69044	0.802953440329	1
0	69054	0.803053440329	1
0	69064	0.803153440329	1
0	69073	0.803253440329	1
0	69077	0.803353440329	1
0	69087	0.803453440329	1
0	69097	0.803553440329	1
0	69107	0.803653440329	1
0	69116	0.803753440329	1
0	69120	0.803853440329	1
0	69130	0.803953440329	1
0	69140	0.804053440329	1
0	69150	0.804153440329	1
0	69159	0.804253440329	1
0	69163	0.804353440329	1
0	69173	0.804453440329	1
0	69183	0.804553440329	1
0	69193	0.804653440329	1
0	69202	0.804753440329	1
0	69206	0.804853440329	1
0	69216	0.804953440329	1
0	69226	0.805053440329	1
0	69236	0.805153440329	1
0	69245	0.805253440329	1
0	69249	0.805353440329	1
0	69259	0.805453440329	1
0	69269	0.805553440329	1
0	69279	0.805653440329	1
0	69288	0.805753440329	1
0	69292	0.805853440329	1
0	69302	0.805953440329	1
0	69312	0.806053440329	1
0	69322	0.806153440329	1
0	69331	0.806253440329	1
0	69335	0.806353440329	1
0	69345	0.806453440329	1
0	69355	0.806553440329	1
0	69365	0.806653440329	1
0	69374	0.806753440329	1
0	69378	0.806853440329	1
0	69388	0.806953440329	1
0	69398	0.807053440329	1
0	69408	0.807153440329	1
0	69417	0.807253440329	1
0	69421	0.807353440329	1
0	69431	0.807453440329	1
0	69441	0.807553440329	1
0	69451	0.807653440329	1
0	69460	0.807753440329	1
0	69464	0.807853440329	1
0	69474	0.807953440329	1
0	69484	0.808053440329	1
0	69494	0.808153440329	1
0	69503	0.808253440329	1
0	69507	0.808353440329	1
0	69517	0.808453440329	1
0	69527	0.808553440329	1
0	69537	0.808653440329	1
0	69546	0.808753440329	1
0	69550	0.808853440329	1
0	69560	0.808953440329	1
0	69570	0.809053440329	1
0	69580	0.809153440329	1
0	69589	0.809253440329	1
0	69593	0.809353440329	1
0	69603	0.809453440329	1
0	69613	0.809553440329	1
0	69623	0.809653440329	1
0	69632	0.809753440329	1
0	69636	0.809853440329	1
0	69646	0.809953440329	1
0	69656	0.810053440329	1
0	69666	0.810153440329	1
0	69675	0.810253440329	1
0	69679	0.810353440329	1
0	69689	0.810453440329	1
0	69699	0.810553440329	1
0	69709	0.810653440329	1
0	69718	0.810753440329	1
0	69722	0.810853440329	1
0	69732	0.810953440329	1
0	69742	0.811053440329	1
0	69752	0.811153440329	1
0	69761	0.811253440329	1
0	69765	0.811353440329	1
0	69775	0.811453440329	1
0	69785	0.811553440329	1
0	69795	0.811653440329	1
0	69804	0.811753440329	1
0	69808	0.811853440329	1
0	69818	0.811953440329	1
0	69828	0.812053440329	1
0	69838	0.812153440329	1
0	69847	0.812253440329	1
0	69851	0.812353440329	1
0	69861	0.812453440329	1
0	69871	0.812553440329	1
0	69881	0.812653440329	1
0	69890	0.812753440329	1
0	69894	0.812853440329	1
0	69904	0.812953440329	1
0	69914	0.813053440329	1
0	69924	0.813153440329	1
0	69933	0.813253440329	1
0	69937	0.813353440329	1
0	69947	0.813453440329	1
0	69957	0.813553440329	1
0	69967	0.813653440329	1
0	69976	0.813753440329	1
0	69980	0.813853440329	1
0	69990	0.813953440329	1
0	70000	0.814053440329	1
0	70010	0.814153440329	1
0	70019	0.814253440329	1
0	70023	0.814353440329	1
0	70033	0.814453440329	1
0	70043	0.814553440329	1
0	70053	0.814653440329	1
0	70062	0.814753440329	1
0	70066	0.814853440329	1
0	70076	0.814953440329	1
0	70086	0.815053440329	1
0	70096	0.815153440329	1
0	70105	0.815253440329	1
0	70109	0.815353440329	1
0	70119	0.815453440329	1
0	70129	0.815553440329	1
0	70139	0.815653440329	1
0	70148	0.815753440329	1
0	70152	0.815853440329	1
0	70162	0.815953440329	1
0	70172	0.816053440329	1
0	70182	0.816153440329	1
0	70191	0.816253440329	1
0	70195	0.816353440329	1
0	70205	0.816453440329	1
0	70215	0.816553440329	1
0	70225	0.816653440329	1
0	70234	0.816753440329	1
0	70238	0.816853440329	1
0	70248	0.816953440329	1
0	70258	0.817053440329	1
0	70268	0.817153440329	1
0	70277	0.817253440329	1
0	70281	0.817353440329	1
0	70291	0.817453440329	1
0	70301	0.817553440329	1
0	70311	0.817653440329	1
0	70320	0.817753440329	1
0	70324	0.817853440329	1
0	70334	0.817953440329	1
0	70344	0.818053440329	1
0	70354	0.818153440329	1
0	70363	0.818253440329	1
0	70367	0.818353440329	1
0	70377	0.818453440329	1
0	70387	0.818553440329	1
0	70397	0.818653440329	1
0	70406	0.818753440329	1
0	70410	0.818853440329	1
0	70420	0.818953440329	1
0	70430	0.819053440329	1
0	70440	0.819153440329	1
0	70449	0.819253440329	1
0	70453	0.819353440329	1
0	70463	0.819453440329	1
0	70473	0.819553440329	1
0	70483	0.819653440329	1
0	70492	0.819753440329	1
0	70496	0.819853440329	1
0	70506	0.819953440329	1
0	70516	0.820053440329	1
0	70526	0.820153440329	1
0	70535	0.820253440329	1
0	70539	0.820353440329	1
0	70549	0.820453440329	1
0	70559	0.820553440329	1
0	70569	0.820653440329	1
0	70578	0.820753440329	1
0	70582	0.820853440329	1
0	70592	0.820953440329	1
0	70602	0.821053440329	1
0	70612	0.821153440329	1
0	70621	0.821253440329	1
0	70625	0.821353440329	1
0	70635	0.821453440329	1
0	70645	0.821553440329	1
0	70655	0.821653440329	1
0	70664	0.821753440329	1
0	70668	0.821853440329	1
0	70678	0.821953440329	1
0	70688	0.822053440329	1
0	70698	0.822153440329	1
0	70707	0.822253440329	1
0	70711	0.822353440329	1
0	70721	0.822453440329	1
0	70731	0.822553440329	1
0	70741	0.822653440329	1
0	70750	0.822753440329	1
0	70754	0.822853440329	1
0	70764	0.822953440329	1
0	70774	0.823053440329	1
0	70784	0.823153440329	1
0	70793	0.823253440329	1
0	70797	0.823353440329	1
0	70807	0.823453440329	1
0	70817	0.823553440329	1
0	70827	0.823653440329	1
0	70836	0.823753440329	1
0	70840	0.823853440329	1
0	70850	0.823953440329	1
0	70860	0.824053440329	1
0	70870	0.824153440329	1
0	70879	0.824253440329	1
0	70883	0.824353440329	1
0	70893	0.824453440329	1
0	70903	0.824553440329	1
0	70913	0.824653440329	1
0	70922	0.824753440329	1
0	70926	0.824853440329	1
0	70936	0.824953440329	1
0	70946	0.825053440329	1
0	70956	0.825153440329	1
0	70965	0.825253440329	1
0	70969	0.825353440329	1
0	70979	0.825453440329	1
0	70989	0.825553440329	1
0	70999	0.825653440329	1
0	71008	0.825753440329	1
0	71012	0.825853440329	1
0	71022	0.825953440329	1
0	71032	0.826053440329	1
0	71042	0.826153440329	1
0	71051	0.826253440329	1
0	71055	0.826353440329	1
0	71065	0.826453440329	1
0	71075	0.826553440329	1
0	71085	0.826653440329	1
0	71094	0.826753440329	1
0	71098	0.826853440329	1
0	71108	0.826953440329	1
0	71118	0.827053440329	1
0	71128	0.827153440329	1
0	71137	0.827253440329	1
0	71141	0.827353440329	1
0	71151	0.827453440329	1
0	71161	0.827553440329	1
0	71171	0.827653440329	1
0	71180	0.827753440329	1
0	71184	0.827853440329	1
0	71194	0.827953440329	1
0	71204	0.828053440329	1
0	71214	0.828153440329	1
0	71223	0.828253440329	1
0	71227	0.828353440329	1
0	71237	0.828453440329	1
0	71247	0.828553440329	1
0	71257	0.828653440329	1
0	71266	0.828753440329	1
0	71270	0.828853440329	1
0	71280	0.828953440329	1
0	71290	0.829053440329	1
0	71300	0.829153440329	1
0	71309	0.829253440329	1
0	71313	0.829353440329	1
0	71323	0.829453440329	1
0	71333	0.829553440329	1
0	71343	0.829653440329	1
0	71352	0.829753440329	1
0	71356	0.829853440329	1
0	71366	0.829953440329	1
0	71376	0.830053440329	1
0	71386	0.830153440329	1
0	71395	0.830253440329	1
0	71399	0.830353440329	1
0	71409	0.830453440329	1
0	71419	0.830553440329	1
0	71429	0.830653440329	1
0	71438	0.830753440329	1
0	71442	0.830853440329	1
0	71452	0.830953440329	1
0	71462	0.831053440329	1
0	71472	0.831153440329	1
0	71481	0.831253440329	1
0	71485	0.831353440329	1
0	71495	0.831453440329	1
0	71505	0.831553440329	1
0	71515	0.831653440329	1
0	71524	0.831753440329	1
0	71528	0.831853440329	1
0	71538	0.831953440329	1
0	71548	0.832053440329	1
0	71558	0.832153440329	1
0	71567	0.832253440329	1
0	71571	0.832353440329	1
0	71581	0.832453440329	1
0	71591	0.832553440329	1
0	71601	0.832653440329	1
0	71610	0.832753440329	1
0	71614	0.832853440329	1
0	71624	0.832953440329	1
0	71634	0.833053440329	1
0	71644	0.833153440329	1
0	71653	0.833253440329	1
0	71657	0.833353440329	1
0	71667	0.833453440329	1
0	71677	0.833553440329	1
0	71687	0.833653440329	1
0	71696	0.833753440329	1
0	71700	0.833853440329	1
0	71710	0.833953440329	1
0	71720	0.834053440329	1
0	71730	0.834153440329	1
0	71739	0.834253440329	1
0	71743	0.834353440329	1
0	71753	0.834453440329	1
0	71763	0.834553440329	1
0	71773	0.834653440329	1
0	71782	0.834753440329	1
0	71786	0.834853440329	1
0	71796	0.834953440329	1
0	71806	0.835053440329	1
0	71816	0.835153440329	1
0	71825	0.835253440329	1
0	71829	0.835353440329	1
0	71839	0.835453440329	1
0	71849	0.835553440329	1
0	71859	0.835653440329	1
0	71868	0.835753440329	1
0	71872	0.835853440329	1
0	71882	0.835953440329	1
0	71892	0.836053440329	1
0	71902	0.836153440329	1
0	71911	0.836253440329	1
0	71915	0.836353440329	1
0	71925	0.836453440329	1
0	71935	0.836553440329	1
0	71945	0.836653440329	1
0	71954	0.836753440329	1
0	71958	0.836853440329	1
0	71968	0.836953440329	1
0	71978	0.837053440329	1
0	71988	0.837153440329	1
0	71997	0.837253440329	1
0	72001	0.837353440329	1
0	72011	0.837453440329	1
0	72021	0.837553440329	1
0	72031	0.837653440329	1
0	72040	0.837753440329	1
0	72044	0.837853440329	1
0	72054	0.837953440329	1
0	72064	0.838053440329	1
0	72074	0.838153440329	1
0	72083	0.838253440329	1
0	72087	0.838353440329	1
0	72097	0.838453440329	1
0	72107	0.838553440329	1
0	72117	0.838653440329	1
0	72126	0.838753440329	1
0	72130	0.838853440329	1
0	72140	0.838953440329	1
0	72150	0.839053440329	1
0	72160	0.839153440329	1
0	72169	0.839253440329	1
0	72173	0.839353440329	1
0	72183	0.839453440329	1
0	72193	0.839553440329	1
0	72203	0.839653440329	1
0	72212	0.839753440329	1
0	72216	0.839853440329	1
0	72226	0.839953440329	1
0	72236	0.840053440329	1
0	72246	0.840153440329	1
0	72255	0.840253440329	1
0	72259	0.840353440329	1
0	72269	0.840453440329	1
0	72279	0.840553440329	1
0	72289	0.840653440329	1
0	72298	0.840753440329	1
0	72302	0.840853440329	1
0	72312	0.840953440329	1
0	72322	0.841053440329	1
0	72332	0.841153440329	1
0	72341	0.841253440329	1
0	72345	0.841353440329	1
0	72355	0.841453440329	1
0	72365	0.841553440329	1
0	72375	0.841653440329	1
0	72384	0.841753440329	1
0	72388	0.841853440329	1
0	72398	0.841953440329	1
0	72408	0.842053440329	1
0	72418	0.842153440329	1
0	72427	0.842253440329	1
0	72431	0.842353440329	1
0	72441	0.842453440329	1
0	72451	0.842553440329	1
0	72461	0.842653440329	1
0	72470	0.842753440329	1
0	72474	0.842853440329	1
0	72484	0.842953440329	1
0	72494	0.843053440329	1
0	72504	0.843153440329	1
0	72513	0.843253440329	1
0	72517	0.843353440329	1
0	72527	0.843453440329	1
0	72537	0.843553440329	1
0	72547	0.843653440329	1
0	72556	0.843753440329	1
0	72560	0.843853440329	1
0	72570	0.843953440329	1
0	72580	0.844053440329	1
0	72590	0.844153440329	1
0	72599	0.844253440329	1
0	72603	0.844353440329	1
0	72613	0.844453440329	1
0	72623	0.844553440329	1
0	72633	0.844653440329	1
0	72642	0.844753440329	1
0	72646	0.844853440329	1
0	72656	0.844953440329	1
0	72666	0.845053440329	1
0	72676	0.845153440329	1
0	72685	0.845253440329	1
0	72689	0.845353440329	1
0	72699	0.845453440329	1
0	72709	0.845553440329	1
0	72719	0.845653440329	1
0	72728	0.845753440329	1
0	72732	0.845853440329	1
0	72742	0.845953440329	1
0	72752	0.846053440329	1
0	72762	0.846153440329	1
0	72771	0.846253440329	1
0	72775	0.846353440329	1
0	72785	0.846453440329	1
0	72795	0.846553440329	1
0	72805	0.846653440329	1
0	72814	0.846753440329	1
0	72818	0.846853440329	1
0	72828	0.846953440329	1
0	72838	0.847053440329	1
0	72848	0.847153440329	1
0	72857	0.847253440329	1
0	72861	0.847353440329	1
0	72871	0.847453440329	1
0	72881	0.847553440329	1
0	72891	0.847653440329	1
0	72900	0.847753440329	1
0	72904	0.847853440329	1
0	72914	0.847953440329	1
0	72924	0.848053440329	1
0	72934	0.848153440329	1
0	72943	0.848253440329	1
0	72947	0.848353440329	1
0	72957	0.848453440329	1
0	72967	0.848553440329	1
0	72977	0.848653440329	1
0	72986	0.848753440329	1
0	72990	0.848853440329	1
0	73000	0.848953440329	1
0	73010	0.849053440329	1
0	73020	0.849153440329	1
0	73029	0.849253440329	1
0	73033	0.849353440329	1
0	73043	0.849453440329	1
0	73053	0.849553440329	1
0	73063	0.849653440329	1
0	73072	0.849753440329	1
0	73076	0.849853440329	1
0	73086	0.849953440329	1
0	73096	0.850053440329	1
0	73106	0.850153440329	1
0	73115	0.850253440329	1
0	73119	0.850353440329	1
0	73129	0.850453440329	1
0	73139	0.850553440329	1
0	73149	0.850653440329	1
0	73158	0.850753440329	1
0	73162	0.850853440329	1
0	73172	0.850953440329	1
0	73182	0.851053440329	1
0	73192	0.851153440329	1
0	73201	0.851253440329	1
0	73205	0.851353440329	1
0	73215	0.851453440329	1
0	73225	0.851553440329	1
0	73235	0.851653440329	1
0	73244	0.851753440329	1
0	73248	0.851853440329	1
0	73258	0.851953440329	1
0	73268	0.852053440329	1
0	73278	0.852153440329	1
0	73287	0.852253440329	1
0	73291	0.852353440329	1
0	73301	0.852453440329	1
0	73311	0.852553440329	1
0	73321	0.852653440329	1
0	73330	0.852753440329	1
0	73334	0.852853440329	1
0	73344	0.852953440329	1
0	73354	0.853053440329	1
0	73364	0.853153440329	1
0	73373	0.853253440329	1
0	73377	0.853353440329	1
0	73387	0.853453440329	1
0	73397	0.853553440329	1
0	73407	0.853653440329	1
0	73416	0.853753440329	1
0	73420	0.853853440329	1
0	73430	0.853953440329	1
0	73440	0.854053440329	1
0	73450	0.854153440329	1
0	73459	0.854253440329	1
0	73463	0.854353440329	1
0	73473	0.854453440329	1
0	73483	0.854553440329	1
0	73493	0.854653440329	1
0	73502	0.854753440329	1
0	73506	0.854853440329	1
0	73516	0.854953440329	1
0	73526	0.855053440329	1
0	73536	0.855153440329	1
0	73545	0.855253440329	1
0	73549	0.855353440329	1
0	73559	0.855453440329	1
0	73569	0.855553440329	1
0	73579	0.855653440329	1
0	73588	0.855753440329	1
0	73592	0.855853440329	1
0	73602	0.855953440329	1
0	73612	0.856053440329	1
0	73622	0.856153440329	1
0	73631	0.856253440329	1
0	73635	0.856353440329	1
0	73645	0.856453440329	1
0	73655	0.856553440329	1
0	73665	0.856653440329	1
0	73674	0.856753440329	1
0	73678	0.856853440329	1
0	73688	0.856953440329	1
0	73698	0.857053440329	1
0	73708	0.857153440329	1
0	73717	0.857253440329	1
0	73721	0.857353440329	1
0	73731	0.857453440329	1
0	73741	0.857553440329	1
0	73751	0.857653440329	1
0	73760	0.857753440329	1
0	73764	0.857853440329	1
0	73774	0.857953440329	1
0	73784	0.858053440329	1
0	73794	0.858153440329	1
0	73803	0.858253440329	1
0	73807	0.858353440329	1
0	73817	0.858453440329	1
0	73827	0.858553440329	1
0	73837	0.858653440329	1
0	73846	0.858753440329	1
0	73850	0.858853440329	1
0	73860	0.858953440329	1
0	73870	0.859053440329	1
0	73880	0.859153440329	1
0	73889	0.859253440329	1
0	73893	0.859353440329	1
0	73903	0.859453440329	1
0	73913	0.859553440329	1
0	73923	0.859653440329	1
0	73932	0.859753440329	1
0	73936	0.859853440329	1
0	73946	0.859953440329	1
0	73956	0.860053440329	1
0	73966	0.860153440329	1
0	73975	0.860253440329	1
0	73979	0.860353440329	1
0	73989	0.860453440329	1
0	73999	0.860553440329	1
0	74009	0.860653440329	1
0	74018	0.860753440329	1
0	74022	0.860853440329	1
0	74032	0.860953440329	1
0	74042	0.861053440329	1
0	74052	0.861153440329	1
0	74061	0.861253440329	1
0	74065	0.861353440329	1
0	74075	0.861453440329	1
0	74085	0.861553440329	1
0	74095	0.861653440329	1
0	74104	0.861753440329	1
0	74108	0.861853440329	1
0	74118	0.861953440329	1
0	74128	0.862053440329	1
0	74138	0.862153440329	1
0	74147	0.862253440329	1
0	74151	0.862353440329	1
0	74161	0.862453440329	1
0	74171	0.862553440329	1
0	74181	0.862653440329	1
0	74190	0.862753440329	1
0	74194	0.862853440329	1
0	74204	0.862953440329	1
0	74214	0.863053440329	1
0	74224	0.863153440329	1
0	74233	0.863253440329	1
0	74237	0.863353440329	1
0	74247	0.863453440329	1
0	74257	0.863553440329	1
0	74267	0.863653440329	1
0	74276	0.863753440329	1
0	74280	0.863853440329	1
0	74290	0.863953440329	1
0	74300	0.864053440329	1
0	74310	0.864153440329	1
0	74319	0.864253440329	1
0	74323	0.864353440329	1
0	74333	0.864453440329	1
0	74343	0.864553440329	1
0	74353	0.864653440329	1
0	74362	0.864753440329	1
0	74366	0.864853440329	1
0	74376	0.864953440329	1
0	74386	0.865053440329	1
0	74396	0.865153440329	1
0	74405	0.865253440329	1
0	74409	0.865353440329	1
0	74419	0.865453440329	1
0	74429	0.865553440329	1
0	74439	0.865653440329	1
0	74448	0.865753440329	1
0	74452	0.865853440329	1
0	74462	0.865953440329	1
0	74472	0.866053440329	1
0	74482	0.866153440329	1
0	74491	0.866253440329	1
0	74495	0.866353440329	1
0	74505	0.866453440329	1
0	74515	0.866553440329	1
0	74525	0.866653440329	1
0	74534	0.866753440329	1
0	74538	0.866853440329	1
0	74548	0.866953440329	1
0	74558	0.867053440329	1
0	74568	0.867153440329	1
0	74577	0.867253440329	1
0	74581	0.867353440329	1
0	74591	0.867453440329	1
0	74601	0.867553440329	1
0	74611	0.867653440329	1
0	74620	0.867753440329	1
0	74624	0.867853440329	1
0	74634	0.867953440329	1
0	74644	0.868053440329	1
0	74654	0.868153440329	1
0	74663	0.868253440329	1
0	74667	0.868353440329	1
0	74677	0.868453440329	1
0	74687	0.868553440329	1
0	74697	0.868653440329	1
0	74706	0.868753440329	1
0	74710	0.868853440329	1
0	74720	0.868953440329	1
0	74730	0.869053440329	1
0	74740	0.869153440329	1
0	74749	0.869253440329	1
0	74753	0.869353440329	1
0	74763	0.869453440329	1
0	74773	0.869553440329	1
0	74783	0.869653440329	1
0	74792	0.869753440329	1
0	74796	0.869853440329	1
0	74806	0.869953440329	1
0	74816	0.870053440329	1
0	74826	0.870153440329	1
0	74835	0.870253440329	1
0	74839	0.870353440329	1
0	74849	0.870453440329	1
0	74859	0.870553440329	1
0	74869	0.870653440329	1
0	74878	0.870753440329	1
0	74882	0.870853440329	1
0	74892	0.870953440329	1
0	74902	0.871053440329	1
0	74912	0.871153440329	1
0	74921	0.871253440329	1
0	74925	0.871353440329	1
0	74935	0.871453440329	1
0	74945	0.871553440329	1
0	74955	0.871653440329	1
0	74964	0.871753440329	1
0	74968	0.871853440329	1
0	74978	0.871953440329	1
0	74988	0.872053440329	1
0	74998	0.872153440329	1
0	75007	0.872253440329	1
0	75011	0.872353440329	1
0	75021	0.872453440329	1
0	75031	0.872553440329	1
0	75041	0.872653440329	1
0	75050	0.872753440329	1
0	75054	0.872853440329	1
0	75064	0.872953440329	1
0	75074	0.873053440329	1
0	75084	0.873153440329	1
0	75093	0.873253440329	1
0	75097	0.873353440329	1
0	75107	0.873453440329	1
0	75117	0.873553440329	1
0	75127	0.873653440329	1
0	75136	0.873753440329	1
0	75140	0.873853440329	1
0	75150	0.873953440329	1
0	75160	0.874053440329	1
0	75170	0.874153440329	1
0	75179	0.874253440329	1
0	75183	0.874353440329	1
0	75193	0.874453440329	1
0	75203	0.874553440329	1
0	75213	0.874653440329	1
0	75222	0.874753440329	1
0	75226	0.874853440329	1
0	75236	0.874953440329	1
0	75246	0.875053440329	1
0	75256	0.875153440329	1
0	75265	0.875253440329	1
0	75269	0.875353440329	1
0	75279	0.875453440329	1
0	75289	0.875553440329	1
0	75299	0.875653440329	1
0	75308	0.875753440329	1
0	75312	0.875853440329	1
0	75322	0.875953440329	1
0	75332	0.876053440329	1
0	75342	0.876153440329	1
0	75351	0.876253440329	1
0	75355	0.876353440329	1
0	75365	0.876453440329	1
0	75375	0.876553440329	1
0	75385	0.876653440329	1
0	75394	0.876753440329	1
0	75398	0.876853440329	1
0	75408	0.876953440329	1
0	75418	0.877053440329	1
0	75428	0.877153440329	1
0	75437	0.877253440329	1
0	75441	0.877353440329	1
0	75451	0.877453440329	1
0	75461	0.877553440329	1
0	75471	0.877653440329	1
0	75480	0.877753440329	1
0	75484	0.877853440329	1
0	75494	0.877953440329	1
0	75504	0.878053440329	1
0	75514	0.878153440329	1
0	75523	0.878253440329	1
0	75527	0.878353440329	1
0	75537	0.878453440329	1
0	75547	0.878553440329	1
0	75557	0.878653440329	1
0	75566	0.878753440329	1
0	75570	0.878853440329	1
0	75580	0.878953440329	1
0	75590	0.879053440329	1
0	75600	0.879153440329	1
0	75609	0.879253440329	1
0	75613	0.879353440329	1
0	75623	0.879453440329	1
0	75633	0.879553440329	1
0	75643	0.879653440329	1
0	75652	0.879753440329	1
0	75656	0.879853440329	1
0	75666	0.879953440329	1
0	75676	0.880053440329	1
0	75686	0.880153440329	1
0	75695	0.880253440329	1
0	75699	0.880353440329	1
0	75709	0.880453440329	1
0	75719	0.880553440329	1
0	75729	0.880653440329	1
0	75738	0.880753440329	1
0	75742	0.880853440329	1
0	75752	0.880953440329	1
0	75762	0.881053440329	1
0	75772	0.881153440329	1
0	75781	0.881253440329	1
0	75785	0.881353440329	1
0	75795	0.881453440329	1
0	75805	0.881553440329	1
0	75815	0.881653440329	1
0	75824	0.881753440329	1
0	75828	0.881853440329	1
0	75838	0.881953440329	1
0	75848	0.882053440329	1
0	75858	0.882153440329	1
0	75867	0.882253440329	1
0	75871	0.882353440329	1
0	75881	0.882453440329	1
0	75891	0.882553440329	1
0	75901	0.882653440329	1
0	75910	0.882753440329	1
0	75914	0.882853440329	1
0	75924	0.882953440329	1
0	75934	0.883053440329	1
0	75944	0.883153440329	1
0	75953	0.883253440329	1
0	75957	0.883353440329	1
0	75967	0.883453440329	1
0	75977	0.883553440329	1
0	75987	0.883653440329	1
0	75996	0.883753440329	1
0	76000	0.883853440329	1
0	76010	0.883953440329	1
0	76020	0.884053440329	1
0	76030	0.884153440329	1
0	76039	0.884253440329	1
0	76043	0.884353440329	1
0	76053	0.884453440329	1
0	76063	0.884553440329	1
0	76073	0.884653440329	1
0	76082	0.884753440329	1
0	76086	0.884853440329	1
0	76096	0.884953440329	1
0	76106	0.885053440329	1
0	76116	0.885153440329	1
0	76125	0.885253440329	1
0	76129	0.885353440329	1
0	76139	0.885453440329	1
0	76149	0.885553440329	1
0	76159	0.885653440329	1
0	76168	0.885753440329	1
0	76172	0.885853440329	1
0	76182	0.885953440329	1
0	76192	0.886053440329	1
0	76202	0.886153440329	1
0	76211	0.886253440329	1
0	76215	0.886353440329	1
0	76225	0.886453440329	1
0	76235	0.886553440329	1
0	76245	0.886653440329	1
0	76254	0.886753440329	1
0	76258	0.886853440329	1
0	76268	0.886953440329	1
0	76278	0.887053440329	1
0	76288	0.887153440329	1
0	76297	0.887253440329	1
0	76301	0.887353440329	1
0	76311	0.887453440329	1
0	76321	0.887553440329	1
0	76331	0.887653440329	1
0	76340	0.887753440329	1
0	76344	0.887853440329	1
0	76354	0.887953440329	1
0	76364	0.888053440329	1
0	76374	0.888153440329	1
0	76383	0.888253440329	1
0	76387	0.888353440329	1
0	76397	0.888453440329	1
0	76407	0.888553440329	1
0	76417	0.888653440329	1
0	76426	0.888753440329	1
0	76430	0.888853440329	1
0	76440	0.888953440329	1
0	76450	0.889053440329	1
0	76460	0.889153440329	1
0	76469	0.889253440329	1
0	76473	0.889353440329	1
0	76483	0.889453440329	1
0	76493	0.889553440329	1
0	76503	0.889653440329	1
0	76512	0.889753440329	1
0	76516	0.889853440329	1
0	76526	0.889953440329	1
0	76536	0.890053440329	1
0	76546	0.890153440329	1
0	76555	0.890253440329	1
0	76559	0.890353440329	1
0	76569	0.890453440329	1
0	76579	0.890553440329	1
0	76589	0.890653440329	1
0	76598	0.890753440329	1
0	76602	0.890853440329	1
0	76612	0.890953440329	1
0	76622	0.891053440329	1
0	76632	0.891153440329	1
0	76641	0.891253440329	1
0	76645	0.891353440329	1
0	76655	0.891453440329	1
0	76665	0.891553440329	1
0	76675	0.891653440329	1
0	76684	0.891753440329	1
0	76688	0.891853440329	1
0	76698	0.891953440329	1
0	76708	0.892053440329	1
0	76718	0.892153440329	1
0	76727	0.892253440329	1
0	76731	0.892353440329	1
0	76741	0.892453440329	1
0	76751	0.892553440329	1
0	76761	0.892653440329	1
0	76770	0.892753440329	1
0	76774	0.892853440329	1
0	76784	0.892953440329	1
0	76794	0.893053440329	1
0	76804	0.893153440329	1
0	76813	0.893253440329	1
0	76817	0.893353440329	1
0	76827	0.893453440329	1
0	76837	0.893553440329	1
0	76847	0.893653440329	1
0	76856	0.893753440329	1
0	76860	0.893853440329	1
0	76870	0.893953440329	1
0	76880	0.894053440329	1
0	76890	0.894153440329	1
0	76899	0.894253440329	1
0	76903	0.894353440329	1
0	76913	0.894453440329	1
0	76923	0.894553440329	1
0	76933	0.894653440329	1
0	76942	0.894753440329	1
0	76946	0.894853440329	1
0	76956	0.894953440329	1
0	76966	0.895053440329	1
0	76976	0.895153440329	1
0	76985	0.895253440329	1
0	76989	0.895353440329	1
0	76999	0.895453440329	1
0	77009	0.895553440329	1
0	77019	0.895653440329	1
0	77028	0.895753440329	1
0	77032	0.895853440329	1
0	77042	0.895953440329	1
0	77052	0.896053440329	1
0	77062	0.896153440329	1
0	77071	0.896253440329	1
0	77075	0.896353440329	1
0	77085	0.896453440329	1
0	77095	0.896553440329	1
0	77105	0.896653440329	1
0	77114	0.896753440329	1
0	77118	0.896853440329	1
0	77128	0.896953440329	1
0	77138	0.897053440329	1
0	77148	0.897153440329	1
0	77157	0.897253440329	1
0	77161	0.897353440329	1
0	77171	0.897453440329	1
0	77181	0.897553440329	1
0	77191	0.897653440329	1
0	77200	0.897753440329	1
0	77204	0.897853440329	1
0	77214	0.897953440329	1
0	77224	0.898053440329	1
0	77234	0.898153440329	1
0	77243	0.898253440329	1
0	77247	0.898353440329	1
0	77257	0.898453440329	1
0	77267	0.898553440329	1
0	77277	0.898653440329	1
0	77286	0.898753440329	1
0	77290	0.898853440329	1
0	77300	0.898953440329	1
0	77310	0.899053440329	1
0	77320	0.899153440329	1
0	77329	0.899253440329	1
0	77333	0.899353440329	1
0	77343	0.899453440329	1
0	77353	0.899553440329	1
0	77363	0.899653440329	1
0	77372	0.899753440329	1
0	77376	0.899853440329	1
0	77386	0.899953440329	1
0	77396	0.900053440329	1
0	77406	0.900153440329	1
0	77415	0.900253440329	1
0	77419	0.900353440329	1
0	77429	0.900453440329	1
0	77439	0.900553440329	1
0	77449	0.900653440329	1
0	77458	0.900753440329	1
0	77462	0.900853440329	1
0	77472	0.900953440329	1
0	77482	0.901053440329	1
0	77492	0.901153440329	1
0	77501	0.901253440329	1
0	77505	0.901353440329	1
0	77515	0.901453440329	1
0	77525	0.901553440329	1
0	77535	0.901653440329	1
0	77544	0.901753440329	1
0	77548	0.901853440329	1
0	77558	0.901953440329	1
0	77568	0.902053440329	1
0	77578	0.902153440329	1
0	77587	0.902253440329	1
0	77591	0.902353440329	1
0	77601	0.902453440329	1
0	77611	0.902553440329	1
0	77621	0.902653440329	1
0	77630	0.902753440329	1
0	77634	0.902853440329	1
0	77644	0.902953440329	1
0	77654	0.903053440329	1
0	77664	0.903153440329	1
0	77673	0.903253440329	1
0	77677	0.903353440329	1
0	77687	0.903453440329	1
0	77697	0.903553440329	1
0	77707	0.903653440329	1
0	77716	0.903753440329	1
0	77720	0.903853440329	1
0	77730	0.903953440329	1
0	77740	0.904053440329	1
0	77750	0.904153440329	1
0	77759	0.904253440329	1
0	77763	0.904353440329	1
0	77773	0.904453440329	1
0	77783	0.904553440329	1
0	77793	0.904653440329	1
0	77802	0.904753440329	1
0	77806	0.904853440329	1
0	77816	0.904953440329	1
0	77826	0.905053440329	1
0	77836	0.905153440329	1
0	77845	0.905253440329	1
0	77849	0.905353440329	1
0	77859	0.905453440329	1
0	77869	0.905553440329	1
0	77879	0.905653440329	1
0	77888	0.905753440329	1
0	77892	0.905853440329	1
0	77902	0.905953440329	1
0	77912	0.906053440329	1
0	77922	0.906153440329	1
0	77931	0.906253440329	1
0	77935	0.906353440329	1
0	77945	0.906453440329	1
0	77955	0.906553440329	1
0	77965	0.906653440329	1
0	77974	0.906753440329	1
0	77978	0.906853440329	1
0	77988	0.906953440329	1
0	77998	0.907053440329	1
0	78008	0.907153440329	1
0	78017	0.907253440329	1
0	78021	0.907353440329	1
0	78031	0.907453440329	1
0	78041	0.907553440329	1
0	78051	0.907653440329	1
0	78060	0.907753440329	1
0	78064	0.907853440329	1
0	78074	0.907953440329	1
0	78084	0.908053440329	1
0	78094	0.908153440329	1
0	78103	0.908253440329	1
0	78107	0.908353440329	1
0	78117	0.908453440329	1
0	78127	0.908553440329	1
0	78137	0.908653440329	1
0	78146	0.908753440329	1
0	78150	0.908853440329	1
0	78160	0.908953440329	1
0	78170	0.909053440329	1
0	78180	0.909153440329	1
0	78189	0.909253440329	1
0	78193	0.909353440329	1
0	78203	0.909453440329	1
0	78213	0.909553440329	1
0	78223	0.909653440329	1
0	78232	0.909753440329	1
0	78236	0.909853440329	1
0	78246	0.909953440329	1
0	78256	0.910053440329	1
0	78266	0.910153440329	1
0	78275	0.910253440329	1
0	78279	0.910353440329	1
0	78289	0.910453440329	1
0	78299	0.910553440329	1
0	78309	0.910653440329	1
0	78318	0.910753440329	1
0	78322	0.910853440329	1
0	78332	0.910953440329	1
0	78342	0.911053440329	1
0	78352	0.911153440329	1
0	78361	0.911253440329	1
0	78365	0.911353440329	1
0	78375	0.911453440329	1
0	78385	0.911553440329	1
0	78395	0.911653440329	1
0	78404	0.911753440329	1
0	78408	0.911853440329	1
0	78418	0.911953440329	1
0	78428	0.912053440329	1
0	78438	0.912153440329	1
0	78447	0.912253440329	1
0	78451	0.912353440329	1
0	78461	0.912453440329	1
0	78471	0.912553440329	1
0	78481	0.912653440329	1
0	78490	0.912753440329	1
0	78494	0.912853440329	1
0	78504	0.912953440329	1
0	78514	0.913053440329	1
0	78524	0.913153440329	1
0	78533	0.913253440329	1
0	78537	0.913353440329	1
0	78547	0.913453440329	1
0	78557	0.913553440329	1
0	78567	0.913653440329	1
0	78576	0.913753440329	1
0	78580	0.913853440329	1
0	78590	0.913953440329	1
0	78600	0.914053440329	1
0	78610	0.914153440329	1
0	78619	0.914253440329	1
0	78623	0.914353440329	1
0	78633	0.914453440329	1
0	78643	0.914553440329	1
0	78653	0.914653440329	1
0	78662	0.914753440329	1
0	78666	0.914853440329	1
0	78676	0.914953440329	1
0	78686	0.915053440329	1
0	78696	0.915153440329	1
0	78705	0.915253440329	1
0	78709	0.915353440329	1
0	78719	0.915453440329	1
0	78729	0.915553440329	1
0	78739	0.915653440329	1
0	78748	0.915753440329	1
0	78752	0.915853440329	1
0	78762	0.915953440329	1
0	78772	0.916053440329	1
0	78782	0.916153440329	1
0	78791	0.916253440329	1
0	78795	0.916353440329	1
0	78805	0.916453440329	1
0	78815	0.916553440329	1
0	78825	0.916653440329	1
0	78834	0.916753440329	1
0	78838	0.916853440329	1
0	78848	0.916953440329	1
0	78858	0.917053440329	1
0	78868	0.917153440329	1
0	78877	0.917253440329	1
0	78881	0.917353440329	1
0	78891	0.917453440329	1
0	78901	0.917553440329	1
0	78911	0.917653440329	1
0	78920	0.917753440329	1
0	78924	0.917853440329	1
0	78934	0.917953440329	1
0	78944	0.918053440329	1
0	78954	0.918153440329	1
0	78963	0.918253440329	1
0	78967	0.918353440329	1
0	78977	0.918453440329	1
0	78987	0.918553440329	1
0	78997	0.918653440329	1
0	79006	0.918753440329	1
0	79010	0.918853440329	1
0	79020	0.918953440329	1
0	79030	0.919053440329	1
0	79040	0.919153440329	1
0	79049	0.919253440329	1
0	79053	0.919353440329	1
0	79063	0.919453440329	1
0	79073	0.919553440329	1
0	79083	0.919653440329	1
0	79092	0.919753440329	1
0	79096	0.919853440329	1
0	79106	0.919953440329	1
0	79116	0.920053440329	1
0	79126	0.920153440329	1
0	79135	0.920253440329	1
0	79139	0.920353440329	1
0	79149	0.920453440329	1
0	79159	0.920553440329	1
0	79169	0.920653440329	1
0	79178	0.920753440329	1
0	79182	0.920853440329	1
0	79192	0.920953440329	1
0	79202	0.921053440329	1
0	79212	0.921153440329	1
0	79221	0.921253440329	1
0	79225	0.921353440329	1
0	79235	0.921453440329	1
0	79245	0.921553440329	1
0	79255	0.921653440329	1
0	79264	0.921753440329	1
0	79268	0.921853440329	1
0	79278	0.921953440329	1
0	79288	0.922053440329	1
0	79298	0.922153440329	1
0	79307	0.922253440329	1
0	79311	0.922353440329	1
0	79321	0.922453440329	1
0	79331	0.922553440329	1
0	79341	0.922653440329	1
0	79350	0.922753440329	1
0	79354	0.922853440329	1
0	79364	0.922953440329	1
0	79374	0.923053440329	1
0	79384	0.923153440329	1
0	79393	0.923253440329	1
0	79397	0.923353440329	1
0	79407	0.923453440329	1
0	79417	0.923553440329	1
0	79427	0.923653440329	1
0	79436	0.923753440329	1
0	79440	0.923853440329	1
0	79450	0.923953440329	1
0	79460	0.924053440329	1
0	79470	0.924153440329	1
0	79479	0.924253440329	1
0	79483	0.924353440329	1
0	79493	0.924453440329	1
0	79503	0.924553440329	1
0	79513	0.924653440329	1
0	79522	0.924753440329	1
0	79526	0.924853440329	1
0	79536	0.924953440329	1
0	79546	0.925053440329	1
0	79556	0.925153440329	1
0	79565	0.925253440329	1
0	79569	0.925353440329	1
0	79579	0.925453440329	1
0	79589	0.925553440329	1
0	79599	0.925653440329	1
0	79608	0.925753440329	1
0	79612	0.925853440329	1
0	79622	0.925953440329	1
0	79632	0.926053440329	1
0	79642	0.926153440329	1
0	79651	0.926253440329	1
0	79655	0.926353440329	1
0	79665	0.926453440329	1
0	79675	0.926553440329	1
0	79685	0.926653440329	1
0	79694	0.926753440329	1
0	79698	0.926853440329	1
0	79708	0.926953440329	1
0	79718	0.927053440329	1
0	79728	0.927153440329	1
0	79737	0.927253440329	1
0	79741	0.927353440329	1
0	79751	0.927453440329	1
0	79761	0.927553440329	1
0	79771	0.927653440329	1
0	79780	0.927753440329	1
0	79784	0.927853440329	1
0	79794	0.927953440329	1
0	79804	0.928053440329	1
0	79814	0.928153440329	1
0	79823	0.928253440329	1
0	79827	0.928353440329	1
0	79837	0.928453440329	1
0	79847	0.928553440329	1
0	79857	0.928653440329	1
0	79866	0.928753440329	1
0	79870	0.928853440329	1
0	79880	0.928953440329	1
0	79890	0.929053440329	1
0	79900	0.929153440329	1
0	79909	0.929253440329	1
0	79913	0.929353440329	1
0	79923	0.929453440329	1
0	79933	0.929553440329	1
0	79943	0.929653440329	1
0	79952	0.929753440329	1
0	79956	0.929853440329	1
0	79966	0.929953440329	1
0	79976	0.930053440329	1
0	79986	0.930153440329	1
0	79995	0.930253440329	1
0	79999	0.930353440329	1
0	80009	0.930453440329	1
0	80019	0.930553440329	1
0	80029	0.930653440329	1
0	80038	0.930753440329	1
0	80042	0.930853440329	1
0	80052	0.930953440329	1
0	80062	0.931053440329	1
0	80072	0.931153440329	1
0	80081	0.931253440329	1
0	80085	0.931353440329	1
0	80095	0.931453440329	1
0	80105	0.931553440329	1
0	80115	0.931653440329	1
0	80124	0.931753440329	1
0	80128	0.931853440329	1
0	80138	0.931953440329	1
0	80148	0.932053440329	1
0	80158	0.932153440329	1
0	80167	0.932253440329	1
0	80171	0.932353440329	1
0	80181	0.932453440329	1
0	80191	0.932553440329	1
0	80201	0.932653440329	1
0	80210	0.932753440329	1
0	80214	0.932853440329	1
0	80224	0.932953440329	1
0	80234	0.933053440329	1
0	80244	0.933153440329	1
0	80253	0.933253440329	1
0	80257	0.933353440329	1
0	80267	0.933453440329	1
0	80277	0.933553440329	1
0	80287	0.933653440329	1
0	80296	0.933753440329	1
0	80300	0.933853440329	1
0	80310	0.933953440329	1
0	80320	0.934053440329	1
0	80330	0.934153440329	1
0	80339	0.934253440329	1
0	80343	0.934353440329	1
0	80353	0.934453440329	1
0	80363	0.934553440329	1
0	80373	0.934653440329	1
0	80382	0.934753440329	1
0	80386	0.934853440329	1
0	80396	0.934953440329	1
0	80406	0.935053440329	1
0	80416	0.935153440329	1
0	80425	0.935253440329	1
0	80429	0.935353440329	1
0	80439	0.935453440329	1
0	80449	0.935553440329	1
0	80459	0.935653440329	1
0	80468	0.935753440329	1
0	80472	0.935853440329	1
0	80482	0.935953440329	1
0	80492	0.936053440329	1
0	80502	0.936153440329	1
0	80511	0.936253440329	1
0	80515	0.936353440329	1
0	80525	0.936453440329	1
0	80535	0.936553440329	1
0	80545	0.936653440329	1
0	80554	0.936753440329	1
0	80558	0.936853440329	1
0	80568	0.936953440329	1
0	80578	0.937053440329	1
0	80588	0.937153440329	1
0	80597	0.937253440329	1
0	80601	0.937353440329	1
0	80611	0.937453440329	1
0	80621	0.937553440329	1
0	80631	0.937653440329	1
0	80640	0.937753440329	1
0	80644	0.937853440329	1
0	80654	0.937953440329	1
0	80664	0.938053440329	1
0	80674	0.938153440329	1
0	80683	0.938253440329	1
0	80687	0.938353440329	1
0	80697	0.938453440329	1
0	80707	0.938553440329	1
0	80717	0.938653440329	1
0	80726	0.938753440329	1
0	80730	0.938853440329	1
0	80740	0.938953440329	1
0	80750	0.939053440329	1
0	80760	0.939153440329	1
0	80769	0.939253440329	1
0	80773	0.939353440329	1
0	80783	0.939453440329	1
0	80793	0.939553440329	1
0	80803	0.939653440329	1
0	80812	0.939753440329	1
0	80816	0.939853440329	1
0	80826	0.939953440329	1
0	80836	0.940053440329	1
0	80846	0.940153440329	1
0	80855	0.940253440329	1
0	80859	0.940353440329	1
0	80869	0.940453440329	1
0	80879	0.940553440329	1
0	80889	0.940653440329	1
0	80898	0.940753440329	1
0	80902	0.940853440329	1
0	80912	0.940953440329	1
0	80922	0.941053440329	1
0	80932	0.941153440329	1
0	80941	0.941253440329	1
0	80945	0.941353440329	1
0	80955	0.941453440329	1
0	80965	0.941553440329	1
0	80975	0.941653440329	1
0	80984	0.941753440329	1
0	80988	0.941853440329	1
0	80998	0.941953440329	1
0	81008	0.942053440329	1
0	81018	0.942153440329	1
0	81027	0.942253440329	1
0	81031	0.942353440329	1
0	81041	0.942453440329	1
0	81051	0.942553440329	1
0	81061	0.942653440329	1
0	81070	0.942753440329	1
0	81074	0.942853440329	1
0	81084	0.942953440329	1
0	81094	0.943053440329	1
0	81104	0.943153440329	1
0	81113	0.943253440329	1
0	81117	0.943353440329	1
0	81127	0.943453440329	1
0	81137	0.943553440329	1
0	81147	0.943653440329	1
0	81156	0.943753440329	1
0	81160	0.943853440329	1
0	81170	0.943953440329	1
0	81180	0.944053440329	1
0	81190	0.944153440329	1
0	81199	0.944253440329	1
0	81203	0.944353440329	1
0	81213	0.944453440329	1
0	81223	0.944553440329	1
0	81233	0.944653440329	1
0	81242	0.944753440329	1
0	81246	0.944853440329	1
0	81256	0.944953440329	1
0	81266	0.945053440329	1
0	81276	0.945153440329	1
0	81285	0.945253440329	1
0	81289	0.945353440329	1
0	81299	0.945453440329	1
0	81309	0.945553440329	1
0	81319	0.945653440329	1
0	81328	0.945753440329	1
0	81332	0.945853440329	1
0	81342	0.945953440329	1
0	81352	0.946053440329	1
0	81362	0.946153440329	1
0	81371	0.946253440329	1
0	81375	0.946353440329	1
0	81385	0.946453440329	1
0	81395	0.946553440329	1
0	81405	0.946653440329	1
0	81414	0.946753440329	1
0	81418	0.946853440329	1
0	81428	0.946953440329	1
0	81438	0.947053440329	1
0	81448	0.947153440329	1
0	81457	0.947253440329	1
0	81461	0.947353440329	1
0	81471	0.947453440329	1
0	81481	0.947553440329	1
0	81491	0.947653440329	1
0	81500	0.947753440329	1
0	81504	0.947853440329	1
0	81514	0.947953440329	1
0	81524	0.948053440329	1
0	81534	0.948153440329	1
0	81543	0.948253440329	1
0	81547	0.948353440329	1
0	81557	0.948453440329	1
0	81567	0.948553440329	1
0	81577	0.948653440329	1
0	81586	0.948753440329	1
0	81590	0.948853440329	1
0	81600	0.948953440329	1
0	81610	0.949053440329	1
0	81620	0.949153440329	1
0	81629	0.949253440329	1
0	81633	0.949353440329	1
0	81643	0.949453440329	1
0	81653	0.949553440329	1
0	81663	0.949653440329	1
0	81672	0.949753440329	1
0	81676	0.949853440329	1
0	81686	0.949953440329	1
0	81696	0.950053440329	1
0	81706	0.950153440329	1
0	81715	0.950253440329	1
0	81719	0.950353440329	1
0	81729	0.950453440329	1
0	81739	0.950553440329	1
0	81749	0.950653440329	1
0	81758	0.950753440329	1
0	81762	0.950853440329	1
0	81772	0.950953440329	1
0	81782	0.951053440329	1
0	81792	0.951153440329	1
0	81801	0.951253440329	1
0	81805	0.951353440329	1
0	81815	0.951453440329	1
0	81825	0.951553440329	1
0	81835	0.951653440329	1
0	81844	0.951753440329	1
0	81848	0.951853440329	1
0	81858	0.951953440329	1
0	81868	0.952053440329	1
0	81878	0.952153440329	1
0	81887	0.952253440329	1
0	81891	0.952353440329	1
0	81901	0.952453440329	1
0	81911	0.952553440329	1
0	81921	0.952653440329	1
0	81930	0.952753440329	1
0	81934	0.952853440329	1
0	81944	0.952953440329	1
0	81954	0.953053440329	1
0	81964	0.953153440329	1
0	81973	0.953253440329	1
0	81977	0.953353440329	1
0	81987	0.953453440329	1
0	81997	0.953553440329	1
0	82007	0.953653440329	1
0	82016	0.953753440329	1
0	82020	0.953853440329	1
0	82030	0.953953440329	1
0	82040	0.954053440329	1
0	82050	0.954153440329	1
0	82059	0.954253440329	1
0	82063	0.954353440329	1
0	82073	0.954453440329	1
0	82083	0.954553440329	1
0	82093	0.954653440329	1
0	82102	0.954753440329	1
0	82106	0.954853440329	1
0	82116	0.954953440329	1
0	82126	0.955053440329	1
0	82136	0.955153440329	1
0	82145	0.955253440329	1
0	82149	0.955353440329	1
0	82159	0.955453440329	1
0	82169	0.955553440329	1
0	82179	0.955653440329	1
0	82188	0.955753440329	1
0	82192	0.955853440329	1
0	82202	0.955953440329	1
0	82212	0.956053440329	1
0	82222	0.956153440329	1
0	82231	0.956253440329	1
0	82235	0.956353440329	1
0	82245	0.956453440329	1
0	82255	0.956553440329	1
0	82265	0.956653440329	1
0	82274	0.956753440329	1
0	82278	0.956853440329	1
0	82288	0.956953440329	1
0	82298	0.957053440329	1
0	82308	0.957153440329	1
0	82317	0.957253440329	1
0	82321	0.957353440329	1
0	82331	0.957453440329	1
0	82341	0.957553440329	1
0	82351	0.957653440329	1
0	82360	0.957753440329	1
0	82364	0.957853440329	1
0	82374	0.957953440329	1
0	82384	0.958053440329	1
0	82394	0.958153440329	1
0	82403	0.958253440329	1
0	82407	0.958353440329	1
0	82417	0.958453440329	1
0	82427	0.958553440329	1
0	82437	0.958653440329	1
0	82446	0.958753440329	1
0	82450	0.958853440329	1
0	82460	0.958953440329	1
0	82470	0.959053440329	1
0	82480	0.959153440329	1
0	82489	0.959253440329	1
0	82493	0.959353440329	1
0	82503	0.959453440329	1
0	82513	0.959553440329	1
0	82523	0.959653440329	1
0	82532	0.959753440329	1
0	82536	0.959853440329	1
0	82546	0.959953440329	1
0	82556	0.960053440329	1
0	82566	0.960153440329	1
0	82575	0.960253440329	1
0	82579	0.960353440329	1
0	82589	0.960453440329	1
0	82599	0.960553440329	1
0	82609	0.960653440329	1
0	82618	0.960753440329	1
0	82622	0.960853440329	1
0	82632	0.960953440329	1
0	82642	0.961053440329	1
0	82652	0.961153440329	1
0	82661	0.961253440329	1
0	82665	0.961353440329	1
0	82675	0.961453440329	1
0	82685	0.961553440329	1
0	82695	0.961653440329	1
0	82704	0.961753440329	1
0	82708	0.961853440329	1
0	82718	0.961953440329	1
0	82728	0.962053440329	1
0	82738	0.962153440329	1
0	82747	0.962253440329	1
0	82751	0.962353440329	1
0	82761	0.962453440329	1
0	82771	0.962553440329	1
0	82781	0.962653440329	1
0	82790	0.962753440329	1
0	82794	0.962853440329	1
0	82804	0.962953440329	1
0	82814	0.963053440329	1
0	82824	0.963153440329	1
0	82833	0.963253440329	1
0	82837	0.963353440329	1
0	82847	0.963453440329	1
0	82857	0.963553440329	1
0	82867	0.963653440329	1
0	82876	0.963753440329	1
0	82880	0.963853440329	1
0	82890	0.963953440329	1
0	82900	0.964053440329	1
0	82910	0.964153440329	1
0	82919	0.964253440329	1
0	82923	0.964353440329	1
0	82933	0.964453440329	1
0	82943	0.964553440329	1
0	82953	0.964653440329	1
0	82962	0.964753440329	1
0	82966	0.964853440329	1
0	82976	0.964953440329	1
0	82986	0.965053440329	1
0	82996	0.965153440329	1
0	83005	0.965253440329	1
0	83009	0.965353440329	1
0	83019	0.965453440329	1
0	83029	0.965553440329	1
0	83039	0.965653440329	1
0	83048	0.965753440329	1
0	83052	0.965853440329	1
0	83062	0.965953440329	1
0	83072	0.966053440329	1
0	83082	0.966153440329	1
0	83091	0.966253440329	1
0	83095	0.966353440329	1
0	83105	0.966453440329	1
0	83115	0.966553440329	1
0	83125	0.966653440329	1
0	83134	0.966753440329	1
0	83138	0.966853440329	1
0	83148	0.966953440329	1
0	83158	0.967053440329	1
0	83168	0.967153440329	1
0	83177	0.967253440329	1
0	83181	0.967353440329	1
0	83191	0.967453440329	1
0	83201	0.967553440329	1
0	83211	0.967653440329	1
0	83220	0.967753440329	1
0	83224	0.967853440329	1
0	83234	0.967953440329	1
0	83244	0.968053440329	1
0	83254	0.968153440329	1
0	83263	0.968253440329	1
0	83267	0.968353440329	1
0	83277	0.968453440329	1
0	83287	0.968553440329	1
0	83297	0.968653440329	1
0	83306	0.968753440329	1
0	83310	0.968853440329	1
0	83320	0.968953440329	1
0	83330	0.969053440329	1
0	83340	0.969153440329	1
0	83349	0.969253440329	1
0	83353	0.969353440329	1
0	83363	0.969453440329	1
0	83373	0.969553440329	1
0	83383	0.969653440329	1
0	83392	0.969753440329	1
0	83396	0.969853440329	1
0	83406	0.969953440329	1
0	83416	0.970053440329	1
0	83426	0.970153440329	1
0	83435	0.970253440329	1
0	83439	0.970353440329	1
0	83449	0.970453440329	1
0	83459	0.970553440329	1
0	83469	0.970653440329	1
0	83478	0.970753440329	1
0	83482	0.970853440329	1
0	83492	0.970953440329	1
0	83502	0.971053440329	1
0	83512	0.971153440329	1
0	83521	0.971253440329	1
0	83525	0.971353440329	1
0	83535	0.971453440329	1
0	83545	0.971553440329	1
0	83555	0.971653440329	1
0	83564	0.971753440329	1
0	83568	0.971853440329	1
0	83578	0.971953440329	1
0	83588	0.972053440329	1
0	83598	0.972153440329	1
0	83607	0.972253440329	1
0	83611	0.972353440329	1
0	83621	0.972453440329	1
0	83631	0.972553440329	1
0	83641	0.972653440329	1
0	83650	0.972753440329	1
0	83654	0.972853440329	1
0	83664	0.972953440329	1
0	83674	0.973053440329	1
0	83684	0.973153440329	1
0	83693	0.973253440329	1
0	83697	0.973353440329	1
0	83707	0.973453440329	1
0	83717	0.973553440329	1
0	83727	0.973653440329	1
0	83736	0.973753440329	1
0	83740	0.973853440329	1
0	83750	0.973953440329	1
0	83760	0.974053440329	1
0	83770	0.974153440329	1
0	83779	0.974253440329	1
0	83783	0.974353440329	1
0	83793	0.974453440329	1
0	83803	0.974553440329	1
0	83813	0.974653440329	1
0	83822	0.974753440329	1
0	83826	0.974853440329	1
0	83836	0.974953440329	1
0	83846	0.975053440329	1
0	83856	0.975153440329	1
0	83865	0.975253440329	1
0	83869	0.975353440329	1
0	83879	0.975453440329	1
0	83889	0.975553440329	1
0	83899	0.975653440329	1
0	83908	0.975753440329	1
0	83912	0.975853440329	1
0	83922	0.975953440329	1
0	83932	0.976053440329	1
0	83942	0.976153440329	1
0	83951	0.976253440329	1
0	83955	0.976353440329	1
0	83965	0.976453440329	1
0	83975	0.976553440329	1
0	83985	0.976653440329	1
0	83994	0.976753440329	1
0	83998	0.976853440329	1
0	84008	0.976953440329	1
0	84018	0.977053440329	1
0	84028	0.977153440329	1
0	84037	0.977253440329	1
0	84041	0.977353440329	1
0	84051	0.977453440329	1
0	84061	0.977553440329	1
0	84071	0.977653440329	1
0	84080	0.977753440329	1
0	84084	0.977853440329	1
0	84094	0.977953440329	1
0	84104	0.978053440329	1
0	84114	0.978153440329	1
0	84123	0.978253440329	1
0	84127	0.978353440329	1
0	84137	0.978453440329	1
0	84147	0.978553440329	1
0	84157	0.978653440329	1
0	84166	0.978753440329	1
0	84170	0.978853440329	1
0	84180	0.978953440329	1
0	84190	0.979053440329	1
0	84200	0.979153440329	1
0	84209	0.979253440329	1
0	84213	0.979353440329	1
0	84223	0.979453440329	1
0	84233	0.979553440329	1
0	84243	0.979653440329	1
0	84252	0.979753440329	1
0	84256	0.979853440329	1
0	84266	0.979953440329	1
0	84276	0.980053440329	1
0	84286	0.980153440329	1
0	84295	0.980253440329	1
0	84299	0.980353440329	1
0	84309	0.980453440329	1
0	84319	0.980553440329	1
0	84329	0.980653440329	1
0	84338	0.980753440329	1
0	84342	0.980853440329	1
0	84352	0.980953440329	1
0	84362	0.981053440329	1
0	84372	0.981153440329	1
0	84381	0.981253440329	1
0	84385	0.981353440329	1
0	84395	0.981453440329	1
0	84405	0.981553440329	1
0	84415	0.981653440329	1
0	84424	0.981753440329	1
0	84428	0.981853440329	1
0	84438	0.981953440329	1
0	84448	0.982053440329	1
0	84458	0.982153440329	1
0	84467	0.982253440329	1
0	84471	0.982353440329	1
0	84481	0.982453440329	1
0	84491	0.982553440329	1
0	84501	0.982653440329	1
0	84510	0.982753440329	1
0	84514	0.982853440329	1
0	84524	0.982953440329	1
0	84534	0.983053440329	1
0	84544	0.983153440329	1
0	84553	0.983253440329	1
0	84557	0.983353440329	1
0	84567	0.983453440329	1
0	84577	0.983553440329	1
0	84587	0.983653440329	1
0	84596	0.983753440329	1
0	84600	0.983853440329	1
0	84610	0.983953440329	1
0	84620	0.984053440329	1
0	84630	0.984153440329	1
0	84639	0.984253440329	1
0	84643	0.984353440329	1
0	84653	0.984453440329	1
0	84663	0.984553440329	1
0	84673	0.984653440329	1
0	84682	0.984753440329	1
0	84686	0.984853440329	1
0	84696	0.984953440329	1
0	84706	0.985053440329	1
0	84716	0.985153440329	1
0	84725	0.985253440329	1
0	84729	0.985353440329	1
0	84739	0.985453440329	1
0	84749	0.985553440329	1
0	84759	0.985653440329	1
0	84768	0.985753440329	1
0	84772	0.985853440329	1
0	84782	0.985953440329	1
0	84792	0.986053440329	1
0	84802	0.986153440329	1
0	84811	0.986253440329	1
0	84815	0.986353440329	1
0	84825	0.986453440329	1
0	84835	0.986553440329	1
0	84845	0.986653440329	1
0	84854	0.986753440329	1
0	84858	0.986853440329	1
0	84868	0.986953440329	1
0	84878	0.987053440329	1
0	84888	0.987153440329	1
0	84897	0.987253440329	1
0	84901	0.987353440329	1
0	84911	0.987453440329	1
0	84921	0.987553440329	1
0	84931	0.987653440329	1
0	84940	0.987753440329	1
0	84944	0.987853440329	1
0	84954	0.987953440329	1
0	84964	0.988053440329	1
0	84974	0.988153440329	1
0	84983	0.988253440329	1
0	84987	0.988353440329	1
0	84997	0.988453440329	1
0	85007	0.988553440329	1
0	85017	0.988653440329	1
0	85026	0.988753440329	1
0	85030	0.988853440329	1
0	85040	0.988953440329	1
0	85050	0.989053440329	1
0	85060	0.989153440329	1
0	85069	0.989253440329	1
0	85073	0.989353440329	1
0	85083	0.989453440329	1
0	85093	0.989553440329	1
0	85103	0.989653440329	1
0	85112	0.989753440329	1
0	85116	0.989853440329	1
0	85126	0.989953440329	1
0	85136	0.990053440329	1
0	85146	0.990153440329	1
0	85155	0.990253440329	1
0	85159	0.990353440329	1
0	85169	0.990453440329	1
0	85179	0.990553440329	1
0	85189	0.990653440329	1
0	85198	0.990753440329	1
0	85202	0.990853440329	1
0	85212	0.990953440329	1
0	85222	0.991053440329	1
0	85232	0.991153440329	1
0	85241	0.991253440329	1
0	85245	0.991353440329	1
0	85255	0.991453440329	1
0	85265	0.991553440329	1
0	85275	0.991653440329	1
0	85284	0.991753440329	1
0	85288	0.991853440329	1
0	85298	0.991953440329	1
0	85308	0.992053440329	1
0	85318	0.992153440329	1
0	85327	0.992253440329	1
0	85331	0.992353440329	1
0	85341	0.992453440329	1
0	85351	0.992553440329	1
0	85361	0.992653440329	1
0	85370	0.992753440329	1
0	85374	0.992853440329	1
0	85384	0.992953440329	1
0	85394	0.993053440329	1
0	85404	0.993153440329	1
0	85413	0.993253440329	1
0	85417	0.993353440329	1
0	85427	0.993453440329	1
0	85437	0.993553440329	1
0	85447	0.993653440329	1
0	85456	0.993753440329	1
0	85460	0.993853440329	1
0	85470	0.993953440329	1
0	85480	0.994053440329	1
0	85490	0.994153440329	1
0	85499	0.994253440329	1
0	85503	0.994353440329	1
0	85513	0.994453440329	1
0	85523	0.994553440329	1
0	85533	0.994653440329	1
0	85542	0.994753440329	1
0	85546	0.994853440329	1
0	85556	0.994953440329	1
0	85566	0.995053440329	1
0	85576	0.995153440329	1
0	85585	0.995253440329	1
0	85589	0.995353440329	1
0	85599	0.995453440329	1
0	85609	0.995553440329	1
0	85619	0.995653440329	1
0	85628	0.995753440329	1
0	85632	0.995853440329	1
0	85642	0.995953440329	1
0	85652	0.996053440329	1
0	85662	0.996153440329	1
0	85671	0.996253440329	1
0	85675	0.996353440329	1
0	85685	0.996453440329	1
0	85695	0.996553440329	1
0	85705	0.996653440329	1
0	85714	0.996753440329	1
0	85718	0.996853440329	1
0	85728	0.996953440329	1
0	85738	0.997053440329	1
0	85748	0.997153440329	1
0	85757	0.997253440329	1
0	85761	0.997353440329	1
0	85771	0.997453440329	1
0	85781	0.997553440329	1
0	85791	0.997653440329	1
0	85800	0.997753440329	1
0	85804	0.997853440329	1
0	85814	0.997953440329	1
0	85824	0.998053440329	1
0	85834	0.998153440329	1
0	85843	0.998253440329	1
0	85847	0.998353440329	1
0	85857	0.998453440329	1
0	85867	0.998553440329	1
0	85877	0.998653440329	1
0	85886	0.998753440329	1
0	85890	0.998853440329	1
0	85900	0.998953440329	1
0	85910	0.999053440329	1
0	85920	0.999153440329	1
0	85929	0.999253440329	1
0	85933	0.999353440329	1
0	85943	0.999453440329	1
0	85953	0.999553440329	1
0	85963	0.999653440329	1
0	85972	0.999753440329	1
0	85976	0.999853440329	1
0	85986	0.999953440329	1
1	14	0.000252	1
1	25	0.000377	1
1	37	0.000502	1
1	47	0.000627	1
1	57	0.000752	1
1	68	0.000877	1
1	80	0.001002	1
1	90	0.001127	1
1	100	0.001252	1
1	111	0.001377	1
1	123	0.001502	1
1	133	0.001627	1
1	143	0.001752	1
1	154	0.001877	1
1	166	0.002002	1
1	176	0.002127	1
1	186	0.002252	1
1	197	0.002377	1
1	209	0.002502	1
1	219	0.002627	1
1	229	0.002752	1
1	240	0.002877	1
1	252	0.003002	1
1	262	0.003127	1
1	272	0.003252	1
1	283	0.003377	1
1	295	0.003502	1
1	305	0.003627	1
1	315	0.003752	1
1	326	0.003877	1
1	338	0.004002	1
1	348	0.004127	1
1	358	0.004252	1
1	369	0.004377	1
1	381	0.004502	1
1	391	0.004627	1
1	401	0.004752	1
1	412	0.004877	1
1	424	0.005002	1
1	434	0.005127	1
1	444	0.005252	1
1	455	0.005377	1
1	467	0.005502	1
1	477	0.005627	1
1	487	0.005752	1
1	498	0.005877	1
1	510	0.006002	1
1	520	0.006127	1
1	530	0.006252	1
1	541	0.006377	1
1	553	0.006502	1
1	563	0.006627	1
1	573	0.006752	1
1	584	0.006877	1
1	596	0.007002	1
1	606	0.007127	1
1	616	0.007252	1
1	627	0.007377	1
1	639	0.007502	1
1	649	0.007627	1
1	659	0.007752	1
1	670	0.007877	1
1	682	0.008002	1
1	692	0.008127	1
1	702	0.008252	1
1	713	0.008377	1
1	725	0.008502	1
1	735	0.008627	1
1	745	0.008752	1
1	756	0.008877	1
1	768	0.009002	1
1	778	0.009127	1
1	788	0.009252	1
1	799	0.009377	1
1	811	0.009502	1
1	821	0.009627	1
1	831	0.009752	1
1	842	0.009877	1
1	854	0.010002	1
1	864	0.010127	1
1	874	0.010252	1
1	885	0.010377	1
1	897	0.010502	1
1	907	0.010627	1
1	917	0.010752	1
1	928	0.010877	1
1	940	0.011002	1
1	950	0.011127	1
1	960	0.011252	1
1	971	0.011377	1
1	983	0.011502	1
1	993	0.011627	1
1	1003	0.011752	1
1	1014	0.011877	1
1	1026	0.012002	1
1	1036	0.012127	1
1	1046	0.012252	1
1	1057	0.012377	1
1	1069	0.012502	1
1	1079	0.012627	1
1	1089	0.012752	1
1	1100	0.012877	1
1	1112	0.013002	1
1	1122	0.013127	1
1	1132	0.013252	1
1	1143	0.013377	1
1	1155	0.013502	1
1	1165	0.013627	1
1	1175	0.013752	1
1	1186	0.013877	1
1	1198	0.014002	1
1	1208	0.014127	1
1	1218	0.014252	1
1	1229	0.014377	1
1	1241	0.014502	1
1	1251	0.014627	1
1	1261	0.014752	1
1	1272	0.014877	1
1	1284	0.015002	1
1	1294	0.015127	1
1	1304	0.015252	1
1	1315	0.015377	1
1	1327	0.015502	1
1	1337	0.015627	1
1	1347	0.015752	1
1	1358	0.015877	1
1	1370	0.016002	1
1	1380	0.016127	1
1	1390	0.016252	1
1	1401	0.016377	1
1	1413	0.016502	1
1	1423	0.016627	1
1	1433	0.016752	1
1	1444	0.016877	1
1	1456	0.017002	1
1	1466	0.017127	1
1	1476	0.017252	1
1	1487	0.017377	1
1	1499	0.017502	1
1	1509	0.017627	1
1	1519	0.017752	1
1	1530	0.017877	1
1	1542	0.018002	1
1	1552	0.018127	1
1	1562	0.018252	1
1	1573	0.018377	1
1	1585	0.018502	1
1	1595	0.018627	1
1	1605	0.018752	1
1	1616	0.018877	1
1	1628	0.019002	1
1	1638	0.019127	1
1	1648	0.019252	1
1	1659	0.019377	1
1	1671	0.019502	1
1	1681	0.019627	1
1	1691	0.019752	1
1	1702	0.019877	1
1	1714	0.020002	1
1	1724	0.020127	1
1	1734	0.020252	1
1	1745	0.020377	1
1	1757	0.020502	1
1	1767	0.020627	1
1	1777	0.020752	1
1	1788	0.020877	1
1	1800	0.021002	1
1	1810	0.021127	1
1	1820	0.021252	1
1	1831	0.021377	1
1	1843	0.021502	1
1	1853	0.021627	1
1	1863	0.021752	1
1	1874	0.021877	1
1	1886	0.022002	1
1	1896	0.022127	1
1	1906	0.022252	1
1	1917	0.022377	1
1	1929	0.022502	1
1	1939	0.022627	1
1	1949	0.022752	1
1	1960	0.022877	1
1	1972	0.023002	1
1	1982	0.023127	1
1	1992	0.023252	1
1	2003	0.023377	1
1	2015	0.023502	1
1	2025	0.023627	1
1	2035	0.023752	1
1	2046	0.023877	1
1	2058	0.024002	1
1	2068	0.024127	1
1	2078	0.024252	1
1	2089	0.024377	1
1	2101	0.024502	1
1	2111	0.024627	1
1	2121	0.024752	1
1	2132	0.024877	1
1	2144	0.025002	1
1	2154	0.025127	1
1	2164	0.025252	1
1	2175	0.025377	1
1	2187	0.025502	1
1	2197	0.025627	1
1	2207	0.025752	1
1	2218	0.025877	1
1	2230	0.026002	1
1	2240	0.026127	1
1	2250	0.026252	1
1	2261	0.026377	1
1	2273	0.026502	1
1	2283	0.026627	1
1	2293	0.026752	1
1	2304	0.026877	1
1	2316	0.027002	1
1	2326	0.027127	1
1	2336	0.027252	1
1	2347	0.027377	1
1	2359	0.027502	1
1	2369	0.027627	1
1	2379	0.027752	1
1	2390	0.027877	1
1	2402	0.028002	1
1	2412	0.028127	1
1	2422	0.028252	1
1	2433	0.028377	1
1	2445	0.028502	1
1	2455	0.028627	1
1	2465	0.028752	1
1	2476	0.028877	1
1	2488	0.029002	1
1	2498	0.029127	1
1	2508	0.029252	1
1	2519	0.029377	1
1	2531	0.029502	1
1	2541	0.029627	1
1	2551	0.029752	1
1	2562	0.029877	1
1	2574	0.030002	1
1	2584	0.030127	1
1	2594	0.030252	1
1	2605	0.030377	1
1	2617	0.030502	1
1	2627	0.030627	1
1	2637	0.030752	1
1	2648	0.030877	1
1	2660	0.031002	1
1	2670	0.031127	1
1	2680	0.031252	1
1	2691	0.031377	1
1	2703	0.031502	1
1	2713	0.031627	1
1	2723	0.031752	1
1	2734	0.031877	1
1	2746	0.032002	1
1	2756	0.032127	1
1	2766	0.032252	1
1	2777	0.032377	1
1	2789	0.032502	1
1	2799	0.032627	1
1	2809	0.032752	1
1	2820	0.032877	1
1	2832	0.033002	1
1	2842	0.033127	1
1	2852	0.033252	1
1	2863	0.033377	1
1	2875	0.033502	1
1	2885	0.033627	1
1	2895	0.033752	1
1	2906	0.033877	1
1	2918	0.034002	1
1	2928	0.034127	1
1	2938	0.034252	1
1	2949	0.034377	1
1	2961	0.034502	1
1	2971	0.034627	1
1	2981	0.034752	1
1	2992	0.034877	1
1	3004	0.035002	1
1	3014	0.035127	1
1	3024	0.035252	1
1	3035	0.035377	1
1	3047	0.035502	1
1	3057	0.035627	1
1	3067	0.035752	1
1	3078	0.035877	1
1	3090	0.036002	1
1	3100	0.036127	1
1	3110	0.036252	1
1	3121	0.036377	1
1	3133	0.036502	1
1	3143	0.036627	1
1	3153	0.036752	1
1	3164	0.036877	1
1	3176	0.037002	1
1	3186	0.037127	1
1	3196	0.037252	1
1	3207	0.037377	1
1	3219	0.037502	1
1	3229	0.037627	1
1	3239	0.037752	1
1	3250	0.037877	1
1	3262	0.038002	1
1	3272	0.038127	1
1	3282	0.038252	1
1	3293	0.038377	1
1	3305	0.038502	1
1	3315	0.038627	1
1	3325	0.038752	1
1	3336	0.038877	1
1	3348	0.039002	1
1	3358	0.039127	1
1	3368	0.039252	1
1	3379	0.039377	1
1	3391	0.039502	1
1	3401	0.039627	1
1	3411	0.039752	1
1	3422	0.039877	1
1	3434	0.040002	1
1	3444	0.040127	1
1	3454	0.040252	1
1	3465	0.040377	1
1	3477	0.040502	1
1	3487	0.040627	1
1	3497	0.040752	1
1	3508	0.040877	1
1	3520	0.041002	1
1	3530	0.041127	1
1	3540	0.041252	1
1	3551	0.041377	1
1	3563	0.041502	1
1	3573	0.041627	1
1	3583	0.041752	1
1	3594	0.041877	1
1	3606	0.042002	1
1	3616	0.042127	1
1	3626	0.042252	1
1	3637	0.042377	1
1	3649	0.042502	1
1	3659	0.042627	1
1	3669	0.042752	1
1	3680	0.042877	1
1	3692	0.043002	1
1	3702	0.043127	1
1	3712	0.043252	1
1	3723	0.043377	1
1	3735	0.043502	1
1	3745	0.043627	1
1	3755	0.043752	1
1	3766	0.043877	1
1	3778	0.044002	1
1	3788	0.044127	1
1	3798	0.044252	1
1	3809	0.044377	1
1	3821	0.044502	1
1	3831	0.044627	1
1	3841	0.044752	1
1	3852	0.044877	1
1	3864	0.045002	1
1	3874	0.045127	1
1	3884	0.045252	1
1	3895	0.045377	1
1	3907	0.045502	1
1	3917	0.045627	1
1	3927	0.045752	1
1	3938	0.045877	1
1	3950	0.046002	1
1	3960	0.046127	1
1	3970	0.046252	1
1	3981	0.046377	1
1	3993	0.046502	1
1	4003	0.046627	1
1	4013	0.046752	1
1	4024	0.046877	1
1	4036	0.047002	1
1	4046	0.047127	1
1	4056	0.047252	1
1	4067	0.047377	1
1	4079	0.047502	1
1	4089	0.047627	1
1	4099	0.047752	1
1	4110	0.047877	1
1	4122	0.048002	1
1	4132	0.048127	1
1	4142	0.048252	1
1	4153	0.048377	1
1	4165	0.048502	1
1	4175	0.048627	1
1	4185	0.048752	1
1	4196	0.048877	1
1	4208	0.049002	1
1	4218	0.049127	1
1	4228	0.049252	1
1	4239	0.049377	1
1	4251	0.049502	1
1	4261	0.049627	1
1	4271	0.049752	1
1	4282	0.049877	1
1	4294	0.050002	1
1	4304	0.050127	1
1	4314	0.050252	1
1	4325	0.050377	1
1	4337	0.050502	1
1	4347	0.050627	1
1	4357	0.050752	1
1	4368	0.050877	1
1	4380	0.051002	1
1	4390	0.051127	1
1	4400	0.051252	1
1	4411	0.051377	1
1	4423	0.051502	1
1	4433	0.051627	1
1	4443	0.051752	1
1	4454	0.051877	1
1	4466	0.052002	1
1	4476	0.052127	1
1	4486	0.052252	1
1	4497	0.052377	1
1	4509	0.052502	1
1	4519	0.052627	1
1	4529	0.052752	1
1	4540	0.052877	1
1	4552	0.053002	1
1	4562	0.053127	1
1	4572	0.053252	1
1	4583	0.053377	1
1	4595	0.053502	1
1	4605	0.053627	1
1	4615	0.053752	1
1	4626	0.053877	1
1	4638	0.054002	1
1	4648	0.054127	1
1	4658	0.054252	1
1	4669	0.054377	1
1	4681	0.054502	1
1	4691	0.054627	1
1	4701	0.054752	1
1	4712	0.054877	1
1	4724	0.055002	1
1	4734	0.055127	1
1	4744	0.055252	1
1	4755	0.055377	1
1	4767	0.055502	1
1	4777	0.055627	1
1	4787	0.055752	1
1	4798	0.055877	1
1	4810	0.056002	1
1	4820	0.056127	1
1	4830	0.056252	1
1	4841	0.056377	1
1	4853	0.056502	1
1	4863	0.056627	1
1	4873	0.056752	1
1	4884	0.056877	1
1	4896	0.057002	1
1	4906	0.057127	1
1	4916	0.057252	1
1	4927	0.057377	1
1	4939	0.057502	1
1	4949	0.057627	1
1	4959	0.057752	1
1	4970	0.057877	1
1	4982	0.058002	1
1	4992	0.058127	1
1	5002	0.058252	1
1	5013	0.058377	1
1	5025	0.058502	1
1	5035	0.058627	1
1	5045	0.058752	1
1	5056	0.058877	1
1	5068	0.059002	1
1	5078	0.059127	1
1	5088	0.059252	1
1	5099	0.059377	1
1	5111	0.059502	1
1	5121	0.059627	1
1	5131	0.059752	1
1	5142	0.059877	1
1	5154	0.060002	1
1	5164	0.060127	1
1	5174	0.060252	1
1	5185	0.060377	1
1	5197	0.060502	1
1	5207	0.060627	1
1	5217	0.060752	1
1	5228	0.060877	1
1	5240	0.061002	1
1	5250	0.061127	1
1	5260	0.061252	1
1	5271	0.061377	1
1	5283	0.061502	1
1	5293	0.061627	1
1	5303	0.061752	1
1	5314	0.061877	1
1	5326	0.062002	1
1	5336	0.062127	1
1	5346	0.062252	1
1	5357	0.062377	1
1	5369	0.062502	1
1	5379	0.062627	1
1	5389	0.062752	1
1	5400	0.062877	1
1	5412	0.063002	1
1	5422	0.063127	1
1	5432	0.063252	1
1	5443	0.063377	1
1	5455	0.063502	1
1	5465	0.063627	1
1	5475	0.063752	1
1	5486	0.063877	1
1	5498	0.064002	1
1	5508	0.064127	1
1	5518	0.064252	1
1	5529	0.064377	1
1	5541	0.064502	1
1	5551	0.064627	1
1	5561	0.064752	1
1	5572	0.064877	1
1	5584	0.065002	1
1	5594	0.065127	1
1	5604	0.065252	1
1	5615	0.065377	1
1	5627	0.065502	1
1	5637	0.065627	1
1	5647	0.065752	1
1	5658	0.065877	1
1	5670	0.066002	1
1	5680	0.066127	1
1	5690	0.066252	1
1	5701	0.066377	1
1	5713	0.066502	1
1	5723	0.066627	1
1	5733	0.066752	1
1	5744	0.066877	1
1	5756	0.067002	1
1	5766	0.067127	1
1	5776	0.067252	1
1	5787	0.067377	1
1	5799	0.067502	1
1	5809	0.067627	1
1	5819	0.067752	1
1	5830	0.067877	1
1	5842	0.068002	1
1	5852	0.068127	1
1	5862	0.068252	1
1	5873	0.068377	1
1	5885	0.068502	1
1	5895	0.068627	1
1	5905	0.068752	1
1	5916	0.068877	1
1	5928	0.069002	1
1	5938	0.069127	1
1	5948	0.069252	1
1	5959	0.069377	1
1	5971	0.069502	1
1	5981	0.069627	1
1	5991	0.069752	1
1	6002	0.069877	1
1	6014	0.070002	1
1	6024	0.070127	1
1	6034	0.070252	1
1	6045	0.070377	1
1	6057	0.070502	1
1	6067	0.070627	1
1	6077	0.070752	1
1	6088	0.070877	1
1	6100	0.071002	1
1	6110	0.071127	1
1	6120	0.071252	1
1	6131	0.071377	1
1	6143	0.071502	1
1	6153	0.071627	1
1	6163	0.071752	1
1	6174	0.071877	1
1	6186	0.072002	1
1	6196	0.072127	1
1	6206	0.072252	1
1	6217	0.072377	1
1	6229	0.072502	1
1	6239	0.072627	1
1	6249	0.072752	1
1	6260	0.072877	1
1	6272	0.073002	1
1	6282	0.073127	1
1	6292	0.073252	1
1	6303	0.073377	1
1	6315	0.073502	1
1	6325	0.073627	1
1	6335	0.073752	1
1	6346	0.073877	1
1	6358	0.074002	1
1	6368	0.074127	1
1	6378	0.074252	1
1	6389	0.074377	1
1	6401	0.074502	1
1	6411	0.074627	1
1	6421	0.074752	1
1	6432	0.074877	1
1	6444	0.075002	1
1	6454	0.075127	1
1	6464	0.075252	1
1	6475	0.075377	1
1	6487	0.075502	1
1	6497	0.075627	1
1	6507	0.075752	1
1	6518	0.075877	1
1	6530	0.076002	1
1	6540	0.076127	1
1	6550	0.076252	1
1	6561	0.076377	1
1	6573	0.076502	1
1	6583	0.076627	1
1	6593	0.076752	1
1	6604	0.076877	1
1	6616	0.077002	1
1	6626	0.077127	1
1	6636	0.077252	1
1	6647	0.077377	1
1	6659	0.077502	1
1	6669	0.077627	1
1	6679	0.077752	1
1	6690	0.077877	1
1	6702	0.078002	1
1	6712	0.078127	1
1	6722	0.078252	1
1	6733	0.078377	1
1	6745	0.078502	1
1	6755	0.078627	1
1	6765	0.078752	1
1	6776	0.078877	1
1	6788	0.079002	1
1	6798	0.079127	1
1	6808	0.079252	1
1	6819	0.079377	1
1	6831	0.079502	1
1	6841	0.079627	1
1	6851	0.079752	1
1	6862	0.079877	1
1	6874	0.080002	1
1	6884	0.080127	1
1	6894	0.080252	1
1	6905	0.080377	1
1	6917	0.080502	1
1	6927	0.080627	1
1	6937	0.080752	1
1	6948	0.080877	1
1	6960	0.081002	1
1	6970	0.081127	1
1	6980	0.081252	1
1	6991	0.081377	1
1	7003	0.081502	1
1	7013	0.081627	1
1	7023	0.081752	1
1	7034	0.081877	1
1	7046	0.082002	1
1	7056	0.082127	1
1	7066	0.082252	1
1	7077	0.082377	1
1	7089	0.082502	1
1	7099	0.082627	1
1	7109	0.082752	1
1	7120	0.082877	1
1	7132	0.083002	1
1	7142	0.083127	1
1	7152	0.083252	1
1	7163	0.083377	1
1	7175	0.083502	1
1	7185	0.083627	1
1	7195	0.083752	1
1	7206	0.083877	1
1	7218	0.084002	1
1	7228	0.084127	1
1	7238	0.084252	1
1	7249	0.084377	1
1	7261	0.084502	1
1	7271	0.084627	1
1	7281	0.084752	1
1	7292	0.084877	1
1	7304	0.085002	1
1	7314	0.085127	1
1	7324	0.085252	1
1	7335	0.085377	1
1	7347	0.085502	1
1	7357	0.085627	1
1	7367	0.085752	1
1	7378	0.085877	1
1	7390	0.086002	1
1	7400	0.086127	1
1	7410	0.086252	1
1	7421	0.086377	1
1	7433	0.086502	1
1	7443	0.086627	1
1	7453	0.086752	1
1	7464	0.086877	1
1	7476	0.087002	1
1	7486	0.087127	1
1	7496	0.087252	1
1	7507	0.087377	1
1	7519	0.087502	1
1	7529	0.087627	1
1	7539	0.087752	1
1	7550	0.087877	1
1	7562	0.088002	1
1	7572	0.088127	1
1	7582	0.088252	1
1	7593	0.088377	1
1	7605	0.088502	1
1	7615	0.088627	1
1	7625	0.088752	1
1	7636	0.088877	1
1	7648	0.089002	1
1	7658	0.089127	1
1	7668	0.089252	1
1	7679	0.089377	1
1	7691	0.089502	1
1	7701	0.089627	1
1	7711	0.089752	1
1	7722	0.089877	1
1	7734	0.090002	1
1	7744	0.090127	1
1	7754	0.090252	1
1	7765	0.090377	1
1	7777	0.090502	1
1	7787	0.090627	1
1	7797	0.090752	1
1	7808	0.090877	1
1	7820	0.091002	1
1	7830	0.091127	1
1	7840	0.091252	1
1	7851	0.091377	1
1	7863	0.091502	1
1	7873	0.091627	1
1	7883	0.091752	1
1	7894	0.091877	1
1	7906	0.092002	1
1	7916	0.092127	1
1	7926	0.092252	1
1	7937	0.092377	1
1	7949	0.092502	1
1	7959	0.092627	1
1	7969	0.092752	1
1	7980	0.092877	1
1	7992	0.093002	1
1	8002	0.093127	1
1	8012	0.093252	1
1	8023	0.093377	1
1	8035	0.093502	1
1	8045	0.093627	1
1	8055	0.093752	1
1	8066	0.093877	1
1	8078	0.094002	1
1	8088	0.094127	1
1	8098	0.094252	1
1	8109	0.094377	1
1	8121	0.094502	1
1	8131	0.094627	1
1	8141	0.094752	1
1	8152	0.094877	1
1	8164	0.095002	1
1	8174	0.095127	1
1	8184	0.095252	1
1	8195	0.095377	1
1	8207	0.095502	1
1	8217	0.095627	1
1	8227	0.095752	1
1	8238	0.095877	1
1	8250	0.096002	1
1	8260	0.096127	1
1	8270	0.096252	1
1	8281	0.096377	1
1	8293	0.096502	1
1	8303	0.096627	1
1	8313	0.096752	1
1	8324	0.096877	1
1	8336	0.097002	1
1	8346	0.097127	1
1	8356	0.097252	1
1	8367	0.097377	1
1	8379	0.097502	1
1	8389	0.097627	1
1	8399	0.097752	1
1	8410	0.097877	1
1	8422	0.098002	1
1	8432	0.098127	1
1	8442	0.098252	1
1	8453	0.098377	1
1	8465	0.098502	1
1	8475	0.098627	1
1	8485	0.098752	1
1	8496	0.098877	1
1	8508	0.099002	1
1	8518	0.099127	1
1	8528	0.099252	1
1	8539	0.099377	1
1	8551	0.099502	1
1	8561	0.099627	1
1	8571	0.099752	1
1	8582	0.099877	1
1	8594	0.100002	1
1	8604	0.100127	1
1	8614	0.100252	1
1	8625	0.100377	1
1	8637	0.100502	1
1	8647	0.100627	1
1	8657	0.100752	1
1	8668	0.100877	1
1	8680	0.101002	1
1	8690	0.101127	1
1	8700	0.101252	1
1	8711	0.101377	1
1	8723	0.101502	1
1	8733	0.101627	1
1	8743	0.101752	1
1	8754	0.101877	1
1	8766	0.102002	1
1	8776	0.102127	1
1	8786	0.102252	1
1	8797	0.102377	1
1	8809	0.102502	1
1	8819	0.102627	1
1	8829	0.102752	1
1	8840	0.102877	1
1	8852	0.103002	1
1	8862	0.103127	1
1	8872	0.103252	1
1	8883	0.103377	1
1	8895	0.103502	1
1	8905	0.103627	1
1	8915	0.103752	1
1	8926	0.103877	1
1	8938	0.104002	1
1	8948	0.104127	1
1	8958	0.104252	1
1	8969	0.104377	1
1	8981	0.104502	1
1	8991	0.104627	1
1	9001	0.104752	1
1	9012	0.104877	1
1	9024	0.105002	1
1	9034	0.105127	1
1	9044	0.105252	1
1	9055	0.105377	1
1	9067	0.105502	1
1	9077	0.105627	1
1	9087	0.105752	1
1	9098	0.105877	1
1	9110	0.106002	1
1	9120	0.106127	1
1	9130	0.106252	1
1	9141	0.106377	1
1	9153	0.106502	1
1	9163	0.106627	1
1	9173	0.106752	1
1	9184	0.106877	1
1	9196	0.107002	1
1	9206	0.107127	1
1	9216	0.107252	1
1	9227	0.107377	1
1	9239	0.107502	1
1	9249	0.107627	1
1	9259	0.107752	1
1	9270	0.107877	1
1	9282	0.108002	1
1	9292	0.108127	1
1	9302	0.108252	1
1	9313	0.108377	1
1	9325	0.108502	1
1	9335	0.108627	1
1	9345	0.108752	1
1	9356	0.108877	1
1	9368	0.109002	1
1	9378	0.109127	1
1	9388	0.109252	1
1	9399	0.109377	1
1	9411	0.109502	1
1	9421	0.109627	1
1	9431	0.109752	1
1	9442	0.109877	1
1	9454	0.110002	1
1	9464	0.110127	1
1	9474	0.110252	1
1	9485	0.110377	1
1	9497	0.110502	1
1	9507	0.110627	1
1	9517	0.110752	1
1	9528	0.110877	1
1	9540	0.111002	1
1	9550	0.111127	1
1	9560	0.111252	1
1	9571	0.111377	1
1	9583	0.111502	1
1	9593	0.111627	1
1	9603	0.111752	1
1	9614	0.111877	1
1	9626	0.112002	1
1	9636	0.112127	1
1	9646	0.112252	1
1	9657	0.112377	1
1	9669	0.112502	1
1	9679	0.112627	1
1	9689	0.112752	1
1	9700	0.112877	1
1	9712	0.113002	1
1	9722	0.113127	1
1	9732	0.113252	1
1	9743	0.113377	1
1	9755	0.113502	1
1	9765	0.113627	1
1	9775	0.113752	1
1	9786	0.113877	1
1	9798	0.114002	1
1	9808	0.114127	1
1	9818	0.114252	1
1	9829	0.114377	1
1	9841	0.114502	1
1	9851	0.114627	1
1	9861	0.114752	1
1	9872	0.114877	1
1	9884	0.115002	1
1	9894	0.115127	1
1	9904	0.115252	1
1	9915	0.115377	1
1	9927	0.115502	1
1	9937	0.115627	1
1	9947	0.115752	1
1	9958	0.115877	1
1	9970	0.116002	1
1	9980	0.116127	1
1	9990	0.116252	1
1	10001	0.116377	1
1	10013	0.116502	1
1	10023	0.116627	1
1	10033	0.116752	1
1	10044	0.116877	1
1	10056	0.117002	1
1	10066	0.117127	1
1	10076	0.117252	1
1	10087	0.117377	1
1	10099	0.117502	1
1	10109	0.117627	1
1	10119	0.117752	1
1	10130	0.117877	1
1	10142	0.118002	1
1	10152	0.118127	1
1	10162	0.118252	1
1	10173	0.118377	1
1	10185	0.118502	1
1	10195	0.118627	1
1	10205	0.118752	1
1	10216	0.118877	1
1	10228	0.119002	1
1	10238	0.119127	1
1	10248	0.119252	1
1	10259	0.119377	1
1	10271	0.119502	1
1	10281	0.119627	1
1	10291	0.119752	1
1	10302	0.119877	1
1	10314	0.120002	1
1	10324	0.120127	1
1	10334	0.120252	1
1	10345	0.120377	1
1	10357	0.120502	1
1	10367	0.120627	1
1	10377	0.120752	1
1	10388	0.120877	1
1	10400	0.121002	1
1	10410	0.121127	1
1	10420	0.121252	1
1	10431	0.121377	1
1	10443	0.121502	1
1	10453	0.121627	1
1	10463	0.121752	1
1	10474	0.121877	1
1	10486	0.122002	1
1	10496	0.122127	1
1	10506	0.122252	1
1	10517	0.122377	1
1	10529	0.122502	1
1	10539	0.122627	1
1	10549	0.122752	1
1	10560	0.122877	1
1	10572	0.123002	1
1	10582	0.123127	1
1	10592	0.123252	1
1	10603	0.123377	1
1	10615	0.123502	1
1	10625	0.123627	1
1	10635	0.123752	1
1	10646	0.123877	1
1	10658	0.124002	1
1	10668	0.124127	1
1	10678	0.124252	1
1	10689	0.124377	1
1	10701	0.124502	1
1	10711	0.124627	1
1	10721	0.124752	1
1	10732	0.124877	1
1	10744	0.125002	1
1	10754	0.125127	1
1	10764	0.125252	1
1	10775	0.125377	1
1	10787	0.125502	1
1	10797	0.125627	1
1	10807	0.125752	1
1	10818	0.125877	1
1	10830	0.126002	1
1	10840	0.126127	1
1	10850	0.126252	1
1	10861	0.126377	1
1	10873	0.126502	1
1	10883	0.126627	1
1	10893	0.126752	1
1	10904	0.126877	1
1	10916	0.127002	1
1	10926	0.127127	1
1	10936	0.127252	1
1	10947	0.127377	1
1	10959	0.127502	1
1	10969	0.127627	1
1	10979	0.127752	1
1	10990	0.127877	1
1	11002	0.128002	1
1	11012	0.128127	1
1	11022	0.128252	1
1	11033	0.128377	1
1	11045	0.128502	1
1	11055	0.128627	1
1	11065	0.128752	1
1	11076	0.128877	1
1	11088	0.129002	1
1	11098	0.129127	1
1	11108	0.129252	1
1	11119	0.129377	1
1	11131	0.129502	1
1	11141	0.129627	1
1	11151	0.129752	1
1	11162	0.129877	1
1	11174	0.130002	1
1	11184	0.130127	1
1	11194	0.130252	1
1	11205	0.130377	1
1	11217	0.130502	1
1	11227	0.130627	1
1	11237	0.130752	1
1	11248	0.130877	1
1	11260	0.131002	1
1	11270	0.131127	1
1	11280	0.131252	1
1	11291	0.131377	1
1	11303	0.131502	1
1	11313	0.131627	1
1	11323	0.131752	1
1	11334	0.131877	1
1	11346	0.132002	1
1	11356	0.132127	1
1	11366	0.132252	1
1	11377	0.132377	1
1	11389	0.132502	1
1	11399	0.132627	1
1	11409	0.132752	1
1	11420	0.132877	1
1	11432	0.133002	1
1	11442	0.133127	1
1	11452	0.133252	1
1	11463	0.133377	1
1	11475	0.133502	1
1	11485	0.133627	1
1	11495	0.133752	1
1	11506	0.133877	1
1	11518	0.134002	1
1	11528	0.134127	1
1	11538	0.134252	1
1	11549	0.134377	1
1	11561	0.134502	1
1	11571	0.134627	1
1	11581	0.134752	1
1	11592	0.134877	1
1	11604	0.135002	1
1	11614	0.135127	1
1	11624	0.135252	1
1	11635	0.135377	1
1	11647	0.135502	1
1	11657	0.135627	1
1	11667	0.135752	1
1	11678	0.135877	1
1	11690	0.136002	1
1	11700	0.136127	1
1	11710	0.136252	1
1	11721	0.136377	1
1	11733	0.136502	1
1	11743	0.136627	1
1	11753	0.136752	1
1	11764	0.136877	1
1	11776	0.137002	1
1	11786	0.137127	1
1	11796	0.137252	1
1	11807	0.137377	1
1	11819	0.137502	1
1	11829	0.137627	1
1	11839	0.137752	1
1	11850	0.137877	1
1	11862	0.138002	1
1	11872	0.138127	1
1	11882	0.138252	1
1	11893	0.138377	1
1	11905	0.138502	1
1	11915	0.138627	1
1	11925	0.138752	1
1	11936	0.138877	1
1	11948	0.139002	1
1	11958	0.139127	1
1	11968	0.139252	1
1	11979	0.139377	1
1	11991	0.139502	1
1	12001	0.139627	1
1	12011	0.139752	1
1	12022	0.139877	1
1	12034	0.140002	1
1	12044	0.140127	1
1	12054	0.140252	1
1	12065	0.140377	1
1	12077	0.140502	1
1	12087	0.140627	1
1	12097	0.140752	1
1	12108	0.140877	1
1	12120	0.141002	1
1	12130	0.141127	1
1	12140	0.141252	1
1	12151	0.141377	1
1	12163	0.141502	1
1	12173	0.141627	1
1	12183	0.141752	1
1	12194	0.141877	1
1	12206	0.142002	1
1	12216	0.142127	1
1	12226	0.142252	1
1	12237	0.142377	1
1	12249	0.142502	1
1	12259	0.142627	1
1	12269	0.142752	1
1	12280	0.142877	1
1	12292	0.143002	1
1	12302	0.143127	1
1	12312	0.143252	1
1	12323	0.143377	1
1	12335	0.143502	1
1	12345	0.143627	1
1	12355	0.143752	1
1	12366	0.143877	1
1	12378	0.144002	1
1	12388	0.144127	1
1	12398	0.144252	1
1	12409	0.144377	1
1	12421	0.144502	1
1	12431	0.144627	1
1	12441	0.144752	1
1	12452	0.144877	1
1	12464	0.145002	1
1	12474	0.145127	1
1	12484	0.145252	1
1	12495	0.145377	1
1	12507	0.145502	1
1	12517	0.145627	1
1	12527	0.145752	1
1	12538	0.145877	1
1	12550	0.146002	1
1	12560	0.146127	1
1	12570	0.146252	1
1	12581	0.146377	1
1	12593	0.146502	1
1	12603	0.146627	1
1	12613	0.146752	1
1	12624	0.146877	1
1	12636	0.147002	1
1	12646	0.147127	1
1	12656	0.147252	1
1	12667	0.147377	1
1	12679	0.147502	1
1	12689	0.147627	1
1	12699	0.147752	1
1	12710	0.147877	1
1	12722	0.148002	1
1	12732	0.148127	1
1	12742	0.148252	1
1	12753	0.148377	1
1	12765	0.148502	1
1	12775	0.148627	1
1	12785	0.148752	1
1	12796	0.148877	1
1	12808	0.149002	1
1	12818	0.149127	1
1	12828	0.149252	1
1	12839	0.149377	1
1	12851	0.149502	1
1	12861	0.149627	1
1	12871	0.149752	1
1	12882	0.149877	1
1	12894	0.150002	1
1	12904	0.150127	1
1	12914	0.150252	1
1	12925	0.150377	1
1	12937	0.150502	1
1	12947	0.150627	1
1	12957	0.150752	1
1	12968	0.150877	1
1	12980	0.151002	1
1	12990	0.151127	1
1	13000	0.151252	1
1	13011	0.151377	1
1	13023	0.151502	1
1	13033	0.151627	1
1	13043	0.151752	1
1	13054	0.151877	1
1	13066	0.152002	1
1	13076	0.152127	1
1	13086	0.152252	1
1	13097	0.152377	1
1	13109	0.152502	1
1	13119	0.152627	1
1	13129	0.152752	1
1	13140	0.152877	1
1	13152	0.153002	1
1	13162	0.153127	1
1	13172	0.153252	1
1	13183	0.153377	1
1	13195	0.153502	1
1	13205	0.153627	1
1	13215	0.153752	1
1	13226	0.153877	1
1	13238	0.154002	1
1	13248	0.154127	1
1	13258	0.154252	1
1	13269	0.154377	1
1	13281	0.154502	1
1	13291	0.154627	1
1	13301	0.154752	1
1	13312	0.154877	1
1	13324	0.155002	1
1	13334	0.155127	1
1	13344	0.155252	1
1	13355	0.155377	1
1	13367	0.155502	1
1	13377	0.155627	1
1	13387	0.155752	1
1	13398	0.155877	1
1	13410	0.156002	1
1	13420	0.156127	1
1	13430	0.156252	1
1	13441	0.156377	1
1	13453	0.156502	1
1	13463	0.156627	1
1	13473	0.156752	1
1	13484	0.156877	1
1	13496	0.157002	1
1	13506	0.157127	1
1	13516	0.157252	1
1	13527	0.157377	1
1	13539	0.157502	1
1	13549	0.157627	1
1	13559	0.157752	1
1	13570	0.157877	1
1	13582	0.158002	1
1	13592	0.158127	1
1	13602	0.158252	1
1	13613	0.158377	1
1	13625	0.158502	1
1	13635	0.158627	1
1	13645	0.158752	1
1	13656	0.158877	1
1	13668	0.159002	1
1	13678	0.159127	1
1	13688	0.159252	1
1	13699	0.159377	1
1	13711	0.159502	1
1	13721	0.159627	1
1	13731	0.159752	1
1	13742	0.159877	1
1	13754	0.160002	1
1	13764	0.160127	1
1	13774	0.160252	1
1	13785	0.160377	1
1	13797	0.160502	1
1	13807	0.160627	1
1	13817	0.160752	1
1	13828	0.160877	1
1	13840	0.161002	1
1	13850	0.161127	1
1	13860	0.161252	1
1	13871	0.161377	1
1	13883	0.161502	1
1	13893	0.161627	1
1	13903	0.161752	1
1	13914	0.161877	1
1	13926	0.162002	1
1	13936	0.162127	1
1	13946	0.162252	1
1	13957	0.162377	1
1	13969	0.162502	1
1	13979	0.162627	1
1	13989	0.162752	1
1	14000	0.162877	1
1	14012	0.163002	1
1	14022	0.163127	1
1	14032	0.163252	1
1	14043	0.163377	1
1	14055	0.163502	1
1	14065	0.163627	1
1	14075	0.163752	1
1	14086	0.163877	1
1	14098	0.164002	1
1	14108	0.164127	1
1	14118	0.164252	1
1	14129	0.164377	1
1	14141	0.164502	1
1	14151	0.164627	1
1	14161	0.164752	1
1	14172	0.164877	1
1	14184	0.165002	1
1	14194	0.165127	1
1	14204	0.165252	1
1	14215	0.165377	1
1	14227	0.165502	1
1	14237	0.165627	1
1	14247	0.165752	1
1	14258	0.165877	1
1	14270	0.166002	1
1	14280	0.166127	1
1	14290	0.166252	1
1	14301	0.166377	1
1	14313	0.166502	1
1	14323	0.166627	1
1	14333	0.166752	1
1	14344	0.166877	1
1	14356	0.167002	1
1	14366	0.167127	1
1	14376	0.167252	1
1	14387	0.167377	1
1	14399	0.167502	1
1	14409	0.167627	1
1	14419	0.167752	1
1	14430	0.167877	1
1	14442	0.168002	1
1	14452	0.168127	1
1	14462	0.168252	1
1	14473	0.168377	1
1	14485	0.168502	1
1	14495	0.168627	1
1	14505	0.168752	1
1	14516	0.168877	1
1	14528	0.169002	1
1	14538	0.169127	1
1	14548	0.169252	1
1	14559	0.169377	1
1	14571	0.169502	1
1	14581	0.169627	1
1	14591	0.169752	1
1	14602	0.169877	1
1	14614	0.170002	1
1	14624	0.170127	1
1	14634	0.170252	1
1	14645	0.170377	1
1	14657	0.170502	1
1	14667	0.170627	1
1	14677	0.170752	1
1	14688	0.170877	1
1	14700	0.171002	1
1	14710	0.171127	1
1	14720	0.171252	1
1	14731	0.171377	1
1	14743	0.171502	1
1	14753	0.171627	1
1	14763	0.171752	1
1	14774	0.171877	1
1	14786	0.172002	1
1	14796	0.172127	1
1	14806	0.172252	1
1	14817	0.172377	1
1	14829	0.172502	1
1	14839	0.172627	1
1	14849	0.172752	1
1	14860	0.172877	1
1	14872	0.173002	1
1	14882	0.173127	1
1	14892	0.173252	1
1	14903	0.173377	1
1	14915	0.173502	1
1	14925	0.173627	1
1	14935	0.173752	1
1	14946	0.173877	1
1	14958	0.174002	1
1	14968	0.174127	1
1	14978	0.174252	1
1	14989	0.174377	1
1	15001	0.174502	1
1	15011	0.174627	1
1	15021	0.174752	1
1	15032	0.174877	1
1	15044	0.175002	1
1	15054	0.175127	1
1	15064	0.175252	1
1	15075	0.175377	1
1	15087	0.175502	1
1	15097	0.175627	1
1	15107	0.175752	1
1	15118	0.175877	1
1	15130	0.176002	1
1	15140	0.176127	1
1	15150	0.176252	1
1	15161	0.176377	1
1	15173	0.176502	1
1	15183	0.176627	1
1	15193	0.176752	1
1	15204	0.176877	1
1	15216	0.177002	1
1	15226	0.177127	1
1	15236	0.177252	1
1	15247	0.177377	1
1	15259	0.177502	1
1	15269	0.177627	1
1	15279	0.177752	1
1	15290	0.177877	1
1	15302	0.178002	1
1	15312	0.178127	1
1	15322	0.178252	1
1	15333	0.178377	1
1	15345	0.178502	1
1	15355	0.178627	1
1	15365	0.178752	1
1	15376	0.178877	1
1	15388	0.179002	1
1	15398	0.179127	1
1	15408	0.179252	1
1	15419	0.179377	1
1	15431	0.179502	1
1	15441	0.179627	1
1	15451	0.179752	1
1	15462	0.179877	1
1	15474	0.180002	1
1	15484	0.180127	1
1	15494	0.180252	1
1	15505	0.180377	1
1	15517	0.180502	1
1	15527	0.180627	1
1	15537	0.180752	1
1	15548	0.180877	1
1	15560	0.181002	1
1	15570	0.181127	1
1	15580	0.181252	1
1	15591	0.181377	1
1	15603	0.181502	1
1	15613	0.181627	1
1	15623	0.181752	1
1	15634	0.181877	1
1	15646	0.182002	1
1	15656	0.182127	1
1	15666	0.182252	1
1	15677	0.182377	1
1	15689	0.182502	1
1	15699	0.182627	1
1	15709	0.182752	1
1	15720	0.182877	1
1	15732	0.183002	1
1	15742	0.183127	1
1	15752	0.183252	1
1	15763	0.183377	1
1	15775	0.183502	1
1	15785	0.183627	1
1	15795	0.183752	1
1	15806	0.183877	1
1	15818	0.184002	1
1	15828	0.184127	1
1	15838	0.184252	1
1	15849	0.184377	1
1	15861	0.184502	1
1	15871	0.184627	1
1	15881	0.184752	1
1	15892	0.184877	1
1	15904	0.185002	1
1	15914	0.185127	1
1	15924	0.185252	1
1	15935	0.185377	1
1	15947	0.185502	1
1	15957	0.185627	1
1	15967	0.185752	1
1	15978	0.185877	1
1	15990	0.186002	1
1	16000	0.186127	1
1	16010	0.186252	1
1	16021	0.186377	1
1	16033	0.186502	1
1	16043	0.186627	1
1	16053	0.186752	1
1	16064	0.186877	1
1	16076	0.187002	1
1	16086	0.187127	1
1	16096	0.187252	1
1	16107	0.187377	1
1	16119	0.187502	1
1	16129	0.187627	1
1	16139	0.187752	1
1	16150	0.187877	1
1	16162	0.188002	1
1	16172	0.188127	1
1	16182	0.188252	1
1	16193	0.188377	1
1	16205	0.188502	1
1	16215	0.188627	1
1	16225	0.188752	1
1	16236	0.188877	1
1	16248	0.189002	1
1	16258	0.189127	1
1	16268	0.189252	1
1	16279	0.189377	1
1	16291	0.189502	1
1	16301	0.189627	1
1	16311	0.189752	1
1	16322	0.189877	1
1	16334	0.190002	1
1	16344	0.190127	1
1	16354	0.190252	1
1	16365	0.190377	1
1	16377	0.190502	1
1	16387	0.190627	1
1	16397	0.190752	1
1	16408	0.190877	1
1	16420	0.191002	1
1	16430	0.191127	1
1	16440	0.191252	1
1	16451	0.191377	1
1	16463	0.191502	1
1	16473	0.191627	1
1	16483	0.191752	1
1	16494	0.191877	1
1	16506	0.192002	1
1	16516	0.192127	1
1	16526	0.192252	1
1	16537	0.192377	1
1	16549	0.192502	1
1	16559	0.192627	1
1	16569	0.192752	1
1	16580	0.192877	1
1	16592	0.193002	1
1	16602	0.193127	1
1	16612	0.193252	1
1	16623	0.193377	1
1	16635	0.193502	1
1	16645	0.193627	1
1	16655	0.193752	1
1	16666	0.193877	1
1	16678	0.194002	1
1	16688	0.194127	1
1	16698	0.194252	1
1	16709	0.194377	1
1	16721	0.194502	1
1	16731	0.194627	1
1	16741	0.194752	1
1	16752	0.194877	1
1	16764	0.195002	1
1	16774	0.195127	1
1	16784	0.195252	1
1	16795	0.195377	1
1	16807	0.195502	1
1	16817	0.195627	1
1	16827	0.195752	1
1	16838	0.195877	1
1	16850	0.196002	1
1	16860	0.196127	1
1	16870	0.196252	1
1	16881	0.196377	1
1	16893	0.196502	1
1	16903	0.196627	1
1	16913	0.196752	1
1	16924	0.196877	1
1	16936	0.197002	1
1	16946	0.197127	1
1	16956	0.197252	1
1	16967	0.197377	1
1	16979	0.197502	1
1	16989	0.197627	1
1	16999	0.197752	1
1	17010	0.197877	1
1	17022	0.198002	1
1	17032	0.198127	1
1	17042	0.198252	1
1	17053	0.198377	1
1	17065	0.198502	1
1	17075	0.198627	1
1	17085	0.198752	1
1	17096	0.198877	1
1	17108	0.199002	1
1	17118	0.199127	1
1	17128	0.199252	1
1	17139	0.199377	1
1	17151	0.199502	1
1	17161	0.199627	1
1	17171	0.199752	1
1	17182	0.199877	1
1	17194	0.200002	1
1	17204	0.200127	1
1	17214	0.200252	1
1	17225	0.200377	1
1	17237	0.200502	1
1	17247	0.200627	1
1	17257	0.200752	1
1	17268	0.200877	1
1	17280	0.201002	1
1	17290	0.201127	1
1	17300	0.201252	1
1	17311	0.201377	1
1	17323	0.201502	1
1	17333	0.201627	1
1	17343	0.201752	1
1	17354	0.201877	1
1	17366	0.202002	1
1	17376	0.202127	1
1	17386	0.202252	1
1	17397	0.202377	1
1	17409	0.202502	1
1	17419	0.202627	1
1	17429	0.202752	1
1	17440	0.202877	1
1	17452	0.203002	1
1	17462	0.203127	1
1	17472	0.203252	1
1	17483	0.203377	1
1	17495	0.203502	1
1	17505	0.203627	1
1	17515	0.203752	1
1	17526	0.203877	1
1	17538	0.204002	1
1	17548	0.204127	1
1	17558	0.204252	1
1	17569	0.204377	1
1	17581	0.204502	1
1	17591	0.204627	1
1	17601	0.204752	1
1	17612	0.204877	1
1	17624	0.205002	1
1	17634	0.205127	1
1	17644	0.205252	1
1	17655	0.205377	1
1	17667	0.205502	1
1	17677	0.205627	1
1	17687	0.205752	1
1	17698	0.205877	1
1	17710	0.206002	1
1	17720	0.206127	1
1	17730	0.206252	1
1	17741	0.206377	1
1	17753	0.206502	1
1	17763	0.206627	1
1	17773	0.206752	1
1	17784	0.206877	1
1	17796	0.207002	1
1	17806	0.207127	1
1	17816	0.207252	1
1	17827	0.207377	1
1	17839	0.207502	1
1	17849	0.207627	1
1	17859	0.207752	1
1	17870	0.207877	1
1	17882	0.208002	1
1	17892	0.208127	1
1	17902	0.208252	1
1	17913	0.208377	1
1	17925	0.208502	1
1	17935	0.208627	1
1	17945	0.208752	1
1	17956	0.208877	1
1	17968	0.209002	1
1	17978	0.209127	1
1	17988	0.209252	1
1	17999	0.209377	1
1	18011	0.209502	1
1	18021	0.209627	1
1	18031	0.209752	1
1	18042	0.209877	1
1	18054	0.210002	1
1	18064	0.210127	1
1	18074	0.210252	1
1	18085	0.210377	1
1	18097	0.210502	1
1	18107	0.210627	1
1	18117	0.210752	1
1	18128	0.210877	1
1	18140	0.211002	1
1	18150	0.211127	1
1	18160	0.211252	1
1	18171	0.211377	1
1	18183	0.211502	1
1	18193	0.211627	1
1	18203	0.211752	1
1	18214	0.211877	1
1	18226	0.212002	1
1	18236	0.212127	1
1	18246	0.212252	1
1	18257	0.212377	1
1	18269	0.212502	1
1	18279	0.212627	1
1	18289	0.212752	1
1	18300	0.212877	1
1	18312	0.213002	1
1	18322	0.213127	1
1	18332	0.213252	1
1	18343	0.213377	1
1	18355	0.213502	1
1	18365	0.213627	1
1	18375	0.213752	1
1	18386	0.213877	1
1	18398	0.214002	1
1	18408	0.214127	1
1	18418	0.214252	1
1	18429	0.214377	1
1	18441	0.214502	1
1	18451	0.214627	1
1	18461	0.214752	1
1	18472	0.214877	1
1	18484	0.215002	1
1	18494	0.215127	1
1	18504	0.215252	1
1	18515	0.215377	1
1	18527	0.215502	1
1	18537	0.215627	1
1	18547	0.215752	1
1	18558	0.215877	1
1	18570	0.216002	1
1	18580	0.216127	1
1	18590	0.216252	1
1	18601	0.216377	1
1	18613	0.216502	1
1	18623	0.216627	1
1	18633	0.216752	1
1	18644	0.216877	1
1	18656	0.217002	1
1	18666	0.217127	1
1	18676	0.217252	1
1	18687	0.217377	1
1	18699	0.217502	1
1	18709	0.217627	1
1	18719	0.217752	1
1	18730	0.217877	1
1	18742	0.218002	1
1	18752	0.218127	1
1	18762	0.218252	1
1	18773	0.218377	1
1	18785	0.218502	1
1	18795	0.218627	1
1	18805	0.218752	1
1	18816	0.218877	1
1	18828	0.219002	1
1	18838	0.219127	1
1	18848	0.219252	1
1	18859	0.219377	1
1	18871	0.219502	1
1	18881	0.219627	1
1	18891	0.219752	1
1	18902	0.219877	1
1	18914	0.220002	1
1	18924	0.220127	1
1	18934	0.220252	1
1	18945	0.220377	1
1	18957	0.220502	1
1	18967	0.220627	1
1	18977	0.220752	1
1	18988	0.220877	1
1	19000	0.221002	1
1	19010	0.221127	1
1	19020	0.221252	1
1	19031	0.221377	1
1	19043	0.221502	1
1	19053	0.221627	1
1	19063	0.221752	1
1	19074	0.221877	1
1	19086	0.222002	1
1	19096	0.222127	1
1	19106	0.222252	1
1	19117	0.222377	1
1	19129	0.222502	1
1	19139	0.222627	1
1	19149	0.222752	1
1	19160	0.222877	1
1	19172	0.223002	1
1	19182	0.223127	1
1	19192	0.223252	1
1	19203	0.223377	1
1	19215	0.223502	1
1	19225	0.223627	1
1	19235	0.223752	1
1	19246	0.223877	1
1	19258	0.224002	1
1	19268	0.224127	1
1	19278	0.224252	1
1	19289	0.224377	1
1	19301	0.224502	1
1	19311	0.224627	1
1	19321	0.224752	1
1	19332	0.224877	1
1	19344	0.225002	1
1	19354	0.225127	1
1	19364	0.225252	1
1	19375	0.225377	1
1	19387	0.225502	1
1	19397	0.225627	1
1	19407	0.225752	1
1	19418	0.225877	1
1	19430	0.226002	1
1	19440	0.226127	1
1	19450	0.226252	1
1	19461	0.226377	1
1	19473	0.226502	1
1	19483	0.226627	1
1	19493	0.226752	1
1	19504	0.226877	1
1	19516	0.227002	1
1	19526	0.227127	1
1	19536	0.227252	1
1	19547	0.227377	1
1	19559	0.227502	1
1	19569	0.227627	1
1	19579	0.227752	1
1	19590	0.227877	1
1	19602	0.228002	1
1	19612	0.228127	1
1	19622	0.228252	1
1	19633	0.228377	1
1	19645	0.228502	1
1	19655	0.228627	1
1	19665	0.228752	1
1	19676	0.228877	1
1	19688	0.229002	1
1	19698	0.229127	1
1	19708	0.229252	1
1	19719	0.229377	1
1	19731	0.229502	1
1	19741	0.229627	1
1	19751	0.229752	1
1	19762	0.229877	1
1	19774	0.230002	1
1	19784	0.230127	1
1	19794	0.230252	1
1	19805	0.230377	1
1	19817	0.230502	1
1	19827	0.230627	1
1	19837	0.230752	1
1	19848	0.230877	1
1	19860	0.231002	1
1	19870	0.231127	1
1	19880	0.231252	1
1	19891	0.231377	1
1	19903	0.231502	1
1	19913	0.231627	1
1	19923	0.231752	1
1	19934	0.231877	1
1	19946	0.232002	1
1	19956	0.232127	1
1	19966	0.232252	1
1	19977	0.232377	1
1	19989	0.232502	1
1	19999	0.232627	1
1	20009	0.232752	1
1	20020	0.232877	1
1	20032	0.233002	1
1	20042	0.233127	1
1	20052	0.233252	1
1	20063	0.233377	1
1	20075	0.233502	1
1	20085	0.233627	1
1	20095	0.233752	1
1	20106	0.233877	1
1	20118	0.234002	1
1	20128	0.234127	1
1	20138	0.234252	1
1	20149	0.234377	1
1	20161	0.234502	1
1	20171	0.234627	1
1	20181	0.234752	1
1	20192	0.234877	1
1	20204	0.235002	1
1	20214	0.235127	1
1	20224	0.235252	1
1	20235	0.235377	1
1	20247	0.235502	1
1	20257	0.235627	1
1	20267	0.235752	1
1	20278	0.235877	1
1	20290	0.236002	1
1	20300	0.236127	1
1	20310	0.236252	1
1	20321	0.236377	1
1	20333	0.236502	1
1	20343	0.236627	1
1	20353	0.236752	1
1	20364	0.236877	1
1	20376	0.237002	1
1	20386	0.237127	1
1	20396	0.237252	1
1	20407	0.237377	1
1	20419	0.237502	1
1	20429	0.237627	1
1	20439	0.237752	1
1	20450	0.237877	1
1	20462	0.238002	1
1	20472	0.238127	1
1	20482	0.238252	1
1	20493	0.238377	1
1	20505	0.238502	1
1	20515	0.238627	1
1	20525	0.238752	1
1	20536	0.238877	1
1	20548	0.239002	1
1	20558	0.239127	1
1	20568	0.239252	1
1	20579	0.239377	1
1	20591	0.239502	1
1	20601	0.239627	1
1	20611	0.239752	1
1	20622	0.239877	1
1	20634	0.240002	1
1	20644	0.240127	1
1	20654	0.240252	1
1	20665	0.240377	1
1	20677	0.240502	1
1	20687	0.240627	1
1	20697	0.240752	1
1	20708	0.240877	1
1	20720	0.241002	1
1	20730	0.241127	1
1	20740	0.241252	1
1	20751	0.241377	1
1	20763	0.241502	1
1	20773	0.241627	1
1	20783	0.241752	1
1	20794	0.241877	1
1	20806	0.242002	1
1	20816	0.242127	1
1	20826	0.242252	1
1	20837	0.242377	1
1	20849	0.242502	1
1	20859	0.242627	1
1	20869	0.242752	1
1	20880	0.242877	1
1	20892	0.243002	1
1	20902	0.243127	1
1	20912	0.243252	1
1	20923	0.243377	1
1	20935	0.243502	1
1	20945	0.243627	1
1	20955	0.243752	1
1	20966	0.243877	1
1	20978	0.244002	1
1	20988	0.244127	1
1	20998	0.244252	1
1	21009	0.244377	1
1	21021	0.244502	1
1	21031	0.244627	1
1	21041	0.244752	1
1	21052	0.244877	1
1	21064	0.245002	1
1	21074	0.245127	1
1	21084	0.245252	1
1	21095	0.245377	1
1	21107	0.245502	1
1	21117	0.245627	1
1	21127	0.245752	1
1	21138	0.245877	1
1	21150	0.246002	1
1	21160	0.246127	1
1	21170	0.246252	1
1	21181	0.246377	1
1	21193	0.246502	1
1	21203	0.246627	1
1	21213	0.246752	1
1	21224	0.246877	1
1	21236	0.247002	1
1	21246	0.247127	1
1	21256	0.247252	1
1	21267	0.247377	1
1	21279	0.247502	1
1	21289	0.247627	1
1	21299	0.247752	1
1	21310	0.247877	1
1	21322	0.248002	1
1	21332	0.248127	1
1	21342	0.248252	1
1	21353	0.248377	1
1	21365	0.248502	1
1	21375	0.248627	1
1	21385	0.248752	1
1	21396	0.248877	1
1	21408	0.249002	1
1	21418	0.249127	1
1	21428	0.249252	1
1	21439	0.249377	1
1	21451	0.249502	1
1	21461	0.249627	1
1	21471	0.249752	1
1	21482	0.249877	1
1	21494	0.250002	1
1	21504	0.250127	1
1	21514	0.250252	1
1	21525	0.250377	1
1	21537	0.250502	1
1	21547	0.250627	1
1	21557	0.250752	1
1	21568	0.250877	1
1	21580	0.251002	1
1	21590	0.251127	1
1	21600	0.251252	1
1	21611	0.251377	1
1	21623	0.251502	1
1	21633	0.251627	1
1	21643	0.251752	1
1	21654	0.251877	1
1	21666	0.252002	1
1	21676	0.252127	1
1	21686	0.252252	1
1	21697	0.252377	1
1	21709	0.252502	1
1	21719	0.252627	1
1	21729	0.252752	1
1	21740	0.252877	1
1	21752	0.253002	1
1	21762	0.253127	1
1	21772	0.253252	1
1	21783	0.253377	1
1	21795	0.253502	1
1	21805	0.253627	1
1	21815	0.253752	1
1	21826	0.253877	1
1	21838	0.254002	1
1	21848	0.254127	1
1	21858	0.254252	1
1	21869	0.254377	1
1	21881	0.254502	1
1	21891	0.254627	1
1	21901	0.254752	1
1	21912	0.254877	1
1	21924	0.255002	1
1	21934	0.255127	1
1	21944	0.255252	1
1	21955	0.255377	1
1	21967	0.255502	1
1	21977	0.255627	1
1	21987	0.255752	1
1	21998	0.255877	1
1	22010	0.256002	1
1	22020	0.256127	1
1	22030	0.256252	1
1	22041	0.256377	1
1	22053	0.256502	1
1	22063	0.256627	1
1	22073	0.256752	1
1	22084	0.256877	1
1	22096	0.257002	1
1	22106	0.257127	1
1	22116	0.257252	1
1	22127	0.257377	1
1	22139	0.257502	1
1	22149	0.257627	1
1	22159	0.257752	1
1	22170	0.257877	1
1	22182	0.258002	1
1	22192	0.258127	1
1	22202	0.258252	1
1	22213	0.258377	1
1	22225	0.258502	1
1	22235	0.258627	1
1	22245	0.258752	1
1	22256	0.258877	1
1	22268	0.259002	1
1	22278	0.259127	1
1	22288	0.259252	1
1	22299	0.259377	1
1	22311	0.259502	1
1	22321	0.259627	1
1	22331	0.259752	1
1	22342	0.259877	1
1	22354	0.260002	1
1	22364	0.260127	1
1	22374	0.260252	1
1	22385	0.260377	1
1	22397	0.260502	1
1	22407	0.260627	1
1	22417	0.260752	1
1	22428	0.260877	1
1	22440	0.261002	1
1	22450	0.261127	1
1	22460	0.261252	1
1	22471	0.261377	1
1	22483	0.261502	1
1	22493	0.261627	1
1	22503	0.261752	1
1	22514	0.261877	1
1	22526	0.262002	1
1	22536	0.262127	1
1	22546	0.262252	1
1	22557	0.262377	1
1	22569	0.262502	1
1	22579	0.262627	1
1	22589	0.262752	1
1	22600	0.262877	1
1	22612	0.263002	1
1	22622	0.263127	1
1	22632	0.263252	1
1	22643	0.263377	1
1	22655	0.263502	1
1	22665	0.263627	1
1	22675	0.263752	1
1	22686	0.263877	1
1	22698	0.264002	1
1	22708	0.264127	1
1	22718	0.264252	1
1	22729	0.264377	1
1	22741	0.264502	1
1	22751	0.264627	1
1	22761	0.264752	1
1	22772	0.264877	1
1	22784	0.265002	1
1	22794	0.265127	1
1	22804	0.265252	1
1	22815	0.265377	1
1	22827	0.265502	1
1	22837	0.265627	1
1	22847	0.265752	1
1	22858	0.265877	1
1	22870	0.266002	1
1	22880	0.266127	1
1	22890	0.266252	1
1	22901	0.266377	1
1	22913	0.266502	1
1	22923	0.266627	1
1	22933	0.266752	1
1	22944	0.266877	1
1	22956	0.267002	1
1	22966	0.267127	1
1	22976	0.267252	1
1	22987	0.267377	1
1	22999	0.267502	1
1	23009	0.267627	1
1	23019	0.267752	1
1	23030	0.267877	1
1	23042	0.268002	1
1	23052	0.268127	1
1	23062	0.268252	1
1	23073	0.268377	1
1	23085	0.268502	1
1	23095	0.268627	1
1	23105	0.268752	1
1	23116	0.268877	1
1	23128	0.269002	1
1	23138	0.269127	1
1	23148	0.269252	1
1	23159	0.269377	1
1	23171	0.269502	1
1	23181	0.269627	1
1	23191	0.269752	1
1	23202	0.269877	1
1	23214	0.270002	1
1	23224	0.270127	1
1	23234	0.270252	1
1	23245	0.270377	1
1	23257	0.270502	1
1	23267	0.270627	1
1	23277	0.270752	1
1	23288	0.270877	1
1	23300	0.271002	1
1	23310	0.271127	1
1	23320	0.271252	1
1	23331	0.271377	1
1	23343	0.271502	1
1	23353	0.271627	1
1	23363	0.271752	1
1	23374	0.271877	1
1	23386	0.272002	1
1	23396	0.272127	1
1	23406	0.272252	1
1	23417	0.272377	1
1	23429	0.272502	1
1	23439	0.272627	1
1	23449	0.272752	1
1	23460	0.272877	1
1	23472	0.273002	1
1	23482	0.273127	1
1	23492	0.273252	1
1	23503	0.273377	1
1	23515	0.273502	1
1	23525	0.273627	1
1	23535	0.273752	1
1	23546	0.273877	1
1	23558	0.274002	1
1	23568	0.274127	1
1	23578	0.274252	1
1	23589	0.274377	1
1	23601	0.274502	1
1	23611	0.274627	1
1	23621	0.274752	1
1	23632	0.274877	1
1	23644	0.275002	1
1	23654	0.275127	1
1	23664	0.275252	1
1	23675	0.275377	1
1	23687	0.275502	1
1	23697	0.275627	1
1	23707	0.275752	1
1	23718	0.275877	1
1	23730	0.276002	1
1	23740	0.276127	1
1	23750	0.276252	1
1	23761	0.276377	1
1	23773	0.276502	1
1	23783	0.276627	1
1	23793	0.276752	1
1	23804	0.276877	1
1	23816	0.277002	1
1	23826	0.277127	1
1	23836	0.277252	1
1	23847	0.277377	1
1	23859	0.277502	1
1	23869	0.277627	1
1	23879	0.277752	1
1	23890	0.277877	1
1	23902	0.278002	1
1	23912	0.278127	1
1	23922	0.278252	1
1	23933	0.278377	1
1	23945	0.278502	1
1	23955	0.278627	1
1	23965	0.278752	1
1	23976	0.278877	1
1	23988	0.279002	1
1	23998	0.279127	1
1	24008	0.279252	1
1	24019	0.279377	1
1	24031	0.279502	1
1	24041	0.279627	1
1	24051	0.279752	1
1	24062	0.279877	1
1	24074	0.280002	1
1	24084	0.280127	1
1	24094	0.280252	1
1	24105	0.280377	1
1	24117	0.280502	1
1	24127	0.280627	1
1	24137	0.280752	1
1	24148	0.280877	1
1	24160	0.281002	1
1	24170	0.281127	1
1	24180	0.281252	1
1	24191	0.281377	1
1	24203	0.281502	1
1	24213	0.281627	1
1	24223	0.281752	1
1	24234	0.281877	1
1	24246	0.282002	1
1	24256	0.282127	1
1	24266	0.282252	1
1	24277	0.282377	1
1	24289	0.282502	1
1	24299	0.282627	1
1	24309	0.282752	1
1	24320	0.282877	1
1	24332	0.283002	1
1	24342	0.283127	1
1	24352	0.283252	1
1	24363	0.283377	1
1	24375	0.283502	1
1	24385	0.283627	1
1	24395	0.283752	1
1	24406	0.283877	1
1	24418	0.284002	1
1	24428	0.284127	1
1	24438	0.284252	1
1	24449	0.284377	1
1	24461	0.284502	1
1	24471	0.284627	1
1	24481	0.284752	1
1	24492	0.284877	1
1	24504	0.285002	1
1	24514	0.285127	1
1	24524	0.285252	1
1	24535	0.285377	1
1	24547	0.285502	1
1	24557	0.285627	1
1	24567	0.285752	1
1	24578	0.285877	1
1	24590	0.286002	1
1	24600	0.286127	1
1	24610	0.286252	1
1	24621	0.286377	1
1	24633	0.286502	1
1	24643	0.286627	1
1	24653	0.286752	1
1	24664	0.286877	1
1	24676	0.287002	1
1	24686	0.287127	1
1	24696	0.287252	1
1	24707	0.287377	1
1	24719	0.287502	1
1	24729	0.287627	1
1	24739	0.287752	1
1	24750	0.287877	1
1	24762	0.288002	1
1	24772	0.288127	1
1	24782	0.288252	1
1	24793	0.288377	1
1	24805	0.288502	1
1	24815	0.288627	1
1	24825	0.288752	1
1	24836	0.288877	1
1	24848	0.289002	1
1	24858	0.289127	1
1	24868	0.289252	1
1	24879	0.289377	1
1	24891	0.289502	1
1	24901	0.289627	1
1	24911	0.289752	1
1	24922	0.289877	1
1	24934	0.290002	1
1	24944	0.290127	1
1	24954	0.290252	1
1	24965	0.290377	1
1	24977	0.290502	1
1	24987	0.290627	1
1	24997	0.290752	1
1	25008	0.290877	1
1	25020	0.291002	1
1	25030	0.291127	1
1	25040	0.291252	1
1	25051	0.291377	1
1	25063	0.291502	1
1	25073	0.291627	1
1	25083	0.291752	1
1	25094	0.291877	1
1	25106	0.292002	1
1	25116	0.292127	1
1	25126	0.292252	1
1	25137	0.292377	1
1	25149	0.292502	1
1	25159	0.292627	1
1	25169	0.292752	1
1	25180	0.292877	1
1	25192	0.293002	1
1	25202	0.293127	1
1	25212	0.293252	1
1	25223	0.293377	1
1	25235	0.293502	1
1	25245	0.293627	1
1	25255	0.293752	1
1	25266	0.293877	1
1	25278	0.294002	1
1	25288	0.294127	1
1	25298	0.294252	1
1	25309	0.294377	1
1	25321	0.294502	1
1	25331	0.294627	1
1	25341	0.294752	1
1	25352	0.294877	1
1	25364	0.295002	1
1	25374	0.295127	1
1	25384	0.295252	1
1	25395	0.295377	1
1	25407	0.295502	1
1	25417	0.295627	1
1	25427	0.295752	1
1	25438	0.295877	1
1	25450	0.296002	1
1	25460	0.296127	1
1	25470	0.296252	1
1	25481	0.296377	1
1	25493	0.296502	1
1	25503	0.296627	1
1	25513	0.296752	1
1	25524	0.296877	1
1	25536	0.297002	1
1	25546	0.297127	1
1	25556	0.297252	1
1	25567	0.297377	1
1	25579	0.297502	1
1	25589	0.297627	1
1	25599	0.297752	1
1	25610	0.297877	1
1	25622	0.298002	1
1	25632	0.298127	1
1	25642	0.298252	1
1	25653	0.298377	1
1	25665	0.298502	1
1	25675	0.298627	1
1	25685	0.298752	1
1	25696	0.298877	1
1	25708	0.299002	1
1	25718	0.299127	1
1	25728	0.299252	1
1	25739	0.299377	1
1	25751	0.299502	1
1	25761	0.299627	1
1	25771	0.299752	1
1	25782	0.299877	1
1	25794	0.300002	1
1	25804	0.300127	1
1	25814	0.300252	1
1	25825	0.300377	1
1	25837	0.300502	1
1	25847	0.300627	1
1	25857	0.300752	1
1	25868	0.300877	1
1	25880	0.301002	1
1	25890	0.301127	1
1	25900	0.301252	1
1	25911	0.301377	1
1	25923	0.301502	1
1	25933	0.301627	1
1	25943	0.301752	1
1	25954	0.301877	1
1	25966	0.302002	1
1	25976	0.302127	1
1	25986	0.302252	1
1	25997	0.302377	1
1	26009	0.302502	1
1	26019	0.302627	1
1	26029	0.302752	1
1	26040	0.302877	1
1	26052	0.303002	1
1	26062	0.303127	1
1	26072	0.303252	1
1	26083	0.303377	1
1	26095	0.303502	1
1	26105	0.303627	1
1	26115	0.303752	1
1	26126	0.303877	1
1	26138	0.304002	1
1	26148	0.304127	1
1	26158	0.304252	1
1	26169	0.304377	1
1	26181	0.304502	1
1	26191	0.304627	1
1	26201	0.304752	1
1	26212	0.304877	1
1	26224	0.305002	1
1	26234	0.305127	1
1	26244	0.305252	1
1	26255	0.305377	1
1	26267	0.305502	1
1	26277	0.305627	1
1	26287	0.305752	1
1	26298	0.305877	1
1	26310	0.306002	1
1	26320	0.306127	1
1	26330	0.306252	1
1	26341	0.306377	1
1	26353	0.306502	1
1	26363	0.306627	1
1	26373	0.306752	1
1	26384	0.306877	1
1	26396	0.307002	1
1	26406	0.307127	1
1	26416	0.307252	1
1	26427	0.307377	1
1	26439	0.307502	1
1	26449	0.307627	1
1	26459	0.307752	1
1	26470	0.307877	1
1	26482	0.308002	1
1	26492	0.308127	1
1	26502	0.308252	1
1	26513	0.308377	1
1	26525	0.308502	1
1	26535	0.308627	1
1	26545	0.308752	1
1	26556	0.308877	1
1	26568	0.309002	1
1	26578	0.309127	1
1	26588	0.309252	1
1	26599	0.309377	1
1	26611	0.309502	1
1	26621	0.309627	1
1	26631	0.309752	1
1	26642	0.309877	1
1	26654	0.310002	1
1	26664	0.310127	1
1	26674	0.310252	1
1	26685	0.310377	1
1	26697	0.310502	1
1	26707	0.310627	1
1	26717	0.310752	1
1	26728	0.310877	1
1	26740	0.311002	1
1	26750	0.311127	1
1	26760	0.311252	1
1	26771	0.311377	1
1	26783	0.311502	1
1	26793	0.311627	1
1	26803	0.311752	1
1	26814	0.311877	1
1	26826	0.312002	1
1	26836	0.312127	1
1	26846	0.312252	1
1	26857	0.312377	1
1	26869	0.312502	1
1	26879	0.312627	1
1	26889	0.312752	1
1	26900	0.312877	1
1	26912	0.313002	1
1	26922	0.313127	1
1	26932	0.313252	1
1	26943	0.313377	1
1	26955	0.313502	1
1	26965	0.313627	1
1	26975	0.313752	1
1	26986	0.313877	1
1	26998	0.314002	1
1	27008	0.314127	1
1	27018	0.314252	1
1	27029	0.314377	1
1	27041	0.314502	1
1	27051	0.314627	1
1	27061	0.314752	1
1	27072	0.314877	1
1	27084	0.315002	1
1	27094	0.315127	1
1	27104	0.315252	1
1	27115	0.315377	1
1	27127	0.315502	1
1	27137	0.315627	1
1	27147	0.315752	1
1	27158	0.315877	1
1	27170	0.316002	1
1	27180	0.316127	1
1	27190	0.316252	1
1	27201	0.316377	1
1	27213	0.316502	1
1	27223	0.316627	1
1	27233	0.316752	1
1	27244	0.316877	1
1	27256	0.317002	1
1	27266	0.317127	1
1	27276	0.317252	1
1	27287	0.317377	1
1	27299	0.317502	1
1	27309	0.317627	1
1	27319	0.317752	1
1	27330	0.317877	1
1	27342	0.318002	1
1	27352	0.318127	1
1	27362	0.318252	1
1	27373	0.318377	1
1	27385	0.318502	1
1	27395	0.318627	1
1	27405	0.318752	1
1	27416	0.318877	1
1	27428	0.319002	1
1	27438	0.319127	1
1	27448	0.319252	1
1	27459	0.319377	1
1	27471	0.319502	1
1	27481	0.319627	1
1	27491	0.319752	1
1	27502	0.319877	1
1	27514	0.320002	1
1	27524	0.320127	1
1	27534	0.320252	1
1	27545	0.320377	1
1	27557	0.320502	1
1	27567	0.320627	1
1	27577	0.320752	1
1	27588	0.320877	1
1	27600	0.321002	1
1	27610	0.321127	1
1	27620	0.321252	1
1	27631	0.321377	1
1	27643	0.321502	1
1	27653	0.321627	1
1	27663	0.321752	1
1	27674	0.321877	1
1	27686	0.322002	1
1	27696	0.322127	1
1	27706	0.322252	1
1	27717	0.322377	1
1	27729	0.322502	1
1	27739	0.322627	1
1	27749	0.322752	1
1	27760	0.322877	1
1	27772	0.323002	1
1	27782	0.323127	1
1	27792	0.323252	1
1	27803	0.323377	1
1	27815	0.323502	1
1	27825	0.323627	1
1	27835	0.323752	1
1	27846	0.323877	1
1	27858	0.324002	1
1	27868	0.324127	1
1	27878	0.324252	1
1	27889	0.324377	1
1	27901	0.324502	1
1	27911	0.324627	1
1	27921	0.324752	1
1	27932	0.324877	1
1	27944	0.325002	1
1	27954	0.325127	1
1	27964	0.325252	1
1	27975	0.325377	1
1	27987	0.325502	1
1	27997	0.325627	1
1	28007	0.325752	1
1	28018	0.325877	1
1	28030	0.326002	1
1	28040	0.326127	1
1	28050	0.326252	1
1	28061	0.326377	1
1	28073	0.326502	1
1	28083	0.326627	1
1	28093	0.326752	1
1	28104	0.326877	1
1	28116	0.327002	1
1	28126	0.327127	1
1	28136	0.327252	1
1	28147	0.327377	1
1	28159	0.327502	1
1	28169	0.327627	1
1	28179	0.327752	1
1	28190	0.327877	1
1	28202	0.328002	1
1	28212	0.328127	1
1	28222	0.328252	1
1	28233	0.328377	1
1	28245	0.328502	1
1	28255	0.328627	1
1	28265	0.328752	1
1	28276	0.328877	1
1	28288	0.329002	1
1	28298	0.329127	1
1	28308	0.329252	1
1	28319	0.329377	1
1	28331	0.329502	1
1	28341	0.329627	1
1	28351	0.329752	1
1	28362	0.329877	1
1	28374	0.330002	1
1	28384	0.330127	1
1	28394	0.330252	1
1	28405	0.330377	1
1	28417	0.330502	1
1	28427	0.330627	1
1	28437	0.330752	1
1	28448	0.330877	1
1	28460	0.331002	1
1	28470	0.331127	1
1	28480	0.331252	1
1	28491	0.331377	1
1	28503	0.331502	1
1	28513	0.331627	1
1	28523	0.331752	1
1	28534	0.331877	1
1	28546	0.332002	1
1	28556	0.332127	1
1	28566	0.332252	1
1	28577	0.332377	1
1	28589	0.332502	1
1	28599	0.332627	1
1	28609	0.332752	1
1	28620	0.332877	1
1	28632	0.333002	1
1	28642	0.333127	1
1	28652	0.333252	1
1	28663	0.333377	1
1	28675	0.333502	1
1	28685	0.333627	1
1	28695	0.333752	1
1	28706	0.333877	1
1	28718	0.334002	1
1	28728	0.334127	1
1	28738	0.334252	1
1	28749	0.334377	1
1	28761	0.334502	1
1	28771	0.334627	1
1	28781	0.334752	1
1	28792	0.334877	1
1	28804	0.335002	1
1	28814	0.335127	1
1	28824	0.335252	1
1	28835	0.335377	1
1	28847	0.335502	1
1	28857	0.335627	1
1	28867	0.335752	1
1	28878	0.335877	1
1	28890	0.336002	1
1	28900	0.336127	1
1	28910	0.336252	1
1	28921	0.336377	1
1	28933	0.336502	1
1	28943	0.336627	1
1	28953	0.336752	1
1	28964	0.336877	1
1	28976	0.337002	1
1	28986	0.337127	1
1	28996	0.337252	1
1	29007	0.337377	1
1	29019	0.337502	1
1	29029	0.337627	1
1	29039	0.337752	1
1	29050	0.337877	1
1	29062	0.338002	1
1	29072	0.338127	1
1	29082	0.338252	1
1	29093	0.338377	1
1	29105	0.338502	1
1	29115	0.338627	1
1	29125	0.338752	1
1	29136	0.338877	1
1	29148	0.339002	1
1	29158	0.339127	1
1	29168	0.339252	1
1	29179	0.339377	1
1	29191	0.339502	1
1	29201	0.339627	1
1	29211	0.339752	1
1	29222	0.339877	1
1	29234	0.340002	1
1	29244	0.340127	1
1	29254	0.340252	1
1	29265	0.340377	1
1	29277	0.340502	1
1	29287	0.340627	1
1	29297	0.340752	1
1	29308	0.340877	1
1	29320	0.341002	1
1	29330	0.341127	1
1	29340	0.341252	1
1	29351	0.341377	1
1	29363	0.341502	1
1	29373	0.341627	1
1	29383	0.341752	1
1	29394	0.341877	1
1	29406	0.342002	1
1	29416	0.342127	1
1	29426	0.342252	1
1	29437	0.342377	1
1	29449	0.342502	1
1	29459	0.342627	1
1	29469	0.342752	1
1	29480	0.342877	1
1	29492	0.343002	1
1	29502	0.343127	1
1	29512	0.343252	1
1	29523	0.343377	1
1	29535	0.343502	1
1	29545	0.343627	1
1	29555	0.343752	1
1	29566	0.343877	1
1	29578	0.344002	1
1	29588	0.344127	1
1	29598	0.344252	1
1	29609	0.344377	1
1	29621	0.344502	1
1	29631	0.344627	1
1	29641	0.344752	1
1	29652	0.344877	1
1	29664	0.345002	1
1	29674	0.345127	1
1	29684	0.345252	1
1	29695	0.345377	1
1	29707	0.345502	1
1	29717	0.345627	1
1	29727	0.345752	1
1	29738	0.345877	1
1	29750	0.346002	1
1	29760	0.346127	1
1	29770	0.346252	1
1	29781	0.346377	1
1	29793	0.346502	1
1	29803	0.346627	1
1	29813	0.346752	1
1	29824	0.346877	1
1	29836	0.347002	1
1	29846	0.347127	1
1	29856	0.347252	1
1	29867	0.347377	1
1	29879	0.347502	1
1	29889	0.347627	1
1	29899	0.347752	1
1	29910	0.347877	1
1	29922	0.348002	1
1	29932	0.348127	1
1	29942	0.348252	1
1	29953	0.348377	1
1	29965	0.348502	1
1	29975	0.348627	1
1	29985	0.348752	1
1	29996	0.348877	1
1	30008	0.349002	1
1	30018	0.349127	1
1	30028	0.349252	1
1	30039	0.349377	1
1	30051	0.349502	1
1	30061	0.349627	1
1	30071	0.349752	1
1	30082	0.349877	1
1	30094	0.350002	1
1	30104	0.350127	1
1	30114	0.350252	1
1	30125	0.350377	1
1	30137	0.350502	1
1	30147	0.350627	1
1	30157	0.350752	1
1	30168	0.350877	1
1	30180	0.351002	1
1	30190	0.351127	1
1	30200	0.351252	1
1	30211	0.351377	1
1	30223	0.351502	1
1	30233	0.351627	1
1	30243	0.351752	1
1	30254	0.351877	1
1	30266	0.352002	1
1	30276	0.352127	1
1	30286	0.352252	1
1	30297	0.352377	1
1	30309	0.352502	1
1	30319	0.352627	1
1	30329	0.352752	1
1	30340	0.352877	1
1	30352	0.353002	1
1	30362	0.353127	1
1	30372	0.353252	1
1	30383	0.353377	1
1	30395	0.353502	1
1	30405	0.353627	1
1	30415	0.353752	1
1	30426	0.353877	1
1	30438	0.354002	1
1	30448	0.354127	1
1	30458	0.354252	1
1	30469	0.354377	1
1	30481	0.354502	1
1	30491	0.354627	1
1	30501	0.354752	1
1	30512	0.354877	1
1	30524	0.355002	1
1	30534	0.355127	1
1	30544	0.355252	1
1	30555	0.355377	1
1	30567	0.355502	1
1	30577	0.355627	1
1	30587	0.355752	1
1	30598	0.355877	1
1	30610	0.356002	1
1	30620	0.356127	1
1	30630	0.356252	1
1	30641	0.356377	1
1	30653	0.356502	1
1	30663	0.356627	1
1	30673	0.356752	1
1	30684	0.356877	1
1	30696	0.357002	1
1	30706	0.357127	1
1	30716	0.357252	1
1	30727	0.357377	1
1	30739	0.357502	1
1	30749	0.357627	1
1	30759	0.357752	1
1	30770	0.357877	1
1	30782	0.358002	1
1	30792	0.358127	1
1	30802	0.358252	1
1	30813	0.358377	1
1	30825	0.358502	1
1	30835	0.358627	1
1	30845	0.358752	1
1	30856	0.358877	1
1	30868	0.359002	1
1	30878	0.359127	1
1	30888	0.359252	1
1	30899	0.359377	1
1	30911	0.359502	1
1	30921	0.359627	1
1	30931	0.359752	1
1	30942	0.359877	1
1	30954	0.360002	1
1	30964	0.360127	1
1	30974	0.360252	1
1	30985	0.360377	1
1	30997	0.360502	1
1	31007	0.360627	1
1	31017	0.360752	1
1	31028	0.360877	1
1	31040	0.361002	1
1	31050	0.361127	1
1	31060	0.361252	1
1	31071	0.361377	1
1	31083	0.361502	1
1	31093	0.361627	1
1	31103	0.361752	1
1	31114	0.361877	1
1	31126	0.362002	1
1	31136	0.362127	1
1	31146	0.362252	1
1	31157	0.362377	1
1	31169	0.362502	1
1	31179	0.362627	1
1	31189	0.362752	1
1	31200	0.362877	1
1	31212	0.363002	1
1	31222	0.363127	1
1	31232	0.363252	1
1	31243	0.363377	1
1	31255	0.363502	1
1	31265	0.363627	1
1	31275	0.363752	1
1	31286	0.363877	1
1	31298	0.364002	1
1	31308	0.364127	1
1	31318	0.364252	1
1	31329	0.364377	1
1	31341	0.364502	1
1	31351	0.364627	1
1	31361	0.364752	1
1	31372	0.364877	1
1	31384	0.365002	1
1	31394	0.365127	1
1	31404	0.365252	1
1	31415	0.365377	1
1	31427	0.365502	1
1	31437	0.365627	1
1	31447	0.365752	1
1	31458	0.365877	1
1	31470	0.366002	1
1	31480	0.366127	1
1	31490	0.366252	1
1	31501	0.366377	1
1	31513	0.366502	1
1	31523	0.366627	1
1	31533	0.366752	1
1	31544	0.366877	1
1	31556	0.367002	1
1	31566	0.367127	1
1	31576	0.367252	1
1	31587	0.367377	1
1	31599	0.367502	1
1	31609	0.367627	1
1	31619	0.367752	1
1	31630	0.367877	1
1	31642	0.368002	1
1	31652	0.368127	1
1	31662	0.368252	1
1	31673	0.368377	1
1	31685	0.368502	1
1	31695	0.368627	1
1	31705	0.368752	1
1	31716	0.368877	1
1	31728	0.369002	1
1	31738	0.369127	1
1	31748	0.369252	1
1	31759	0.369377	1
1	31771	0.369502	1
1	31781	0.369627	1
1	31791	0.369752	1
1	31802	0.369877	1
1	31814	0.370002	1
1	31824	0.370127	1
1	31834	0.370252	1
1	31845	0.370377	1
1	31857	0.370502	1
1	31867	0.370627	1
1	31877	0.370752	1
1	31888	0.370877	1
1	31900	0.371002	1
1	31910	0.371127	1
1	31920	0.371252	1
1	31931	0.371377	1
1	31943	0.371502	1
1	31953	0.371627	1
1	31963	0.371752	1
1	31974	0.371877	1
1	31986	0.372002	1
1	31996	0.372127	1
1	32006	0.372252	1
1	32017	0.372377	1
1	32029	0.372502	1
1	32039	0.372627	1
1	32049	0.372752	1
1	32060	0.372877	1
1	32072	0.373002	1
1	32082	0.373127	1
1	32092	0.373252	1
1	32103	0.373377	1
1	32115	0.373502	1
1	32125	0.373627	1
1	32135	0.373752	1
1	32146	0.373877	1
1	32158	0.374002	1
1	32168	0.374127	1
1	32178	0.374252	1
1	32189	0.374377	1
1	32201	0.374502	1
1	32211	0.374627	1
1	32221	0.374752	1
1	32232	0.374877	1
1	32244	0.375002	1
1	32254	0.375127	1
1	32264	0.375252	1
1	32275	0.375377	1
1	32287	0.375502	1
1	32297	0.375627	1
1	32307	0.375752	1
1	32318	0.375877	1
1	32330	0.376002	1
1	32340	0.376127	1
1	32350	0.376252	1
1	32361	0.376377	1
1	32373	0.376502	1
1	32383	0.376627	1
1	32393	0.376752	1
1	32404	0.376877	1
1	32416	0.377002	1
1	32426	0.377127	1
1	32436	0.377252	1
1	32447	0.377377	1
1	32459	0.377502	1
1	32469	0.377627	1
1	32479	0.377752	1
1	32490	0.377877	1
1	32502	0.378002	1
1	32512	0.378127	1
1	32522	0.378252	1
1	32533	0.378377	1
1	32545	0.378502	1
1	32555	0.378627	1
1	32565	0.378752	1
1	32576	0.378877	1
1	32588	0.379002	1
1	32598	0.379127	1
1	32608	0.379252	1
1	32619	0.379377	1
1	32631	0.379502	1
1	32641	0.379627	1
1	32651	0.379752	1
1	32662	0.379877	1
1	32674	0.380002	1
1	32684	0.380127	1
1	32694	0.380252	1
1	32705	0.380377	1
1	32717	0.380502	1
1	32727	0.380627	1
1	32737	0.380752	1
1	32748	0.380877	1
1	32760	0.381002	1
1	32770	0.381127	1
1	32780	0.381252	1
1	32791	0.381377	1
1	32803	0.381502	1
1	32813	0.381627	1
1	32823	0.381752	1
1	32834	0.381877	1
1	32846	0.382002	1
1	32856	0.382127	1
1	32866	0.382252	1
1	32877	0.382377	1
1	32889	0.382502	1
1	32899	0.382627	1
1	32909	0.382752	1
1	32920	0.382877	1
1	32932	0.383002	1
1	32942	0.383127	1
1	32952	0.383252	1
1	32963	0.383377	1
1	32975	0.383502	1
1	32985	0.383627	1
1	32995	0.383752	1
1	33006	0.383877	1
1	33018	0.384002	1
1	33028	0.384127	1
1	33038	0.384252	1
1	33049	0.384377	1
1	33061	0.384502	1
1	33071	0.384627	1
1	33081	0.384752	1
1	33092	0.384877	1
1	33104	0.385002	1
1	33114	0.385127	1
1	33124	0.385252	1
1	33135	0.385377	1
1	33147	0.385502	1
1	33157	0.385627	1
1	33167	0.385752	1
1	33178	0.385877	1
1	33190	0.386002	1
1	33200	0.386127	1
1	33210	0.386252	1
1	33221	0.386377	1
1	33233	0.386502	1
1	33243	0.386627	1
1	33253	0.386752	1
1	33264	0.386877	1
1	33276	0.387002	1
1	33286	0.387127	1
1	33296	0.387252	1
1	33307	0.387377	1
1	33319	0.387502	1
1	33329	0.387627	1
1	33339	0.387752	1
1	33350	0.387877	1
1	33362	0.388002	1
1	33372	0.388127	1
1	33382	0.388252	1
1	33393	0.388377	1
1	33405	0.388502	1
1	33415	0.388627	1
1	33425	0.388752	1
1	33436	0.388877	1
1	33448	0.389002	1
1	33458	0.389127	1
1	33468	0.389252	1
1	33479	0.389377	1
1	33491	0.389502	1
1	33501	0.389627	1
1	33511	0.389752	1
1	33522	0.389877	1
1	33534	0.390002	1
1	33544	0.390127	1
1	33554	0.390252	1
1	33565	0.390377	1
1	33577	0.390502	1
1	33587	0.390627	1
1	33597	0.390752	1
1	33608	0.390877	1
1	33620	0.391002	1
1	33630	0.391127	1
1	33640	0.391252	1
1	33651	0.391377	1
1	33663	0.391502	1
1	33673	0.391627	1
1	33683	0.391752	1
1	33694	0.391877	1
1	33706	0.392002	1
1	33716	0.392127	1
1	33726	0.392252	1
1	33737	0.392377	1
1	33749	0.392502	1
1	33759	0.392627	1
1	33769	0.392752	1
1	33780	0.392877	1
1	33792	0.393002	1
1	33802	0.393127	1
1	33812	0.393252	1
1	33823	0.393377	1
1	33835	0.393502	1
1	33845	0.393627	1
1	33855	0.393752	1
1	33866	0.393877	1
1	33878	0.394002	1
1	33888	0.394127	1
1	33898	0.394252	1
1	33909	0.394377	1
1	33921	0.394502	1
1	33931	0.394627	1
1	33941	0.394752	1
1	33952	0.394877	1
1	33964	0.395002	1
1	33974	0.395127	1
1	33984	0.395252	1
1	33995	0.395377	1
1	34007	0.395502	1
1	34017	0.395627	1
1	34027	0.395752	1
1	34038	0.395877	1
1	34050	0.396002	1
1	34060	0.396127	1
1	34070	0.396252	1
1	34081	0.396377	1
1	34093	0.396502	1
1	34103	0.396627	1
1	34113	0.396752	1
1	34124	0.396877	1
1	34136	0.397002	1
1	34146	0.397127	1
1	34156	0.397252	1
1	34167	0.397377	1
1	34179	0.397502	1
1	34189	0.397627	1
1	34199	0.397752	1
1	34210	0.397877	1
1	34222	0.398002	1
1	34232	0.398127	1
1	34242	0.398252	1
1	34253	0.398377	1
1	34265	0.398502	1
1	34275	0.398627	1
1	34285	0.398752	1
1	34296	0.398877	1
1	34308	0.399002	1
1	34318	0.399127	1
1	34328	0.399252	1
1	34339	0.399377	1
1	34351	0.399502	1
1	34361	0.399627	1
1	34371	0.399752	1
1	34382	0.399877	1
1	34394	0.400002	1
1	34404	0.400127	1
1	34414	0.400252	1
1	34425	0.400377	1
1	34437	0.400502	1
1	34447	0.400627	1
1	34457	0.400752	1
1	34468	0.400877	1
1	34480	0.401002	1
1	34490	0.401127	1
1	34500	0.401252	1
1	34511	0.401377	1
1	34523	0.401502	1
1	34533	0.401627	1
1	34543	0.401752	1
1	34554	0.401877	1
1	34566	0.402002	1
1	34576	0.402127	1
1	34586	0.402252	1
1	34597	0.402377	1
1	34609	0.402502	1
1	34619	0.402627	1
1	34629	0.402752	1
1	34640	0.402877	1
1	34652	0.403002	1
1	34662	0.403127	1
1	34672	0.403252	1
1	34683	0.403377	1
1	34695	0.403502	1
1	34705	0.403627	1
1	34715	0.403752	1
1	34726	0.403877	1
1	34738	0.404002	1
1	34748	0.404127	1
1	34758	0.404252	1
1	34769	0.404377	1
1	34781	0.404502	1
1	34791	0.404627	1
1	34801	0.404752	1
1	34812	0.404877	1
1	34824	0.405002	1
1	34834	0.405127	1
1	34844	0.405252	1
1	34855	0.405377	1
1	34867	0.405502	1
1	34877	0.405627	1
1	34887	0.405752	1
1	34898	0.405877	1
1	34910	0.406002	1
1	34920	0.406127	1
1	34930	0.406252	1
1	34941	0.406377	1
1	34953	0.406502	1
1	34963	0.406627	1
1	34973	0.406752	1
1	34984	0.406877	1
1	34996	0.407002	1
1	35006	0.407127	1
1	35016	0.407252	1
1	35027	0.407377	1
1	35039	0.407502	1
1	35049	0.407627	1
1	35059	0.407752	1
1	35070	0.407877	1
1	35082	0.408002	1
1	35092	0.408127	1
1	35102	0.408252	1
1	35113	0.408377	1
1	35125	0.408502	1
1	35135	0.408627	1
1	35145	0.408752	1
1	35156	0.408877	1
1	35168	0.409002	1
1	35178	0.409127	1
1	35188	0.409252	1
1	35199	0.409377	1
1	35211	0.409502	1
1	35221	0.409627	1
1	35231	0.409752	1
1	35242	0.409877	1
1	35254	0.410002	1
1	35264	0.410127	1
1	35274	0.410252	1
1	35285	0.410377	1
1	35297	0.410502	1
1	35307	0.410627	1
1	35317	0.410752	1
1	35328	0.410877	1
1	35340	0.411002	1
1	35350	0.411127	1
1	35360	0.411252	1
1	35371	0.411377	1
1	35383	0.411502	1
1	35393	0.411627	1
1	35403	0.411752	1
1	35414	0.411877	1
1	35426	0.412002	1
1	35436	0.412127	1
1	35446	0.412252	1
1	35457	0.412377	1
1	35469	0.412502	1
1	35479	0.412627	1
1	35489	0.412752	1
1	35500	0.412877	1
1	35512	0.413002	1
1	35522	0.413127	1
1	35532	0.413252	1
1	35543	0.413377	1
1	35555	0.413502	1
1	35565	0.413627	1
1	35575	0.413752	1
1	35586	0.413877	1
1	35598	0.414002	1
1	35608	0.414127	1
1	35618	0.414252	1
1	35629	0.414377	1
1	35641	0.414502	1
1	35651	0.414627	1
1	35661	0.414752	1
1	35672	0.414877	1
1	35684	0.415002	1
1	35694	0.415127	1
1	35704	0.415252	1
1	35715	0.415377	1
1	35727	0.415502	1
1	35737	0.415627	1
1	35747	0.415752	1
1	35758	0.415877	1
1	35770	0.416002	1
1	35780	0.416127	1
1	35790	0.416252	1
1	35801	0.416377	1
1	35813	0.416502	1
1	35823	0.416627	1
1	35833	0.416752	1
1	35844	0.416877	1
1	35856	0.417002	1
1	35866	0.417127	1
1	35876	0.417252	1
1	35887	0.417377	1
1	35899	0.417502	1
1	35909	0.417627	1
1	35919	0.417752	1
1	35930	0.417877	1
1	35942	0.418002	1
1	35952	0.418127	1
1	35962	0.418252	1
1	35973	0.418377	1
1	35985	0.418502	1
1	35995	0.418627	1
1	36005	0.418752	1
1	36016	0.418877	1
1	36028	0.419002	1
1	36038	0.419127	1
1	36048	0.419252	1
1	36059	0.419377	1
1	36071	0.419502	1
1	36081	0.419627	1
1	36091	0.419752	1
1	36102	0.419877	1
1	36114	0.420002	1
1	36124	0.420127	1
1	36134	0.420252	1
1	36145	0.420377	1
1	36157	0.420502	1
1	36167	0.420627	1
1	36177	0.420752	1
1	36188	0.420877	1
1	36200	0.421002	1
1	36210	0.421127	1
1	36220	0.421252	1
1	36231	0.421377	1
1	36243	0.421502	1
1	36253	0.421627	1
1	36263	0.421752	1
1	36274	0.421877	1
1	36286	0.422002	1
1	36296	0.422127	1
1	36306	0.422252	1
1	36317	0.422377	1
1	36329	0.422502	1
1	36339	0.422627	1
1	36349	0.422752	1
1	36360	0.422877	1
1	36372	0.423002	1
1	36382	0.423127	1
1	36392	0.423252	1
1	36403	0.423377	1
1	36415	0.423502	1
1	36425	0.423627	1
1	36435	0.423752	1
1	36446	0.423877	1
1	36458	0.424002	1
1	36468	0.424127	1
1	36478	0.424252	1
1	36489	0.424377	1
1	36501	0.424502	1
1	36511	0.424627	1
1	36521	0.424752	1
1	36532	0.424877	1
1	36544	0.425002	1
1	36554	0.425127	1
1	36564	0.425252	1
1	36575	0.425377	1
1	36587	0.425502	1
1	36597	0.425627	1
1	36607	0.425752	1
1	36618	0.425877	1
1	36630	0.426002	1
1	36640	0.426127	1
1	36650	0.426252	1
1	36661	0.426377	1
1	36673	0.426502	1
1	36683	0.426627	1
1	36693	0.426752	1
1	36704	0.426877	1
1	36716	0.427002	1
1	36726	0.427127	1
1	36736	0.427252	1
1	36747	0.427377	1
1	36759	0.427502	1
1	36769	0.427627	1
1	36779	0.427752	1
1	36790	0.427877	1
1	36802	0.428002	1
1	36812	0.428127	1
1	36822	0.428252	1
1	36833	0.428377	1
1	36845	0.428502	1
1	36855	0.428627	1
1	36865	0.428752	1
1	36876	0.428877	1
1	36888	0.429002	1
1	36898	0.429127	1
1	36908	0.429252	1
1	36919	0.429377	1
1	36931	0.429502	1
1	36941	0.429627	1
1	36951	0.429752	1
1	36962	0.429877	1
1	36974	0.430002	1
1	36984	0.430127	1
1	36994	0.430252	1
1	37005	0.430377	1
1	37017	0.430502	1
1	37027	0.430627	1
1	37037	0.430752	1
1	37048	0.430877	1
1	37060	0.431002	1
1	37070	0.431127	1
1	37080	0.431252	1
1	37091	0.431377	1
1	37103	0.431502	1
1	37113	0.431627	1
1	37123	0.431752	1
1	37134	0.431877	1
1	37146	0.432002	1
1	37156	0.432127	1
1	37166	0.432252	1
1	37177	0.432377	1
1	37189	0.432502	1
1	37199	0.432627	1
1	37209	0.432752	1
1	37220	0.432877	1
1	37232	0.433002	1
1	37242	0.433127	1
1	37252	0.433252	1
1	37263	0.433377	1
1	37275	0.433502	1
1	37285	0.433627	1
1	37295	0.433752	1
1	37306	0.433877	1
1	37318	0.434002	1
1	37328	0.434127	1
1	37338	0.434252	1
1	37349	0.434377	1
1	37361	0.434502	1
1	37371	0.434627	1
1	37381	0.434752	1
1	37392	0.434877	1
1	37404	0.435002	1
1	37414	0.435127	1
1	37424	0.435252	1
1	37435	0.435377	1
1	37447	0.435502	1
1	37457	0.435627	1
1	37467	0.435752	1
1	37478	0.435877	1
1	37490	0.436002	1
1	37500	0.436127	1
1	37510	0.436252	1
1	37521	0.436377	1
1	37533	0.436502	1
1	37543	0.436627	1
1	37553	0.436752	1
1	37564	0.436877	1
1	37576	0.437002	1
1	37586	0.437127	1
1	37596	0.437252	1
1	37607	0.437377	1
1	37619	0.437502	1
1	37629	0.437627	1
1	37639	0.437752	1
1	37650	0.437877	1
1	37662	0.438002	1
1	37672	0.438127	1
1	37682	0.438252	1
1	37693	0.438377	1
1	37705	0.438502	1
1	37715	0.438627	1
1	37725	0.438752	1
1	37736	0.438877	1
1	37748	0.439002	1
1	37758	0.439127	1
1	37768	0.439252	1
1	37779	0.439377	1
1	37791	0.439502	1
1	37801	0.439627	1
1	37811	0.439752	1
1	37822	0.439877	1
1	37834	0.440002	1
1	37844	0.440127	1
1	37854	0.440252	1
1	37865	0.440377	1
1	37877	0.440502	1
1	37887	0.440627	1
1	37897	0.440752	1
1	37908	0.440877	1
1	37920	0.441002	1
1	37930	0.441127	1
1	37940	0.441252	1
1	37951	0.441377	1
1	37963	0.441502	1
1	37973	0.441627	1
1	37983	0.441752	1
1	37994	0.441877	1
1	38006	0.442002	1
1	38016	0.442127	1
1	38026	0.442252	1
1	38037	0.442377	1
1	38049	0.442502	1
1	38059	0.442627	1
1	38069	0.442752	1
1	38080	0.442877	1
1	38092	0.443002	1
1	38102	0.443127	1
1	38112	0.443252	1
1	38123	0.443377	1
1	38135	0.443502	1
1	38145	0.443627	1
1	38155	0.443752	1
1	38166	0.443877	1
1	38178	0.444002	1
1	38188	0.444127	1
1	38198	0.444252	1
1	38209	0.444377	1
1	38221	0.444502	1
1	38231	0.444627	1
1	38241	0.444752	1
1	38252	0.444877	1
1	38264	0.445002	1
1	38274	0.445127	1
1	38284	0.445252	1
1	38295	0.445377	1
1	38307	0.445502	1
1	38317	0.445627	1
1	38327	0.445752	1
1	38338	0.445877	1
1	38350	0.446002	1
1	38360	0.446127	1
1	38370	0.446252	1
1	38381	0.446377	1
1	38393	0.446502	1
1	38403	0.446627	1
1	38413	0.446752	1
1	38424	0.446877	1
1	38436	0.447002	1
1	38446	0.447127	1
1	38456	0.447252	1
1	38467	0.447377	1
1	38479	0.447502	1
1	38489	0.447627	1
1	38499	0.447752	1
1	38510	0.447877	1
1	38522	0.448002	1
1	38532	0.448127	1
1	38542	0.448252	1
1	38553	0.448377	1
1	38565	0.448502	1
1	38575	0.448627	1
1	38585	0.448752	1
1	38596	0.448877	1
1	38608	0.449002	1
1	38618	0.449127	1
1	38628	0.449252	1
1	38639	0.449377	1
1	38651	0.449502	1
1	38661	0.449627	1
1	38671	0.449752	1
1	38682	0.449877	1
1	38694	0.450002	1
1	38704	0.450127	1
1	38714	0.450252	1
1	38725	0.450377	1
1	38737	0.450502	1
1	38747	0.450627	1
1	38757	0.450752	1
1	38768	0.450877	1
1	38780	0.451002	1
1	38790	0.451127	1
1	38800	0.451252	1
1	38811	0.451377	1
1	38823	0.451502	1
1	38833	0.451627	1
1	38843	0.451752	1
1	38854	0.451877	1
1	38866	0.452002	1
1	38876	0.452127	1
1	38886	0.452252	1
1	38897	0.452377	1
1	38909	0.452502	1
1	38919	0.452627	1
1	38929	0.452752	1
1	38940	0.452877	1
1	38952	0.453002	1
1	38962	0.453127	1
1	38972	0.453252	1
1	38983	0.453377	1
1	38995	0.453502	1
1	39005	0.453627	1
1	39015	0.453752	1
1	39026	0.453877	1
1	39038	0.454002	1
1	39048	0.454127	1
1	39058	0.454252	1
1	39069	0.454377	1
1	39081	0.454502	1
1	39091	0.454627	1
1	39101	0.454752	1
1	39112	0.454877	1
1	39124	0.455002	1
1	39134	0.455127	1
1	39144	0.455252	1
1	39155	0.455377	1
1	39167	0.455502	1
1	39177	0.455627	1
1	39187	0.455752	1
1	39198	0.455877	1
1	39210	0.456002	1
1	39220	0.456127	1
1	39230	0.456252	1
1	39241	0.456377	1
1	39253	0.456502	1
1	39263	0.456627	1
1	39273	0.456752	1
1	39284	0.456877	1
1	39296	0.457002	1
1	39306	0.457127	1
1	39316	0.457252	1
1	39327	0.457377	1
1	39339	0.457502	1
1	39349	0.457627	1
1	39359	0.457752	1
1	39370	0.457877	1
1	39382	0.458002	1
1	39392	0.458127	1
1	39402	0.458252	1
1	39413	0.458377	1
1	39425	0.458502	1
1	39435	0.458627	1
1	39445	0.458752	1
1	39456	0.458877	1
1	39468	0.459002	1
1	39478	0.459127	1
1	39488	0.459252	1
1	39499	0.459377	1
1	39511	0.459502	1
1	39521	0.459627	1
1	39531	0.459752	1
1	39542	0.459877	1
1	39554	0.460002	1
1	39564	0.460127	1
1	39574	0.460252	1
1	39585	0.460377	1
1	39597	0.460502	1
1	39607	0.460627	1
1	39617	0.460752	1
1	39628	0.460877	1
1	39640	0.461002	1
1	39650	0.461127	1
1	39660	0.461252	1
1	39671	0.461377	1
1	39683	0.461502	1
1	39693	0.461627	1
1	39703	0.461752	1
1	39714	0.461877	1
1	39726	0.462002	1
1	39736	0.462127	1
1	39746	0.462252	1
1	39757	0.462377	1
1	39769	0.462502	1
1	39779	0.462627	1
1	39789	0.462752	1
1	39800	0.462877	1
1	39812	0.463002	1
1	39822	0.463127	1
1	39832	0.463252	1
1	39843	0.463377	1
1	39855	0.463502	1
1	39865	0.463627	1
1	39875	0.463752	1
1	39886	0.463877	1
1	39898	0.464002	1
1	39908	0.464127	1
1	39918	0.464252	1
1	39929	0.464377	1
1	39941	0.464502	1
1	39951	0.464627	1
1	39961	0.464752	1
1	39972	0.464877	1
1	39984	0.465002	1
1	39994	0.465127	1
1	40004	0.465252	1
1	40015	0.465377	1
1	40027	0.465502	1
1	40037	0.465627	1
1	40047	0.465752	1
1	40058	0.465877	1
1	40070	0.466002	1
1	40080	0.466127	1
1	40090	0.466252	1
1	40101	0.466377	1
1	40113	0.466502	1
1	40123	0.466627	1
1	40133	0.466752	1
1	40144	0.466877	1
1	40156	0.467002	1
1	40166	0.467127	1
1	40176	0.467252	1
1	40187	0.467377	1
1	40199	0.467502	1
1	40209	0.467627	1
1	40219	0.467752	1
1	40230	0.467877	1
1	40242	0.468002	1
1	40252	0.468127	1
1	40262	0.468252	1
1	40273	0.468377	1
1	40285	0.468502	1
1	40295	0.468627	1
1	40305	0.468752	1
1	40316	0.468877	1
1	40328	0.469002	1
1	40338	0.469127	1
1	40348	0.469252	1
1	40359	0.469377	1
1	40371	0.469502	1
1	40381	0.469627	1
1	40391	0.469752	1
1	40402	0.469877	1
1	40414	0.470002	1
1	40424	0.470127	1
1	40434	0.470252	1
1	40445	0.470377	1
1	40457	0.470502	1
1	40467	0.470627	1
1	40477	0.470752	1
1	40488	0.470877	1
1	40500	0.471002	1
1	40510	0.471127	1
1	40520	0.471252	1
1	40531	0.471377	1
1	40543	0.471502	1
1	40553	0.471627	1
1	40563	0.471752	1
1	40574	0.471877	1
1	40586	0.472002	1
1	40596	0.472127	1
1	40606	0.472252	1
1	40617	0.472377	1
1	40629	0.472502	1
1	40639	0.472627	1
1	40649	0.472752	1
1	40660	0.472877	1
1	40672	0.473002	1
1	40682	0.473127	1
1	40692	0.473252	1
1	40703	0.473377	1
1	40715	0.473502	1
1	40725	0.473627	1
1	40735	0.473752	1
1	40746	0.473877	1
1	40758	0.474002	1
1	40768	0.474127	1
1	40778	0.474252	1
1	40789	0.474377	1
1	40801	0.474502	1
1	40811	0.474627	1
1	40821	0.474752	1
1	40832	0.474877	1
1	40844	0.475002	1
1	40854	0.475127	1
1	40864	0.475252	1
1	40875	0.475377	1
1	40887	0.475502	1
1	40897	0.475627	1
1	40907	0.475752	1
1	40918	0.475877	1
1	40930	0.476002	1
1	40940	0.476127	1
1	40950	0.476252	1
1	40961	0.476377	1
1	40973	0.476502	1
1	40983	0.476627	1
1	40993	0.476752	1
1	41004	0.476877	1
1	41016	0.477002	1
1	41026	0.477127	1
1	41036	0.477252	1
1	41047	0.477377	1
1	41059	0.477502	1
1	41069	0.477627	1
1	41079	0.477752	1
1	41090	0.477877	1
1	41102	0.478002	1
1	41112	0.478127	1
1	41122	0.478252	1
1	41133	0.478377	1
1	41145	0.478502	1
1	41155	0.478627	1
1	41165	0.478752	1
1	41176	0.478877	1
1	41188	0.479002	1
1	41198	0.479127	1
1	41208	0.479252	1
1	41219	0.479377	1
1	41231	0.479502	1
1	41241	0.479627	1
1	41251	0.479752	1
1	41262	0.479877	1
1	41274	0.480002	1
1	41284	0.480127	1
1	41294	0.480252	1
1	41305	0.480377	1
1	41317	0.480502	1
1	41327	0.480627	1
1	41337	0.480752	1
1	41348	0.480877	1
1	41360	0.481002	1
1	41370	0.481127	1
1	41380	0.481252	1
1	41391	0.481377	1
1	41403	0.481502	1
1	41413	0.481627	1
1	41423	0.481752	1
1	41434	0.481877	1
1	41446	0.482002	1
1	41456	0.482127	1
1	41466	0.482252	1
1	41477	0.482377	1
1	41489	0.482502	1
1	41499	0.482627	1
1	41509	0.482752	1
1	41520	0.482877	1
1	41532	0.483002	1
1	41542	0.483127	1
1	41552	0.483252	1
1	41563	0.483377	1
1	41575	0.483502	1
1	41585	0.483627	1
1	41595	0.483752	1
1	41606	0.483877	1
1	41618	0.484002	1
1	41628	0.484127	1
1	41638	0.484252	1
1	41649	0.484377	1
1	41661	0.484502	1
1	41671	0.484627	1
1	41681	0.484752	1
1	41692	0.484877	1
1	41704	0.485002	1
1	41714	0.485127	1
1	41724	0.485252	1
1	41735	0.485377	1
1	41747	0.485502	1
1	41757	0.485627	1
1	41767	0.485752	1
1	41778	0.485877	1
1	41790	0.486002	1
1	41800	0.486127	1
1	41810	0.486252	1
1	41821	0.486377	1
1	41833	0.486502	1
1	41843	0.486627	1
1	41853	0.486752	1
1	41864	0.486877	1
1	41876	0.487002	1
1	41886	0.487127	1
1	41896	0.487252	1
1	41907	0.487377	1
1	41919	0.487502	1
1	41929	0.487627	1
1	41939	0.487752	1
1	41950	0.487877	1
1	41962	0.488002	1
1	41972	0.488127	1
1	41982	0.488252	1
1	41993	0.488377	1
1	42005	0.488502	1
1	42015	0.488627	1
1	42025	0.488752	1
1	42036	0.488877	1
1	42048	0.489002	1
1	42058	0.489127	1
1	42068	0.489252	1
1	42079	0.489377	1
1	42091	0.489502	1
1	42101	0.489627	1
1	42111	0.489752	1
1	42122	0.489877	1
1	42134	0.490002	1
1	42144	0.490127	1
1	42154	0.490252	1
1	42165	0.490377	1
1	42177	0.490502	1
1	42187	0.490627	1
1	42197	0.490752	1
1	42208	0.490877	1
1	42220	0.491002	1
1	42230	0.491127	1
1	42240	0.491252	1
1	42251	0.491377	1
1	42263	0.491502	1
1	42273	0.491627	1
1	42283	0.491752	1
1	42294	0.491877	1
1	42306	0.492002	1
1	42316	0.492127	1
1	42326	0.492252	1
1	42337	0.492377	1
1	42349	0.492502	1
1	42359	0.492627	1
1	42369	0.492752	1
1	42380	0.492877	1
1	42392	0.493002	1
1	42402	0.493127	1
1	42412	0.493252	1
1	42423	0.493377	1
1	42435	0.493502	1
1	42445	0.493627	1
1	42455	0.493752	1
1	42466	0.493877	1
1	42478	0.494002	1
1	42488	0.494127	1
1	42498	0.494252	1
1	42509	0.494377	1
1	42521	0.494502	1
1	42531	0.494627	1
1	42541	0.494752	1
1	42552	0.494877	1
1	42564	0.495002	1
1	42574	0.495127	1
1	42584	0.495252	1
1	42595	0.495377	1
1	42607	0.495502	1
1	42617	0.495627	1
1	42627	0.495752	1
1	42638	0.495877	1
1	42650	0.496002	1
1	42660	0.496127	1
1	42670	0.496252	1
1	42681	0.496377	1
1	42693	0.496502	1
1	42703	0.496627	1
1	42713	0.496752	1
1	42724	0.496877	1
1	42736	0.497002	1
1	42746	0.497127	1
1	42756	0.497252	1
1	42767	0.497377	1
1	42779	0.497502	1
1	42789	0.497627	1
1	42799	0.497752	1
1	42810	0.497877	1
1	42822	0.498002	1
1	42832	0.498127	1
1	42842	0.498252	1
1	42853	0.498377	1
1	42865	0.498502	1
1	42875	0.498627	1
1	42885	0.498752	1
1	42896	0.498877	1
1	42908	0.499002	1
1	42918	0.499127	1
1	42928	0.499252	1
1	42939	0.499377	1
1	42951	0.499502	1
1	42961	0.499627	1
1	42971	0.499752	1
1	42982	0.499877	1
1	42994	0.500002	1
1	43004	0.500127	1
1	43014	0.500252	1
1	43025	0.500377	1
1	43037	0.500502	1
1	43047	0.500627	1
1	43057	0.500752	1
1	43068	0.500877	1
1	43080	0.501002	1
1	43090	0.501127	1
1	43100	0.501252	1
1	43111	0.501377	1
1	43123	0.501502	1
1	43133	0.501627	1
1	43143	0.501752	1
1	43154	0.501877	1
1	43166	0.502002	1
1	43176	0.502127	1
1	43186	0.502252	1
1	43197	0.502377	1
1	43209	0.502502	1
1	43219	0.502627	1
1	43229	0.502752	1
1	43240	0.502877	1
1	43252	0.503002	1
1	43262	0.503127	1
1	43272	0.503252	1
1	43283	0.503377	1
1	43295	0.503502	1
1	43305	0.503627	1
1	43315	0.503752	1
1	43326	0.503877	1
1	43338	0.504002	1
1	43348	0.504127	1
1	43358	0.504252	1
1	43369	0.504377	1
1	43381	0.504502	1
1	43391	0.504627	1
1	43401	0.504752	1
1	43412	0.504877	1
1	43424	0.505002	1
1	43434	0.505127	1
1	43444	0.505252	1
1	43455	0.505377	1
1	43467	0.505502	1
1	43477	0.505627	1
1	43487	0.505752	1
1	43498	0.505877	1
1	43510	0.506002	1
1	43520	0.506127	1
1	43530	0.506252	1
1	43541	0.506377	1
1	43553	0.506502	1
1	43563	0.506627	1
1	43573	0.506752	1
1	43584	0.506877	1
1	43596	0.507002	1
1	43606	0.507127	1
1	43616	0.507252	1
1	43627	0.507377	1
1	43639	0.507502	1
1	43649	0.507627	1
1	43659	0.507752	1
1	43670	0.507877	1
1	43682	0.508002	1
1	43692	0.508127	1
1	43702	0.508252	1
1	43713	0.508377	1
1	43725	0.508502	1
1	43735	0.508627	1
1	43745	0.508752	1
1	43756	0.508877	1
1	43768	0.509002	1
1	43778	0.509127	1
1	43788	0.509252	1
1	43799	0.509377	1
1	43811	0.509502	1
1	43821	0.509627	1
1	43831	0.509752	1
1	43842	0.509877	1
1	43854	0.510002	1
1	43864	0.510127	1
1	43874	0.510252	1
1	43885	0.510377	1
1	43897	0.510502	1
1	43907	0.510627	1
1	43917	0.510752	1
1	43928	0.510877	1
1	43940	0.511002	1
1	43950	0.511127	1
1	43960	0.511252	1
1	43971	0.511377	1
1	43983	0.511502	1
1	43993	0.511627	1
1	44003	0.511752	1
1	44014	0.511877	1
1	44026	0.512002	1
1	44036	0.512127	1
1	44046	0.512252	1
1	44057	0.512377	1
1	44069	0.512502	1
1	44079	0.512627	1
1	44089	0.512752	1
1	44100	0.512877	1
1	44112	0.513002	1
1	44122	0.513127	1
1	44132	0.513252	1
1	44143	0.513377	1
1	44155	0.513502	1
1	44165	0.513627	1
1	44175	0.513752	1
1	44186	0.513877	1
1	44198	0.514002	1
1	44208	0.514127	1
1	44218	0.514252	1
1	44229	0.514377	1
1	44241	0.514502	1
1	44251	0.514627	1
1	44261	0.514752	1
1	44272	0.514877	1
1	44284	0.515002	1
1	44294	0.515127	1
1	44304	0.515252	1
1	44315	0.515377	1
1	44327	0.515502	1
1	44337	0.515627	1
1	44347	0.515752	1
1	44358	0.515877	1
1	44370	0.516002	1
1	44380	0.516127	1
1	44390	0.516252	1
1	44401	0.516377	1
1	44413	0.516502	1
1	44423	0.516627	1
1	44433	0.516752	1
1	44444	0.516877	1
1	44456	0.517002	1
1	44466	0.517127	1
1	44476	0.517252	1
1	44487	0.517377	1
1	44499	0.517502	1
1	44509	0.517627	1
1	44519	0.517752	1
1	44530	0.517877	1
1	44542	0.518002	1
1	44552	0.518127	1
1	44562	0.518252	1
1	44573	0.518377	1
1	44585	0.518502	1
1	44595	0.518627	1
1	44605	0.518752	1
1	44616	0.518877	1
1	44628	0.519002	1
1	44638	0.519127	1
1	44648	0.519252	1
1	44659	0.519377	1
1	44671	0.519502	1
1	44681	0.519627	1
1	44691	0.519752	1
1	44702	0.519877	1
1	44714	0.520002	1
1	44724	0.520127	1
1	44734	0.520252	1
1	44745	0.520377	1
1	44757	0.520502	1
1	44767	0.520627	1
1	44777	0.520752	1
1	44788	0.520877	1
1	44800	0.521002	1
1	44810	0.521127	1
1	44820	0.521252	1
1	44831	0.521377	1
1	44843	0.521502	1
1	44853	0.521627	1
1	44863	0.521752	1
1	44874	0.521877	1
1	44886	0.522002	1
1	44896	0.522127	1
1	44906	0.522252	1
1	44917	0.522377	1
1	44929	0.522502	1
1	44939	0.522627	1
1	44949	0.522752	1
1	44960	0.522877	1
1	44972	0.523002	1
1	44982	0.523127	1
1	44992	0.523252	1
1	45003	0.523377	1
1	45015	0.523502	1
1	45025	0.523627	1
1	45035	0.523752	1
1	45046	0.523877	1
1	45058	0.524002	1
1	45068	0.524127	1
1	45078	0.524252	1
1	45089	0.524377	1
1	45101	0.524502	1
1	45111	0.524627	1
1	45121	0.524752	1
1	45132	0.524877	1
1	45144	0.525002	1
1	45154	0.525127	1
1	45164	0.525252	1
1	45175	0.525377	1
1	45187	0.525502	1
1	45197	0.525627	1
1	45207	0.525752	1
1	45218	0.525877	1
1	45230	0.526002	1
1	45240	0.526127	1
1	45250	0.526252	1
1	45261	0.526377	1
1	45273	0.526502	1
1	45283	0.526627	1
1	45293	0.526752	1
1	45304	0.526877	1
1	45316	0.527002	1
1	45326	0.527127	1
1	45336	0.527252	1
1	45347	0.527377	1
1	45359	0.527502	1
1	45369	0.527627	1
1	45379	0.527752	1
1	45390	0.527877	1
1	45402	0.528002	1
1	45412	0.528127	1
1	45422	0.528252	1
1	45433	0.528377	1
1	45445	0.528502	1
1	45455	0.528627	1
1	45465	0.528752	1
1	45476	0.528877	1
1	45488	0.529002	1
1	45498	0.529127	1
1	45508	0.529252	1
1	45519	0.529377	1
1	45531	0.529502	1
1	45541	0.529627	1
1	45551	0.529752	1
1	45562	0.529877	1
1	45574	0.530002	1
1	45584	0.530127	1
1	45594	0.530252	1
1	45605	0.530377	1
1	45617	0.530502	1
1	45627	0.530627	1
1	45637	0.530752	1
1	45648	0.530877	1
1	45660	0.531002	1
1	45670	0.531127	1
1	45680	0.531252	1
1	45691	0.531377	1
1	45703	0.531502	1
1	45713	0.531627	1
1	45723	0.531752	1
1	45734	0.531877	1
1	45746	0.532002	1
1	45756	0.532127	1
1	45766	0.532252	1
1	45777	0.532377	1
1	45789	0.532502	1
1	45799	0.532627	1
1	45809	0.532752	1
1	45820	0.532877	1
1	45832	0.533002	1
1	45842	0.533127	1
1	45852	0.533252	1
1	45863	0.533377	1
1	45875	0.533502	1
1	45885	0.533627	1
1	45895	0.533752	1
1	45906	0.533877	1
1	45918	0.534002	1
1	45928	0.534127	1
1	45938	0.534252	1
1	45949	0.534377	1
1	45961	0.534502	1
1	45971	0.534627	1
1	45981	0.534752	1
1	45992	0.534877	1
1	46004	0.535002	1
1	46014	0.535127	1
1	46024	0.535252	1
1	46035	0.535377	1
1	46047	0.535502	1
1	46057	0.535627	1
1	46067	0.535752	1
1	46078	0.535877	1
1	46090	0.536002	1
1	46100	0.536127	1
1	46110	0.536252	1
1	46121	0.536377	1
1	46133	0.536502	1
1	46143	0.536627	1
1	46153	0.536752	1
1	46164	0.536877	1
1	46176	0.537002	1
1	46186	0.537127	1
1	46196	0.537252	1
1	46207	0.537377	1
1	46219	0.537502	1
1	46229	0.537627	1
1	46239	0.537752	1
1	46250	0.537877	1
1	46262	0.538002	1
1	46272	0.538127	1
1	46282	0.538252	1
1	46293	0.538377	1
1	46305	0.538502	1
1	46315	0.538627	1
1	46325	0.538752	1
1	46336	0.538877	1
1	46348	0.539002	1
1	46358	0.539127	1
1	46368	0.539252	1
1	46379	0.539377	1
1	46391	0.539502	1
1	46401	0.539627	1
1	46411	0.539752	1
1	46422	0.539877	1
1	46434	0.540002	1
1	46444	0.540127	1
1	46454	0.540252	1
1	46465	0.540377	1
1	46477	0.540502	1
1	46487	0.540627	1
1	46497	0.540752	1
1	46508	0.540877	1
1	46520	0.541002	1
1	46530	0.541127	1
1	46540	0.541252	1
1	46551	0.541377	1
1	46563	0.541502	1
1	46573	0.541627	1
1	46583	0.541752	1
1	46594	0.541877	1
1	46606	0.542002	1
1	46616	0.542127	1
1	46626	0.542252	1
1	46637	0.542377	1
1	46649	0.542502	1
1	46659	0.542627	1
1	46669	0.542752	1
1	46680	0.542877	1
1	46692	0.543002	1
1	46702	0.543127	1
1	46712	0.543252	1
1	46723	0.543377	1
1	46735	0.543502	1
1	46745	0.543627	1
1	46755	0.543752	1
1	46766	0.543877	1
1	46778	0.544002	1
1	46788	0.544127	1
1	46798	0.544252	1
1	46809	0.544377	1
1	46821	0.544502	1
1	46831	0.544627	1
1	46841	0.544752	1
1	46852	0.544877	1
1	46864	0.545002	1
1	46874	0.545127	1
1	46884	0.545252	1
1	46895	0.545377	1
1	46907	0.545502	1
1	46917	0.545627	1
1	46927	0.545752	1
1	46938	0.545877	1
1	46950	0.546002	1
1	46960	0.546127	1
1	46970	0.546252	1
1	46981	0.546377	1
1	46993	0.546502	1
1	47003	0.546627	1
1	47013	0.546752	1
1	47024	0.546877	1
1	47036	0.547002	1
1	47046	0.547127	1
1	47056	0.547252	1
1	47067	0.547377	1
1	47079	0.547502	1
1	47089	0.547627	1
1	47099	0.547752	1
1	47110	0.547877	1
1	47122	0.548002	1
1	47132	0.548127	1
1	47142	0.548252	1
1	47153	0.548377	1
1	47165	0.548502	1
1	47175	0.548627	1
1	47185	0.548752	1
1	47196	0.548877	1
1	47208	0.549002	1
1	47218	0.549127	1
1	47228	0.549252	1
1	47239	0.549377	1
1	47251	0.549502	1
1	47261	0.549627	1
1	47271	0.549752	1
1	47282	0.549877	1
1	47294	0.550002	1
1	47304	0.550127	1
1	47314	0.550252	1
1	47325	0.550377	1
1	47337	0.550502	1
1	47347	0.550627	1
1	47357	0.550752	1
1	47368	0.550877	1
1	47380	0.551002	1
1	47390	0.551127	1
1	47400	0.551252	1
1	47411	0.551377	1
1	47423	0.551502	1
1	47433	0.551627	1
1	47443	0.551752	1
1	47454	0.551877	1
1	47466	0.552002	1
1	47476	0.552127	1
1	47486	0.552252	1
1	47497	0.552377	1
1	47509	0.552502	1
1	47519	0.552627	1
1	47529	0.552752	1
1	47540	0.552877	1
1	47552	0.553002	1
1	47562	0.553127	1
1	47572	0.553252	1
1	47583	0.553377	1
1	47595	0.553502	1
1	47605	0.553627	1
1	47615	0.553752	1
1	47626	0.553877	1
1	47638	0.554002	1
1	47648	0.554127	1
1	47658	0.554252	1
1	47669	0.554377	1
1	47681	0.554502	1
1	47691	0.554627	1
1	47701	0.554752	1
1	47712	0.554877	1
1	47724	0.555002	1
1	47734	0.555127	1
1	47744	0.555252	1
1	47755	0.555377	1
1	47767	0.555502	1
1	47777	0.555627	1
1	47787	0.555752	1
1	47798	0.555877	1
1	47810	0.556002	1
1	47820	0.556127	1
1	47830	0.556252	1
1	47841	0.556377	1
1	47853	0.556502	1
1	47863	0.556627	1
1	47873	0.556752	1
1	47884	0.556877	1
1	47896	0.557002	1
1	47906	0.557127	1
1	47916	0.557252	1
1	47927	0.557377	1
1	47939	0.557502	1
1	47949	0.557627	1
1	47959	0.557752	1
1	47970	0.557877	1
1	47982	0.558002	1
1	47992	0.558127	1
1	48002	0.558252	1
1	48013	0.558377	1
1	48025	0.558502	1
1	48035	0.558627	1
1	48045	0.558752	1
1	48056	0.558877	1
1	48068	0.559002	1
1	48078	0.559127	1
1	48088	0.559252	1
1	48099	0.559377	1
1	48111	0.559502	1
1	48121	0.559627	1
1	48131	0.559752	1
1	48142	0.559877	1
1	48154	0.560002	1
1	48164	0.560127	1
1	48174	0.560252	1
1	48185	0.560377	1
1	48197	0.560502	1
1	48207	0.560627	1
1	48217	0.560752	1
1	48228	0.560877	1
1	48240	0.561002	1
1	48250	0.561127	1
1	48260	0.561252	1
1	48271	0.561377	1
1	48283	0.561502	1
1	48293	0.561627	1
1	48303	0.561752	1
1	48314	0.561877	1
1	48326	0.562002	1
1	48336	0.562127	1
1	48346	0.562252	1
1	48357	0.562377	1
1	48369	0.562502	1
1	48379	0.562627	1
1	48389	0.562752	1
1	48400	0.562877	1
1	48412	0.563002	1
1	48422	0.563127	1
1	48432	0.563252	1
1	48443	0.563377	1
1	48455	0.563502	1
1	48465	0.563627	1
1	48475	0.563752	1
1	48486	0.563877	1
1	48498	0.564002	1
1	48508	0.564127	1
1	48518	0.564252	1
1	48529	0.564377	1
1	48541	0.564502	1
1	48551	0.564627	1
1	48561	0.564752	1
1	48572	0.564877	1
1	48584	0.565002	1
1	48594	0.565127	1
1	48604	0.565252	1
1	48615	0.565377	1
1	48627	0.565502	1
1	48637	0.565627	1
1	48647	0.565752	1
1	48658	0.565877	1
1	48670	0.566002	1
1	48680	0.566127	1
1	48690	0.566252	1
1	48701	0.566377	1
1	48713	0.566502	1
1	48723	0.566627	1
1	48733	0.566752	1
1	48744	0.566877	1
1	48756	0.567002	1
1	48766	0.567127	1
1	48776	0.567252	1
1	48787	0.567377	1
1	48799	0.567502	1
1	48809	0.567627	1
1	48819	0.567752	1
1	48830	0.567877	1
1	48842	0.568002	1
1	48852	0.568127	1
1	48862	0.568252	1
1	48873	0.568377	1
1	48885	0.568502	1
1	48895	0.568627	1
1	48905	0.568752	1
1	48916	0.568877	1
1	48928	0.569002	1
1	48938	0.569127	1
1	48948	0.569252	1
1	48959	0.569377	1
1	48971	0.569502	1
1	48981	0.569627	1
1	48991	0.569752	1
1	49002	0.569877	1
1	49014	0.570002	1
1	49024	0.570127	1
1	49034	0.570252	1
1	49045	0.570377	1
1	49057	0.570502	1
1	49067	0.570627	1
1	49077	0.570752	1
1	49088	0.570877	1
1	49100	0.571002	1
1	49110	0.571127	1
1	49120	0.571252	1
1	49131	0.571377	1
1	49143	0.571502	1
1	49153	0.571627	1
1	49163	0.571752	1
1	49174	0.571877	1
1	49186	0.572002	1
1	49196	0.572127	1
1	49206	0.572252	1
1	49217	0.572377	1
1	49229	0.572502	1
1	49239	0.572627	1
1	49249	0.572752	1
1	49260	0.572877	1
1	49272	0.573002	1
1	49282	0.573127	1
1	49292	0.573252	1
1	49303	0.573377	1
1	49315	0.573502	1
1	49325	0.573627	1
1	49335	0.573752	1
1	49346	0.573877	1
1	49358	0.574002	1
1	49368	0.574127	1
1	49378	0.574252	1
1	49389	0.574377	1
1	49401	0.574502	1
1	49411	0.574627	1
1	49421	0.574752	1
1	49432	0.574877	1
1	49444	0.575002	1
1	49454	0.575127	1
1	49464	0.575252	1
1	49475	0.575377	1
1	49487	0.575502	1
1	49497	0.575627	1
1	49507	0.575752	1
1	49518	0.575877	1
1	49530	0.576002	1
1	49540	0.576127	1
1	49550	0.576252	1
1	49561	0.576377	1
1	49573	0.576502	1
1	49583	0.576627	1
1	49593	0.576752	1
1	49604	0.576877	1
1	49616	0.577002	1
1	49626	0.577127	1
1	49636	0.577252	1
1	49647	0.577377	1
1	49659	0.577502	1
1	49669	0.577627	1
1	49679	0.577752	1
1	49690	0.577877	1
1	49702	0.578002	1
1	49712	0.578127	1
1	49722	0.578252	1
1	49733	0.578377	1
1	49745	0.578502	1
1	49755	0.578627	1
1	49765	0.578752	1
1	49776	0.578877	1
1	49788	0.579002	1
1	49798	0.579127	1
1	49808	0.579252	1
1	49819	0.579377	1
1	49831	0.579502	1
1	49841	0.579627	1
1	49851	0.579752	1
1	49862	0.579877	1
1	49874	0.580002	1
1	49884	0.580127	1
1	49894	0.580252	1
1	49905	0.580377	1
1	49917	0.580502	1
1	49927	0.580627	1
1	49937	0.580752	1
1	49948	0.580877	1
1	49960	0.581002	1
1	49970	0.581127	1
1	49980	0.581252	1
1	49991	0.581377	1
1	50003	0.581502	1
1	50013	0.581627	1
1	50023	0.581752	1
1	50034	0.581877	1
1	50046	0.582002	1
1	50056	0.582127	1
1	50066	0.582252	1
1	50077	0.582377	1
1	50089	0.582502	1
1	50099	0.582627	1
1	50109	0.582752	1
1	50120	0.582877	1
1	50132	0.583002	1
1	50142	0.583127	1
1	50152	0.583252	1
1	50163	0.583377	1
1	50175	0.583502	1
1	50185	0.583627	1
1	50195	0.583752	1
1	50206	0.583877	1
1	50218	0.584002	1
1	50228	0.584127	1
1	50238	0.584252	1
1	50249	0.584377	1
1	50261	0.584502	1
1	50271	0.584627	1
1	50281	0.584752	1
1	50292	0.584877	1
1	50304	0.585002	1
1	50314	0.585127	1
1	50324	0.585252	1
1	50335	0.585377	1
1	50347	0.585502	1
1	50357	0.585627	1
1	50367	0.585752	1
1	50378	0.585877	1
1	50390	0.586002	1
1	50400	0.586127	1
1	50410	0.586252	1
1	50421	0.586377	1
1	50433	0.586502	1
1	50443	0.586627	1
1	50453	0.586752	1
1	50464	0.586877	1
1	50476	0.587002	1
1	50486	0.587127	1
1	50496	0.587252	1
1	50507	0.587377	1
1	50519	0.587502	1
1	50529	0.587627	1
1	50539	0.587752	1
1	50550	0.587877	1
1	50562	0.588002	1
1	50572	0.588127	1
1	50582	0.588252	1
1	50593	0.588377	1
1	50605	0.588502	1
1	50615	0.588627	1
1	50625	0.588752	1
1	50636	0.588877	1
1	50648	0.589002	1
1	50658	0.589127	1
1	50668	0.589252	1
1	50679	0.589377	1
1	50691	0.589502	1
1	50701	0.589627	1
1	50711	0.589752	1
1	50722	0.589877	1
1	50734	0.590002	1
1	50744	0.590127	1
1	50754	0.590252	1
1	50765	0.590377	1
1	50777	0.590502	1
1	50787	0.590627	1
1	50797	0.590752	1
1	50808	0.590877	1
1	50820	0.591002	1
1	50830	0.591127	1
1	50840	0.591252	1
1	50851	0.591377	1
1	50863	0.591502	1
1	50873	0.591627	1
1	50883	0.591752	1
1	50894	0.591877	1
1	50906	0.592002	1
1	50916	0.592127	1
1	50926	0.592252	1
1	50937	0.592377	1
1	50949	0.592502	1
1	50959	0.592627	1
1	50969	0.592752	1
1	50980	0.592877	1
1	50992	0.593002	1
1	51002	0.593127	1
1	51012	0.593252	1
1	51023	0.593377	1
1	51035	0.593502	1
1	51045	0.593627	1
1	51055	0.593752	1
1	51066	0.593877	1
1	51078	0.594002	1
1	51088	0.594127	1
1	51098	0.594252	1
1	51109	0.594377	1
1	51121	0.594502	1
1	51131	0.594627	1
1	51141	0.594752	1
1	51152	0.594877	1
1	51164	0.595002	1
1	51174	0.595127	1
1	51184	0.595252	1
1	51195	0.595377	1
1	51207	0.595502	1
1	51217	0.595627	1
1	51227	0.595752	1
1	51238	0.595877	1
1	51250	0.596002	1
1	51260	0.596127	1
1	51270	0.596252	1
1	51281	0.596377	1
1	51293	0.596502	1
1	51303	0.596627	1
1	51313	0.596752	1
1	51324	0.596877	1
1	51336	0.597002	1
1	51346	0.597127	1
1	51356	0.597252	1
1	51367	0.597377	1
1	51379	0.597502	1
1	51389	0.597627	1
1	51399	0.597752	1
1	51410	0.597877	1
1	51422	0.598002	1
1	51432	0.598127	1
1	51442	0.598252	1
1	51453	0.598377	1
1	51465	0.598502	1
1	51475	0.598627	1
1	51485	0.598752	1
1	51496	0.598877	1
1	51508	0.599002	1
1	51518	0.599127	1
1	51528	0.599252	1
1	51539	0.599377	1
1	51551	0.599502	1
1	51561	0.599627	1
1	51571	0.599752	1
1	51582	0.599877	1
1	51594	0.600002	1
1	51604	0.600127	1
1	51614	0.600252	1
1	51625	0.600377	1
1	51637	0.600502	1
1	51647	0.600627	1
1	51657	0.600752	1
1	51668	0.600877	1
1	51680	0.601002	1
1	51690	0.601127	1
1	51700	0.601252	1
1	51711	0.601377	1
1	51723	0.601502	1
1	51733	0.601627	1
1	51743	0.601752	1
1	51754	0.601877	1
1	51766	0.602002	1
1	51776	0.602127	1
1	51786	0.602252	1
1	51797	0.602377	1
1	51809	0.602502	1
1	51819	0.602627	1
1	51829	0.602752	1
1	51840	0.602877	1
1	51852	0.603002	1
1	51862	0.603127	1
1	51872	0.603252	1
1	51883	0.603377	1
1	51895	0.603502	1
1	51905	0.603627	1
1	51915	0.603752	1
1	51926	0.603877	1
1	51938	0.604002	1
1	51948	0.604127	1
1	51958	0.604252	1
1	51969	0.604377	1
1	51981	0.604502	1
1	51991	0.604627	1
1	52001	0.604752	1
1	52012	0.604877	1
1	52024	0.605002	1
1	52034	0.605127	1
1	52044	0.605252	1
1	52055	0.605377	1
1	52067	0.605502	1
1	52077	0.605627	1
1	52087	0.605752	1
1	52098	0.605877	1
1	52110	0.606002	1
1	52120	0.606127	1
1	52130	0.606252	1
1	52141	0.606377	1
1	52153	0.606502	1
1	52163	0.606627	1
1	52173	0.606752	1
1	52184	0.606877	1
1	52196	0.607002	1
1	52206	0.607127	1
1	52216	0.607252	1
1	52227	0.607377	1
1	52239	0.607502	1
1	52249	0.607627	1
1	52259	0.607752	1
1	52270	0.607877	1
1	52282	0.608002	1
1	52292	0.608127	1
1	52302	0.608252	1
1	52313	0.608377	1
1	52325	0.608502	1
1	52335	0.608627	1
1	52345	0.608752	1
1	52356	0.608877	1
1	52368	0.609002	1
1	52378	0.609127	1
1	52388	0.609252	1
1	52399	0.609377	1
1	52411	0.609502	1
1	52421	0.609627	1
1	52431	0.609752	1
1	52442	0.609877	1
1	52454	0.610002	1
1	52464	0.610127	1
1	52474	0.610252	1
1	52485	0.610377	1
1	52497	0.610502	1
1	52507	0.610627	1
1	52517	0.610752	1
1	52528	0.610877	1
1	52540	0.611002	1
1	52550	0.611127	1
1	52560	0.611252	1
1	52571	0.611377	1
1	52583	0.611502	1
1	52593	0.611627	1
1	52603	0.611752	1
1	52614	0.611877	1
1	52626	0.612002	1
1	52636	0.612127	1
1	52646	0.612252	1
1	52657	0.612377	1
1	52669	0.612502	1
1	52679	0.612627	1
1	52689	0.612752	1
1	52700	0.612877	1
1	52712	0.613002	1
1	52722	0.613127	1
1	52732	0.613252	1
1	52743	0.613377	1
1	52755	0.613502	1
1	52765	0.613627	1
1	52775	0.613752	1
1	52786	0.613877	1
1	52798	0.614002	1
1	52808	0.614127	1
1	52818	0.614252	1
1	52829	0.614377	1
1	52841	0.614502	1
1	52851	0.614627	1
1	52861	0.614752	1
1	52872	0.614877	1
1	52884	0.615002	1
1	52894	0.615127	1
1	52904	0.615252	1
1	52915	0.615377	1
1	52927	0.615502	1
1	52937	0.615627	1
1	52947	0.615752	1
1	52958	0.615877	1
1	52970	0.616002	1
1	52980	0.616127	1
1	52990	0.616252	1
1	53001	0.616377	1
1	53013	0.616502	1
1	53023	0.616627	1
1	53033	0.616752	1
1	53044	0.616877	1
1	53056	0.617002	1
1	53066	0.617127	1
1	53076	0.617252	1
1	53087	0.617377	1
1	53099	0.617502	1
1	53109	0.617627	1
1	53119	0.617752	1
1	53130	0.617877	1
1	53142	0.618002	1
1	53152	0.618127	1
1	53162	0.618252	1
1	53173	0.618377	1
1	53185	0.618502	1
1	53195	0.618627	1
1	53205	0.618752	1
1	53216	0.618877	1
1	53228	0.619002	1
1	53238	0.619127	1
1	53248	0.619252	1
1	53259	0.619377	1
1	53271	0.619502	1
1	53281	0.619627	1
1	53291	0.619752	1
1	53302	0.619877	1
1	53314	0.620002	1
1	53324	0.620127	1
1	53334	0.620252	1
1	53345	0.620377	1
1	53357	0.620502	1
1	53367	0.620627	1
1	53377	0.620752	1
1	53388	0.620877	1
1	53400	0.621002	1
1	53410	0.621127	1
1	53420	0.621252	1
1	53431	0.621377	1
1	53443	0.621502	1
1	53453	0.621627	1
1	53463	0.621752	1
1	53474	0.621877	1
1	53486	0.622002	1
1	53496	0.622127	1
1	53506	0.622252	1
1	53517	0.622377	1
1	53529	0.622502	1
1	53539	0.622627	1
1	53549	0.622752	1
1	53560	0.622877	1
1	53572	0.623002	1
1	53582	0.623127	1
1	53592	0.623252	1
1	53603	0.623377	1
1	53615	0.623502	1
1	53625	0.623627	1
1	53635	0.623752	1
1	53646	0.623877	1
1	53658	0.624002	1
1	53668	0.624127	1
1	53678	0.624252	1
1	53689	0.624377	1
1	53701	0.624502	1
1	53711	0.624627	1
1	53721	0.624752	1
1	53732	0.624877	1
1	53744	0.625002	1
1	53754	0.625127	1
1	53764	0.625252	1
1	53775	0.625377	1
1	53787	0.625502	1
1	53797	0.625627	1
1	53807	0.625752	1
1	53818	0.625877	1
1	53830	0.626002	1
1	53840	0.626127	1
1	53850	0.626252	1
1	53861	0.626377	1
1	53873	0.626502	1
1	53883	0.626627	1
1	53893	0.626752	1
1	53904	0.626877	1
1	53916	0.627002	1
1	53926	0.627127	1
1	53936	0.627252	1
1	53947	0.627377	1
1	53959	0.627502	1
1	53969	0.627627	1
1	53979	0.627752	1
1	53990	0.627877	1
1	54002	0.628002	1
1	54012	0.628127	1
1	54022	0.628252	1
1	54033	0.628377	1
1	54045	0.628502	1
1	54055	0.628627	1
1	54065	0.628752	1
1	54076	0.628877	1
1	54088	0.629002	1
1	54098	0.629127	1
1	54108	0.629252	1
1	54119	0.629377	1
1	54131	0.629502	1
1	54141	0.629627	1
1	54151	0.629752	1
1	54162	0.629877	1
1	54174	0.630002	1
1	54184	0.630127	1
1	54194	0.630252	1
1	54205	0.630377	1
1	54217	0.630502	1
1	54227	0.630627	1
1	54237	0.630752	1
1	54248	0.630877	1
1	54260	0.631002	1
1	54270	0.631127	1
1	54280	0.631252	1
1	54291	0.631377	1
1	54303	0.631502	1
1	54313	0.631627	1
1	54323	0.631752	1
1	54334	0.631877	1
1	54346	0.632002	1
1	54356	0.632127	1
1	54366	0.632252	1
1	54377	0.632377	1
1	54389	0.632502	1
1	54399	0.632627	1
1	54409	0.632752	1
1	54420	0.632877	1
1	54432	0.633002	1
1	54442	0.633127	1
1	54452	0.633252	1
1	54463	0.633377	1
1	54475	0.633502	1
1	54485	0.633627	1
1	54495	0.633752	1
1	54506	0.633877	1
1	54518	0.634002	1
1	54528	0.634127	1
1	54538	0.634252	1
1	54549	0.634377	1
1	54561	0.634502	1
1	54571	0.634627	1
1	54581	0.634752	1
1	54592	0.634877	1
1	54604	0.635002	1
1	54614	0.635127	1
1	54624	0.635252	1
1	54635	0.635377	1
1	54647	0.635502	1
1	54657	0.635627	1
1	54667	0.635752	1
1	54678	0.635877	1
1	54690	0.636002	1
1	54700	0.636127	1
1	54710	0.636252	1
1	54721	0.636377	1
1	54733	0.636502	1
1	54743	0.636627	1
1	54753	0.636752	1
1	54764	0.636877	1
1	54776	0.637002	1
1	54786	0.637127	1
1	54796	0.637252	1
1	54807	0.637377	1
1	54819	0.637502	1
1	54829	0.637627	1
1	54839	0.637752	1
1	54850	0.637877	1
1	54862	0.638002	1
1	54872	0.638127	1
1	54882	0.638252	1
1	54893	0.638377	1
1	54905	0.638502	1
1	54915	0.638627	1
1	54925	0.638752	1
1	54936	0.638877	1
1	54948	0.639002	1
1	54958	0.639127	1
1	54968	0.639252	1
1	54979	0.639377	1
1	54991	0.639502	1
1	55001	0.639627	1
1	55011	0.639752	1
1	55022	0.639877	1
1	55034	0.640002	1
1	55044	0.640127	1
1	55054	0.640252	1
1	55065	0.640377	1
1	55077	0.640502	1
1	55087	0.640627	1
1	55097	0.640752	1
1	55108	0.640877	1
1	55120	0.641002	1
1	55130	0.641127	1
1	55140	0.641252	1
1	55151	0.641377	1
1	55163	0.641502	1
1	55173	0.641627	1
1	55183	0.641752	1
1	55194	0.641877	1
1	55206	0.642002	1
1	55216	0.642127	1
1	55226	0.642252	1
1	55237	0.642377	1
1	55249	0.642502	1
1	55259	0.642627	1
1	55269	0.642752	1
1	55280	0.642877	1
1	55292	0.643002	1
1	55302	0.643127	1
1	55312	0.643252	1
1	55323	0.643377	1
1	55335	0.643502	1
1	55345	0.643627	1
1	55355	0.643752	1
1	55366	0.643877	1
1	55378	0.644002	1
1	55388	0.644127	1
1	55398	0.644252	1
1	55409	0.644377	1
1	55421	0.644502	1
1	55431	0.644627	1
1	55441	0.644752	1
1	55452	0.644877	1
1	55464	0.645002	1
1	55474	0.645127	1
1	55484	0.645252	1
1	55495	0.645377	1
1	55507	0.645502	1
1	55517	0.645627	1
1	55527	0.645752	1
1	55538	0.645877	1
1	55550	0.646002	1
1	55560	0.646127	1
1	55570	0.646252	1
1	55581	0.646377	1
1	55593	0.646502	1
1	55603	0.646627	1
1	55613	0.646752	1
1	55624	0.646877	1
1	55636	0.647002	1
1	55646	0.647127	1
1	55656	0.647252	1
1	55667	0.647377	1
1	55679	0.647502	1
1	55689	0.647627	1
1	55699	0.647752	1
1	55710	0.647877	1
1	55722	0.648002	1
1	55732	0.648127	1
1	55742	0.648252	1
1	55753	0.648377	1
1	55765	0.648502	1
1	55775	0.648627	1
1	55785	0.648752	1
1	55796	0.648877	1
1	55808	0.649002	1
1	55818	0.649127	1
1	55828	0.649252	1
1	55839	0.649377	1
1	55851	0.649502	1
1	55861	0.649627	1
1	55871	0.649752	1
1	55882	0.649877	1
1	55894	0.650002	1
1	55904	0.650127	1
1	55914	0.650252	1
1	55925	0.650377	1
1	55937	0.650502	1
1	55947	0.650627	1
1	55957	0.650752	1
1	55968	0.650877	1
1	55980	0.651002	1
1	55990	0.651127	1
1	56000	0.651252	1
1	56011	0.651377	1
1	56023	0.651502	1
1	56033	0.651627	1
1	56043	0.651752	1
1	56054	0.651877	1
1	56066	0.652002	1
1	56076	0.652127	1
1	56086	0.652252	1
1	56097	0.652377	1
1	56109	0.652502	1
1	56119	0.652627	1
1	56129	0.652752	1
1	56140	0.652877	1
1	56152	0.653002	1
1	56162	0.653127	1
1	56172	0.653252	1
1	56183	0.653377	1
1	56195	0.653502	1
1	56205	0.653627	1
1	56215	0.653752	1
1	56226	0.653877	1
1	56238	0.654002	1
1	56248	0.654127	1
1	56258	0.654252	1
1	56269	0.654377	1
1	56281	0.654502	1
1	56291	0.654627	1
1	56301	0.654752	1
1	56312	0.654877	1
1	56324	0.655002	1
1	56334	0.655127	1
1	56344	0.655252	1
1	56355	0.655377	1
1	56367	0.655502	1
1	56377	0.655627	1
1	56387	0.655752	1
1	56398	0.655877	1
1	56410	0.656002	1
1	56420	0.656127	1
1	56430	0.656252	1
1	56441	0.656377	1
1	56453	0.656502	1
1	56463	0.656627	1
1	56473	0.656752	1
1	56484	0.656877	1
1	56496	0.657002	1
1	56506	0.657127	1
1	56516	0.657252	1
1	56527	0.657377	1
1	56539	0.657502	1
1	56549	0.657627	1
1	56559	0.657752	1
1	56570	0.657877	1
1	56582	0.658002	1
1	56592	0.658127	1
1	56602	0.658252	1
1	56613	0.658377	1
1	56625	0.658502	1
1	56635	0.658627	1
1	56645	0.658752	1
1	56656	0.658877	1
1	56668	0.659002	1
1	56678	0.659127	1
1	56688	0.659252	1
1	56699	0.659377	1
1	56711	0.659502	1
1	56721	0.659627	1
1	56731	0.659752	1
1	56742	0.659877	1
1	56754	0.660002	1
1	56764	0.660127	1
1	56774	0.660252	1
1	56785	0.660377	1
1	56797	0.660502	1
1	56807	0.660627	1
1	56817	0.660752	1
1	56828	0.660877	1
1	56840	0.661002	1
1	56850	0.661127	1
1	56860	0.661252	1
1	56871	0.661377	1
1	56883	0.661502	1
1	56893	0.661627	1
1	56903	0.661752	1
1	56914	0.661877	1
1	56926	0.662002	1
1	56936	0.662127	1
1	56946	0.662252	1
1	56957	0.662377	1
1	56969	0.662502	1
1	56979	0.662627	1
1	56989	0.662752	1
1	57000	0.662877	1
1	57012	0.663002	1
1	57022	0.663127	1
1	57032	0.663252	1
1	57043	0.663377	1
1	57055	0.663502	1
1	57065	0.663627	1
1	57075	0.663752	1
1	57086	0.663877	1
1	57098	0.664002	1
1	57108	0.664127	1
1	57118	0.664252	1
1	57129	0.664377	1
1	57141	0.664502	1
1	57151	0.664627	1
1	57161	0.664752	1
1	57172	0.664877	1
1	57184	0.665002	1
1	57194	0.665127	1
1	57204	0.665252	1
1	57215	0.665377	1
1	57227	0.665502	1
1	57237	0.665627	1
1	57247	0.665752	1
1	57258	0.665877	1
1	57270	0.666002	1
1	57280	0.666127	1
1	57290	0.666252	1
1	57301	0.666377	1
1	57313	0.666502	1
1	57323	0.666627	1
1	57333	0.666752	1
1	57344	0.666877	1
1	57356	0.667002	1
1	57366	0.667127	1
1	57376	0.667252	1
1	57387	0.667377	1
1	57399	0.667502	1
1	57409	0.667627	1
1	57419	0.667752	1
1	57430	0.667877	1
1	57442	0.668002	1
1	57452	0.668127	1
1	57462	0.668252	1
1	57473	0.668377	1
1	57485	0.668502	1
1	57495	0.668627	1
1	57505	0.668752	1
1	57516	0.668877	1
1	57528	0.669002	1
1	57538	0.669127	1
1	57548	0.669252	1
1	57559	0.669377	1
1	57571	0.669502	1
1	57581	0.669627	1
1	57591	0.669752	1
1	57602	0.669877	1
1	57614	0.670002	1
1	57624	0.670127	1
1	57634	0.670252	1
1	57645	0.670377	1
1	57657	0.670502	1
1	57667	0.670627	1
1	57677	0.670752	1
1	57688	0.670877	1
1	57700	0.671002	1
1	57710	0.671127	1
1	57720	0.671252	1
1	57731	0.671377	1
1	57743	0.671502	1
1	57753	0.671627	1
1	57763	0.671752	1
1	57774	0.671877	1
1	57786	0.672002	1
1	57796	0.672127	1
1	57806	0.672252	1
1	57817	0.672377	1
1	57829	0.672502	1
1	57839	0.672627	1
1	57849	0.672752	1
1	57860	0.672877	1
1	57872	0.673002	1
1	57882	0.673127	1
1	57892	0.673252	1
1	57903	0.673377	1
1	57915	0.673502	1
1	57925	0.673627	1
1	57935	0.673752	1
1	57946	0.673877	1
1	57958	0.674002	1
1	57968	0.674127	1
1	57978	0.674252	1
1	57989	0.674377	1
1	58001	0.674502	1
1	58011	0.674627	1
1	58021	0.674752	1
1	58032	0.674877	1
1	58044	0.675002	1
1	58054	0.675127	1
1	58064	0.675252	1
1	58075	0.675377	1
1	58087	0.675502	1
1	58097	0.675627	1
1	58107	0.675752	1
1	58118	0.675877	1
1	58130	0.676002	1
1	58140	0.676127	1
1	58150	0.676252	1
1	58161	0.676377	1
1	58173	0.676502	1
1	58183	0.676627	1
1	58193	0.676752	1
1	58204	0.676877	1
1	58216	0.677002	1
1	58226	0.677127	1
1	58236	0.677252	1
1	58247	0.677377	1
1	58259	0.677502	1
1	58269	0.677627	1
1	58279	0.677752	1
1	58290	0.677877	1
1	58302	0.678002	1
1	58312	0.678127	1
1	58322	0.678252	1
1	58333	0.678377	1
1	58345	0.678502	1
1	58355	0.678627	1
1	58365	0.678752	1
1	58376	0.678877	1
1	58388	0.679002	1
1	58398	0.679127	1
1	58408	0.679252	1
1	58419	0.679377	1
1	58431	0.679502	1
1	58441	0.679627	1
1	58451	0.679752	1
1	58462	0.679877	1
1	58474	0.680002	1
1	58484	0.680127	1
1	58494	0.680252	1
1	58505	0.680377	1
1	58517	0.680502	1
1	58527	0.680627	1
1	58537	0.680752	1
1	58548	0.680877	1
1	58560	0.681002	1
1	58570	0.681127	1
1	58580	0.681252	1
1	58591	0.681377	1
1	58603	0.681502	1
1	58613	0.681627	1
1	58623	0.681752	1
1	58634	0.681877	1
1	58646	0.682002	1
1	58656	0.682127	1
1	58666	0.682252	1
1	58677	0.682377	1
1	58689	0.682502	1
1	58699	0.682627	1
1	58709	0.682752	1
1	58720	0.682877	1
1	58732	0.683002	1
1	58742	0.683127	1
1	58752	0.683252	1
1	58763	0.683377	1
1	58775	0.683502	1
1	58785	0.683627	1
1	58795	0.683752	1
1	58806	0.683877	1
1	58818	0.684002	1
1	58828	0.684127	1
1	58838	0.684252	1
1	58849	0.684377	1
1	58861	0.684502	1
1	58871	0.684627	1
1	58881	0.684752	1
1	58892	0.684877	1
1	58904	0.685002	1
1	58914	0.685127	1
1	58924	0.685252	1
1	58935	0.685377	1
1	58947	0.685502	1
1	58957	0.685627	1
1	58967	0.685752	1
1	58978	0.685877	1
1	58990	0.686002	1
1	59000	0.686127	1
1	59010	0.686252	1
1	59021	0.686377	1
1	59033	0.686502	1
1	59043	0.686627	1
1	59053	0.686752	1
1	59064	0.686877	1
1	59076	0.687002	1
1	59086	0.687127	1
1	59096	0.687252	1
1	59107	0.687377	1
1	59119	0.687502	1
1	59129	0.687627	1
1	59139	0.687752	1
1	59150	0.687877	1
1	59162	0.688002	1
1	59172	0.688127	1
1	59182	0.688252	1
1	59193	0.688377	1
1	59205	0.688502	1
1	59215	0.688627	1
1	59225	0.688752	1
1	59236	0.688877	1
1	59248	0.689002	1
1	59258	0.689127	1
1	59268	0.689252	1
1	59279	0.689377	1
1	59291	0.689502	1
1	59301	0.689627	1
1	59311	0.689752	1
1	59322	0.689877	1
1	59334	0.690002	1
1	59344	0.690127	1
1	59354	0.690252	1
1	59365	0.690377	1
1	59377	0.690502	1
1	59387	0.690627	1
1	59397	0.690752	1
1	59408	0.690877	1
1	59420	0.691002	1
1	59430	0.691127	1
1	59440	0.691252	1
1	59451	0.691377	1
1	59463	0.691502	1
1	59473	0.691627	1
1	59483	0.691752	1
1	59494	0.691877	1
1	59506	0.692002	1
1	59516	0.692127	1
1	59526	0.692252	1
1	59537	0.692377	1
1	59549	0.692502	1
1	59559	0.692627	1
1	59569	0.692752	1
1	59580	0.692877	1
1	59592	0.693002	1
1	59602	0.693127	1
1	59612	0.693252	1
1	59623	0.693377	1
1	59635	0.693502	1
1	59645	0.693627	1
1	59655	0.693752	1
1	59666	0.693877	1
1	59678	0.694002	1
1	59688	0.694127	1
1	59698	0.694252	1
1	59709	0.694377	1
1	59721	0.694502	1
1	59731	0.694627	1
1	59741	0.694752	1
1	59752	0.694877	1
1	59764	0.695002	1
1	59774	0.695127	1
1	59784	0.695252	1
1	59795	0.695377	1
1	59807	0.695502	1
1	59817	0.695627	1
1	59827	0.695752	1
1	59838	0.695877	1
1	59850	0.696002	1
1	59860	0.696127	1
1	59870	0.696252	1
1	59881	0.696377	1
1	59893	0.696502	1
1	59903	0.696627	1
1	59913	0.696752	1
1	59924	0.696877	1
1	59936	0.697002	1
1	59946	0.697127	1
1	59956	0.697252	1
1	59967	0.697377	1
1	59979	0.697502	1
1	59989	0.697627	1
1	59999	0.697752	1
1	60010	0.697877	1
1	60022	0.698002	1
1	60032	0.698127	1
1	60042	0.698252	1
1	60053	0.698377	1
1	60065	0.698502	1
1	60075	0.698627	1
1	60085	0.698752	1
1	60096	0.698877	1
1	60108	0.699002	1
1	60118	0.699127	1
1	60128	0.699252	1
1	60139	0.699377	1
1	60151	0.699502	1
1	60161	0.699627	1
1	60171	0.699752	1
1	60182	0.699877	1
1	60194	0.700002	1
1	60204	0.700127	1
1	60214	0.700252	1
1	60225	0.700377	1
1	60237	0.700502	1
1	60247	0.700627	1
1	60257	0.700752	1
1	60268	0.700877	1
1	60280	0.701002	1
1	60290	0.701127	1
1	60300	0.701252	1
1	60311	0.701377	1
1	60323	0.701502	1
1	60333	0.701627	1
1	60343	0.701752	1
1	60354	0.701877	1
1	60366	0.702002	1
1	60376	0.702127	1
1	60386	0.702252	1
1	60397	0.702377	1
1	60409	0.702502	1
1	60419	0.702627	1
1	60429	0.702752	1
1	60440	0.702877	1
1	60452	0.703002	1
1	60462	0.703127	1
1	60472	0.703252	1
1	60483	0.703377	1
1	60495	0.703502	1
1	60505	0.703627	1
1	60515	0.703752	1
1	60526	0.703877	1
1	60538	0.704002	1
1	60548	0.704127	1
1	60558	0.704252	1
1	60569	0.704377	1
1	60581	0.704502	1
1	60591	0.704627	1
1	60601	0.704752	1
1	60612	0.704877	1
1	60624	0.705002	1
1	60634	0.705127	1
1	60644	0.705252	1
1	60655	0.705377	1
1	60667	0.705502	1
1	60677	0.705627	1
1	60687	0.705752	1
1	60698	0.705877	1
1	60710	0.706002	1
1	60720	0.706127	1
1	60730	0.706252	1
1	60741	0.706377	1
1	60753	0.706502	1
1	60763	0.706627	1
1	60773	0.706752	1
1	60784	0.706877	1
1	60796	0.707002	1
1	60806	0.707127	1
1	60816	0.707252	1
1	60827	0.707377	1
1	60839	0.707502	1
1	60849	0.707627	1
1	60859	0.707752	1
1	60870	0.707877	1
1	60882	0.708002	1
1	60892	0.708127	1
1	60902	0.708252	1
1	60913	0.708377	1
1	60925	0.708502	1
1	60935	0.708627	1
1	60945	0.708752	1
1	60956	0.708877	1
1	60968	0.709002	1
1	60978	0.709127	1
1	60988	0.709252	1
1	60999	0.709377	1
1	61011	0.709502	1
1	61021	0.709627	1
1	61031	0.709752	1
1	61042	0.709877	1
1	61054	0.710002	1
1	61064	0.710127	1
1	61074	0.710252	1
1	61085	0.710377	1
1	61097	0.710502	1
1	61107	0.710627	1
1	61117	0.710752	1
1	61128	0.710877	1
1	61140	0.711002	1
1	61150	0.711127	1
1	61160	0.711252	1
1	61171	0.711377	1
1	61183	0.711502	1
1	61193	0.711627	1
1	61203	0.711752	1
1	61214	0.711877	1
1	61226	0.712002	1
1	61236	0.712127	1
1	61246	0.712252	1
1	61257	0.712377	1
1	61269	0.712502	1
1	61279	0.712627	1
1	61289	0.712752	1
1	61300	0.712877	1
1	61312	0.713002	1
1	61322	0.713127	1
1	61332	0.713252	1
1	61343	0.713377	1
1	61355	0.713502	1
1	61365	0.713627	1
1	61375	0.713752	1
1	61386	0.713877	1
1	61398	0.714002	1
1	61408	0.714127	1
1	61418	0.714252	1
1	61429	0.714377	1
1	61441	0.714502	1
1	61451	0.714627	1
1	61461	0.714752	1
1	61472	0.714877	1
1	61484	0.715002	1
1	61494	0.715127	1
1	61504	0.715252	1
1	61515	0.715377	1
1	61527	0.715502	1
1	61537	0.715627	1
1	61547	0.715752	1
1	61558	0.715877	1
1	61570	0.716002	1
1	61580	0.716127	1
1	61590	0.716252	1
1	61601	0.716377	1
1	61613	0.716502	1
1	61623	0.716627	1
1	61633	0.716752	1
1	61644	0.716877	1
1	61656	0.717002	1
1	61666	0.717127	1
1	61676	0.717252	1
1	61687	0.717377	1
1	61699	0.717502	1
1	61709	0.717627	1
1	61719	0.717752	1
1	61730	0.717877	1
1	61742	0.718002	1
1	61752	0.718127	1
1	61762	0.718252	1
1	61773	0.718377	1
1	61785	0.718502	1
1	61795	0.718627	1
1	61805	0.718752	1
1	61816	0.718877	1
1	61828	0.719002	1
1	61838	0.719127	1
1	61848	0.719252	1
1	61859	0.719377	1
1	61871	0.719502	1
1	61881	0.719627	1
1	61891	0.719752	1
1	61902	0.719877	1
1	61914	0.720002	1
1	61924	0.720127	1
1	61934	0.720252	1
1	61945	0.720377	1
1	61957	0.720502	1
1	61967	0.720627	1
1	61977	0.720752	1
1	61988	0.720877	1
1	62000	0.721002	1
1	62010	0.721127	1
1	62020	0.721252	1
1	62031	0.721377	1
1	62043	0.721502	1
1	62053	0.721627	1
1	62063	0.721752	1
1	62074	0.721877	1
1	62086	0.722002	1
1	62096	0.722127	1
1	62106	0.722252	1
1	62117	0.722377	1
1	62129	0.722502	1
1	62139	0.722627	1
1	62149	0.722752	1
1	62160	0.722877	1
1	62172	0.723002	1
1	62182	0.723127	1
1	62192	0.723252	1
1	62203	0.723377	1
1	62215	0.723502	1
1	62225	0.723627	1
1	62235	0.723752	1
1	62246	0.723877	1
1	62258	0.724002	1
1	62268	0.724127	1
1	62278	0.724252	1
1	62289	0.724377	1
1	62301	0.724502	1
1	62311	0.724627	1
1	62321	0.724752	1
1	62332	0.724877	1
1	62344	0.725002	1
1	62354	0.725127	1
1	62364	0.725252	1
1	62375	0.725377	1
1	62387	0.725502	1
1	62397	0.725627	1
1	62407	0.725752	1
1	62418	0.725877	1
1	62430	0.726002	1
1	62440	0.726127	1
1	62450	0.726252	1
1	62461	0.726377	1
1	62473	0.726502	1
1	62483	0.726627	1
1	62493	0.726752	1
1	62504	0.726877	1
1	62516	0.727002	1
1	62526	0.727127	1
1	62536	0.727252	1
1	62547	0.727377	1
1	62559	0.727502	1
1	62569	0.727627	1
1	62579	0.727752	1
1	62590	0.727877	1
1	62602	0.728002	1
1	62612	0.728127	1
1	62622	0.728252	1
1	62633	0.728377	1
1	62645	0.728502	1
1	62655	0.728627	1
1	62665	0.728752	1
1	62676	0.728877	1
1	62688	0.729002	1
1	62698	0.729127	1
1	62708	0.729252	1
1	62719	0.729377	1
1	62731	0.729502	1
1	62741	0.729627	1
1	62751	0.729752	1
1	62762	0.729877	1
1	62774	0.730002	1
1	62784	0.730127	1
1	62794	0.730252	1
1	62805	0.730377	1
1	62817	0.730502	1
1	62827	0.730627	1
1	62837	0.730752	1
1	62848	0.730877	1
1	62860	0.731002	1
1	62870	0.731127	1
1	62880	0.731252	1
1	62891	0.731377	1
1	62903	0.731502	1
1	62913	0.731627	1
1	62923	0.731752	1
1	62934	0.731877	1
1	62946	0.732002	1
1	62956	0.732127	1
1	62966	0.732252	1
1	62977	0.732377	1
1	62989	0.732502	1
1	62999	0.732627	1
1	63009	0.732752	1
1	63020	0.732877	1
1	63032	0.733002	1
1	63042	0.733127	1
1	63052	0.733252	1
1	63063	0.733377	1
1	63075	0.733502	1
1	63085	0.733627	1
1	63095	0.733752	1
1	63106	0.733877	1
1	63118	0.734002	1
1	63128	0.734127	1
1	63138	0.734252	1
1	63149	0.734377	1
1	63161	0.734502	1
1	63171	0.734627	1
1	63181	0.734752	1
1	63192	0.734877	1
1	63204	0.735002	1
1	63214	0.735127	1
1	63224	0.735252	1
1	63235	0.735377	1
1	63247	0.735502	1
1	63257	0.735627	1
1	63267	0.735752	1
1	63278	0.735877	1
1	63290	0.736002	1
1	63300	0.736127	1
1	63310	0.736252	1
1	63321	0.736377	1
1	63333	0.736502	1
1	63343	0.736627	1
1	63353	0.736752	1
1	63364	0.736877	1
1	63376	0.737002	1
1	63386	0.737127	1
1	63396	0.737252	1
1	63407	0.737377	1
1	63419	0.737502	1
1	63429	0.737627	1
1	63439	0.737752	1
1	63450	0.737877	1
1	63462	0.738002	1
1	63472	0.738127	1
1	63482	0.738252	1
1	63493	0.738377	1
1	63505	0.738502	1
1	63515	0.738627	1
1	63525	0.738752	1
1	63536	0.738877	1
1	63548	0.739002	1
1	63558	0.739127	1
1	63568	0.739252	1
1	63579	0.739377	1
1	63591	0.739502	1
1	63601	0.739627	1
1	63611	0.739752	1
1	63622	0.739877	1
1	63634	0.740002	1
1	63644	0.740127	1
1	63654	0.740252	1
1	63665	0.740377	1
1	63677	0.740502	1
1	63687	0.740627	1
1	63697	0.740752	1
1	63708	0.740877	1
1	63720	0.741002	1
1	63730	0.741127	1
1	63740	0.741252	1
1	63751	0.741377	1
1	63763	0.741502	1
1	63773	0.741627	1
1	63783	0.741752	1
1	63794	0.741877	1
1	63806	0.742002	1
1	63816	0.742127	1
1	63826	0.742252	1
1	63837	0.742377	1
1	63849	0.742502	1
1	63859	0.742627	1
1	63869	0.742752	1
1	63880	0.742877	1
1	63892	0.743002	1
1	63902	0.743127	1
1	63912	0.743252	1
1	63923	0.743377	1
1	63935	0.743502	1
1	63945	0.743627	1
1	63955	0.743752	1
1	63966	0.743877	1
1	63978	0.744002	1
1	63988	0.744127	1
1	63998	0.744252	1
1	64009	0.744377	1
1	64021	0.744502	1
1	64031	0.744627	1
1	64041	0.744752	1
1	64052	0.744877	1
1	64064	0.745002	1
1	64074	0.745127	1
1	64084	0.745252	1
1	64095	0.745377	1
1	64107	0.745502	1
1	64117	0.745627	1
1	64127	0.745752	1
1	64138	0.745877	1
1	64150	0.746002	1
1	64160	0.746127	1
1	64170	0.746252	1
1	64181	0.746377	1
1	64193	0.746502	1
1	64203	0.746627	1
1	64213	0.746752	1
1	64224	0.746877	1
1	64236	0.747002	1
1	64246	0.747127	1
1	64256	0.747252	1
1	64267	0.747377	1
1	64279	0.747502	1
1	64289	0.747627	1
1	64299	0.747752	1
1	64310	0.747877	1
1	64322	0.748002	1
1	64332	0.748127	1
1	64342	0.748252	1
1	64353	0.748377	1
1	64365	0.748502	1
1	64375	0.748627	1
1	64385	0.748752	1
1	64396	0.748877	1
1	64408	0.749002	1
1	64418	0.749127	1
1	64428	0.749252	1
1	64439	0.749377	1
1	64451	0.749502	1
1	64461	0.749627	1
1	64471	0.749752	1
1	64482	0.749877	1
1	64494	0.750002	1
1	64504	0.750127	1
1	64514	0.750252	1
1	64525	0.750377	1
1	64537	0.750502	1
1	64547	0.750627	1
1	64557	0.750752	1
1	64568	0.750877	1
1	64580	0.751002	1
1	64590	0.751127	1
1	64600	0.751252	1
1	64611	0.751377	1
1	64623	0.751502	1
1	64633	0.751627	1
1	64643	0.751752	1
1	64654	0.751877	1
1	64666	0.752002	1
1	64676	0.752127	1
1	64686	0.752252	1
1	64697	0.752377	1
1	64709	0.752502	1
1	64719	0.752627	1
1	64729	0.752752	1
1	64740	0.752877	1
1	64752	0.753002	1
1	64762	0.753127	1
1	64772	0.753252	1
1	64783	0.753377	1
1	64795	0.753502	1
1	64805	0.753627	1
1	64815	0.753752	1
1	64826	0.753877	1
1	64838	0.754002	1
1	64848	0.754127	1
1	64858	0.754252	1
1	64869	0.754377	1
1	64881	0.754502	1
1	64891	0.754627	1
1	64901	0.754752	1
1	64912	0.754877	1
1	64924	0.755002	1
1	64934	0.755127	1
1	64944	0.755252	1
1	64955	0.755377	1
1	64967	0.755502	1
1	64977	0.755627	1
1	64987	0.755752	1
1	64998	0.755877	1
1	65010	0.756002	1
1	65020	0.756127	1
1	65030	0.756252	1
1	65041	0.756377	1
1	65053	0.756502	1
1	65063	0.756627	1
1	65073	0.756752	1
1	65084	0.756877	1
1	65096	0.757002	1
1	65106	0.757127	1
1	65116	0.757252	1
1	65127	0.757377	1
1	65139	0.757502	1
1	65149	0.757627	1
1	65159	0.757752	1
1	65170	0.757877	1
1	65182	0.758002	1
1	65192	0.758127	1
1	65202	0.758252	1
1	65213	0.758377	1
1	65225	0.758502	1
1	65235	0.758627	1
1	65245	0.758752	1
1	65256	0.758877	1
1	65268	0.759002	1
1	65278	0.759127	1
1	65288	0.759252	1
1	65299	0.759377	1
1	65311	0.759502	1
1	65321	0.759627	1
1	65331	0.759752	1
1	65342	0.759877	1
1	65354	0.760002	1
1	65364	0.760127	1
1	65374	0.760252	1
1	65385	0.760377	1
1	65397	0.760502	1
1	65407	0.760627	1
1	65417	0.760752	1
1	65428	0.760877	1
1	65440	0.761002	1
1	65450	0.761127	1
1	65460	0.761252	1
1	65471	0.761377	1
1	65483	0.761502	1
1	65493	0.761627	1
1	65503	0.761752	1
1	65514	0.761877	1
1	65526	0.762002	1
1	65536	0.762127	1
1	65546	0.762252	1
1	65557	0.762377	1
1	65569	0.762502	1
1	65579	0.762627	1
1	65589	0.762752	1
1	65600	0.762877	1
1	65612	0.763002	1
1	65622	0.763127	1
1	65632	0.763252	1
1	65643	0.763377	1
1	65655	0.763502	1
1	65665	0.763627	1
1	65675	0.763752	1
1	65686	0.763877	1
1	65698	0.764002	1
1	65708	0.764127	1
1	65718	0.764252	1
1	65729	0.764377	1
1	65741	0.764502	1
1	65751	0.764627	1
1	65761	0.764752	1
1	65772	0.764877	1
1	65784	0.765002	1
1	65794	0.765127	1
1	65804	0.765252	1
1	65815	0.765377	1
1	65827	0.765502	1
1	65837	0.765627	1
1	65847	0.765752	1
1	65858	0.765877	1
1	65870	0.766002	1
1	65880	0.766127	1
1	65890	0.766252	1
1	65901	0.766377	1
1	65913	0.766502	1
1	65923	0.766627	1
1	65933	0.766752	1
1	65944	0.766877	1
1	65956	0.767002	1
1	65966	0.767127	1
1	65976	0.767252	1
1	65987	0.767377	1
1	65999	0.767502	1
1	66009	0.767627	1
1	66019	0.767752	1
1	66030	0.767877	1
1	66042	0.768002	1
1	66052	0.768127	1
1	66062	0.768252	1
1	66073	0.768377	1
1	66085	0.768502	1
1	66095	0.768627	1
1	66105	0.768752	1
1	66116	0.768877	1
1	66128	0.769002	1
1	66138	0.769127	1
1	66148	0.769252	1
1	66159	0.769377	1
1	66171	0.769502	1
1	66181	0.769627	1
1	66191	0.769752	1
1	66202	0.769877	1
1	66214	0.770002	1
1	66224	0.770127	1
1	66234	0.770252	1
1	66245	0.770377	1
1	66257	0.770502	1
1	66267	0.770627	1
1	66277	0.770752	1
1	66288	0.770877	1
1	66300	0.771002	1
1	66310	0.771127	1
1	66320	0.771252	1
1	66331	0.771377	1
1	66343	0.771502	1
1	66353	0.771627	1
1	66363	0.771752	1
1	66374	0.771877	1
1	66386	0.772002	1
1	66396	0.772127	1
1	66406	0.772252	1
1	66417	0.772377	1
1	66429	0.772502	1
1	66439	0.772627	1
1	66449	0.772752	1
1	66460	0.772877	1
1	66472	0.773002	1
1	66482	0.773127	1
1	66492	0.773252	1
1	66503	0.773377	1
1	66515	0.773502	1
1	66525	0.773627	1
1	66535	0.773752	1
1	66546	0.773877	1
1	66558	0.774002	1
1	66568	0.774127	1
1	66578	0.774252	1
1	66589	0.774377	1
1	66601	0.774502	1
1	66611	0.774627	1
1	66621	0.774752	1
1	66632	0.774877	1
1	66644	0.775002	1
1	66654	0.775127	1
1	66664	0.775252	1
1	66675	0.775377	1
1	66687	0.775502	1
1	66697	0.775627	1
1	66707	0.775752	1
1	66718	0.775877	1
1	66730	0.776002	1
1	66740	0.776127	1
1	66750	0.776252	1
1	66761	0.776377	1
1	66773	0.776502	1
1	66783	0.776627	1
1	66793	0.776752	1
1	66804	0.776877	1
1	66816	0.777002	1
1	66826	0.777127	1
1	66836	0.777252	1
1	66847	0.777377	1
1	66859	0.777502	1
1	66869	0.777627	1
1	66879	0.777752	1
1	66890	0.777877	1
1	66902	0.778002	1
1	66912	0.778127	1
1	66922	0.778252	1
1	66933	0.778377	1
1	66945	0.778502	1
1	66955	0.778627	1
1	66965	0.778752	1
1	66976	0.778877	1
1	66988	0.779002	1
1	66998	0.779127	1
1	67008	0.779252	1
1	67019	0.779377	1
1	67031	0.779502	1
1	67041	0.779627	1
1	67051	0.779752	1
1	67062	0.779877	1
1	67074	0.780002	1
1	67084	0.780127	1
1	67094	0.780252	1
1	67105	0.780377	1
1	67117	0.780502	1
1	67127	0.780627	1
1	67137	0.780752	1
1	67148	0.780877	1
1	67160	0.781002	1
1	67170	0.781127	1
1	67180	0.781252	1
1	67191	0.781377	1
1	67203	0.781502	1
1	67213	0.781627	1
1	67223	0.781752	1
1	67234	0.781877	1
1	67246	0.782002	1
1	67256	0.782127	1
1	67266	0.782252	1
1	67277	0.782377	1
1	67289	0.782502	1
1	67299	0.782627	1
1	67309	0.782752	1
1	67320	0.782877	1
1	67332	0.783002	1
1	67342	0.783127	1
1	67352	0.783252	1
1	67363	0.783377	1
1	67375	0.783502	1
1	67385	0.783627	1
1	67395	0.783752	1
1	67406	0.783877	1
1	67418	0.784002	1
1	67428	0.784127	1
1	67438	0.784252	1
1	67449	0.784377	1
1	67461	0.784502	1
1	67471	0.784627	1
1	67481	0.784752	1
1	67492	0.784877	1
1	67504	0.785002	1
1	67514	0.785127	1
1	67524	0.785252	1
1	67535	0.785377	1
1	67547	0.785502	1
1	67557	0.785627	1
1	67567	0.785752	1
1	67578	0.785877	1
1	67590	0.786002	1
1	67600	0.786127	1
1	67610	0.786252	1
1	67621	0.786377	1
1	67633	0.786502	1
1	67643	0.786627	1
1	67653	0.786752	1
1	67664	0.786877	1
1	67676	0.787002	1
1	67686	0.787127	1
1	67696	0.787252	1
1	67707	0.787377	1
1	67719	0.787502	1
1	67729	0.787627	1
1	67739	0.787752	1
1	67750	0.787877	1
1	67762	0.788002	1
1	67772	0.788127	1
1	67782	0.788252	1
1	67793	0.788377	1
1	67805	0.788502	1
1	67815	0.788627	1
1	67825	0.788752	1
1	67836	0.788877	1
1	67848	0.789002	1
1	67858	0.789127	1
1	67868	0.789252	1
1	67879	0.789377	1
1	67891	0.789502	1
1	67901	0.789627	1
1	67911	0.789752	1
1	67922	0.789877	1
1	67934	0.790002	1
1	67944	0.790127	1
1	67954	0.790252	1
1	67965	0.790377	1
1	67977	0.790502	1
1	67987	0.790627	1
1	67997	0.790752	1
1	68008	0.790877	1
1	68020	0.791002	1
1	68030	0.791127	1
1	68040	0.791252	1
1	68051	0.791377	1
1	68063	0.791502	1
1	68073	0.791627	1
1	68083	0.791752	1
1	68094	0.791877	1
1	68106	0.792002	1
1	68116	0.792127	1
1	68126	0.792252	1
1	68137	0.792377	1
1	68149	0.792502	1
1	68159	0.792627	1
1	68169	0.792752	1
1	68180	0.792877	1
1	68192	0.793002	1
1	68202	0.793127	1
1	68212	0.793252	1
1	68223	0.793377	1
1	68235	0.793502	1
1	68245	0.793627	1
1	68255	0.793752	1
1	68266	0.793877	1
1	68278	0.794002	1
1	68288	0.794127	1
1	68298	0.794252	1
1	68309	0.794377	1
1	68321	0.794502	1
1	68331	0.794627	1
1	68341	0.794752	1
1	68352	0.794877	1
1	68364	0.795002	1
1	68374	0.795127	1
1	68384	0.795252	1
1	68395	0.795377	1
1	68407	0.795502	1
1	68417	0.795627	1
1	68427	0.795752	1
1	68438	0.795877	1
1	68450	0.796002	1
1	68460	0.796127	1
1	68470	0.796252	1
1	68481	0.796377	1
1	68493	0.796502	1
1	68503	0.796627	1
1	68513	0.796752	1
1	68524	0.796877	1
1	68536	0.797002	1
1	68546	0.797127	1
1	68556	0.797252	1
1	68567	0.797377	1
1	68579	0.797502	1
1	68589	0.797627	1
1	68599	0.797752	1
1	68610	0.797877	1
1	68622	0.798002	1
1	68632	0.798127	1
1	68642	0.798252	1
1	68653	0.798377	1
1	68665	0.798502	1
1	68675	0.798627	1
1	68685	0.798752	1
1	68696	0.798877	1
1	68708	0.799002	1
1	68718	0.799127	1
1	68728	0.799252	1
1	68739	0.799377	1
1	68751	0.799502	1
1	68761	0.799627	1
1	68771	0.799752	1
1	68782	0.799877	1
1	68794	0.800002	1
1	68804	0.800127	1
1	68814	0.800252	1
1	68825	0.800377	1
1	68837	0.800502	1
1	68847	0.800627	1
1	68857	0.800752	1
1	68868	0.800877	1
1	68880	0.801002	1
1	68890	0.801127	1
1	68900	0.801252	1
1	68911	0.801377	1
1	68923	0.801502	1
1	68933	0.801627	1
1	68943	0.801752	1
1	68954	0.801877	1
1	68966	0.802002	1
1	68976	0.802127	1
1	68986	0.802252	1
1	68997	0.802377	1
1	69009	0.802502	1
1	69019	0.802627	1
1	69029	0.802752	1
1	69040	0.802877	1
1	69052	0.803002	1
1	69062	0.803127	1
1	69072	0.803252	1
1	69083	0.803377	1
1	69095	0.803502	1
1	69105	0.803627	1
1	69115	0.803752	1
1	69126	0.803877	1
1	69138	0.804002	1
1	69148	0.804127	1
1	69158	0.804252	1
1	69169	0.804377	1
1	69181	0.804502	1
1	69191	0.804627	1
1	69201	0.804752	1
1	69212	0.804877	1
1	69224	0.805002	1
1	69234	0.805127	1
1	69244	0.805252	1
1	69255	0.805377	1
1	69267	0.805502	1
1	69277	0.805627	1
1	69287	0.805752	1
1	69298	0.805877	1
1	69310	0.806002	1
1	69320	0.806127	1
1	69330	0.806252	1
1	69341	0.806377	1
1	69353	0.806502	1
1	69363	0.806627	1
1	69373	0.806752	1
1	69384	0.806877	1
1	69396	0.807002	1
1	69406	0.807127	1
1	69416	0.807252	1
1	69427	0.807377	1
1	69439	0.807502	1
1	69449	0.807627	1
1	69459	0.807752	1
1	69470	0.807877	1
1	69482	0.808002	1
1	69492	0.808127	1
1	69502	0.808252	1
1	69513	0.808377	1
1	69525	0.808502	1
1	69535	0.808627	1
1	69545	0.808752	1
1	69556	0.808877	1
1	69568	0.809002	1
1	69578	0.809127	1
1	69588	0.809252	1
1	69599	0.809377	1
1	69611	0.809502	1
1	69621	0.809627	1
1	69631	0.809752	1
1	69642	0.809877	1
1	69654	0.810002	1
1	69664	0.810127	1
1	69674	0.810252	1
1	69685	0.810377	1
1	69697	0.810502	1
1	69707	0.810627	1
1	69717	0.810752	1
1	69728	0.810877	1
1	69740	0.811002	1
1	69750	0.811127	1
1	69760	0.811252	1
1	69771	0.811377	1
1	69783	0.811502	1
1	69793	0.811627	1
1	69803	0.811752	1
1	69814	0.811877	1
1	69826	0.812002	1
1	69836	0.812127	1
1	69846	0.812252	1
1	69857	0.812377	1
1	69869	0.812502	1
1	69879	0.812627	1
1	69889	0.812752	1
1	69900	0.812877	1
1	69912	0.813002	1
1	69922	0.813127	1
1	69932	0.813252	1
1	69943	0.813377	1
1	69955	0.813502	1
1	69965	0.813627	1
1	69975	0.813752	1
1	69986	0.813877	1
1	69998	0.814002	1
1	70008	0.814127	1
1	70018	0.814252	1
1	70029	0.814377	1
1	70041	0.814502	1
1	70051	0.814627	1
1	70061	0.814752	1
1	70072	0.814877	1
1	70084	0.815002	1
1	70094	0.815127	1
1	70104	0.815252	1
1	70115	0.815377	1
1	70127	0.815502	1
1	70137	0.815627	1
1	70147	0.815752	1
1	70158	0.815877	1
1	70170	0.816002	1
1	70180	0.816127	1
1	70190	0.816252	1
1	70201	0.816377	1
1	70213	0.816502	1
1	70223	0.816627	1
1	70233	0.816752	1
1	70244	0.816877	1
1	70256	0.817002	1
1	70266	0.817127	1
1	70276	0.817252	1
1	70287	0.817377	1
1	70299	0.817502	1
1	70309	0.817627	1
1	70319	0.817752	1
1	70330	0.817877	1
1	70342	0.818002	1
1	70352	0.818127	1
1	70362	0.818252	1
1	70373	0.818377	1
1	70385	0.818502	1
1	70395	0.818627	1
1	70405	0.818752	1
1	70416	0.818877	1
1	70428	0.819002	1
1	70438	0.819127	1
1	70448	0.819252	1
1	70459	0.819377	1
1	70471	0.819502	1
1	70481	0.819627	1
1	70491	0.819752	1
1	70502	0.819877	1
1	70514	0.820002	1
1	70524	0.820127	1
1	70534	0.820252	1
1	70545	0.820377	1
1	70557	0.820502	1
1	70567	0.820627	1
1	70577	0.820752	1
1	70588	0.820877	1
1	70600	0.821002	1
1	70610	0.821127	1
1	70620	0.821252	1
1	70631	0.821377	1
1	70643	0.821502	1
1	70653	0.821627	1
1	70663	0.821752	1
1	70674	0.821877	1
1	70686	0.822002	1
1	70696	0.822127	1
1	70706	0.822252	1
1	70717	0.822377	1
1	70729	0.822502	1
1	70739	0.822627	1
1	70749	0.822752	1
1	70760	0.822877	1
1	70772	0.823002	1
1	70782	0.823127	1
1	70792	0.823252	1
1	70803	0.823377	1
1	70815	0.823502	1
1	70825	0.823627	1
1	70835	0.823752	1
1	70846	0.823877	1
1	70858	0.824002	1
1	70868	0.824127	1
1	70878	0.824252	1
1	70889	0.824377	1
1	70901	0.824502	1
1	70911	0.824627	1
1	70921	0.824752	1
1	70932	0.824877	1
1	70944	0.825002	1
1	70954	0.825127	1
1	70964	0.825252	1
1	70975	0.825377	1
1	70987	0.825502	1
1	70997	0.825627	1
1	71007	0.825752	1
1	71018	0.825877	1
1	71030	0.826002	1
1	71040	0.826127	1
1	71050	0.826252	1
1	71061	0.826377	1
1	71073	0.826502	1
1	71083	0.826627	1
1	71093	0.826752	1
1	71104	0.826877	1
1	71116	0.827002	1
1	71126	0.827127	1
1	71136	0.827252	1
1	71147	0.827377	1
1	71159	0.827502	1
1	71169	0.827627	1
1	71179	0.827752	1
1	71190	0.827877	1
1	71202	0.828002	1
1	71212	0.828127	1
1	71222	0.828252	1
1	71233	0.828377	1
1	71245	0.828502	1
1	71255	0.828627	1
1	71265	0.828752	1
1	71276	0.828877	1
1	71288	0.829002	1
1	71298	0.829127	1
1	71308	0.829252	1
1	71319	0.829377	1
1	71331	0.829502	1
1	71341	0.829627	1
1	71351	0.829752	1
1	71362	0.829877	1
1	71374	0.830002	1
1	71384	0.830127	1
1	71394	0.830252	1
1	71405	0.830377	1
1	71417	0.830502	1
1	71427	0.830627	1
1	71437	0.830752	1
1	71448	0.830877	1
1	71460	0.831002	1
1	71470	0.831127	1
1	71480	0.831252	1
1	71491	0.831377	1
1	71503	0.831502	1
1	71513	0.831627	1
1	71523	0.831752	1
1	71534	0.831877	1
1	71546	0.832002	1
1	71556	0.832127	1
1	71566	0.832252	1
1	71577	0.832377	1
1	71589	0.832502	1
1	71599	0.832627	1
1	71609	0.832752	1
1	71620	0.832877	1
1	71632	0.833002	1
1	71642	0.833127	1
1	71652	0.833252	1
1	71663	0.833377	1
1	71675	0.833502	1
1	71685	0.833627	1
1	71695	0.833752	1
1	71706	0.833877	1
1	71718	0.834002	1
1	71728	0.834127	1
1	71738	0.834252	1
1	71749	0.834377	1
1	71761	0.834502	1
1	71771	0.834627	1
1	71781	0.834752	1
1	71792	0.834877	1
1	71804	0.835002	1
1	71814	0.835127	1
1	71824	0.835252	1
1	71835	0.835377	1
1	71847	0.835502	1
1	71857	0.835627	1
1	71867	0.835752	1
1	71878	0.835877	1
1	71890	0.836002	1
1	71900	0.836127	1
1	71910	0.836252	1
1	71921	0.836377	1
1	71933	0.836502	1
1	71943	0.836627	1
1	71953	0.836752	1
1	71964	0.836877	1
1	71976	0.837002	1
1	71986	0.837127	1
1	71996	0.837252	1
1	72007	0.837377	1
1	72019	0.837502	1
1	72029	0.837627	1
1	72039	0.837752	1
1	72050	0.837877	1
1	72062	0.838002	1
1	72072	0.838127	1
1	72082	0.838252	1
1	72093	0.838377	1
1	72105	0.838502	1
1	72115	0.838627	1
1	72125	0.838752	1
1	72136	0.838877	1
1	72148	0.839002	1
1	72158	0.839127	1
1	72168	0.839252	1
1	72179	0.839377	1
1	72191	0.839502	1
1	72201	0.839627	1
1	72211	0.839752	1
1	72222	0.839877	1
1	72234	0.840002	1
1	72244	0.840127	1
1	72254	0.840252	1
1	72265	0.840377	1
1	72277	0.840502	1
1	72287	0.840627	1
1	72297	0.840752	1
1	72308	0.840877	1
1	72320	0.841002	1
1	72330	0.841127	1
1	72340	0.841252	1
1	72351	0.841377	1
1	72363	0.841502	1
1	72373	0.841627	1
1	72383	0.841752	1
1	72394	0.841877	1
1	72406	0.842002	1
1	72416	0.842127	1
1	72426	0.842252	1
1	72437	0.842377	1
1	72449	0.842502	1
1	72459	0.842627	1
1	72469	0.842752	1
1	72480	0.842877	1
1	72492	0.843002	1
1	72502	0.843127	1
1	72512	0.843252	1
1	72523	0.843377	1
1	72535	0.843502	1
1	72545	0.843627	1
1	72555	0.843752	1
1	72566	0.843877	1
1	72578	0.844002	1
1	72588	0.844127	1
1	72598	0.844252	1
1	72609	0.844377	1
1	72621	0.844502	1
1	72631	0.844627	1
1	72641	0.844752	1
1	72652	0.844877	1
1	72664	0.845002	1
1	72674	0.845127	1
1	72684	0.845252	1
1	72695	0.845377	1
1	72707	0.845502	1
1	72717	0.845627	1
1	72727	0.845752	1
1	72738	0.845877	1
1	72750	0.846002	1
1	72760	0.846127	1
1	72770	0.846252	1
1	72781	0.846377	1
1	72793	0.846502	1
1	72803	0.846627	1
1	72813	0.846752	1
1	72824	0.846877	1
1	72836	0.847002	1
1	72846	0.847127	1
1	72856	0.847252	1
1	72867	0.847377	1
1	72879	0.847502	1
1	72889	0.847627	1
1	72899	0.847752	1
1	72910	0.847877	1
1	72922	0.848002	1
1	72932	0.848127	1
1	72942	0.848252	1
1	72953	0.848377	1
1	72965	0.848502	1
1	72975	0.848627	1
1	72985	0.848752	1
1	72996	0.848877	1
1	73008	0.849002	1
1	73018	0.849127	1
1	73028	0.849252	1
1	73039	0.849377	1
1	73051	0.849502	1
1	73061	0.849627	1
1	73071	0.849752	1
1	73082	0.849877	1
1	73094	0.850002	1
1	73104	0.850127	1
1	73114	0.850252	1
1	73125	0.850377	1
1	73137	0.850502	1
1	73147	0.850627	1
1	73157	0.850752	1
1	73168	0.850877	1
1	73180	0.851002	1
1	73190	0.851127	1
1	73200	0.851252	1
1	73211	0.851377	1
1	73223	0.851502	1
1	73233	0.851627	1
1	73243	0.851752	1
1	73254	0.851877	1
1	73266	0.852002	1
1	73276	0.852127	1
1	73286	0.852252	1
1	73297	0.852377	1
1	73309	0.852502	1
1	73319	0.852627	1
1	73329	0.852752	1
1	73340	0.852877	1
1	73352	0.853002	1
1	73362	0.853127	1
1	73372	0.853252	1
1	73383	0.853377	1
1	73395	0.853502	1
1	73405	0.853627	1
1	73415	0.853752	1
1	73426	0.853877	1
1	73438	0.854002	1
1	73448	0.854127	1
1	73458	0.854252	1
1	73469	0.854377	1
1	73481	0.854502	1
1	73491	0.854627	1
1	73501	0.854752	1
1	73512	0.854877	1
1	73524	0.855002	1
1	73534	0.855127	1
1	73544	0.855252	1
1	73555	0.855377	1
1	73567	0.855502	1
1	73577	0.855627	1
1	73587	0.855752	1
1	73598	0.855877	1
1	73610	0.856002	1
1	73620	0.856127	1
1	73630	0.856252	1
1	73641	0.856377	1
1	73653	0.856502	1
1	73663	0.856627	1
1	73673	0.856752	1
1	73684	0.856877	1
1	73696	0.857002	1
1	73706	0.857127	1
1	73716	0.857252	1
1	73727	0.857377	1
1	73739	0.857502	1
1	73749	0.857627	1
1	73759	0.857752	1
1	73770	0.857877	1
1	73782	0.858002	1
1	73792	0.858127	1
1	73802	0.858252	1
1	73813	0.858377	1
1	73825	0.858502	1
1	73835	0.858627	1
1	73845	0.858752	1
1	73856	0.858877	1
1	73868	0.859002	1
1	73878	0.859127	1
1	73888	0.859252	1
1	73899	0.859377	1
1	73911	0.859502	1
1	73921	0.859627	1
1	73931	0.859752	1
1	73942	0.859877	1
1	73954	0.860002	1
1	73964	0.860127	1
1	73974	0.860252	1
1	73985	0.860377	1
1	73997	0.860502	1
1	74007	0.860627	1
1	74017	0.860752	1
1	74028	0.860877	1
1	74040	0.861002	1
1	74050	0.861127	1
1	74060	0.861252	1
1	74071	0.861377	1
1	74083	0.861502	1
1	74093	0.861627	1
1	74103	0.861752	1
1	74114	0.861877	1
1	74126	0.862002	1
1	74136	0.862127	1
1	74146	0.862252	1
1	74157	0.862377	1
1	74169	0.862502	1
1	74179	0.862627	1
1	74189	0.862752	1
1	74200	0.862877	1
1	74212	0.863002	1
1	74222	0.863127	1
1	74232	0.863252	1
1	74243	0.863377	1
1	74255	0.863502	1
1	74265	0.863627	1
1	74275	0.863752	1
1	74286	0.863877	1
1	74298	0.864002	1
1	74308	0.864127	1
1	74318	0.864252	1
1	74329	0.864377	1
1	74341	0.864502	1
1	74351	0.864627	1
1	74361	0.864752	1
1	74372	0.864877	1
1	74384	0.865002	1
1	74394	0.865127	1
1	74404	0.865252	1
1	74415	0.865377	1
1	74427	0.865502	1
1	74437	0.865627	1
1	74447	0.865752	1
1	74458	0.865877	1
1	74470	0.866002	1
1	74480	0.866127	1
1	74490	0.866252	1
1	74501	0.866377	1
1	74513	0.866502	1
1	74523	0.866627	1
1	74533	0.866752	1
1	74544	0.866877	1
1	74556	0.867002	1
1	74566	0.867127	1
1	74576	0.867252	1
1	74587	0.867377	1
1	74599	0.867502	1
1	74609	0.867627	1
1	74619	0.867752	1
1	74630	0.867877	1
1	74642	0.868002	1
1	74652	0.868127	1
1	74662	0.868252	1
1	74673	0.868377	1
1	74685	0.868502	1
1	74695	0.868627	1
1	74705	0.868752	1
1	74716	0.868877	1
1	74728	0.869002	1
1	74738	0.869127	1
1	74748	0.869252	1
1	74759	0.869377	1
1	74771	0.869502	1
1	74781	0.869627	1
1	74791	0.869752	1
1	74802	0.869877	1
1	74814	0.870002	1
1	74824	0.870127	1
1	74834	0.870252	1
1	74845	0.870377	1
1	74857	0.870502	1
1	74867	0.870627	1
1	74877	0.870752	1
1	74888	0.870877	1
1	74900	0.871002	1
1	74910	0.871127	1
1	74920	0.871252	1
1	74931	0.871377	1
1	74943	0.871502	1
1	74953	0.871627	1
1	74963	0.871752	1
1	74974	0.871877	1
1	74986	0.872002	1
1	74996	0.872127	1
1	75006	0.872252	1
1	75017	0.872377	1
1	75029	0.872502	1
1	75039	0.872627	1
1	75049	0.872752	1
1	75060	0.872877	1
1	75072	0.873002	1
1	75082	0.873127	1
1	75092	0.873252	1
1	75103	0.873377	1
1	75115	0.873502	1
1	75125	0.873627	1
1	75135	0.873752	1
1	75146	0.873877	1
1	75158	0.874002	1
1	75168	0.874127	1
1	75178	0.874252	1
1	75189	0.874377	1
1	75201	0.874502	1
1	75211	0.874627	1
1	75221	0.874752	1
1	75232	0.874877	1
1	75244	0.875002	1
1	75254	0.875127	1
1	75264	0.875252	1
1	75275	0.875377	1
1	75287	0.875502	1
1	75297	0.875627	1
1	75307	0.875752	1
1	75318	0.875877	1
1	75330	0.876002	1
1	75340	0.876127	1
1	75350	0.876252	1
1	75361	0.876377	1
1	75373	0.876502	1
1	75383	0.876627	1
1	75393	0.876752	1
1	75404	0.876877	1
1	75416	0.877002	1
1	75426	0.877127	1
1	75436	0.877252	1
1	75447	0.877377	1
1	75459	0.877502	1
1	75469	0.877627	1
1	75479	0.877752	1
1	75490	0.877877	1
1	75502	0.878002	1
1	75512	0.878127	1
1	75522	0.878252	1
1	75533	0.878377	1
1	75545	0.878502	1
1	75555	0.878627	1
1	75565	0.878752	1
1	75576	0.878877	1
1	75588	0.879002	1
1	75598	0.879127	1
1	75608	0.879252	1
1	75619	0.879377	1
1	75631	0.879502	1
1	75641	0.879627	1
1	75651	0.879752	1
1	75662	0.879877	1
1	75674	0.880002	1
1	75684	0.880127	1
1	75694	0.880252	1
1	75705	0.880377	1
1	75717	0.880502	1
1	75727	0.880627	1
1	75737	0.880752	1
1	75748	0.880877	1
1	75760	0.881002	1
1	75770	0.881127	1
1	75780	0.881252	1
1	75791	0.881377	1
1	75803	0.881502	1
1	75813	0.881627	1
1	75823	0.881752	1
1	75834	0.881877	1
1	75846	0.882002	1
1	75856	0.882127	1
1	75866	0.882252	1
1	75877	0.882377	1
1	75889	0.882502	1
1	75899	0.882627	1
1	75909	0.882752	1
1	75920	0.882877	1
1	75932	0.883002	1
1	75942	0.883127	1
1	75952	0.883252	1
1	75963	0.883377	1
1	75975	0.883502	1
1	75985	0.883627	1
1	75995	0.883752	1
1	76006	0.883877	1
1	76018	0.884002	1
1	76028	0.884127	1
1	76038	0.884252	1
1	76049	0.884377	1
1	76061	0.884502	1
1	76071	0.884627	1
1	76081	0.884752	1
1	76092	0.884877	1
1	76104	0.885002	1
1	76114	0.885127	1
1	76124	0.885252	1
1	76135	0.885377	1
1	76147	0.885502	1
1	76157	0.885627	1
1	76167	0.885752	1
1	76178	0.885877	1
1	76190	0.886002	1
1	76200	0.886127	1
1	76210	0.886252	1
1	76221	0.886377	1
1	76233	0.886502	1
1	76243	0.886627	1
1	76253	0.886752	1
1	76264	0.886877	1
1	76276	0.887002	1
1	76286	0.887127	1
1	76296	0.887252	1
1	76307	0.887377	1
1	76319	0.887502	1
1	76329	0.887627	1
1	76339	0.887752	1
1	76350	0.887877	1
1	76362	0.888002	1
1	76372	0.888127	1
1	76382	0.888252	1
1	76393	0.888377	1
1	76405	0.888502	1
1	76415	0.888627	1
1	76425	0.888752	1
1	76436	0.888877	1
1	76448	0.889002	1
1	76458	0.889127	1
1	76468	0.889252	1
1	76479	0.889377	1
1	76491	0.889502	1
1	76501	0.889627	1
1	76511	0.889752	1
1	76522	0.889877	1
1	76534	0.890002	1
1	76544	0.890127	1
1	76554	0.890252	1
1	76565	0.890377	1
1	76577	0.890502	1
1	76587	0.890627	1
1	76597	0.890752	1
1	76608	0.890877	1
1	76620	0.891002	1
1	76630	0.891127	1
1	76640	0.891252	1
1	76651	0.891377	1
1	76663	0.891502	1
1	76673	0.891627	1
1	76683	0.891752	1
1	76694	0.891877	1
1	76706	0.892002	1
1	76716	0.892127	1
1	76726	0.892252	1
1	76737	0.892377	1
1	76749	0.892502	1
1	76759	0.892627	1
1	76769	0.892752	1
1	76780	0.892877	1
1	76792	0.893002	1
1	76802	0.893127	1
1	76812	0.893252	1
1	76823	0.893377	1
1	76835	0.893502	1
1	76845	0.893627	1
1	76855	0.893752	1
1	76866	0.893877	1
1	76878	0.894002	1
1	76888	0.894127	1
1	76898	0.894252	1
1	76909	0.894377	1
1	76921	0.894502	1
1	76931	0.894627	1
1	76941	0.894752	1
1	76952	0.894877	1
1	76964	0.895002	1
1	76974	0.895127	1
1	76984	0.895252	1
1	76995	0.895377	1
1	77007	0.895502	1
1	77017	0.895627	1
1	77027	0.895752	1
1	77038	0.895877	1
1	77050	0.896002	1
1	77060	0.896127	1
1	77070	0.896252	1
1	77081	0.896377	1
1	77093	0.896502	1
1	77103	0.896627	1
1	77113	0.896752	1
1	77124	0.896877	1
1	77136	0.897002	1
1	77146	0.897127	1
1	77156	0.897252	1
1	77167	0.897377	1
1	77179	0.897502	1
1	77189	0.897627	1
1	77199	0.897752	1
1	77210	0.897877	1
1	77222	0.898002	1
1	77232	0.898127	1
1	77242	0.898252	1
1	77253	0.898377	1
1	77265	0.898502	1
1	77275	0.898627	1
1	77285	0.898752	1
1	77296	0.898877	1
1	77308	0.899002	1
1	77318	0.899127	1
1	77328	0.899252	1
1	77339	0.899377	1
1	77351	0.899502	1
1	77361	0.899627	1
1	77371	0.899752	1
1	77382	0.899877	1
1	77394	0.900002	1
1	77404	0.900127	1
1	77414	0.900252	1
1	77425	0.900377	1
1	77437	0.900502	1
1	77447	0.900627	1
1	77457	0.900752	1
1	77468	0.900877	1
1	77480	0.901002	1
1	77490	0.901127	1
1	77500	0.901252	1
1	77511	0.901377	1
1	77523	0.901502	1
1	77533	0.901627	1
1	77543	0.901752	1
1	77554	0.901877	1
1	77566	0.902002	1
1	77576	0.902127	1
1	77586	0.902252	1
1	77597	0.902377	1
1	77609	0.902502	1
1	77619	0.902627	1
1	77629	0.902752	1
1	77640	0.902877	1
1	77652	0.903002	1
1	77662	0.903127	1
1	77672	0.903252	1
1	77683	0.903377	1
1	77695	0.903502	1
1	77705	0.903627	1
1	77715	0.903752	1
1	77726	0.903877	1
1	77738	0.904002	1
1	77748	0.904127	1
1	77758	0.904252	1
1	77769	0.904377	1
1	77781	0.904502	1
1	77791	0.904627	1
1	77801	0.904752	1
1	77812	0.904877	1
1	77824	0.905002	1
1	77834	0.905127	1
1	77844	0.905252	1
1	77855	0.905377	1
1	77867	0.905502	1
1	77877	0.905627	1
1	77887	0.905752	1
1	77898	0.905877	1
1	77910	0.906002	1
1	77920	0.906127	1
1	77930	0.906252	1
1	77941	0.906377	1
1	77953	0.906502	1
1	77963	0.906627	1
1	77973	0.906752	1
1	77984	0.906877	1
1	77996	0.907002	1
1	78006	0.907127	1
1	78016	0.907252	1
1	78027	0.907377	1
1	78039	0.907502	1
1	78049	0.907627	1
1	78059	0.907752	1
1	78070	0.907877	1
1	78082	0.908002	1
1	78092	0.908127	1
1	78102	0.908252	1
1	78113	0.908377	1
1	78125	0.908502	1
1	78135	0.908627	1
1	78145	0.908752	1
1	78156	0.908877	1
1	78168	0.909002	1
1	78178	0.909127	1
1	78188	0.909252	1
1	78199	0.909377	1
1	78211	0.909502	1
1	78221	0.909627	1
1	78231	0.909752	1
1	78242	0.909877	1
1	78254	0.910002	1
1	78264	0.910127	1
1	78274	0.910252	1
1	78285	0.910377	1
1	78297	0.910502	1
1	78307	0.910627	1
1	78317	0.910752	1
1	78328	0.910877	1
1	78340	0.911002	1
1	78350	0.911127	1
1	78360	0.911252	1
1	78371	0.911377	1
1	78383	0.911502	1
1	78393	0.911627	1
1	78403	0.911752	1
1	78414	0.911877	1
1	78426	0.912002	1
1	78436	0.912127	1
1	78446	0.912252	1
1	78457	0.912377	1
1	78469	0.912502	1
1	78479	0.912627	1
1	78489	0.912752	1
1	78500	0.912877	1
1	78512	0.913002	1
1	78522	0.913127	1
1	78532	0.913252	1
1	78543	0.913377	1
1	78555	0.913502	1
1	78565	0.913627	1
1	78575	0.913752	1
1	78586	0.913877	1
1	78598	0.914002	1
1	78608	0.914127	1
1	78618	0.914252	1
1	78629	0.914377	1
1	78641	0.914502	1
1	78651	0.914627	1
1	78661	0.914752	1
1	78672	0.914877	1
1	78684	0.915002	1
1	78694	0.915127	1
1	78704	0.915252	1
1	78715	0.915377	1
1	78727	0.915502	1
1	78737	0.915627	1
1	78747	0.915752	1
1	78758	0.915877	1
1	78770	0.916002	1
1	78780	0.916127	1
1	78790	0.916252	1
1	78801	0.916377	1
1	78813	0.916502	1
1	78823	0.916627	1
1	78833	0.916752	1
1	78844	0.916877	1
1	78856	0.917002	1
1	78866	0.917127	1
1	78876	0.917252	1
1	78887	0.917377	1
1	78899	0.917502	1
1	78909	0.917627	1
1	78919	0.917752	1
1	78930	0.917877	1
1	78942	0.918002	1
1	78952	0.918127	1
1	78962	0.918252	1
1	78973	0.918377	1
1	78985	0.918502	1
1	78995	0.918627	1
1	79005	0.918752	1
1	79016	0.918877	1
1	79028	0.919002	1
1	79038	0.919127	1
1	79048	0.919252	1
1	79059	0.919377	1
1	79071	0.919502	1
1	79081	0.919627	1
1	79091	0.919752	1
1	79102	0.919877	1
1	79114	0.920002	1
1	79124	0.920127	1
1	79134	0.920252	1
1	79145	0.920377	1
1	79157	0.920502	1
1	79167	0.920627	1
1	79177	0.920752	1
1	79188	0.920877	1
1	79200	0.921002	1
1	79210	0.921127	1
1	79220	0.921252	1
1	79231	0.921377	1
1	79243	0.921502	1
1	79253	0.921627	1
1	79263	0.921752	1
1	79274	0.921877	1
1	79286	0.922002	1
1	79296	0.922127	1
1	79306	0.922252	1
1	79317	0.922377	1
1	79329	0.922502	1
1	79339	0.922627	1
1	79349	0.922752	1
1	79360	0.922877	1
1	79372	0.923002	1
1	79382	0.923127	1
1	79392	0.923252	1
1	79403	0.923377	1
1	79415	0.923502	1
1	79425	0.923627	1
1	79435	0.923752	1
1	79446	0.923877	1
1	79458	0.924002	1
1	79468	0.924127	1
1	79478	0.924252	1
1	79489	0.924377	1
1	79501	0.924502	1
1	79511	0.924627	1
1	79521	0.924752	1
1	79532	0.924877	1
1	79544	0.925002	1
1	79554	0.925127	1
1	79564	0.925252	1
1	79575	0.925377	1
1	79587	0.925502	1
1	79597	0.925627	1
1	79607	0.925752	1
1	79618	0.925877	1
1	79630	0.926002	1
1	79640	0.926127	1
1	79650	0.926252	1
1	79661	0.926377	1
1	79673	0.926502	1
1	79683	0.926627	1
1	79693	0.926752	1
1	79704	0.926877	1
1	79716	0.927002	1
1	79726	0.927127	1
1	79736	0.927252	1
1	79747	0.927377	1
1	79759	0.927502	1
1	79769	0.927627	1
1	79779	0.927752	1
1	79790	0.927877	1
1	79802	0.928002	1
1	79812	0.928127	1
1	79822	0.928252	1
1	79833	0.928377	1
1	79845	0.928502	1
1	79855	0.928627	1
1	79865	0.928752	1
1	79876	0.928877	1
1	79888	0.929002	1
1	79898	0.929127	1
1	79908	0.929252	1
1	79919	0.929377	1
1	79931	0.929502	1
1	79941	0.929627	1
1	79951	0.929752	1
1	79962	0.929877	1
1	79974	0.930002	1
1	79984	0.930127	1
1	79994	0.930252	1
1	80005	0.930377	1
1	80017	0.930502	1
1	80027	0.930627	1
1	80037	0.930752	1
1	80048	0.930877	1
1	80060	0.931002	1
1	80070	0.931127	1
1	80080	0.931252	1
1	80091	0.931377	1
1	80103	0.931502	1
1	80113	0.931627	1
1	80123	0.931752	1
1	80134	0.931877	1
1	80146	0.932002	1
1	80156	0.932127	1
1	80166	0.932252	1
1	80177	0.932377	1
1	80189	0.932502	1
1	80199	0.932627	1
1	80209	0.932752	1
1	80220	0.932877	1
1	80232	0.933002	1
1	80242	0.933127	1
1	80252	0.933252	1
1	80263	0.933377	1
1	80275	0.933502	1
1	80285	0.933627	1
1	80295	0.933752	1
1	80306	0.933877	1
1	80318	0.934002	1
1	80328	0.934127	1
1	80338	0.934252	1
1	80349	0.934377	1
1	80361	0.934502	1
1	80371	0.934627	1
1	80381	0.934752	1
1	80392	0.934877	1
1	80404	0.935002	1
1	80414	0.935127	1
1	80424	0.935252	1
1	80435	0.935377	1
1	80447	0.935502	1
1	80457	0.935627	1
1	80467	0.935752	1
1	80478	0.935877	1
1	80490	0.936002	1
1	80500	0.936127	1
1	80510	0.936252	1
1	80521	0.936377	1
1	80533	0.936502	1
1	80543	0.936627	1
1	80553	0.936752	1
1	80564	0.936877	1
1	80576	0.937002	1
1	80586	0.937127	1
1	80596	0.937252	1
1	80607	0.937377	1
1	80619	0.937502	1
1	80629	0.937627	1
1	80639	0.937752	1
1	80650	0.937877	1
1	80662	0.938002	1
1	80672	0.938127	1
1	80682	0.938252	1
1	80693	0.938377	1
1	80705	0.938502	1
1	80715	0.938627	1
1	80725	0.938752	1
1	80736	0.938877	1
1	80748	0.939002	1
1	80758	0.939127	1
1	80768	0.939252	1
1	80779	0.939377	1
1	80791	0.939502	1
1	80801	0.939627	1
1	80811	0.939752	1
1	80822	0.939877	1
1	80834	0.940002	1
1	80844	0.940127	1
1	80854	0.940252	1
1	80865	0.940377	1
1	80877	0.940502	1
1	80887	0.940627	1
1	80897	0.940752	1
1	80908	0.940877	1
1	80920	0.941002	1
1	80930	0.941127	1
1	80940	0.941252	1
1	80951	0.941377	1
1	80963	0.941502	1
1	80973	0.941627	1
1	80983	0.941752	1
1	80994	0.941877	1
1	81006	0.942002	1
1	81016	0.942127	1
1	81026	0.942252	1
1	81037	0.942377	1
1	81049	0.942502	1
1	81059	0.942627	1
1	81069	0.942752	1
1	81080	0.942877	1
1	81092	0.943002	1
1	81102	0.943127	1
1	81112	0.943252	1
1	81123	0.943377	1
1	81135	0.943502	1
1	81145	0.943627	1
1	81155	0.943752	1
1	81166	0.943877	1
1	81178	0.944002	1
1	81188	0.944127	1
1	81198	0.944252	1
1	81209	0.944377	1
1	81221	0.944502	1
1	81231	0.944627	1
1	81241	0.944752	1
1	81252	0.944877	1
1	81264	0.945002	1
1	81274	0.945127	1
1	81284	0.945252	1
1	81295	0.945377	1
1	81307	0.945502	1
1	81317	0.945627	1
1	81327	0.945752	1
1	81338	0.945877	1
1	81350	0.946002	1
1	81360	0.946127	1
1	81370	0.946252	1
1	81381	0.946377	1
1	81393	0.946502	1
1	81403	0.946627	1
1	81413	0.946752	1
1	81424	0.946877	1
1	81436	0.947002	1
1	81446	0.947127	1
1	81456	0.947252	1
1	81467	0.947377	1
1	81479	0.947502	1
1	81489	0.947627	1
1	81499	0.947752	1
1	81510	0.947877	1
1	81522	0.948002	1
1	81532	0.948127	1
1	81542	0.948252	1
1	81553	0.948377	1
1	81565	0.948502	1
1	81575	0.948627	1
1	81585	0.948752	1
1	81596	0.948877	1
1	81608	0.949002	1
1	81618	0.949127	1
1	81628	0.949252	1
1	81639	0.949377	1
1	81651	0.949502	1
1	81661	0.949627	1
1	81671	0.949752	1
1	81682	0.949877	1
1	81694	0.950002	1
1	81704	0.950127	1
1	81714	0.950252	1
1	81725	0.950377	1
1	81737	0.950502	1
1	81747	0.950627	1
1	81757	0.950752	1
1	81768	0.950877	1
1	81780	0.951002	1
1	81790	0.951127	1
1	81800	0.951252	1
1	81811	0.951377	1
1	81823	0.951502	1
1	81833	0.951627	1
1	81843	0.951752	1
1	81854	0.951877	1
1	81866	0.952002	1
1	81876	0.952127	1
1	81886	0.952252	1
1	81897	0.952377	1
1	81909	0.952502	1
1	81919	0.952627	1
1	81929	0.952752	1
1	81940	0.952877	1
1	81952	0.953002	1
1	81962	0.953127	1
1	81972	0.953252	1
1	81983	0.953377	1
1	81995	0.953502	1
1	82005	0.953627	1
1	82015	0.953752	1
1	82026	0.953877	1
1	82038	0.954002	1
1	82048	0.954127	1
1	82058	0.954252	1
1	82069	0.954377	1
1	82081	0.954502	1
1	82091	0.954627	1
1	82101	0.954752	1
1	82112	0.954877	1
1	82124	0.955002	1
1	82134	0.955127	1
1	82144	0.955252	1
1	82155	0.955377	1
1	82167	0.955502	1
1	82177	0.955627	1
1	82187	0.955752	1
1	82198	0.955877	1
1	82210	0.956002	1
1	82220	0.956127	1
1	82230	0.956252	1
1	82241	0.956377	1
1	82253	0.956502	1
1	82263	0.956627	1
1	82273	0.956752	1
1	82284	0.956877	1
1	82296	0.957002	1
1	82306	0.957127	1
1	82316	0.957252	1
1	82327	0.957377	1
1	82339	0.957502	1
1	82349	0.957627	1
1	82359	0.957752	1
1	82370	0.957877	1
1	82382	0.958002	1
1	82392	0.958127	1
1	82402	0.958252	1
1	82413	0.958377	1
1	82425	0.958502	1
1	82435	0.958627	1
1	82445	0.958752	1
1	82456	0.958877	1
1	82468	0.959002	1
1	82478	0.959127	1
1	82488	0.959252	1
1	82499	0.959377	1
1	82511	0.959502	1
1	82521	0.959627	1
1	82531	0.959752	1
1	82542	0.959877	1
1	82554	0.960002	1
1	82564	0.960127	1
1	82574	0.960252	1
1	82585	0.960377	1
1	82597	0.960502	1
1	82607	0.960627	1
1	82617	0.960752	1
1	82628	0.960877	1
1	82640	0.961002	1
1	82650	0.961127	1
1	82660	0.961252	1
1	82671	0.961377	1
1	82683	0.961502	1
1	82693	0.961627	1
1	82703	0.961752	1
1	82714	0.961877	1
1	82726	0.962002	1
1	82736	0.962127	1
1	82746	0.962252	1
1	82757	0.962377	1
1	82769	0.962502	1
1	82779	0.962627	1
1	82789	0.962752	1
1	82800	0.962877	1
1	82812	0.963002	1
1	82822	0.963127	1
1	82832	0.963252	1
1	82843	0.963377	1
1	82855	0.963502	1
1	82865	0.963627	1
1	82875	0.963752	1
1	82886	0.963877	1
1	82898	0.964002	1
1	82908	0.964127	1
1	82918	0.964252	1
1	82929	0.964377	1
1	82941	0.964502	1
1	82951	0.964627	1
1	82961	0.964752	1
1	82972	0.964877	1
1	82984	0.965002	1
1	82994	0.965127	1
1	83004	0.965252	1
1	83015	0.965377	1
1	83027	0.965502	1
1	83037	0.965627	1
1	83047	0.965752	1
1	83058	0.965877	1
1	83070	0.966002	1
1	83080	0.966127	1
1	83090	0.966252	1
1	83101	0.966377	1
1	83113	0.966502	1
1	83123	0.966627	1
1	83133	0.966752	1
1	83144	0.966877	1
1	83156	0.967002	1
1	83166	0.967127	1
1	83176	0.967252	1
1	83187	0.967377	1
1	83199	0.967502	1
1	83209	0.967627	1
1	83219	0.967752	1
1	83230	0.967877	1
1	83242	0.968002	1
1	83252	0.968127	1
1	83262	0.968252	1
1	83273	0.968377	1
1	83285	0.968502	1
1	83295	0.968627	1
1	83305	0.968752	1
1	83316	0.968877	1
1	83328	0.969002	1
1	83338	0.969127	1
1	83348	0.969252	1
1	83359	0.969377	1
1	83371	0.969502	1
1	83381	0.969627	1
1	83391	0.969752	1
1	83402	0.969877	1
1	83414	0.970002	1
1	83424	0.970127	1
1	83434	0.970252	1
1	83445	0.970377	1
1	83457	0.970502	1
1	83467	0.970627	1
1	83477	0.970752	1
1	83488	0.970877	1
1	83500	0.971002	1
1	83510	0.971127	1
1	83520	0.971252	1
1	83531	0.971377	1
1	83543	0.971502	1
1	83553	0.971627	1
1	83563	0.971752	1
1	83574	0.971877	1
1	83586	0.972002	1
1	83596	0.972127	1
1	83606	0.972252	1
1	83617	0.972377	1
1	83629	0.972502	1
1	83639	0.972627	1
1	83649	0.972752	1
1	83660	0.972877	1
1	83672	0.973002	1
1	83682	0.973127	1
1	83692	0.973252	1
1	83703	0.973377	1
1	83715	0.973502	1
1	83725	0.973627	1
1	83735	0.973752	1
1	83746	0.973877	1
1	83758	0.974002	1
1	83768	0.974127	1
1	83778	0.974252	1
1	83789	0.974377	1
1	83801	0.974502	1
1	83811	0.974627	1
1	83821	0.974752	1
1	83832	0.974877	1
1	83844	0.975002	1
1	83854	0.975127	1
1	83864	0.975252	1
1	83875	0.975377	1
1	83887	0.975502	1
1	83897	0.975627	1
1	83907	0.975752	1
1	83918	0.975877	1
1	83930	0.976002	1
1	83940	0.976127	1
1	83950	0.976252	1
1	83961	0.976377	1
1	83973	0.976502	1
1	83983	0.976627	1
1	83993	0.976752	1
1	84004	0.976877	1
1	84016	0.977002	1
1	84026	0.977127	1
1	84036	0.977252	1
1	84047	0.977377	1
1	84059	0.977502	1
1	84069	0.977627	1
1	84079	0.977752	1
1	84090	0.977877	1
1	84102	0.978002	1
1	84112	0.978127	1
1	84122	0.978252	1
1	84133	0.978377	1
1	84145	0.978502	1
1	84155	0.978627	1
1	84165	0.978752	1
1	84176	0.978877	1
1	84188	0.979002	1
1	84198	0.979127	1
1	84208	0.979252	1
1	84219	0.979377	1
1	84231	0.979502	1
1	84241	0.979627	1
1	84251	0.979752	1
1	84262	0.979877	1
1	84274	0.980002	1
1	84284	0.980127	1
1	84294	0.980252	1
1	84305	0.980377	1
1	84317	0.980502	1
1	84327	0.980627	1
1	84337	0.980752	1
1	84348	0.980877	1
1	84360	0.981002	1
1	84370	0.981127	1
1	84380	0.981252	1
1	84391	0.981377	1
1	84403	0.981502	1
1	84413	0.981627	1
1	84423	0.981752	1
1	84434	0.981877	1
1	84446	0.982002	1
1	84456	0.982127	1
1	84466	0.982252	1
1	84477	0.982377	1
1	84489	0.982502	1
1	84499	0.982627	1
1	84509	0.982752	1
1	84520	0.982877	1
1	84532	0.983002	1
1	84542	0.983127	1
1	84552	0.983252	1
1	84563	0.983377	1
1	84575	0.983502	1
1	84585	0.983627	1
1	84595	0.983752	1
1	84606	0.983877	1
1	84618	0.984002	1
1	84628	0.984127	1
1	84638	0.984252	1
1	84649	0.984377	1
1	84661	0.984502	1
1	84671	0.984627	1
1	84681	0.984752	1
1	84692	0.984877	1
1	84704	0.985002	1
1	84714	0.985127	1
1	84724	0.985252	1
1	84735	0.985377	1
1	84747	0.985502	1
1	84757	0.985627	1
1	84767	0.985752	1
1	84778	0.985877	1
1	84790	0.986002	1
1	84800	0.986127	1
1	84810	0.986252	1
1	84821	0.986377	1
1	84833	0.986502	1
1	84843	0.986627	1
1	84853	0.986752	1
1	84864	0.986877	1
1	84876	0.987002	1
1	84886	0.987127	1
1	84896	0.987252	1
1	84907	0.987377	1
1	84919	0.987502	1
1	84929	0.987627	1
1	84939	0.987752	1
1	84950	0.987877	1
1	84962	0.988002	1
1	84972	0.988127	1
1	84982	0.988252	1
1	84993	0.988377	1
1	85005	0.988502	1
1	85015	0.988627	1
1	85025	0.988752	1
1	85036	0.988877	1
1	85048	0.989002	1
1	85058	0.989127	1
1	85068	0.989252	1
1	85079	0.989377	1
1	85091	0.989502	1
1	85101	0.989627	1
1	85111	0.989752	1
1	85122	0.989877	1
1	85134	0.990002	1
1	85144	0.990127	1
1	85154	0.990252	1
1	85165	0.990377	1
1	85177	0.990502	1
1	85187	0.990627	1
1	85197	0.990752	1
1	85208	0.990877	1
1	85220	0.991002	1
1	85230	0.991127	1
1	85240	0.991252	1
1	85251	0.991377	1
1	85263	0.991502	1
1	85273	0.991627	1
1	85283	0.991752	1
1	85294	0.991877	1
1	85306	0.992002	1
1	85316	0.992127	1
1	85326	0.992252	1
1	85337	0.992377	1
1	85349	0.992502	1
1	85359	0.992627	1
1	85369	0.992752	1
1	85380	0.992877	1
1	85392	0.993002	1
1	85402	0.993127	1
1	85412	0.993252	1
1	85423	0.993377	1
1	85435	0.993502	1
1	85445	0.993627	1
1	85455	0.993752	1
1	85466	0.993877	1
1	85478	0.994002	1
1	85488	0.994127	1
1	85498	0.994252	1
1	85509	0.994377	1
1	85521	0.994502	1
1	85531	0.994627	1
1	85541	0.994752	1
1	85552	0.994877	1
1	85564	0.995002	1
1	85574	0.995127	1
1	85584	0.995252	1
1	85595	0.995377	1
1	85607	0.995502	1
1	85617	0.995627	1
1	85627	0.995752	1
1	85638	0.995877	1
1	85650	0.996002	1
1	85660	0.996127	1
1	85670	0.996252	1
1	85681	0.996377	1
1	85693	0.996502	1
1	85703	0.996627	1
1	85713	0.996752	1
1	85724	0.996877	1
1	85736	0.997002	1
1	85746	0.997127	1
1	85756	0.997252	1
1	85767	0.997377	1
1	85779	0.997502	1
1	85789	0.997627	1
1	85799	0.997752	1
1	85810	0.997877	1
1	85822	0.998002	1
1	85832	0.998127	1
1	85842	0.998252	1
1	85853	0.998377	1
1	85865	0.998502	1
1	85875	0.998627	1
1	85885	0.998752	1
1	85896	0.998877	1
1	85908	0.999002	1
1	85918	0.999127	1
1	85928	0.999252	1
1	85939	0.999377	1
1	85951	0.999502	1
1	85961	0.999627	1
1	85971	0.999752	1
1	85982	0.999877	1
2	16	0.000254	1
2	26	0.000379	1
2	26	0.000379	1
2	38	0.000504	1
2	48	0.000629	1
2	59	0.000754	1
2	69	0.000879	1
2	69	0.000879	1
2	81	0.001004	1
2	91	0.001129	1
2	102	0.001254	1
2	112	0.001379	1
2	112	0.001379	1
2	124	0.001504	1
2	134	0.001629	1
2	145	0.001754	1
2	155	0.001879	1
2	155	0.001879	1
2	167	0.002004	1
2	177	0.002129	1
2	188	0.002254	1
2	198	0.002379	1
2	198	0.002379	1
2	210	0.002504	1
2	220	0.002629	1
2	231	0.002754	1
2	241	0.002879	1
2	241	0.002879	1
2	253	0.003004	1
2	263	0.003129	1
2	274	0.003254	1
2	284	0.003379	1
2	284	0.003379	1
2	296	0.003504	1
2	306	0.003629	1
2	317	0.003754	1
2	327	0.003879	1
2	327	0.003879	1
2	339	0.004004	1
2	349	0.004129	1
2	360	0.004254	1
2	370	0.004379	1
2	370	0.004379	1
2	382	0.004504	1
2	392	0.004629	1
2	403	0.004754	1
2	413	0.004879	1
2	413	0.004879	1
2	425	0.005004	1
2	435	0.005129	1
2	446	0.005254	1
2	456	0.005379	1
2	456	0.005379	1
2	468	0.005504	1
2	478	0.005629	1
2	489	0.005754	1
2	499	0.005879	1
2	499	0.005879	1
2	511	0.006004	1
2	521	0.006129	1
2	532	0.006254	1
2	542	0.006379	1
2	542	0.006379	1
2	554	0.006504	1
2	564	0.006629	1
2	575	0.006754	1
2	585	0.006879	1
2	585	0.006879	1
2	597	0.007004	1
2	607	0.007129	1
2	618	0.007254	1
2	628	0.007379	1
2	628	0.007379	1
2	640	0.007504	1
2	650	0.007629	1
2	661	0.007754	1
2	671	0.007879	1
2	671	0.007879	1
2	683	0.008004	1
2	693	0.008129	1
2	704	0.008254	1
2	714	0.008379	1
2	714	0.008379	1
2	726	0.008504	1
2	736	0.008629	1
2	747	0.008754	1
2	757	0.008879	1
2	757	0.008879	1
2	769	0.009004	1
2	779	0.009129	1
2	790	0.009254	1
2	800	0.009379	1
2	800	0.009379	1
2	812	0.009504	1
2	822	0.009629	1
2	833	0.009754	1
2	843	0.009879	1
2	843	0.009879	1
2	855	0.010004	1
2	865	0.010129	1
2	876	0.010254	1
2	886	0.010379	1
2	886	0.010379	1
2	898	0.010504	1
2	908	0.010629	1
2	919	0.010754	1
2	929	0.010879	1
2	929	0.010879	1
2	941	0.011004	1
2	951	0.011129	1
2	962	0.011254	1
2	972	0.011379	1
2	972	0.011379	1
2	984	0.011504	1
2	994	0.011629	1
2	1005	0.011754	1
2	1015	0.011879	1
2	1015	0.011879	1
2	1027	0.012004	1
2	1037	0.012129	1
2	1048	0.012254	1
2	1058	0.012379	1
2	1058	0.012379	1
2	1070	0.012504	1
2	1080	0.012629	1
2	1091	0.012754	1
2	1101	0.012879	1
2	1101	0.012879	1
2	1113	0.013004	1
2	1123	0.013129	1
2	1134	0.013254	1
2	1144	0.013379	1
2	1144	0.013379	1
2	1156	0.013504	1
2	1166	0.013629	1
2	1177	0.013754	1
2	1187	0.013879	1
2	1187	0.013879	1
2	1199	0.014004	1
2	1209	0.014129	1
2	1220	0.014254	1
2	1230	0.014379	1
2	1230	0.014379	1
2	1242	0.014504	1
2	1252	0.014629	1
2	1263	0.014754	1
2	1273	0.014879	1
2	1273	0.014879	1
2	1285	0.015004	1
2	1295	0.015129	1
2	1306	0.015254	1
2	1316	0.015379	1
2	1316	0.015379	1
2	1328	0.015504	1
2	1338	0.015629	1
2	1349	0.015754	1
2	1359	0.015879	1
2	1359	0.015879	1
2	1371	0.016004	1
2	1381	0.016129	1
2	1392	0.016254	1
2	1402	0.016379	1
2	1402	0.016379	1
2	1414	0.016504	1
2	1424	0.016629	1
2	1435	0.016754	1
2	1445	0.016879	1
2	1445	0.016879	1
2	1457	0.017004	1
2	1467	0.017129	1
2	1478	0.017254	1
2	1488	0.017379	1
2	1488	0.017379	1
2	1500	0.017504	1
2	1510	0.017629	1
2	1521	0.017754	1
2	1531	0.017879	1
2	1531	0.017879	1
2	1543	0.018004	1
2	1553	0.018129	1
2	1564	0.018254	1
2	1574	0.018379	1
2	1574	0.018379	1
2	1586	0.018504	1
2	1596	0.018629	1
2	1607	0.018754	1
2	1617	0.018879	1
2	1617	0.018879	1
2	1629	0.019004	1
2	1639	0.019129	1
2	1650	0.019254	1
2	1660	0.019379	1
2	1660	0.019379	1
2	1672	0.019504	1
2	1682	0.019629	1
2	1693	0.019754	1
2	1703	0.019879	1
2	1703	0.019879	1
2	1715	0.020004	1
2	1725	0.020129	1
2	1736	0.020254	1
2	1746	0.020379	1
2	1746	0.020379	1
2	1758	0.020504	1
2	1768	0.020629	1
2	1779	0.020754	1
2	1789	0.020879	1
2	1789	0.020879	1
2	1801	0.021004	1
2	1811	0.021129	1
2	1822	0.021254	1
2	1832	0.021379	1
2	1832	0.021379	1
2	1844	0.021504	1
2	1854	0.021629	1
2	1865	0.021754	1
2	1875	0.021879	1
2	1875	0.021879	1
2	1887	0.022004	1
2	1897	0.022129	1
2	1908	0.022254	1
2	1918	0.022379	1
2	1918	0.022379	1
2	1930	0.022504	1
2	1940	0.022629	1
2	1951	0.022754	1
2	1961	0.022879	1
2	1961	0.022879	1
2	1973	0.023004	1
2	1983	0.023129	1
2	1994	0.023254	1
2	2004	0.023379	1
2	2004	0.023379	1
2	2016	0.023504	1
2	2026	0.023629	1
2	2037	0.023754	1
2	2047	0.023879	1
2	2047	0.023879	1
2	2059	0.024004	1
2	2069	0.024129	1
2	2080	0.024254	1
2	2090	0.024379	1
2	2090	0.024379	1
2	2102	0.024504	1
2	2112	0.024629	1
2	2123	0.024754	1
2	2133	0.024879	1
2	2133	0.024879	1
2	2145	0.025004	1
2	2155	0.025129	1
2	2166	0.025254	1
2	2176	0.025379	1
2	2176	0.025379	1
2	2188	0.025504	1
2	2198	0.025629	1
2	2209	0.025754	1
2	2219	0.025879	1
2	2219	0.025879	1
2	2231	0.026004	1
2	2241	0.026129	1
2	2252	0.026254	1
2	2262	0.026379	1
2	2262	0.026379	1
2	2274	0.026504	1
2	2284	0.026629	1
2	2295	0.026754	1
2	2305	0.026879	1
2	2305	0.026879	1
2	2317	0.027004	1
2	2327	0.027129	1
2	2338	0.027254	1
2	2348	0.027379	1
2	2348	0.027379	1
2	2360	0.027504	1
2	2370	0.027629	1
2	2381	0.027754	1
2	2391	0.027879	1
2	2391	0.027879	1
2	2403	0.028004	1
2	2413	0.028129	1
2	2424	0.028254	1
2	2434	0.028379	1
2	2434	0.028379	1
2	2446	0.028504	1
2	2456	0.028629	1
2	2467	0.028754	1
2	2477	0.028879	1
2	2477	0.028879	1
2	2489	0.029004	1
2	2499	0.029129	1
2	2510	0.029254	1
2	2520	0.029379	1
2	2520	0.029379	1
2	2532	0.029504	1
2	2542	0.029629	1
2	2553	0.029754	1
2	2563	0.029879	1
2	2563	0.029879	1
2	2575	0.030004	1
2	2585	0.030129	1
2	2596	0.030254	1
2	2606	0.030379	1
2	2606	0.030379	1
2	2618	0.030504	1
2	2628	0.030629	1
2	2639	0.030754	1
2	2649	0.030879	1
2	2649	0.030879	1
2	2661	0.031004	1
2	2671	0.031129	1
2	2682	0.031254	1
2	2692	0.031379	1
2	2692	0.031379	1
2	2704	0.031504	1
2	2714	0.031629	1
2	2725	0.031754	1
2	2735	0.031879	1
2	2735	0.031879	1
2	2747	0.032004	1
2	2757	0.032129	1
2	2768	0.032254	1
2	2778	0.032379	1
2	2778	0.032379	1
2	2790	0.032504	1
2	2800	0.032629	1
2	2811	0.032754	1
2	2821	0.032879	1
2	2821	0.032879	1
2	2833	0.033004	1
2	2843	0.033129	1
2	2854	0.033254	1
2	2864	0.033379	1
2	2864	0.033379	1
2	2876	0.033504	1
2	2886	0.033629	1
2	2897	0.033754	1
2	2907	0.033879	1
2	2907	0.033879	1
2	2919	0.034004	1
2	2929	0.034129	1
2	2940	0.034254	1
2	2950	0.034379	1
2	2950	0.034379	1
2	2962	0.034504	1
2	2972	0.034629	1
2	2983	0.034754	1
2	2993	0.034879	1
2	2993	0.034879	1
2	3005	0.035004	1
2	3015	0.035129	1
2	3026	0.035254	1
2	3036	0.035379	1
2	3036	0.035379	1
2	3048	0.035504	1
2	3058	0.035629	1
2	3069	0.035754	1
2	3079	0.035879	1
2	3079	0.035879	1
2	3091	0.036004	1
2	3101	0.036129	1
2	3112	0.036254	1
2	3122	0.036379	1
2	3122	0.036379	1
2	3134	0.036504	1
2	3144	0.036629	1
2	3155	0.036754	1
2	3165	0.036879	1
2	3165	0.036879	1
2	3177	0.037004	1
2	3187	0.037129	1
2	3198	0.037254	1
2	3208	0.037379	1
2	3208	0.037379	1
2	3220	0.037504	1
2	3230	0.037629	1
2	3241	0.037754	1
2	3251	0.037879	1
2	3251	0.037879	1
2	3263	0.038004	1
2	3273	0.038129	1
2	3284	0.038254	1
2	3294	0.038379	1
2	3294	0.038379	1
2	3306	0.038504	1
2	3316	0.038629	1
2	3327	0.038754	1
2	3337	0.038879	1
2	3337	0.038879	1
2	3349	0.039004	1
2	3359	0.039129	1
2	3370	0.039254	1
2	3380	0.039379	1
2	3380	0.039379	1
2	3392	0.039504	1
2	3402	0.039629	1
2	3413	0.039754	1
2	3423	0.039879	1
2	3423	0.039879	1
2	3435	0.040004	1
2	3445	0.040129	1
2	3456	0.040254	1
2	3466	0.040379	1
2	3466	0.040379	1
2	3478	0.040504	1
2	3488	0.040629	1
2	3499	0.040754	1
2	3509	0.040879	1
2	3509	0.040879	1
2	3521	0.041004	1
2	3531	0.041129	1
2	3542	0.041254	1
2	3552	0.041379	1
2	3552	0.041379	1
2	3564	0.041504	1
2	3574	0.041629	1
2	3585	0.041754	1
2	3595	0.041879	1
2	3595	0.041879	1
2	3607	0.042004	1
2	3617	0.042129	1
2	3628	0.042254	1
2	3638	0.042379	1
2	3638	0.042379	1
2	3650	0.042504	1
2	3660	0.042629	1
2	3671	0.042754	1
2	3681	0.042879	1
2	3681	0.042879	1
2	3693	0.043004	1
2	3703	0.043129	1
2	3714	0.043254	1
2	3724	0.043379	1
2	3724	0.043379	1
2	3736	0.043504	1
2	3746	0.043629	1
2	3757	0.043754	1
2	3767	0.043879	1
2	3767	0.043879	1
2	3779	0.044004	1
2	3789	0.044129	1
2	3800	0.044254	1
2	3810	0.044379	1
2	3810	0.044379	1
2	3822	0.044504	1
2	3832	0.044629	1
2	3843	0.044754	1
2	3853	0.044879	1
2	3853	0.044879	1
2	3865	0.045004	1
2	3875	0.045129	1
2	3886	0.045254	1
2	3896	0.045379	1
2	3896	0.045379	1
2	3908	0.045504	1
2	3918	0.045629	1
2	3929	0.045754	1
2	3939	0.045879	1
2	3939	0.045879	1
2	3951	0.046004	1
2	3961	0.046129	1
2	3972	0.046254	1
2	3982	0.046379	1
2	3982	0.046379	1
2	3994	0.046504	1
2	4004	0.046629	1
2	4015	0.046754	1
2	4025	0.046879	1
2	4025	0.046879	1
2	4037	0.047004	1
2	4047	0.047129	1
2	4058	0.047254	1
2	4068	0.047379	1
2	4068	0.047379	1
2	4080	0.047504	1
2	4090	0.047629	1
2	4101	0.047754	1
2	4111	0.047879	1
2	4111	0.047879	1
2	4123	0.048004	1
2	4133	0.048129	1
2	4144	0.048254	1
2	4154	0.048379	1
2	4154	0.048379	1
2	4166	0.048504	1
2	4176	0.048629	1
2	4187	0.048754	1
2	4197	0.048879	1
2	4197	0.048879	1
2	4209	0.049004	1
2	4219	0.049129	1
2	4230	0.049254	1
2	4240	0.049379	1
2	4240	0.049379	1
2	4252	0.049504	1
2	4262	0.049629	1
2	4273	0.049754	1
2	4283	0.049879	1
2	4283	0.049879	1
2	4295	0.050004	1
2	4305	0.050129	1
2	4316	0.050254	1
2	4326	0.050379	1
2	4326	0.050379	1
2	4338	0.050504	1
2	4348	0.050629	1
2	4359	0.050754	1
2	4369	0.050879	1
2	4369	0.050879	1
2	4381	0.051004	1
2	4391	0.051129	1
2	4402	0.051254	1
2	4412	0.051379	1
2	4412	0.051379	1
2	4424	0.051504	1
2	4434	0.051629	1
2	4445	0.051754	1
2	4455	0.051879	1
2	4455	0.051879	1
2	4467	0.052004	1
2	4477	0.052129	1
2	4488	0.052254	1
2	4498	0.052379	1
2	4498	0.052379	1
2	4510	0.052504	1
2	4520	0.052629	1
2	4531	0.052754	1
2	4541	0.052879	1
2	4541	0.052879	1
2	4553	0.053004	1
2	4563	0.053129	1
2	4574	0.053254	1
2	4584	0.053379	1
2	4584	0.053379	1
2	4596	0.053504	1
2	4606	0.053629	1
2	4617	0.053754	1
2	4627	0.053879	1
2	4627	0.053879	1
2	4639	0.054004	1
2	4649	0.054129	1
2	4660	0.054254	1
2	4670	0.054379	1
2	4670	0.054379	1
2	4682	0.054504	1
2	4692	0.054629	1
2	4703	0.054754	1
2	4713	0.054879	1
2	4713	0.054879	1
2	4725	0.055004	1
2	4735	0.055129	1
2	4746	0.055254	1
2	4756	0.055379	1
2	4756	0.055379	1
2	4768	0.055504	1
2	4778	0.055629	1
2	4789	0.055754	1
2	4799	0.055879	1
2	4799	0.055879	1
2	4811	0.056004	1
2	4821	0.056129	1
2	4832	0.056254	1
2	4842	0.056379	1
2	4842	0.056379	1
2	4854	0.056504	1
2	4864	0.056629	1
2	4875	0.056754	1
2	4885	0.056879	1
2	4885	0.056879	1
2	4897	0.057004	1
2	4907	0.057129	1
2	4918	0.057254	1
2	4928	0.057379	1
2	4928	0.057379	1
2	4940	0.057504	1
2	4950	0.057629	1
2	4961	0.057754	1
2	4971	0.057879	1
2	4971	0.057879	1
2	4983	0.058004	1
2	4993	0.058129	1
2	5004	0.058254	1
2	5014	0.058379	1
2	5014	0.058379	1
2	5026	0.058504	1
2	5036	0.058629	1
2	5047	0.058754	1
2	5057	0.058879	1
2	5057	0.058879	1
2	5069	0.059004	1
2	5079	0.059129	1
2	5090	0.059254	1
2	5100	0.059379	1
2	5100	0.059379	1
2	5112	0.059504	1
2	5122	0.059629	1
2	5133	0.059754	1
2	5143	0.059879	1
2	5143	0.059879	1
2	5155	0.060004	1
2	5165	0.060129	1
2	5176	0.060254	1
2	5186	0.060379	1
2	5186	0.060379	1
2	5198	0.060504	1
2	5208	0.060629	1
2	5219	0.060754	1
2	5229	0.060879	1
2	5229	0.060879	1
2	5241	0.061004	1
2	5251	0.061129	1
2	5262	0.061254	1
2	5272	0.061379	1
2	5272	0.061379	1
2	5284	0.061504	1
2	5294	0.061629	1
2	5305	0.061754	1
2	5315	0.061879	1
2	5315	0.061879	1
2	5327	0.062004	1
2	5337	0.062129	1
2	5348	0.062254	1
2	5358	0.062379	1
2	5358	0.062379	1
2	5370	0.062504	1
2	5380	0.062629	1
2	5391	0.062754	1
2	5401	0.062879	1
2	5401	0.062879	1
2	5413	0.063004	1
2	5423	0.063129	1
2	5434	0.063254	1
2	5444	0.063379	1
2	5444	0.063379	1
2	5456	0.063504	1
2	5466	0.063629	1
2	5477	0.063754	1
2	5487	0.063879	1
2	5487	0.063879	1
2	5499	0.064004	1
2	5509	0.064129	1
2	5520	0.064254	1
2	5530	0.064379	1
2	5530	0.064379	1
2	5542	0.064504	1
2	5552	0.064629	1
2	5563	0.064754	1
2	5573	0.064879	1
2	5573	0.064879	1
2	5585	0.065004	1
2	5595	0.065129	1
2	5606	0.065254	1
2	5616	0.065379	1
2	5616	0.065379	1
2	5628	0.065504	1
2	5638	0.065629	1
2	5649	0.065754	1
2	5659	0.065879	1
2	5659	0.065879	1
2	5671	0.066004	1
2	5681	0.066129	1
2	5692	0.066254	1
2	5702	0.066379	1
2	5702	0.066379	1
2	5714	0.066504	1
2	5724	0.066629	1
2	5735	0.066754	1
2	5745	0.066879	1
2	5745	0.066879	1
2	5757	0.067004	1
2	5767	0.067129	1
2	5778	0.067254	1
2	5788	0.067379	1
2	5788	0.067379	1
2	5800	0.067504	1
2	5810	0.067629	1
2	5821	0.067754	1
2	5831	0.067879	1
2	5831	0.067879	1
2	5843	0.068004	1
2	5853	0.068129	1
2	5864	0.068254	1
2	5874	0.068379	1
2	5874	0.068379	1
2	5886	0.068504	1
2	5896	0.068629	1
2	5907	0.068754	1
2	5917	0.068879	1
2	5917	0.068879	1
2	5929	0.069004	1
2	5939	0.069129	1
2	5950	0.069254	1
2	5960	0.069379	1
2	5960	0.069379	1
2	5972	0.069504	1
2	5982	0.069629	1
2	5993	0.069754	1
2	6003	0.069879	1
2	6003	0.069879	1
2	6015	0.070004	1
2	6025	0.070129	1
2	6036	0.070254	1
2	6046	0.070379	1
2	6046	0.070379	1
2	6058	0.070504	1
2	6068	0.070629	1
2	6079	0.070754	1
2	6089	0.070879	1
2	6089	0.070879	1
2	6101	0.071004	1
2	6111	0.071129	1
2	6122	0.071254	1
2	6132	0.071379	1
2	6132	0.071379	1
2	6144	0.071504	1
2	6154	0.071629	1
2	6165	0.071754	1
2	6175	0.071879	1
2	6175	0.071879	1
2	6187	0.072004	1
2	6197	0.072129	1
2	6208	0.072254	1
2	6218	0.072379	1
2	6218	0.072379	1
2	6230	0.072504	1
2	6240	0.072629	1
2	6251	0.072754	1
2	6261	0.072879	1
2	6261	0.072879	1
2	6273	0.073004	1
2	6283	0.073129	1
2	6294	0.073254	1
2	6304	0.073379	1
2	6304	0.073379	1
2	6316	0.073504	1
2	6326	0.073629	1
2	6337	0.073754	1
2	6347	0.073879	1
2	6347	0.073879	1
2	6359	0.074004	1
2	6369	0.074129	1
2	6380	0.074254	1
2	6390	0.074379	1
2	6390	0.074379	1
2	6402	0.074504	1
2	6412	0.074629	1
2	6423	0.074754	1
2	6433	0.074879	1
2	6433	0.074879	1
2	6445	0.075004	1
2	6455	0.075129	1
2	6466	0.075254	1
2	6476	0.075379	1
2	6476	0.075379	1
2	6488	0.075504	1
2	6498	0.075629	1
2	6509	0.075754	1
2	6519	0.075879	1
2	6519	0.075879	1
2	6531	0.076004	1
2	6541	0.076129	1
2	6552	0.076254	1
2	6562	0.076379	1
2	6562	0.076379	1
2	6574	0.076504	1
2	6584	0.076629	1
2	6595	0.076754	1
2	6605	0.076879	1
2	6605	0.076879	1
2	6617	0.077004	1
2	6627	0.077129	1
2	6638	0.077254	1
2	6648	0.077379	1
2	6648	0.077379	1
2	6660	0.077504	1
2	6670	0.077629	1
2	6681	0.077754	1
2	6691	0.077879	1
2	6691	0.077879	1
2	6703	0.078004	1
2	6713	0.078129	1
2	6724	0.078254	1
2	6734	0.078379	1
2	6734	0.078379	1
2	6746	0.078504	1
2	6756	0.078629	1
2	6767	0.078754	1
2	6777	0.078879	1
2	6777	0.078879	1
2	6789	0.079004	1
2	6799	0.079129	1
2	6810	0.079254	1
2	6820	0.079379	1
2	6820	0.079379	1
2	6832	0.079504	1
2	6842	0.079629	1
2	6853	0.079754	1
2	6863	0.079879	1
2	6863	0.079879	1
2	6875	0.080004	1
2	6885	0.080129	1
2	6896	0.080254	1
2	6906	0.080379	1
2	6906	0.080379	1
2	6918	0.080504	1
2	6928	0.080629	1
2	6939	0.080754	1
2	6949	0.080879	1
2	6949	0.080879	1
2	6961	0.081004	1
2	6971	0.081129	1
2	6982	0.081254	1
2	6992	0.081379	1
2	6992	0.081379	1
2	7004	0.081504	1
2	7014	0.081629	1
2	7025	0.081754	1
2	7035	0.081879	1
2	7035	0.081879	1
2	7047	0.082004	1
2	7057	0.082129	1
2	7068	0.082254	1
2	7078	0.082379	1
2	7078	0.082379	1
2	7090	0.082504	1
2	7100	0.082629	1
2	7111	0.082754	1
2	7121	0.082879	1
2	7121	0.082879	1
2	7133	0.083004	1
2	7143	0.083129	1
2	7154	0.083254	1
2	7164	0.083379	1
2	7164	0.083379	1
2	7176	0.083504	1
2	7186	0.083629	1
2	7197	0.083754	1
2	7207	0.083879	1
2	7207	0.083879	1
2	7219	0.084004	1
2	7229	0.084129	1
2	7240	0.084254	1
2	7250	0.084379	1
2	7250	0.084379	1
2	7262	0.084504	1
2	7272	0.084629	1
2	7283	0.084754	1
2	7293	0.084879	1
2	7293	0.084879	1
2	7305	0.085004	1
2	7315	0.085129	1
2	7326	0.085254	1
2	7336	0.085379	1
2	7336	0.085379	1
2	7348	0.085504	1
2	7358	0.085629	1
2	7369	0.085754	1
2	7379	0.085879	1
2	7379	0.085879	1
2	7391	0.086004	1
2	7401	0.086129	1
2	7412	0.086254	1
2	7422	0.086379	1
2	7422	0.086379	1
2	7434	0.086504	1
2	7444	0.086629	1
2	7455	0.086754	1
2	7465	0.086879	1
2	7465	0.086879	1
2	7477	0.087004	1
2	7487	0.087129	1
2	7498	0.087254	1
2	7508	0.087379	1
2	7508	0.087379	1
2	7520	0.087504	1
2	7530	0.087629	1
2	7541	0.087754	1
2	7551	0.087879	1
2	7551	0.087879	1
2	7563	0.088004	1
2	7573	0.088129	1
2	7584	0.088254	1
2	7594	0.088379	1
2	7594	0.088379	1
2	7606	0.088504	1
2	7616	0.088629	1
2	7627	0.088754	1
2	7637	0.088879	1
2	7637	0.088879	1
2	7649	0.089004	1
2	7659	0.089129	1
2	7670	0.089254	1
2	7680	0.089379	1
2	7680	0.089379	1
2	7692	0.089504	1
2	7702	0.089629	1
2	7713	0.089754	1
2	7723	0.089879	1
2	7723	0.089879	1
2	7735	0.090004	1
2	7745	0.090129	1
2	7756	0.090254	1
2	7766	0.090379	1
2	7766	0.090379	1
2	7778	0.090504	1
2	7788	0.090629	1
2	7799	0.090754	1
2	7809	0.090879	1
2	7809	0.090879	1
2	7821	0.091004	1
2	7831	0.091129	1
2	7842	0.091254	1
2	7852	0.091379	1
2	7852	0.091379	1
2	7864	0.091504	1
2	7874	0.091629	1
2	7885	0.091754	1
2	7895	0.091879	1
2	7895	0.091879	1
2	7907	0.092004	1
2	7917	0.092129	1
2	7928	0.092254	1
2	7938	0.092379	1
2	7938	0.092379	1
2	7950	0.092504	1
2	7960	0.092629	1
2	7971	0.092754	1
2	7981	0.092879	1
2	7981	0.092879	1
2	7993	0.093004	1
2	8003	0.093129	1
2	8014	0.093254	1
2	8024	0.093379	1
2	8024	0.093379	1
2	8036	0.093504	1
2	8046	0.093629	1
2	8057	0.093754	1
2	8067	0.093879	1
2	8067	0.093879	1
2	8079	0.094004	1
2	8089	0.094129	1
2	8100	0.094254	1
2	8110	0.094379	1
2	8110	0.094379	1
2	8122	0.094504	1
2	8132	0.094629	1
2	8143	0.094754	1
2	8153	0.094879	1
2	8153	0.094879	1
2	8165	0.095004	1
2	8175	0.095129	1
2	8186	0.095254	1
2	8196	0.095379	1
2	8196	0.095379	1
2	8208	0.095504	1
2	8218	0.095629	1
2	8229	0.095754	1
2	8239	0.095879	1
2	8239	0.095879	1
2	8251	0.096004	1
2	8261	0.096129	1
2	8272	0.096254	1
2	8282	0.096379	1
2	8282	0.096379	1
2	8294	0.096504	1
2	8304	0.096629	1
2	8315	0.096754	1
2	8325	0.096879	1
2	8325	0.096879	1
2	8337	0.097004	1
2	8347	0.097129	1
2	8358	0.097254	1
2	8368	0.097379	1
2	8368	0.097379	1
2	8380	0.097504	1
2	8390	0.097629	1
2	8401	0.097754	1
2	8411	0.097879	1
2	8411	0.097879	1
2	8423	0.098004	1
2	8433	0.098129	1
2	8444	0.098254	1
2	8454	0.098379	1
2	8454	0.098379	1
2	8466	0.098504	1
2	8476	0.098629	1
2	8487	0.098754	1
2	8497	0.098879	1
2	8497	0.098879	1
2	8509	0.099004	1
2	8519	0.099129	1
2	8530	0.099254	1
2	8540	0.099379	1
2	8540	0.099379	1
2	8552	0.099504	1
2	8562	0.099629	1
2	8573	0.099754	1
2	8583	0.099879	1
2	8583	0.099879	1
2	8595	0.100004	1
2	8605	0.100129	1
2	8616	0.100254	1
2	8626	0.100379	1
2	8626	0.100379	1
2	8638	0.100504	1
2	8648	0.100629	1
2	8659	0.100754	1
2	8669	0.100879	1
2	8669	0.100879	1
2	8681	0.101004	1
2	8691	0.101129	1
2	8702	0.101254	1
2	8712	0.101379	1
2	8712	0.101379	1
2	8724	0.101504	1
2	8734	0.101629	1
2	8745	0.101754	1
2	8755	0.101879	1
2	8755	0.101879	1
2	8767	0.102004	1
2	8777	0.102129	1
2	8788	0.102254	1
2	8798	0.102379	1
2	8798	0.102379	1
2	8810	0.102504	1
2	8820	0.102629	1
2	8831	0.102754	1
2	8841	0.102879	1
2	8841	0.102879	1
2	8853	0.103004	1
2	8863	0.103129	1
2	8874	0.103254	1
2	8884	0.103379	1
2	8884	0.103379	1
2	8896	0.103504	1
2	8906	0.103629	1
2	8917	0.103754	1
2	8927	0.103879	1
2	8927	0.103879	1
2	8939	0.104004	1
2	8949	0.104129	1
2	8960	0.104254	1
2	8970	0.104379	1
2	8970	0.104379	1
2	8982	0.104504	1
2	8992	0.104629	1
2	9003	0.104754	1
2	9013	0.104879	1
2	9013	0.104879	1
2	9025	0.105004	1
2	9035	0.105129	1
2	9046	0.105254	1
2	9056	0.105379	1
2	9056	0.105379	1
2	9068	0.105504	1
2	9078	0.105629	1
2	9089	0.105754	1
2	9099	0.105879	1
2	9099	0.105879	1
2	9111	0.106004	1
2	9121	0.106129	1
2	9132	0.106254	1
2	9142	0.106379	1
2	9142	0.106379	1
2	9154	0.106504	1
2	9164	0.106629	1
2	9175	0.106754	1
2	9185	0.106879	1
2	9185	0.106879	1
2	9197	0.107004	1
2	9207	0.107129	1
2	9218	0.107254	1
2	9228	0.107379	1
2	9228	0.107379	1
2	9240	0.107504	1
2	9250	0.107629	1
2	9261	0.107754	1
2	9271	0.107879	1
2	9271	0.107879	1
2	9283	0.108004	1
2	9293	0.108129	1
2	9304	0.108254	1
2	9314	0.108379	1
2	9314	0.108379	1
2	9326	0.108504	1
2	9336	0.108629	1
2	9347	0.108754	1
2	9357	0.108879	1
2	9357	0.108879	1
2	9369	0.109004	1
2	9379	0.109129	1
2	9390	0.109254	1
2	9400	0.109379	1
2	9400	0.109379	1
2	9412	0.109504	1
2	9422	0.109629	1
2	9433	0.109754	1
2	9443	0.109879	1
2	9443	0.109879	1
2	9455	0.110004	1
2	9465	0.110129	1
2	9476	0.110254	1
2	9486	0.110379	1
2	9486	0.110379	1
2	9498	0.110504	1
2	9508	0.110629	1
2	9519	0.110754	1
2	9529	0.110879	1
2	9529	0.110879	1
2	9541	0.111004	1
2	9551	0.111129	1
2	9562	0.111254	1
2	9572	0.111379	1
2	9572	0.111379	1
2	9584	0.111504	1
2	9594	0.111629	1
2	9605	0.111754	1
2	9615	0.111879	1
2	9615	0.111879	1
2	9627	0.112004	1
2	9637	0.112129	1
2	9648	0.112254	1
2	9658	0.112379	1
2	9658	0.112379	1
2	9670	0.112504	1
2	9680	0.112629	1
2	9691	0.112754	1
2	9701	0.112879	1
2	9701	0.112879	1
2	9713	0.113004	1
2	9723	0.113129	1
2	9734	0.113254	1
2	9744	0.113379	1
2	9744	0.113379	1
2	9756	0.113504	1
2	9766	0.113629	1
2	9777	0.113754	1
2	9787	0.113879	1
2	9787	0.113879	1
2	9799	0.114004	1
2	9809	0.114129	1
2	9820	0.114254	1
2	9830	0.114379	1
2	9830	0.114379	1
2	9842	0.114504	1
2	9852	0.114629	1
2	9863	0.114754	1
2	9873	0.114879	1
2	9873	0.114879	1
2	9885	0.115004	1
2	9895	0.115129	1
2	9906	0.115254	1
2	9916	0.115379	1
2	9916	0.115379	1
2	9928	0.115504	1
2	9938	0.115629	1
2	9949	0.115754	1
2	9959	0.115879	1
2	9959	0.115879	1
2	9971	0.116004	1
2	9981	0.116129	1
2	9992	0.116254	1
2	10002	0.116379	1
2	10002	0.116379	1
2	10014	0.116504	1
2	10024	0.116629	1
2	10035	0.116754	1
2	10045	0.116879	1
2	10045	0.116879	1
2	10057	0.117004	1
2	10067	0.117129	1
2	10078	0.117254	1
2	10088	0.117379	1
2	10088	0.117379	1
2	10100	0.117504	1
2	10110	0.117629	1
2	10121	0.117754	1
2	10131	0.117879	1
2	10131	0.117879	1
2	10143	0.118004	1
2	10153	0.118129	1
2	10164	0.118254	1
2	10174	0.118379	1
2	10174	0.118379	1
2	10186	0.118504	1
2	10196	0.118629	1
2	10207	0.118754	1
2	10217	0.118879	1
2	10217	0.118879	1
2	10229	0.119004	1
2	10239	0.119129	1
2	10250	0.119254	1
2	10260	0.119379	1
2	10260	0.119379	1
2	10272	0.119504	1
2	10282	0.119629	1
2	10293	0.119754	1
2	10303	0.119879	1
2	10303	0.119879	1
2	10315	0.120004	1
2	10325	0.120129	1
2	10336	0.120254	1
2	10346	0.120379	1
2	10346	0.120379	1
2	10358	0.120504	1
2	10368	0.120629	1
2	10379	0.120754	1
2	10389	0.120879	1
2	10389	0.120879	1
2	10401	0.121004	1
2	10411	0.121129	1
2	10422	0.121254	1
2	10432	0.121379	1
2	10432	0.121379	1
2	10444	0.121504	1
2	10454	0.121629	1
2	10465	0.121754	1
2	10475	0.121879	1
2	10475	0.121879	1
2	10487	0.122004	1
2	10497	0.122129	1
2	10508	0.122254	1
2	10518	0.122379	1
2	10518	0.122379	1
2	10530	0.122504	1
2	10540	0.122629	1
2	10551	0.122754	1
2	10561	0.122879	1
2	10561	0.122879	1
2	10573	0.123004	1
2	10583	0.123129	1
2	10594	0.123254	1
2	10604	0.123379	1
2	10604	0.123379	1
2	10616	0.123504	1
2	10626	0.123629	1
2	10637	0.123754	1
2	10647	0.123879	1
2	10647	0.123879	1
2	10659	0.124004	1
2	10669	0.124129	1
2	10680	0.124254	1
2	10690	0.124379	1
2	10690	0.124379	1
2	10702	0.124504	1
2	10712	0.124629	1
2	10723	0.124754	1
2	10733	0.124879	1
2	10733	0.124879	1
2	10745	0.125004	1
2	10755	0.125129	1
2	10766	0.125254	1
2	10776	0.125379	1
2	10776	0.125379	1
2	10788	0.125504	1
2	10798	0.125629	1
2	10809	0.125754	1
2	10819	0.125879	1
2	10819	0.125879	1
2	10831	0.126004	1
2	10841	0.126129	1
2	10852	0.126254	1
2	10862	0.126379	1
2	10862	0.126379	1
2	10874	0.126504	1
2	10884	0.126629	1
2	10895	0.126754	1
2	10905	0.126879	1
2	10905	0.126879	1
2	10917	0.127004	1
2	10927	0.127129	1
2	10938	0.127254	1
2	10948	0.127379	1
2	10948	0.127379	1
2	10960	0.127504	1
2	10970	0.127629	1
2	10981	0.127754	1
2	10991	0.127879	1
2	10991	0.127879	1
2	11003	0.128004	1
2	11013	0.128129	1
2	11024	0.128254	1
2	11034	0.128379	1
2	11034	0.128379	1
2	11046	0.128504	1
2	11056	0.128629	1
2	11067	0.128754	1
2	11077	0.128879	1
2	11077	0.128879	1
2	11089	0.129004	1
2	11099	0.129129	1
2	11110	0.129254	1
2	11120	0.129379	1
2	11120	0.129379	1
2	11132	0.129504	1
2	11142	0.129629	1
2	11153	0.129754	1
2	11163	0.129879	1
2	11163	0.129879	1
2	11175	0.130004	1
2	11185	0.130129	1
2	11196	0.130254	1
2	11206	0.130379	1
2	11206	0.130379	1
2	11218	0.130504	1
2	11228	0.130629	1
2	11239	0.130754	1
2	11249	0.130879	1
2	11249	0.130879	1
2	11261	0.131004	1
2	11271	0.131129	1
2	11282	0.131254	1
2	11292	0.131379	1
2	11292	0.131379	1
2	11304	0.131504	1
2	11314	0.131629	1
2	11325	0.131754	1
2	11335	0.131879	1
2	11335	0.131879	1
2	11347	0.132004	1
2	11357	0.132129	1
2	11368	0.132254	1
2	11378	0.132379	1
2	11378	0.132379	1
2	11390	0.132504	1
2	11400	0.132629	1
2	11411	0.132754	1
2	11421	0.132879	1
2	11421	0.132879	1
2	11433	0.133004	1
2	11443	0.133129	1
2	11454	0.133254	1
2	11464	0.133379	1
2	11464	0.133379	1
2	11476	0.133504	1
2	11486	0.133629	1
2	11497	0.133754	1
2	11507	0.133879	1
2	11507	0.133879	1
2	11519	0.134004	1
2	11529	0.134129	1
2	11540	0.134254	1
2	11550	0.134379	1
2	11550	0.134379	1
2	11562	0.134504	1
2	11572	0.134629	1
2	11583	0.134754	1
2	11593	0.134879	1
2	11593	0.134879	1
2	11605	0.135004	1
2	11615	0.135129	1
2	11626	0.135254	1
2	11636	0.135379	1
2	11636	0.135379	1
2	11648	0.135504	1
2	11658	0.135629	1
2	11669	0.135754	1
2	11679	0.135879	1
2	11679	0.135879	1
2	11691	0.136004	1
2	11701	0.136129	1
2	11712	0.136254	1
2	11722	0.136379	1
2	11722	0.136379	1
2	11734	0.136504	1
2	11744	0.136629	1
2	11755	0.136754	1
2	11765	0.136879	1
2	11765	0.136879	1
2	11777	0.137004	1
2	11787	0.137129	1
2	11798	0.137254	1
2	11808	0.137379	1
2	11808	0.137379	1
2	11820	0.137504	1
2	11830	0.137629	1
2	11841	0.137754	1
2	11851	0.137879	1
2	11851	0.137879	1
2	11863	0.138004	1
2	11873	0.138129	1
2	11884	0.138254	1
2	11894	0.138379	1
2	11894	0.138379	1
2	11906	0.138504	1
2	11916	0.138629	1
2	11927	0.138754	1
2	11937	0.138879	1
2	11937	0.138879	1
2	11949	0.139004	1
2	11959	0.139129	1
2	11970	0.139254	1
2	11980	0.139379	1
2	11980	0.139379	1
2	11992	0.139504	1
2	12002	0.139629	1
2	12013	0.139754	1
2	12023	0.139879	1
2	12023	0.139879	1
2	12035	0.140004	1
2	12045	0.140129	1
2	12056	0.140254	1
2	12066	0.140379	1
2	12066	0.140379	1
2	12078	0.140504	1
2	12088	0.140629	1
2	12099	0.140754	1
2	12109	0.140879	1
2	12109	0.140879	1
2	12121	0.141004	1
2	12131	0.141129	1
2	12142	0.141254	1
2	12152	0.141379	1
2	12152	0.141379	1
2	12164	0.141504	1
2	12174	0.141629	1
2	12185	0.141754	1
2	12195	0.141879	1
2	12195	0.141879	1
2	12207	0.142004	1
2	12217	0.142129	1
2	12228	0.142254	1
2	12238	0.142379	1
2	12238	0.142379	1
2	12250	0.142504	1
2	12260	0.142629	1
2	12271	0.142754	1
2	12281	0.142879	1
2	12281	0.142879	1
2	12293	0.143004	1
2	12303	0.143129	1
2	12314	0.143254	1
2	12324	0.143379	1
2	12324	0.143379	1
2	12336	0.143504	1
2	12346	0.143629	1
2	12357	0.143754	1
2	12367	0.143879	1
2	12367	0.143879	1
2	12379	0.144004	1
2	12389	0.144129	1
2	12400	0.144254	1
2	12410	0.144379	1
2	12410	0.144379	1
2	12422	0.144504	1
2	12432	0.144629	1
2	12443	0.144754	1
2	12453	0.144879	1
2	12453	0.144879	1
2	12465	0.145004	1
2	12475	0.145129	1
2	12486	0.145254	1
2	12496	0.145379	1
2	12496	0.145379	1
2	12508	0.145504	1
2	12518	0.145629	1
2	12529	0.145754	1
2	12539	0.145879	1
2	12539	0.145879	1
2	12551	0.146004	1
2	12561	0.146129	1
2	12572	0.146254	1
2	12582	0.146379	1
2	12582	0.146379	1
2	12594	0.146504	1
2	12604	0.146629	1
2	12615	0.146754	1
2	12625	0.146879	1
2	12625	0.146879	1
2	12637	0.147004	1
2	12647	0.147129	1
2	12658	0.147254	1
2	12668	0.147379	1
2	12668	0.147379	1
2	12680	0.147504	1
2	12690	0.147629	1
2	12701	0.147754	1
2	12711	0.147879	1
2	12711	0.147879	1
2	12723	0.148004	1
2	12733	0.148129	1
2	12744	0.148254	1
2	12754	0.148379	1
2	12754	0.148379	1
2	12766	0.148504	1
2	12776	0.148629	1
2	12787	0.148754	1
2	12797	0.148879	1
2	12797	0.148879	1
2	12809	0.149004	1
2	12819	0.149129	1
2	12830	0.149254	1
2	12840	0.149379	1
2	12840	0.149379	1
2	12852	0.149504	1
2	12862	0.149629	1
2	12873	0.149754	1
2	12883	0.149879	1
2	12883	0.149879	1
2	12895	0.150004	1
2	12905	0.150129	1
2	12916	0.150254	1
2	12926	0.150379	1
2	12926	0.150379	1
2	12938	0.150504	1
2	12948	0.150629	1
2	12959	0.150754	1
2	12969	0.150879	1
2	12969	0.150879	1
2	12981	0.151004	1
2	12991	0.151129	1
2	13002	0.151254	1
2	13012	0.151379	1
2	13012	0.151379	1
2	13024	0.151504	1
2	13034	0.151629	1
2	13045	0.151754	1
2	13055	0.151879	1
2	13055	0.151879	1
2	13067	0.152004	1
2	13077	0.152129	1
2	13088	0.152254	1
2	13098	0.152379	1
2	13098	0.152379	1
2	13110	0.152504	1
2	13120	0.152629	1
2	13131	0.152754	1
2	13141	0.152879	1
2	13141	0.152879	1
2	13153	0.153004	1
2	13163	0.153129	1
2	13174	0.153254	1
2	13184	0.153379	1
2	13184	0.153379	1
2	13196	0.153504	1
2	13206	0.153629	1
2	13217	0.153754	1
2	13227	0.153879	1
2	13227	0.153879	1
2	13239	0.154004	1
2	13249	0.154129	1
2	13260	0.154254	1
2	13270	0.154379	1
2	13270	0.154379	1
2	13282	0.154504	1
2	13292	0.154629	1
2	13303	0.154754	1
2	13313	0.154879	1
2	13313	0.154879	1
2	13325	0.155004	1
2	13335	0.155129	1
2	13346	0.155254	1
2	13356	0.155379	1
2	13356	0.155379	1
2	13368	0.155504	1
2	13378	0.155629	1
2	13389	0.155754	1
2	13399	0.155879	1
2	13399	0.155879	1
2	13411	0.156004	1
2	13421	0.156129	1
2	13432	0.156254	1
2	13442	0.156379	1
2	13442	0.156379	1
2	13454	0.156504	1
2	13464	0.156629	1
2	13475	0.156754	1
2	13485	0.156879	1
2	13485	0.156879	1
2	13497	0.157004	1
2	13507	0.157129	1
2	13518	0.157254	1
2	13528	0.157379	1
2	13528	0.157379	1
2	13540	0.157504	1
2	13550	0.157629	1
2	13561	0.157754	1
2	13571	0.157879	1
2	13571	0.157879	1
2	13583	0.158004	1
2	13593	0.158129	1
2	13604	0.158254	1
2	13614	0.158379	1
2	13614	0.158379	1
2	13626	0.158504	1
2	13636	0.158629	1
2	13647	0.158754	1
2	13657	0.158879	1
2	13657	0.158879	1
2	13669	0.159004	1
2	13679	0.159129	1
2	13690	0.159254	1
2	13700	0.159379	1
2	13700	0.159379	1
2	13712	0.159504	1
2	13722	0.159629	1
2	13733	0.159754	1
2	13743	0.159879	1
2	13743	0.159879	1
2	13755	0.160004	1
2	13765	0.160129	1
2	13776	0.160254	1
2	13786	0.160379	1
2	13786	0.160379	1
2	13798	0.160504	1
2	13808	0.160629	1
2	13819	0.160754	1
2	13829	0.160879	1
2	13829	0.160879	1
2	13841	0.161004	1
2	13851	0.161129	1
2	13862	0.161254	1
2	13872	0.161379	1
2	13872	0.161379	1
2	13884	0.161504	1
2	13894	0.161629	1
2	13905	0.161754	1
2	13915	0.161879	1
2	13915	0.161879	1
2	13927	0.162004	1
2	13937	0.162129	1
2	13948	0.162254	1
2	13958	0.162379	1
2	13958	0.162379	1
2	13970	0.162504	1
2	13980	0.162629	1
2	13991	0.162754	1
2	14001	0.162879	1
2	14001	0.162879	1
2	14013	0.163004	1
2	14023	0.163129	1
2	14034	0.163254	1
2	14044	0.163379	1
2	14044	0.163379	1
2	14056	0.163504	1
2	14066	0.163629	1
2	14077	0.163754	1
2	14087	0.163879	1
2	14087	0.163879	1
2	14099	0.164004	1
2	14109	0.164129	1
2	14120	0.164254	1
2	14130	0.164379	1
2	14130	0.164379	1
2	14142	0.164504	1
2	14152	0.164629	1
2	14163	0.164754	1
2	14173	0.164879	1
2	14173	0.164879	1
2	14185	0.165004	1
2	14195	0.165129	1
2	14206	0.165254	1
2	14216	0.165379	1
2	14216	0.165379	1
2	14228	0.165504	1
2	14238	0.165629	1
2	14249	0.165754	1
2	14259	0.165879	1
2	14259	0.165879	1
2	14271	0.166004	1
2	14281	0.166129	1
2	14292	0.166254	1
2	14302	0.166379	1
2	14302	0.166379	1
2	14314	0.166504	1
2	14324	0.166629	1
2	14335	0.166754	1
2	14345	0.166879	1
2	14345	0.166879	1
2	14357	0.167004	1
2	14367	0.167129	1
2	14378	0.167254	1
2	14388	0.167379	1
2	14388	0.167379	1
2	14400	0.167504	1
2	14410	0.167629	1
2	14421	0.167754	1
2	14431	0.167879	1
2	14431	0.167879	1
2	14443	0.168004	1
2	14453	0.168129	1
2	14464	0.168254	1
2	14474	0.168379	1
2	14474	0.168379	1
2	14486	0.168504	1
2	14496	0.168629	1
2	14507	0.168754	1
2	14517	0.168879	1
2	14517	0.168879	1
2	14529	0.169004	1
2	14539	0.169129	1
2	14550	0.169254	1
2	14560	0.169379	1
2	14560	0.169379	1
2	14572	0.169504	1
2	14582	0.169629	1
2	14593	0.169754	1
2	14603	0.169879	1
2	14603	0.169879	1
2	14615	0.170004	1
2	14625	0.170129	1
2	14636	0.170254	1
2	14646	0.170379	1
2	14646	0.170379	1
2	14658	0.170504	1
2	14668	0.170629	1
2	14679	0.170754	1
2	14689	0.170879	1
2	14689	0.170879	1
2	14701	0.171004	1
2	14711	0.171129	1
2	14722	0.171254	1
2	14732	0.171379	1
2	14732	0.171379	1
2	14744	0.171504	1
2	14754	0.171629	1
2	14765	0.171754	1
2	14775	0.171879	1
2	14775	0.171879	1
2	14787	0.172004	1
2	14797	0.172129	1
2	14808	0.172254	1
2	14818	0.172379	1
2	14818	0.172379	1
2	14830	0.172504	1
2	14840	0.172629	1
2	14851	0.172754	1
2	14861	0.172879	1
2	14861	0.172879	1
2	14873	0.173004	1
2	14883	0.173129	1
2	14894	0.173254	1
2	14904	0.173379	1
2	14904	0.173379	1
2	14916	0.173504	1
2	14926	0.173629	1
2	14937	0.173754	1
2	14947	0.173879	1
2	14947	0.173879	1
2	14959	0.174004	1
2	14969	0.174129	1
2	14980	0.174254	1
2	14990	0.174379	1
2	14990	0.174379	1
2	15002	0.174504	1
2	15012	0.174629	1
2	15023	0.174754	1
2	15033	0.174879	1
2	15033	0.174879	1
2	15045	0.175004	1
2	15055	0.175129	1
2	15066	0.175254	1
2	15076	0.175379	1
2	15076	0.175379	1
2	15088	0.175504	1
2	15098	0.175629	1
2	15109	0.175754	1
2	15119	0.175879	1
2	15119	0.175879	1
2	15131	0.176004	1
2	15141	0.176129	1
2	15152	0.176254	1
2	15162	0.176379	1
2	15162	0.176379	1
2	15174	0.176504	1
2	15184	0.176629	1
2	15195	0.176754	1
2	15205	0.176879	1
2	15205	0.176879	1
2	15217	0.177004	1
2	15227	0.177129	1
2	15238	0.177254	1
2	15248	0.177379	1
2	15248	0.177379	1
2	15260	0.177504	1
2	15270	0.177629	1
2	15281	0.177754	1
2	15291	0.177879	1
2	15291	0.177879	1
2	15303	0.178004	1
2	15313	0.178129	1
2	15324	0.178254	1
2	15334	0.178379	1
2	15334	0.178379	1
2	15346	0.178504	1
2	15356	0.178629	1
2	15367	0.178754	1
2	15377	0.178879	1
2	15377	0.178879	1
2	15389	0.179004	1
2	15399	0.179129	1
2	15410	0.179254	1
2	15420	0.179379	1
2	15420	0.179379	1
2	15432	0.179504	1
2	15442	0.179629	1
2	15453	0.179754	1
2	15463	0.179879	1
2	15463	0.179879	1
2	15475	0.180004	1
2	15485	0.180129	1
2	15496	0.180254	1
2	15506	0.180379	1
2	15506	0.180379	1
2	15518	0.180504	1
2	15528	0.180629	1
2	15539	0.180754	1
2	15549	0.180879	1
2	15549	0.180879	1
2	15561	0.181004	1
2	15571	0.181129	1
2	15582	0.181254	1
2	15592	0.181379	1
2	15592	0.181379	1
2	15604	0.181504	1
2	15614	0.181629	1
2	15625	0.181754	1
2	15635	0.181879	1
2	15635	0.181879	1
2	15647	0.182004	1
2	15657	0.182129	1
2	15668	0.182254	1
2	15678	0.182379	1
2	15678	0.182379	1
2	15690	0.182504	1
2	15700	0.182629	1
2	15711	0.182754	1
2	15721	0.182879	1
2	15721	0.182879	1
2	15733	0.183004	1
2	15743	0.183129	1
2	15754	0.183254	1
2	15764	0.183379	1
2	15764	0.183379	1
2	15776	0.183504	1
2	15786	0.183629	1
2	15797	0.183754	1
2	15807	0.183879	1
2	15807	0.183879	1
2	15819	0.184004	1
2	15829	0.184129	1
2	15840	0.184254	1
2	15850	0.184379	1
2	15850	0.184379	1
2	15862	0.184504	1
2	15872	0.184629	1
2	15883	0.184754	1
2	15893	0.184879	1
2	15893	0.184879	1
2	15905	0.185004	1
2	15915	0.185129	1
2	15926	0.185254	1
2	15936	0.185379	1
2	15936	0.185379	1
2	15948	0.185504	1
2	15958	0.185629	1
2	15969	0.185754	1
2	15979	0.185879	1
2	15979	0.185879	1
2	15991	0.186004	1
2	16001	0.186129	1
2	16012	0.186254	1
2	16022	0.186379	1
2	16022	0.186379	1
2	16034	0.186504	1
2	16044	0.186629	1
2	16055	0.186754	1
2	16065	0.186879	1
2	16065	0.186879	1
2	16077	0.187004	1
2	16087	0.187129	1
2	16098	0.187254	1
2	16108	0.187379	1
2	16108	0.187379	1
2	16120	0.187504	1
2	16130	0.187629	1
2	16141	0.187754	1
2	16151	0.187879	1
2	16151	0.187879	1
2	16163	0.188004	1
2	16173	0.188129	1
2	16184	0.188254	1
2	16194	0.188379	1
2	16194	0.188379	1
2	16206	0.188504	1
2	16216	0.188629	1
2	16227	0.188754	1
2	16237	0.188879	1
2	16237	0.188879	1
2	16249	0.189004	1
2	16259	0.189129	1
2	16270	0.189254	1
2	16280	0.189379	1
2	16280	0.189379	1
2	16292	0.189504	1
2	16302	0.189629	1
2	16313	0.189754	1
2	16323	0.189879	1
2	16323	0.189879	1
2	16335	0.190004	1
2	16345	0.190129	1
2	16356	0.190254	1
2	16366	0.190379	1
2	16366	0.190379	1
2	16378	0.190504	1
2	16388	0.190629	1
2	16399	0.190754	1
2	16409	0.190879	1
2	16409	0.190879	1
2	16421	0.191004	1
2	16431	0.191129	1
2	16442	0.191254	1
2	16452	0.191379	1
2	16452	0.191379	1
2	16464	0.191504	1
2	16474	0.191629	1
2	16485	0.191754	1
2	16495	0.191879	1
2	16495	0.191879	1
2	16507	0.192004	1
2	16517	0.192129	1
2	16528	0.192254	1
2	16538	0.192379	1
2	16538	0.192379	1
2	16550	0.192504	1
2	16560	0.192629	1
2	16571	0.192754	1
2	16581	0.192879	1
2	16581	0.192879	1
2	16593	0.193004	1
2	16603	0.193129	1
2	16614	0.193254	1
2	16624	0.193379	1
2	16624	0.193379	1
2	16636	0.193504	1
2	16646	0.193629	1
2	16657	0.193754	1
2	16667	0.193879	1
2	16667	0.193879	1
2	16679	0.194004	1
2	16689	0.194129	1
2	16700	0.194254	1
2	16710	0.194379	1
2	16710	0.194379	1
2	16722	0.194504	1
2	16732	0.194629	1
2	16743	0.194754	1
2	16753	0.194879	1
2	16753	0.194879	1
2	16765	0.195004	1
2	16775	0.195129	1
2	16786	0.195254	1
2	16796	0.195379	1
2	16796	0.195379	1
2	16808	0.195504	1
2	16818	0.195629	1
2	16829	0.195754	1
2	16839	0.195879	1
2	16839	0.195879	1
2	16851	0.196004	1
2	16861	0.196129	1
2	16872	0.196254	1
2	16882	0.196379	1
2	16882	0.196379	1
2	16894	0.196504	1
2	16904	0.196629	1
2	16915	0.196754	1
2	16925	0.196879	1
2	16925	0.196879	1
2	16937	0.197004	1
2	16947	0.197129	1
2	16958	0.197254	1
2	16968	0.197379	1
2	16968	0.197379	1
2	16980	0.197504	1
2	16990	0.197629	1
2	17001	0.197754	1
2	17011	0.197879	1
2	17011	0.197879	1
2	17023	0.198004	1
2	17033	0.198129	1
2	17044	0.198254	1
2	17054	0.198379	1
2	17054	0.198379	1
2	17066	0.198504	1
2	17076	0.198629	1
2	17087	0.198754	1
2	17097	0.198879	1
2	17097	0.198879	1
2	17109	0.199004	1
2	17119	0.199129	1
2	17130	0.199254	1
2	17140	0.199379	1
2	17140	0.199379	1
2	17152	0.199504	1
2	17162	0.199629	1
2	17173	0.199754	1
2	17183	0.199879	1
2	17183	0.199879	1
2	17195	0.200004	1
2	17205	0.200129	1
2	17216	0.200254	1
2	17226	0.200379	1
2	17226	0.200379	1
2	17238	0.200504	1
2	17248	0.200629	1
2	17259	0.200754	1
2	17269	0.200879	1
2	17269	0.200879	1
2	17281	0.201004	1
2	17291	0.201129	1
2	17302	0.201254	1
2	17312	0.201379	1
2	17312	0.201379	1
2	17324	0.201504	1
2	17334	0.201629	1
2	17345	0.201754	1
2	17355	0.201879	1
2	17355	0.201879	1
2	17367	0.202004	1
2	17377	0.202129	1
2	17388	0.202254	1
2	17398	0.202379	1
2	17398	0.202379	1
2	17410	0.202504	1
2	17420	0.202629	1
2	17431	0.202754	1
2	17441	0.202879	1
2	17441	0.202879	1
2	17453	0.203004	1
2	17463	0.203129	1
2	17474	0.203254	1
2	17484	0.203379	1
2	17484	0.203379	1
2	17496	0.203504	1
2	17506	0.203629	1
2	17517	0.203754	1
2	17527	0.203879	1
2	17527	0.203879	1
2	17539	0.204004	1
2	17549	0.204129	1
2	17560	0.204254	1
2	17570	0.204379	1
2	17570	0.204379	1
2	17582	0.204504	1
2	17592	0.204629	1
2	17603	0.204754	1
2	17613	0.204879	1
2	17613	0.204879	1
2	17625	0.205004	1
2	17635	0.205129	1
2	17646	0.205254	1
2	17656	0.205379	1
2	17656	0.205379	1
2	17668	0.205504	1
2	17678	0.205629	1
2	17689	0.205754	1
2	17699	0.205879	1
2	17699	0.205879	1
2	17711	0.206004	1
2	17721	0.206129	1
2	17732	0.206254	1
2	17742	0.206379	1
2	17742	0.206379	1
2	17754	0.206504	1
2	17764	0.206629	1
2	17775	0.206754	1
2	17785	0.206879	1
2	17785	0.206879	1
2	17797	0.207004	1
2	17807	0.207129	1
2	17818	0.207254	1
2	17828	0.207379	1
2	17828	0.207379	1
2	17840	0.207504	1
2	17850	0.207629	1
2	17861	0.207754	1
2	17871	0.207879	1
2	17871	0.207879	1
2	17883	0.208004	1
2	17893	0.208129	1
2	17904	0.208254	1
2	17914	0.208379	1
2	17914	0.208379	1
2	17926	0.208504	1
2	17936	0.208629	1
2	17947	0.208754	1
2	17957	0.208879	1
2	17957	0.208879	1
2	17969	0.209004	1
2	17979	0.209129	1
2	17990	0.209254	1
2	18000	0.209379	1
2	18000	0.209379	1
2	18012	0.209504	1
2	18022	0.209629	1
2	18033	0.209754	1
2	18043	0.209879	1
2	18043	0.209879	1
2	18055	0.210004	1
2	18065	0.210129	1
2	18076	0.210254	1
2	18086	0.210379	1
2	18086	0.210379	1
2	18098	0.210504	1
2	18108	0.210629	1
2	18119	0.210754	1
2	18129	0.210879	1
2	18129	0.210879	1
2	18141	0.211004	1
2	18151	0.211129	1
2	18162	0.211254	1
2	18172	0.211379	1
2	18172	0.211379	1
2	18184	0.211504	1
2	18194	0.211629	1
2	18205	0.211754	1
2	18215	0.211879	1
2	18215	0.211879	1
2	18227	0.212004	1
2	18237	0.212129	1
2	18248	0.212254	1
2	18258	0.212379	1
2	18258	0.212379	1
2	18270	0.212504	1
2	18280	0.212629	1
2	18291	0.212754	1
2	18301	0.212879	1
2	18301	0.212879	1
2	18313	0.213004	1
2	18323	0.213129	1
2	18334	0.213254	1
2	18344	0.213379	1
2	18344	0.213379	1
2	18356	0.213504	1
2	18366	0.213629	1
2	18377	0.213754	1
2	18387	0.213879	1
2	18387	0.213879	1
2	18399	0.214004	1
2	18409	0.214129	1
2	18420	0.214254	1
2	18430	0.214379	1
2	18430	0.214379	1
2	18442	0.214504	1
2	18452	0.214629	1
2	18463	0.214754	1
2	18473	0.214879	1
2	18473	0.214879	1
2	18485	0.215004	1
2	18495	0.215129	1
2	18506	0.215254	1
2	18516	0.215379	1
2	18516	0.215379	1
2	18528	0.215504	1
2	18538	0.215629	1
2	18549	0.215754	1
2	18559	0.215879	1
2	18559	0.215879	1
2	18571	0.216004	1
2	18581	0.216129	1
2	18592	0.216254	1
2	18602	0.216379	1
2	18602	0.216379	1
2	18614	0.216504	1
2	18624	0.216629	1
2	18635	0.216754	1
2	18645	0.216879	1
2	18645	0.216879	1
2	18657	0.217004	1
2	18667	0.217129	1
2	18678	0.217254	1
2	18688	0.217379	1
2	18688	0.217379	1
2	18700	0.217504	1
2	18710	0.217629	1
2	18721	0.217754	1
2	18731	0.217879	1
2	18731	0.217879	1
2	18743	0.218004	1
2	18753	0.218129	1
2	18764	0.218254	1
2	18774	0.218379	1
2	18774	0.218379	1
2	18786	0.218504	1
2	18796	0.218629	1
2	18807	0.218754	1
2	18817	0.218879	1
2	18817	0.218879	1
2	18829	0.219004	1
2	18839	0.219129	1
2	18850	0.219254	1
2	18860	0.219379	1
2	18860	0.219379	1
2	18872	0.219504	1
2	18882	0.219629	1
2	18893	0.219754	1
2	18903	0.219879	1
2	18903	0.219879	1
2	18915	0.220004	1
2	18925	0.220129	1
2	18936	0.220254	1
2	18946	0.220379	1
2	18946	0.220379	1
2	18958	0.220504	1
2	18968	0.220629	1
2	18979	0.220754	1
2	18989	0.220879	1
2	18989	0.220879	1
2	19001	0.221004	1
2	19011	0.221129	1
2	19022	0.221254	1
2	19032	0.221379	1
2	19032	0.221379	1
2	19044	0.221504	1
2	19054	0.221629	1
2	19065	0.221754	1
2	19075	0.221879	1
2	19075	0.221879	1
2	19087	0.222004	1
2	19097	0.222129	1
2	19108	0.222254	1
2	19118	0.222379	1
2	19118	0.222379	1
2	19130	0.222504	1
2	19140	0.222629	1
2	19151	0.222754	1
2	19161	0.222879	1
2	19161	0.222879	1
2	19173	0.223004	1
2	19183	0.223129	1
2	19194	0.223254	1
2	19204	0.223379	1
2	19204	0.223379	1
2	19216	0.223504	1
2	19226	0.223629	1
2	19237	0.223754	1
2	19247	0.223879	1
2	19247	0.223879	1
2	19259	0.224004	1
2	19269	0.224129	1
2	19280	0.224254	1
2	19290	0.224379	1
2	19290	0.224379	1
2	19302	0.224504	1
2	19312	0.224629	1
2	19323	0.224754	1
2	19333	0.224879	1
2	19333	0.224879	1
2	19345	0.225004	1
2	19355	0.225129	1
2	19366	0.225254	1
2	19376	0.225379	1
2	19376	0.225379	1
2	19388	0.225504	1
2	19398	0.225629	1
2	19409	0.225754	1
2	19419	0.225879	1
2	19419	0.225879	1
2	19431	0.226004	1
2	19441	0.226129	1
2	19452	0.226254	1
2	19462	0.226379	1
2	19462	0.226379	1
2	19474	0.226504	1
2	19484	0.226629	1
2	19495	0.226754	1
2	19505	0.226879	1
2	19505	0.226879	1
2	19517	0.227004	1
2	19527	0.227129	1
2	19538	0.227254	1
2	19548	0.227379	1
2	19548	0.227379	1
2	19560	0.227504	1
2	19570	0.227629	1
2	19581	0.227754	1
2	19591	0.227879	1
2	19591	0.227879	1
2	19603	0.228004	1
2	19613	0.228129	1
2	19624	0.228254	1
2	19634	0.228379	1
2	19634	0.228379	1
2	19646	0.228504	1
2	19656	0.228629	1
2	19667	0.228754	1
2	19677	0.228879	1
2	19677	0.228879	1
2	19689	0.229004	1
2	19699	0.229129	1
2	19710	0.229254	1
2	19720	0.229379	1
2	19720	0.229379	1
2	19732	0.229504	1
2	19742	0.229629	1
2	19753	0.229754	1
2	19763	0.229879	1
2	19763	0.229879	1
2	19775	0.230004	1
2	19785	0.230129	1
2	19796	0.230254	1
2	19806	0.230379	1
2	19806	0.230379	1
2	19818	0.230504	1
2	19828	0.230629	1
2	19839	0.230754	1
2	19849	0.230879	1
2	19849	0.230879	1
2	19861	0.231004	1
2	19871	0.231129	1
2	19882	0.231254	1
2	19892	0.231379	1
2	19892	0.231379	1
2	19904	0.231504	1
2	19914	0.231629	1
2	19925	0.231754	1
2	19935	0.231879	1
2	19935	0.231879	1
2	19947	0.232004	1
2	19957	0.232129	1
2	19968	0.232254	1
2	19978	0.232379	1
2	19978	0.232379	1
2	19990	0.232504	1
2	20000	0.232629	1
2	20011	0.232754	1
2	20021	0.232879	1
2	20021	0.232879	1
2	20033	0.233004	1
2	20043	0.233129	1
2	20054	0.233254	1
2	20064	0.233379	1
2	20064	0.233379	1
2	20076	0.233504	1
2	20086	0.233629	1
2	20097	0.233754	1
2	20107	0.233879	1
2	20107	0.233879	1
2	20119	0.234004	1
2	20129	0.234129	1
2	20140	0.234254	1
2	20150	0.234379	1
2	20150	0.234379	1
2	20162	0.234504	1
2	20172	0.234629	1
2	20183	0.234754	1
2	20193	0.234879	1
2	20193	0.234879	1
2	20205	0.235004	1
2	20215	0.235129	1
2	20226	0.235254	1
2	20236	0.235379	1
2	20236	0.235379	1
2	20248	0.235504	1
2	20258	0.235629	1
2	20269	0.235754	1
2	20279	0.235879	1
2	20279	0.235879	1
2	20291	0.236004	1
2	20301	0.236129	1
2	20312	0.236254	1
2	20322	0.236379	1
2	20322	0.236379	1
2	20334	0.236504	1
2	20344	0.236629	1
2	20355	0.236754	1
2	20365	0.236879	1
2	20365	0.236879	1
2	20377	0.237004	1
2	20387	0.237129	1
2	20398	0.237254	1
2	20408	0.237379	1
2	20408	0.237379	1
2	20420	0.237504	1
2	20430	0.237629	1
2	20441	0.237754	1
2	20451	0.237879	1
2	20451	0.237879	1
2	20463	0.238004	1
2	20473	0.238129	1
2	20484	0.238254	1
2	20494	0.238379	1
2	20494	0.238379	1
2	20506	0.238504	1
2	20516	0.238629	1
2	20527	0.238754	1
2	20537	0.238879	1
2	20537	0.238879	1
2	20549	0.239004	1
2	20559	0.239129	1
2	20570	0.239254	1
2	20580	0.239379	1
2	20580	0.239379	1
2	20592	0.239504	1
2	20602	0.239629	1
2	20613	0.239754	1
2	20623	0.239879	1
2	20623	0.239879	1
2	20635	0.240004	1
2	20645	0.240129	1
2	20656	0.240254	1
2	20666	0.240379	1
2	20666	0.240379	1
2	20678	0.240504	1
2	20688	0.240629	1
2	20699	0.240754	1
2	20709	0.240879	1
2	20709	0.240879	1
2	20721	0.241004	1
2	20731	0.241129	1
2	20742	0.241254	1
2	20752	0.241379	1
2	20752	0.241379	1
2	20764	0.241504	1
2	20774	0.241629	1
2	20785	0.241754	1
2	20795	0.241879	1
2	20795	0.241879	1
2	20807	0.242004	1
2	20817	0.242129	1
2	20828	0.242254	1
2	20838	0.242379	1
2	20838	0.242379	1
2	20850	0.242504	1
2	20860	0.242629	1
2	20871	0.242754	1
2	20881	0.242879	1
2	20881	0.242879	1
2	20893	0.243004	1
2	20903	0.243129	1
2	20914	0.243254	1
2	20924	0.243379	1
2	20924	0.243379	1
2	20936	0.243504	1
2	20946	0.243629	1
2	20957	0.243754	1
2	20967	0.243879	1
2	20967	0.243879	1
2	20979	0.244004	1
2	20989	0.244129	1
2	21000	0.244254	1
2	21010	0.244379	1
2	21010	0.244379	1
2	21022	0.244504	1
2	21032	0.244629	1
2	21043	0.244754	1
2	21053	0.244879	1
2	21053	0.244879	1
2	21065	0.245004	1
2	21075	0.245129	1
2	21086	0.245254	1
2	21096	0.245379	1
2	21096	0.245379	1
2	21108	0.245504	1
2	21118	0.245629	1
2	21129	0.245754	1
2	21139	0.245879	1
2	21139	0.245879	1
2	21151	0.246004	1
2	21161	0.246129	1
2	21172	0.246254	1
2	21182	0.246379	1
2	21182	0.246379	1
2	21194	0.246504	1
2	21204	0.246629	1
2	21215	0.246754	1
2	21225	0.246879	1
2	21225	0.246879	1
2	21237	0.247004	1
2	21247	0.247129	1
2	21258	0.247254	1
2	21268	0.247379	1
2	21268	0.247379	1
2	21280	0.247504	1
2	21290	0.247629	1
2	21301	0.247754	1
2	21311	0.247879	1
2	21311	0.247879	1
2	21323	0.248004	1
2	21333	0.248129	1
2	21344	0.248254	1
2	21354	0.248379	1
2	21354	0.248379	1
2	21366	0.248504	1
2	21376	0.248629	1
2	21387	0.248754	1
2	21397	0.248879	1
2	21397	0.248879	1
2	21409	0.249004	1
2	21419	0.249129	1
2	21430	0.249254	1
2	21440	0.249379	1
2	21440	0.249379	1
2	21452	0.249504	1
2	21462	0.249629	1
2	21473	0.249754	1
2	21483	0.249879	1
2	21483	0.249879	1
2	21495	0.250004	1
2	21505	0.250129	1
2	21516	0.250254	1
2	21526	0.250379	1
2	21526	0.250379	1
2	21538	0.250504	1
2	21548	0.250629	1
2	21559	0.250754	1
2	21569	0.250879	1
2	21569	0.250879	1
2	21581	0.251004	1
2	21591	0.251129	1
2	21602	0.251254	1
2	21612	0.251379	1
2	21612	0.251379	1
2	21624	0.251504	1
2	21634	0.251629	1
2	21645	0.251754	1
2	21655	0.251879	1
2	21655	0.251879	1
2	21667	0.252004	1
2	21677	0.252129	1
2	21688	0.252254	1
2	21698	0.252379	1
2	21698	0.252379	1
2	21710	0.252504	1
2	21720	0.252629	1
2	21731	0.252754	1
2	21741	0.252879	1
2	21741	0.252879	1
2	21753	0.253004	1
2	21763	0.253129	1
2	21774	0.253254	1
2	21784	0.253379	1
2	21784	0.253379	1
2	21796	0.253504	1
2	21806	0.253629	1
2	21817	0.253754	1
2	21827	0.253879	1
2	21827	0.253879	1
2	21839	0.254004	1
2	21849	0.254129	1
2	21860	0.254254	1
2	21870	0.254379	1
2	21870	0.254379	1
2	21882	0.254504	1
2	21892	0.254629	1
2	21903	0.254754	1
2	21913	0.254879	1
2	21913	0.254879	1
2	21925	0.255004	1
2	21935	0.255129	1
2	21946	0.255254	1
2	21956	0.255379	1
2	21956	0.255379	1
2	21968	0.255504	1
2	21978	0.255629	1
2	21989	0.255754	1
2	21999	0.255879	1
2	21999	0.255879	1
2	22011	0.256004	1
2	22021	0.256129	1
2	22032	0.256254	1
2	22042	0.256379	1
2	22042	0.256379	1
2	22054	0.256504	1
2	22064	0.256629	1
2	22075	0.256754	1
2	22085	0.256879	1
2	22085	0.256879	1
2	22097	0.257004	1
2	22107	0.257129	1
2	22118	0.257254	1
2	22128	0.257379	1
2	22128	0.257379	1
2	22140	0.257504	1
2	22150	0.257629	1
2	22161	0.257754	1
2	22171	0.257879	1
2	22171	0.257879	1
2	22183	0.258004	1
2	22193	0.258129	1
2	22204	0.258254	1
2	22214	0.258379	1
2	22214	0.258379	1
2	22226	0.258504	1
2	22236	0.258629	1
2	22247	0.258754	1
2	22257	0.258879	1
2	22257	0.258879	1
2	22269	0.259004	1
2	22279	0.259129	1
2	22290	0.259254	1
2	22300	0.259379	1
2	22300	0.259379	1
2	22312	0.259504	1
2	22322	0.259629	1
2	22333	0.259754	1
2	22343	0.259879	1
2	22343	0.259879	1
2	22355	0.260004	1
2	22365	0.260129	1
2	22376	0.260254	1
2	22386	0.260379	1
2	22386	0.260379	1
2	22398	0.260504	1
2	22408	0.260629	1
2	22419	0.260754	1
2	22429	0.260879	1
2	22429	0.260879	1
2	22441	0.261004	1
2	22451	0.261129	1
2	22462	0.261254	1
2	22472	0.261379	1
2	22472	0.261379	1
2	22484	0.261504	1
2	22494	0.261629	1
2	22505	0.261754	1
2	22515	0.261879	1
2	22515	0.261879	1
2	22527	0.262004	1
2	22537	0.262129	1
2	22548	0.262254	1
2	22558	0.262379	1
2	22558	0.262379	1
2	22570	0.262504	1
2	22580	0.262629	1
2	22591	0.262754	1
2	22601	0.262879	1
2	22601	0.262879	1
2	22613	0.263004	1
2	22623	0.263129	1
2	22634	0.263254	1
2	22644	0.263379	1
2	22644	0.263379	1
2	22656	0.263504	1
2	22666	0.263629	1
2	22677	0.263754	1
2	22687	0.263879	1
2	22687	0.263879	1
2	22699	0.264004	1
2	22709	0.264129	1
2	22720	0.264254	1
2	22730	0.264379	1
2	22730	0.264379	1
2	22742	0.264504	1
2	22752	0.264629	1
2	22763	0.264754	1
2	22773	0.264879	1
2	22773	0.264879	1
2	22785	0.265004	1
2	22795	0.265129	1
2	22806	0.265254	1
2	22816	0.265379	1
2	22816	0.265379	1
2	22828	0.265504	1
2	22838	0.265629	1
2	22849	0.265754	1
2	22859	0.265879	1
2	22859	0.265879	1
2	22871	0.266004	1
2	22881	0.266129	1
2	22892	0.266254	1
2	22902	0.266379	1
2	22902	0.266379	1
2	22914	0.266504	1
2	22924	0.266629	1
2	22935	0.266754	1
2	22945	0.266879	1
2	22945	0.266879	1
2	22957	0.267004	1
2	22967	0.267129	1
2	22978	0.267254	1
2	22988	0.267379	1
2	22988	0.267379	1
2	23000	0.267504	1
2	23010	0.267629	1
2	23021	0.267754	1
2	23031	0.267879	1
2	23031	0.267879	1
2	23043	0.268004	1
2	23053	0.268129	1
2	23064	0.268254	1
2	23074	0.268379	1
2	23074	0.268379	1
2	23086	0.268504	1
2	23096	0.268629	1
2	23107	0.268754	1
2	23117	0.268879	1
2	23117	0.268879	1
2	23129	0.269004	1
2	23139	0.269129	1
2	23150	0.269254	1
2	23160	0.269379	1
2	23160	0.269379	1
2	23172	0.269504	1
2	23182	0.269629	1
2	23193	0.269754	1
2	23203	0.269879	1
2	23203	0.269879	1
2	23215	0.270004	1
2	23225	0.270129	1
2	23236	0.270254	1
2	23246	0.270379	1
2	23246	0.270379	1
2	23258	0.270504	1
2	23268	0.270629	1
2	23279	0.270754	1
2	23289	0.270879	1
2	23289	0.270879	1
2	23301	0.271004	1
2	23311	0.271129	1
2	23322	0.271254	1
2	23332	0.271379	1
2	23332	0.271379	1
2	23344	0.271504	1
2	23354	0.271629	1
2	23365	0.271754	1
2	23375	0.271879	1
2	23375	0.271879	1
2	23387	0.272004	1
2	23397	0.272129	1
2	23408	0.272254	1
2	23418	0.272379	1
2	23418	0.272379	1
2	23430	0.272504	1
2	23440	0.272629	1
2	23451	0.272754	1
2	23461	0.272879	1
2	23461	0.272879	1
2	23473	0.273004	1
2	23483	0.273129	1
2	23494	0.273254	1
2	23504	0.273379	1
2	23504	0.273379	1
2	23516	0.273504	1
2	23526	0.273629	1
2	23537	0.273754	1
2	23547	0.273879	1
2	23547	0.273879	1
2	23559	0.274004	1
2	23569	0.274129	1
2	23580	0.274254	1
2	23590	0.274379	1
2	23590	0.274379	1
2	23602	0.274504	1
2	23612	0.274629	1
2	23623	0.274754	1
2	23633	0.274879	1
2	23633	0.274879	1
2	23645	0.275004	1
2	23655	0.275129	1
2	23666	0.275254	1
2	23676	0.275379	1
2	23676	0.275379	1
2	23688	0.275504	1
2	23698	0.275629	1
2	23709	0.275754	1
2	23719	0.275879	1
2	23719	0.275879	1
2	23731	0.276004	1
2	23741	0.276129	1
2	23752	0.276254	1
2	23762	0.276379	1
2	23762	0.276379	1
2	23774	0.276504	1
2	23784	0.276629	1
2	23795	0.276754	1
2	23805	0.276879	1
2	23805	0.276879	1
2	23817	0.277004	1
2	23827	0.277129	1
2	23838	0.277254	1
2	23848	0.277379	1
2	23848	0.277379	1
2	23860	0.277504	1
2	23870	0.277629	1
2	23881	0.277754	1
2	23891	0.277879	1
2	23891	0.277879	1
2	23903	0.278004	1
2	23913	0.278129	1
2	23924	0.278254	1
2	23934	0.278379	1
2	23934	0.278379	1
2	23946	0.278504	1
2	23956	0.278629	1
2	23967	0.278754	1
2	23977	0.278879	1
2	23977	0.278879	1
2	23989	0.279004	1
2	23999	0.279129	1
2	24010	0.279254	1
2	24020	0.279379	1
2	24020	0.279379	1
2	24032	0.279504	1
2	24042	0.279629	1
2	24053	0.279754	1
2	24063	0.279879	1
2	24063	0.279879	1
2	24075	0.280004	1
2	24085	0.280129	1
2	24096	0.280254	1
2	24106	0.280379	1
2	24106	0.280379	1
2	24118	0.280504	1
2	24128	0.280629	1
2	24139	0.280754	1
2	24149	0.280879	1
2	24149	0.280879	1
2	24161	0.281004	1
2	24171	0.281129	1
2	24182	0.281254	1
2	24192	0.281379	1
2	24192	0.281379	1
2	24204	0.281504	1
2	24214	0.281629	1
2	24225	0.281754	1
2	24235	0.281879	1
2	24235	0.281879	1
2	24247	0.282004	1
2	24257	0.282129	1
2	24268	0.282254	1
2	24278	0.282379	1
2	24278	0.282379	1
2	24290	0.282504	1
2	24300	0.282629	1
2	24311	0.282754	1
2	24321	0.282879	1
2	24321	0.282879	1
2	24333	0.283004	1
2	24343	0.283129	1
2	24354	0.283254	1
2	24364	0.283379	1
2	24364	0.283379	1
2	24376	0.283504	1
2	24386	0.283629	1
2	24397	0.283754	1
2	24407	0.283879	1
2	24407	0.283879	1
2	24419	0.284004	1
2	24429	0.284129	1
2	24440	0.284254	1
2	24450	0.284379	1
2	24450	0.284379	1
2	24462	0.284504	1
2	24472	0.284629	1
2	24483	0.284754	1
2	24493	0.284879	1
2	24493	0.284879	1
2	24505	0.285004	1
2	24515	0.285129	1
2	24526	0.285254	1
2	24536	0.285379	1
2	24536	0.285379	1
2	24548	0.285504	1
2	24558	0.285629	1
2	24569	0.285754	1
2	24579	0.285879	1
2	24579	0.285879	1
2	24591	0.286004	1
2	24601	0.286129	1
2	24612	0.286254	1
2	24622	0.286379	1
2	24622	0.286379	1
2	24634	0.286504	1
2	24644	0.286629	1
2	24655	0.286754	1
2	24665	0.286879	1
2	24665	0.286879	1
2	24677	0.287004	1
2	24687	0.287129	1
2	24698	0.287254	1
2	24708	0.287379	1
2	24708	0.287379	1
2	24720	0.287504	1
2	24730	0.287629	1
2	24741	0.287754	1
2	24751	0.287879	1
2	24751	0.287879	1
2	24763	0.288004	1
2	24773	0.288129	1
2	24784	0.288254	1
2	24794	0.288379	1
2	24794	0.288379	1
2	24806	0.288504	1
2	24816	0.288629	1
2	24827	0.288754	1
2	24837	0.288879	1
2	24837	0.288879	1
2	24849	0.289004	1
2	24859	0.289129	1
2	24870	0.289254	1
2	24880	0.289379	1
2	24880	0.289379	1
2	24892	0.289504	1
2	24902	0.289629	1
2	24913	0.289754	1
2	24923	0.289879	1
2	24923	0.289879	1
2	24935	0.290004	1
2	24945	0.290129	1
2	24956	0.290254	1
2	24966	0.290379	1
2	24966	0.290379	1
2	24978	0.290504	1
2	24988	0.290629	1
2	24999	0.290754	1
2	25009	0.290879	1
2	25009	0.290879	1
2	25021	0.291004	1
2	25031	0.291129	1
2	25042	0.291254	1
2	25052	0.291379	1
2	25052	0.291379	1
2	25064	0.291504	1
2	25074	0.291629	1
2	25085	0.291754	1
2	25095	0.291879	1
2	25095	0.291879	1
2	25107	0.292004	1
2	25117	0.292129	1
2	25128	0.292254	1
2	25138	0.292379	1
2	25138	0.292379	1
2	25150	0.292504	1
2	25160	0.292629	1
2	25171	0.292754	1
2	25181	0.292879	1
2	25181	0.292879	1
2	25193	0.293004	1
2	25203	0.293129	1
2	25214	0.293254	1
2	25224	0.293379	1
2	25224	0.293379	1
2	25236	0.293504	1
2	25246	0.293629	1
2	25257	0.293754	1
2	25267	0.293879	1
2	25267	0.293879	1
2	25279	0.294004	1
2	25289	0.294129	1
2	25300	0.294254	1
2	25310	0.294379	1
2	25310	0.294379	1
2	25322	0.294504	1
2	25332	0.294629	1
2	25343	0.294754	1
2	25353	0.294879	1
2	25353	0.294879	1
2	25365	0.295004	1
2	25375	0.295129	1
2	25386	0.295254	1
2	25396	0.295379	1
2	25396	0.295379	1
2	25408	0.295504	1
2	25418	0.295629	1
2	25429	0.295754	1
2	25439	0.295879	1
2	25439	0.295879	1
2	25451	0.296004	1
2	25461	0.296129	1
2	25472	0.296254	1
2	25482	0.296379	1
2	25482	0.296379	1
2	25494	0.296504	1
2	25504	0.296629	1
2	25515	0.296754	1
2	25525	0.296879	1
2	25525	0.296879	1
2	25537	0.297004	1
2	25547	0.297129	1
2	25558	0.297254	1
2	25568	0.297379	1
2	25568	0.297379	1
2	25580	0.297504	1
2	25590	0.297629	1
2	25601	0.297754	1
2	25611	0.297879	1
2	25611	0.297879	1
2	25623	0.298004	1
2	25633	0.298129	1
2	25644	0.298254	1
2	25654	0.298379	1
2	25654	0.298379	1
2	25666	0.298504	1
2	25676	0.298629	1
2	25687	0.298754	1
2	25697	0.298879	1
2	25697	0.298879	1
2	25709	0.299004	1
2	25719	0.299129	1
2	25730	0.299254	1
2	25740	0.299379	1
2	25740	0.299379	1
2	25752	0.299504	1
2	25762	0.299629	1
2	25773	0.299754	1
2	25783	0.299879	1
2	25783	0.299879	1
2	25795	0.300004	1
2	25805	0.300129	1
2	25816	0.300254	1
2	25826	0.300379	1
2	25826	0.300379	1
2	25838	0.300504	1
2	25848	0.300629	1
2	25859	0.300754	1
2	25869	0.300879	1
2	25869	0.300879	1
2	25881	0.301004	1
2	25891	0.301129	1
2	25902	0.301254	1
2	25912	0.301379	1
2	25912	0.301379	1
2	25924	0.301504	1
2	25934	0.301629	1
2	25945	0.301754	1
2	25955	0.301879	1
2	25955	0.301879	1
2	25967	0.302004	1
2	25977	0.302129	1
2	25988	0.302254	1
2	25998	0.302379	1
2	25998	0.302379	1
2	26010	0.302504	1
2	26020	0.302629	1
2	26031	0.302754	1
2	26041	0.302879	1
2	26041	0.302879	1
2	26053	0.303004	1
2	26063	0.303129	1
2	26074	0.303254	1
2	26084	0.303379	1
2	26084	0.303379	1
2	26096	0.303504	1
2	26106	0.303629	1
2	26117	0.303754	1
2	26127	0.303879	1
2	26127	0.303879	1
2	26139	0.304004	1
2	26149	0.304129	1
2	26160	0.304254	1
2	26170	0.304379	1
2	26170	0.304379	1
2	26182	0.304504	1
2	26192	0.304629	1
2	26203	0.304754	1
2	26213	0.304879	1
2	26213	0.304879	1
2	26225	0.305004	1
2	26235	0.305129	1
2	26246	0.305254	1
2	26256	0.305379	1
2	26256	0.305379	1
2	26268	0.305504	1
2	26278	0.305629	1
2	26289	0.305754	1
2	26299	0.305879	1
2	26299	0.305879	1
2	26311	0.306004	1
2	26321	0.306129	1
2	26332	0.306254	1
2	26342	0.306379	1
2	26342	0.306379	1
2	26354	0.306504	1
2	26364	0.306629	1
2	26375	0.306754	1
2	26385	0.306879	1
2	26385	0.306879	1
2	26397	0.307004	1
2	26407	0.307129	1
2	26418	0.307254	1
2	26428	0.307379	1
2	26428	0.307379	1
2	26440	0.307504	1
2	26450	0.307629	1
2	26461	0.307754	1
2	26471	0.307879	1
2	26471	0.307879	1
2	26483	0.308004	1
2	26493	0.308129	1
2	26504	0.308254	1
2	26514	0.308379	1
2	26514	0.308379	1
2	26526	0.308504	1
2	26536	0.308629	1
2	26547	0.308754	1
2	26557	0.308879	1
2	26557	0.308879	1
2	26569	0.309004	1
2	26579	0.309129	1
2	26590	0.309254	1
2	26600	0.309379	1
2	26600	0.309379	1
2	26612	0.309504	1
2	26622	0.309629	1
2	26633	0.309754	1
2	26643	0.309879	1
2	26643	0.309879	1
2	26655	0.310004	1
2	26665	0.310129	1
2	26676	0.310254	1
2	26686	0.310379	1
2	26686	0.310379	1
2	26698	0.310504	1
2	26708	0.310629	1
2	26719	0.310754	1
2	26729	0.310879	1
2	26729	0.310879	1
2	26741	0.311004	1
2	26751	0.311129	1
2	26762	0.311254	1
2	26772	0.311379	1
2	26772	0.311379	1
2	26784	0.311504	1
2	26794	0.311629	1
2	26805	0.311754	1
2	26815	0.311879	1
2	26815	0.311879	1
2	26827	0.312004	1
2	26837	0.312129	1
2	26848	0.312254	1
2	26858	0.312379	1
2	26858	0.312379	1
2	26870	0.312504	1
2	26880	0.312629	1
2	26891	0.312754	1
2	26901	0.312879	1
2	26901	0.312879	1
2	26913	0.313004	1
2	26923	0.313129	1
2	26934	0.313254	1
2	26944	0.313379	1
2	26944	0.313379	1
2	26956	0.313504	1
2	26966	0.313629	1
2	26977	0.313754	1
2	26987	0.313879	1
2	26987	0.313879	1
2	26999	0.314004	1
2	27009	0.314129	1
2	27020	0.314254	1
2	27030	0.314379	1
2	27030	0.314379	1
2	27042	0.314504	1
2	27052	0.314629	1
2	27063	0.314754	1
2	27073	0.314879	1
2	27073	0.314879	1
2	27085	0.315004	1
2	27095	0.315129	1
2	27106	0.315254	1
2	27116	0.315379	1
2	27116	0.315379	1
2	27128	0.315504	1
2	27138	0.315629	1
2	27149	0.315754	1
2	27159	0.315879	1
2	27159	0.315879	1
2	27171	0.316004	1
2	27181	0.316129	1
2	27192	0.316254	1
2	27202	0.316379	1
2	27202	0.316379	1
2	27214	0.316504	1
2	27224	0.316629	1
2	27235	0.316754	1
2	27245	0.316879	1
2	27245	0.316879	1
2	27257	0.317004	1
2	27267	0.317129	1
2	27278	0.317254	1
2	27288	0.317379	1
2	27288	0.317379	1
2	27300	0.317504	1
2	27310	0.317629	1
2	27321	0.317754	1
2	27331	0.317879	1
2	27331	0.317879	1
2	27343	0.318004	1
2	27353	0.318129	1
2	27364	0.318254	1
2	27374	0.318379	1
2	27374	0.318379	1
2	27386	0.318504	1
2	27396	0.318629	1
2	27407	0.318754	1
2	27417	0.318879	1
2	27417	0.318879	1
2	27429	0.319004	1
2	27439	0.319129	1
2	27450	0.319254	1
2	27460	0.319379	1
2	27460	0.319379	1
2	27472	0.319504	1
2	27482	0.319629	1
2	27493	0.319754	1
2	27503	0.319879	1
2	27503	0.319879	1
2	27515	0.320004	1
2	27525	0.320129	1
2	27536	0.320254	1
2	27546	0.320379	1
2	27546	0.320379	1
2	27558	0.320504	1
2	27568	0.320629	1
2	27579	0.320754	1
2	27589	0.320879	1
2	27589	0.320879	1
2	27601	0.321004	1
2	27611	0.321129	1
2	27622	0.321254	1
2	27632	0.321379	1
2	27632	0.321379	1
2	27644	0.321504	1
2	27654	0.321629	1
2	27665	0.321754	1
2	27675	0.321879	1
2	27675	0.321879	1
2	27687	0.322004	1
2	27697	0.322129	1
2	27708	0.322254	1
2	27718	0.322379	1
2	27718	0.322379	1
2	27730	0.322504	1
2	27740	0.322629	1
2	27751	0.322754	1
2	27761	0.322879	1
2	27761	0.322879	1
2	27773	0.323004	1
2	27783	0.323129	1
2	27794	0.323254	1
2	27804	0.323379	1
2	27804	0.323379	1
2	27816	0.323504	1
2	27826	0.323629	1
2	27837	0.323754	1
2	27847	0.323879	1
2	27847	0.323879	1
2	27859	0.324004	1
2	27869	0.324129	1
2	27880	0.324254	1
2	27890	0.324379	1
2	27890	0.324379	1
2	27902	0.324504	1
2	27912	0.324629	1
2	27923	0.324754	1
2	27933	0.324879	1
2	27933	0.324879	1
2	27945	0.325004	1
2	27955	0.325129	1
2	27966	0.325254	1
2	27976	0.325379	1
2	27976	0.325379	1
2	27988	0.325504	1
2	27998	0.325629	1
2	28009	0.325754	1
2	28019	0.325879	1
2	28019	0.325879	1
2	28031	0.326004	1
2	28041	0.326129	1
2	28052	0.326254	1
2	28062	0.326379	1
2	28062	0.326379	1
2	28074	0.326504	1
2	28084	0.326629	1
2	28095	0.326754	1
2	28105	0.326879	1
2	28105	0.326879	1
2	28117	0.327004	1
2	28127	0.327129	1
2	28138	0.327254	1
2	28148	0.327379	1
2	28148	0.327379	1
2	28160	0.327504	1
2	28170	0.327629	1
2	28181	0.327754	1
2	28191	0.327879	1
2	28191	0.327879	1
2	28203	0.328004	1
2	28213	0.328129	1
2	28224	0.328254	1
2	28234	0.328379	1
2	28234	0.328379	1
2	28246	0.328504	1
2	28256	0.328629	1
2	28267	0.328754	1
2	28277	0.328879	1
2	28277	0.328879	1
2	28289	0.329004	1
2	28299	0.329129	1
2	28310	0.329254	1
2	28320	0.329379	1
2	28320	0.329379	1
2	28332	0.329504	1
2	28342	0.329629	1
2	28353	0.329754	1
2	28363	0.329879	1
2	28363	0.329879	1
2	28375	0.330004	1
2	28385	0.330129	1
2	28396	0.330254	1
2	28406	0.330379	1
2	28406	0.330379	1
2	28418	0.330504	1
2	28428	0.330629	1
2	28439	0.330754	1
2	28449	0.330879	1
2	28449	0.330879	1
2	28461	0.331004	1
2	28471	0.331129	1
2	28482	0.331254	1
2	28492	0.331379	1
2	28492	0.331379	1
2	28504	0.331504	1
2	28514	0.331629	1
2	28525	0.331754	1
2	28535	0.331879	1
2	28535	0.331879	1
2	28547	0.332004	1
2	28557	0.332129	1
2	28568	0.332254	1
2	28578	0.332379	1
2	28578	0.332379	1
2	28590	0.332504	1
2	28600	0.332629	1
2	28611	0.332754	1
2	28621	0.332879	1
2	28621	0.332879	1
2	28633	0.333004	1
2	28643	0.333129	1
2	28654	0.333254	1
2	28664	0.333379	1
2	28664	0.333379	1
2	28676	0.333504	1
2	28686	0.333629	1
2	28697	0.333754	1
2	28707	0.333879	1
2	28707	0.333879	1
2	28719	0.334004	1
2	28729	0.334129	1
2	28740	0.334254	1
2	28750	0.334379	1
2	28750	0.334379	1
2	28762	0.334504	1
2	28772	0.334629	1
2	28783	0.334754	1
2	28793	0.334879	1
2	28793	0.334879	1
2	28805	0.335004	1
2	28815	0.335129	1
2	28826	0.335254	1
2	28836	0.335379	1
2	28836	0.335379	1
2	28848	0.335504	1
2	28858	0.335629	1
2	28869	0.335754	1
2	28879	0.335879	1
2	28879	0.335879	1
2	28891	0.336004	1
2	28901	0.336129	1
2	28912	0.336254	1
2	28922	0.336379	1
2	28922	0.336379	1
2	28934	0.336504	1
2	28944	0.336629	1
2	28955	0.336754	1
2	28965	0.336879	1
2	28965	0.336879	1
2	28977	0.337004	1
2	28987	0.337129	1
2	28998	0.337254	1
2	29008	0.337379	1
2	29008	0.337379	1
2	29020	0.337504	1
2	29030	0.337629	1
2	29041	0.337754	1
2	29051	0.337879	1
2	29051	0.337879	1
2	29063	0.338004	1
2	29073	0.338129	1
2	29084	0.338254	1
2	29094	0.338379	1
2	29094	0.338379	1
2	29106	0.338504	1
2	29116	0.338629	1
2	29127	0.338754	1
2	29137	0.338879	1
2	29137	0.338879	1
2	29149	0.339004	1
2	29159	0.339129	1
2	29170	0.339254	1
2	29180	0.339379	1
2	29180	0.339379	1
2	29192	0.339504	1
2	29202	0.339629	1
2	29213	0.339754	1
2	29223	0.339879	1
2	29223	0.339879	1
2	29235	0.340004	1
2	29245	0.340129	1
2	29256	0.340254	1
2	29266	0.340379	1
2	29266	0.340379	1
2	29278	0.340504	1
2	29288	0.340629	1
2	29299	0.340754	1
2	29309	0.340879	1
2	29309	0.340879	1
2	29321	0.341004	1
2	29331	0.341129	1
2	29342	0.341254	1
2	29352	0.341379	1
2	29352	0.341379	1
2	29364	0.341504	1
2	29374	0.341629	1
2	29385	0.341754	1
2	29395	0.341879	1
2	29395	0.341879	1
2	29407	0.342004	1
2	29417	0.342129	1
2	29428	0.342254	1
2	29438	0.342379	1
2	29438	0.342379	1
2	29450	0.342504	1
2	29460	0.342629	1
2	29471	0.342754	1
2	29481	0.342879	1
2	29481	0.342879	1
2	29493	0.343004	1
2	29503	0.343129	1
2	29514	0.343254	1
2	29524	0.343379	1
2	29524	0.343379	1
2	29536	0.343504	1
2	29546	0.343629	1
2	29557	0.343754	1
2	29567	0.343879	1
2	29567	0.343879	1
2	29579	0.344004	1
2	29589	0.344129	1
2	29600	0.344254	1
2	29610	0.344379	1
2	29610	0.344379	1
2	29622	0.344504	1
2	29632	0.344629	1
2	29643	0.344754	1
2	29653	0.344879	1
2	29653	0.344879	1
2	29665	0.345004	1
2	29675	0.345129	1
2	29686	0.345254	1
2	29696	0.345379	1
2	29696	0.345379	1
2	29708	0.345504	1
2	29718	0.345629	1
2	29729	0.345754	1
2	29739	0.345879	1
2	29739	0.345879	1
2	29751	0.346004	1
2	29761	0.346129	1
2	29772	0.346254	1
2	29782	0.346379	1
2	29782	0.346379	1
2	29794	0.346504	1
2	29804	0.346629	1
2	29815	0.346754	1
2	29825	0.346879	1
2	29825	0.346879	1
2	29837	0.347004	1
2	29847	0.347129	1
2	29858	0.347254	1
2	29868	0.347379	1
2	29868	0.347379	1
2	29880	0.347504	1
2	29890	0.347629	1
2	29901	0.347754	1
2	29911	0.347879	1
2	29911	0.347879	1
2	29923	0.348004	1
2	29933	0.348129	1
2	29944	0.348254	1
2	29954	0.348379	1
2	29954	0.348379	1
2	29966	0.348504	1
2	29976	0.348629	1
2	29987	0.348754	1
2	29997	0.348879	1
2	29997	0.348879	1
2	30009	0.349004	1
2	30019	0.349129	1
2	30030	0.349254	1
2	30040	0.349379	1
2	30040	0.349379	1
2	30052	0.349504	1
2	30062	0.349629	1
2	30073	0.349754	1
2	30083	0.349879	1
2	30083	0.349879	1
2	30095	0.350004	1
2	30105	0.350129	1
2	30116	0.350254	1
2	30126	0.350379	1
2	30126	0.350379	1
2	30138	0.350504	1
2	30148	0.350629	1
2	30159	0.350754	1
2	30169	0.350879	1
2	30169	0.350879	1
2	30181	0.351004	1
2	30191	0.351129	1
2	30202	0.351254	1
2	30212	0.351379	1
2	30212	0.351379	1
2	30224	0.351504	1
2	30234	0.351629	1
2	30245	0.351754	1
2	30255	0.351879	1
2	30255	0.351879	1
2	30267	0.352004	1
2	30277	0.352129	1
2	30288	0.352254	1
2	30298	0.352379	1
2	30298	0.352379	1
2	30310	0.352504	1
2	30320	0.352629	1
2	30331	0.352754	1
2	30341	0.352879	1
2	30341	0.352879	1
2	30353	0.353004	1
2	30363	0.353129	1
2	30374	0.353254	1
2	30384	0.353379	1
2	30384	0.353379	1
2	30396	0.353504	1
2	30406	0.353629	1
2	30417	0.353754	1
2	30427	0.353879	1
2	30427	0.353879	1
2	30439	0.354004	1
2	30449	0.354129	1
2	30460	0.354254	1
2	30470	0.354379	1
2	30470	0.354379	1
2	30482	0.354504	1
2	30492	0.354629	1
2	30503	0.354754	1
2	30513	0.354879	1
2	30513	0.354879	1
2	30525	0.355004	1
2	30535	0.355129	1
2	30546	0.355254	1
2	30556	0.355379	1
2	30556	0.355379	1
2	30568	0.355504	1
2	30578	0.355629	1
2	30589	0.355754	1
2	30599	0.355879	1
2	30599	0.355879	1
2	30611	0.356004	1
2	30621	0.356129	1
2	30632	0.356254	1
2	30642	0.356379	1
2	30642	0.356379	1
2	30654	0.356504	1
2	30664	0.356629	1
2	30675	0.356754	1
2	30685	0.356879	1
2	30685	0.356879	1
2	30697	0.357004	1
2	30707	0.357129	1
2	30718	0.357254	1
2	30728	0.357379	1
2	30728	0.357379	1
2	30740	0.357504	1
2	30750	0.357629	1
2	30761	0.357754	1
2	30771	0.357879	1
2	30771	0.357879	1
2	30783	0.358004	1
2	30793	0.358129	1
2	30804	0.358254	1
2	30814	0.358379	1
2	30814	0.358379	1
2	30826	0.358504	1
2	30836	0.358629	1
2	30847	0.358754	1
2	30857	0.358879	1
2	30857	0.358879	1
2	30869	0.359004	1
2	30879	0.359129	1
2	30890	0.359254	1
2	30900	0.359379	1
2	30900	0.359379	1
2	30912	0.359504	1
2	30922	0.359629	1
2	30933	0.359754	1
2	30943	0.359879	1
2	30943	0.359879	1
2	30955	0.360004	1
2	30965	0.360129	1
2	30976	0.360254	1
2	30986	0.360379	1
2	30986	0.360379	1
2	30998	0.360504	1
2	31008	0.360629	1
2	31019	0.360754	1
2	31029	0.360879	1
2	31029	0.360879	1
2	31041	0.361004	1
2	31051	0.361129	1
2	31062	0.361254	1
2	31072	0.361379	1
2	31072	0.361379	1
2	31084	0.361504	1
2	31094	0.361629	1
2	31105	0.361754	1
2	31115	0.361879	1
2	31115	0.361879	1
2	31127	0.362004	1
2	31137	0.362129	1
2	31148	0.362254	1
2	31158	0.362379	1
2	31158	0.362379	1
2	31170	0.362504	1
2	31180	0.362629	1
2	31191	0.362754	1
2	31201	0.362879	1
2	31201	0.362879	1
2	31213	0.363004	1
2	31223	0.363129	1
2	31234	0.363254	1
2	31244	0.363379	1
2	31244	0.363379	1
2	31256	0.363504	1
2	31266	0.363629	1
2	31277	0.363754	1
2	31287	0.363879	1
2	31287	0.363879	1
2	31299	0.364004	1
2	31309	0.364129	1
2	31320	0.364254	1
2	31330	0.364379	1
2	31330	0.364379	1
2	31342	0.364504	1
2	31352	0.364629	1
2	31363	0.364754	1
2	31373	0.364879	1
2	31373	0.364879	1
2	31385	0.365004	1
2	31395	0.365129	1
2	31406	0.365254	1
2	31416	0.365379	1
2	31416	0.365379	1
2	31428	0.365504	1
2	31438	0.365629	1
2	31449	0.365754	1
2	31459	0.365879	1
2	31459	0.365879	1
2	31471	0.366004	1
2	31481	0.366129	1
2	31492	0.366254	1
2	31502	0.366379	1
2	31502	0.366379	1
2	31514	0.366504	1
2	31524	0.366629	1
2	31535	0.366754	1
2	31545	0.366879	1
2	31545	0.366879	1
2	31557	0.367004	1
2	31567	0.367129	1
2	31578	0.367254	1
2	31588	0.367379	1
2	31588	0.367379	1
2	31600	0.367504	1
2	31610	0.367629	1
2	31621	0.367754	1
2	31631	0.367879	1
2	31631	0.367879	1
2	31643	0.368004	1
2	31653	0.368129	1
2	31664	0.368254	1
2	31674	0.368379	1
2	31674	0.368379	1
2	31686	0.368504	1
2	31696	0.368629	1
2	31707	0.368754	1
2	31717	0.368879	1
2	31717	0.368879	1
2	31729	0.369004	1
2	31739	0.369129	1
2	31750	0.369254	1
2	31760	0.369379	1
2	31760	0.369379	1
2	31772	0.369504	1
2	31782	0.369629	1
2	31793	0.369754	1
2	31803	0.369879	1
2	31803	0.369879	1
2	31815	0.370004	1
2	31825	0.370129	1
2	31836	0.370254	1
2	31846	0.370379	1
2	31846	0.370379	1
2	31858	0.370504	1
2	31868	0.370629	1
2	31879	0.370754	1
2	31889	0.370879	1
2	31889	0.370879	1
2	31901	0.371004	1
2	31911	0.371129	1
2	31922	0.371254	1
2	31932	0.371379	1
2	31932	0.371379	1
2	31944	0.371504	1
2	31954	0.371629	1
2	31965	0.371754	1
2	31975	0.371879	1
2	31975	0.371879	1
2	31987	0.372004	1
2	31997	0.372129	1
2	32008	0.372254	1
2	32018	0.372379	1
2	32018	0.372379	1
2	32030	0.372504	1
2	32040	0.372629	1
2	32051	0.372754	1
2	32061	0.372879	1
2	32061	0.372879	1
2	32073	0.373004	1
2	32083	0.373129	1
2	32094	0.373254	1
2	32104	0.373379	1
2	32104	0.373379	1
2	32116	0.373504	1
2	32126	0.373629	1
2	32137	0.373754	1
2	32147	0.373879	1
2	32147	0.373879	1
2	32159	0.374004	1
2	32169	0.374129	1
2	32180	0.374254	1
2	32190	0.374379	1
2	32190	0.374379	1
2	32202	0.374504	1
2	32212	0.374629	1
2	32223	0.374754	1
2	32233	0.374879	1
2	32233	0.374879	1
2	32245	0.375004	1
2	32255	0.375129	1
2	32266	0.375254	1
2	32276	0.375379	1
2	32276	0.375379	1
2	32288	0.375504	1
2	32298	0.375629	1
2	32309	0.375754	1
2	32319	0.375879	1
2	32319	0.375879	1
2	32331	0.376004	1
2	32341	0.376129	1
2	32352	0.376254	1
2	32362	0.376379	1
2	32362	0.376379	1
2	32374	0.376504	1
2	32384	0.376629	1
2	32395	0.376754	1
2	32405	0.376879	1
2	32405	0.376879	1
2	32417	0.377004	1
2	32427	0.377129	1
2	32438	0.377254	1
2	32448	0.377379	1
2	32448	0.377379	1
2	32460	0.377504	1
2	32470	0.377629	1
2	32481	0.377754	1
2	32491	0.377879	1
2	32491	0.377879	1
2	32503	0.378004	1
2	32513	0.378129	1
2	32524	0.378254	1
2	32534	0.378379	1
2	32534	0.378379	1
2	32546	0.378504	1
2	32556	0.378629	1
2	32567	0.378754	1
2	32577	0.378879	1
2	32577	0.378879	1
2	32589	0.379004	1
2	32599	0.379129	1
2	32610	0.379254	1
2	32620	0.379379	1
2	32620	0.379379	1
2	32632	0.379504	1
2	32642	0.379629	1
2	32653	0.379754	1
2	32663	0.379879	1
2	32663	0.379879	1
2	32675	0.380004	1
2	32685	0.380129	1
2	32696	0.380254	1
2	32706	0.380379	1
2	32706	0.380379	1
2	32718	0.380504	1
2	32728	0.380629	1
2	32739	0.380754	1
2	32749	0.380879	1
2	32749	0.380879	1
2	32761	0.381004	1
2	32771	0.381129	1
2	32782	0.381254	1
2	32792	0.381379	1
2	32792	0.381379	1
2	32804	0.381504	1
2	32814	0.381629	1
2	32825	0.381754	1
2	32835	0.381879	1
2	32835	0.381879	1
2	32847	0.382004	1
2	32857	0.382129	1
2	32868	0.382254	1
2	32878	0.382379	1
2	32878	0.382379	1
2	32890	0.382504	1
2	32900	0.382629	1
2	32911	0.382754	1
2	32921	0.382879	1
2	32921	0.382879	1
2	32933	0.383004	1
2	32943	0.383129	1
2	32954	0.383254	1
2	32964	0.383379	1
2	32964	0.383379	1
2	32976	0.383504	1
2	32986	0.383629	1
2	32997	0.383754	1
2	33007	0.383879	1
2	33007	0.383879	1
2	33019	0.384004	1
2	33029	0.384129	1
2	33040	0.384254	1
2	33050	0.384379	1
2	33050	0.384379	1
2	33062	0.384504	1
2	33072	0.384629	1
2	33083	0.384754	1
2	33093	0.384879	1
2	33093	0.384879	1
2	33105	0.385004	1
2	33115	0.385129	1
2	33126	0.385254	1
2	33136	0.385379	1
2	33136	0.385379	1
2	33148	0.385504	1
2	33158	0.385629	1
2	33169	0.385754	1
2	33179	0.385879	1
2	33179	0.385879	1
2	33191	0.386004	1
2	33201	0.386129	1
2	33212	0.386254	1
2	33222	0.386379	1
2	33222	0.386379	1
2	33234	0.386504	1
2	33244	0.386629	1
2	33255	0.386754	1
2	33265	0.386879	1
2	33265	0.386879	1
2	33277	0.387004	1
2	33287	0.387129	1
2	33298	0.387254	1
2	33308	0.387379	1
2	33308	0.387379	1
2	33320	0.387504	1
2	33330	0.387629	1
2	33341	0.387754	1
2	33351	0.387879	1
2	33351	0.387879	1
2	33363	0.388004	1
2	33373	0.388129	1
2	33384	0.388254	1
2	33394	0.388379	1
2	33394	0.388379	1
2	33406	0.388504	1
2	33416	0.388629	1
2	33427	0.388754	1
2	33437	0.388879	1
2	33437	0.388879	1
2	33449	0.389004	1
2	33459	0.389129	1
2	33470	0.389254	1
2	33480	0.389379	1
2	33480	0.389379	1
2	33492	0.389504	1
2	33502	0.389629	1
2	33513	0.389754	1
2	33523	0.389879	1
2	33523	0.389879	1
2	33535	0.390004	1
2	33545	0.390129	1
2	33556	0.390254	1
2	33566	0.390379	1
2	33566	0.390379	1
2	33578	0.390504	1
2	33588	0.390629	1
2	33599	0.390754	1
2	33609	0.390879	1
2	33609	0.390879	1
2	33621	0.391004	1
2	33631	0.391129	1
2	33642	0.391254	1
2	33652	0.391379	1
2	33652	0.391379	1
2	33664	0.391504	1
2	33674	0.391629	1
2	33685	0.391754	1
2	33695	0.391879	1
2	33695	0.391879	1
2	33707	0.392004	1
2	33717	0.392129	1
2	33728	0.392254	1
2	33738	0.392379	1
2	33738	0.392379	1
2	33750	0.392504	1
2	33760	0.392629	1
2	33771	0.392754	1
2	33781	0.392879	1
2	33781	0.392879	1
2	33793	0.393004	1
2	33803	0.393129	1
2	33814	0.393254	1
2	33824	0.393379	1
2	33824	0.393379	1
2	33836	0.393504	1
2	33846	0.393629	1
2	33857	0.393754	1
2	33867	0.393879	1
2	33867	0.393879	1
2	33879	0.394004	1
2	33889	0.394129	1
2	33900	0.394254	1
2	33910	0.394379	1
2	33910	0.394379	1
2	33922	0.394504	1
2	33932	0.394629	1
2	33943	0.394754	1
2	33953	0.394879	1
2	33953	0.394879	1
2	33965	0.395004	1
2	33975	0.395129	1
2	33986	0.395254	1
2	33996	0.395379	1
2	33996	0.395379	1
2	34008	0.395504	1
2	34018	0.395629	1
2	34029	0.395754	1
2	34039	0.395879	1
2	34039	0.395879	1
2	34051	0.396004	1
2	34061	0.396129	1
2	34072	0.396254	1
2	34082	0.396379	1
2	34082	0.396379	1
2	34094	0.396504	1
2	34104	0.396629	1
2	34115	0.396754	1
2	34125	0.396879	1
2	34125	0.396879	1
2	34137	0.397004	1
2	34147	0.397129	1
2	34158	0.397254	1
2	34168	0.397379	1
2	34168	0.397379	1
2	34180	0.397504	1
2	34190	0.397629	1
2	34201	0.397754	1
2	34211	0.397879	1
2	34211	0.397879	1
2	34223	0.398004	1
2	34233	0.398129	1
2	34244	0.398254	1
2	34254	0.398379	1
2	34254	0.398379	1
2	34266	0.398504	1
2	34276	0.398629	1
2	34287	0.398754	1
2	34297	0.398879	1
2	34297	0.398879	1
2	34309	0.399004	1
2	34319	0.399129	1
2	34330	0.399254	1
2	34340	0.399379	1
2	34340	0.399379	1
2	34352	0.399504	1
2	34362	0.399629	1
2	34373	0.399754	1
2	34383	0.399879	1
2	34383	0.399879	1
2	34395	0.400004	1
2	34405	0.400129	1
2	34416	0.400254	1
2	34426	0.400379	1
2	34426	0.400379	1
2	34438	0.400504	1
2	34448	0.400629	1
2	34459	0.400754	1
2	34469	0.400879	1
2	34469	0.400879	1
2	34481	0.401004	1
2	34491	0.401129	1
2	34502	0.401254	1
2	34512	0.401379	1
2	34512	0.401379	1
2	34524	0.401504	1
2	34534	0.401629	1
2	34545	0.401754	1
2	34555	0.401879	1
2	34555	0.401879	1
2	34567	0.402004	1
2	34577	0.402129	1
2	34588	0.402254	1
2	34598	0.402379	1
2	34598	0.402379	1
2	34610	0.402504	1
2	34620	0.402629	1
2	34631	0.402754	1
2	34641	0.402879	1
2	34641	0.402879	1
2	34653	0.403004	1
2	34663	0.403129	1
2	34674	0.403254	1
2	34684	0.403379	1
2	34684	0.403379	1
2	34696	0.403504	1
2	34706	0.403629	1
2	34717	0.403754	1
2	34727	0.403879	1
2	34727	0.403879	1
2	34739	0.404004	1
2	34749	0.404129	1
2	34760	0.404254	1
2	34770	0.404379	1
2	34770	0.404379	1
2	34782	0.404504	1
2	34792	0.404629	1
2	34803	0.404754	1
2	34813	0.404879	1
2	34813	0.404879	1
2	34825	0.405004	1
2	34835	0.405129	1
2	34846	0.405254	1
2	34856	0.405379	1
2	34856	0.405379	1
2	34868	0.405504	1
2	34878	0.405629	1
2	34889	0.405754	1
2	34899	0.405879	1
2	34899	0.405879	1
2	34911	0.406004	1
2	34921	0.406129	1
2	34932	0.406254	1
2	34942	0.406379	1
2	34942	0.406379	1
2	34954	0.406504	1
2	34964	0.406629	1
2	34975	0.406754	1
2	34985	0.406879	1
2	34985	0.406879	1
2	34997	0.407004	1
2	35007	0.407129	1
2	35018	0.407254	1
2	35028	0.407379	1
2	35028	0.407379	1
2	35040	0.407504	1
2	35050	0.407629	1
2	35061	0.407754	1
2	35071	0.407879	1
2	35071	0.407879	1
2	35083	0.408004	1
2	35093	0.408129	1
2	35104	0.408254	1
2	35114	0.408379	1
2	35114	0.408379	1
2	35126	0.408504	1
2	35136	0.408629	1
2	35147	0.408754	1
2	35157	0.408879	1
2	35157	0.408879	1
2	35169	0.409004	1
2	35179	0.409129	1
2	35190	0.409254	1
2	35200	0.409379	1
2	35200	0.409379	1
2	35212	0.409504	1
2	35222	0.409629	1
2	35233	0.409754	1
2	35243	0.409879	1
2	35243	0.409879	1
2	35255	0.410004	1
2	35265	0.410129	1
2	35276	0.410254	1
2	35286	0.410379	1
2	35286	0.410379	1
2	35298	0.410504	1
2	35308	0.410629	1
2	35319	0.410754	1
2	35329	0.410879	1
2	35329	0.410879	1
2	35341	0.411004	1
2	35351	0.411129	1
2	35362	0.411254	1
2	35372	0.411379	1
2	35372	0.411379	1
2	35384	0.411504	1
2	35394	0.411629	1
2	35405	0.411754	1
2	35415	0.411879	1
2	35415	0.411879	1
2	35427	0.412004	1
2	35437	0.412129	1
2	35448	0.412254	1
2	35458	0.412379	1
2	35458	0.412379	1
2	35470	0.412504	1
2	35480	0.412629	1
2	35491	0.412754	1
2	35501	0.412879	1
2	35501	0.412879	1
2	35513	0.413004	1
2	35523	0.413129	1
2	35534	0.413254	1
2	35544	0.413379	1
2	35544	0.413379	1
2	35556	0.413504	1
2	35566	0.413629	1
2	35577	0.413754	1
2	35587	0.413879	1
2	35587	0.413879	1
2	35599	0.414004	1
2	35609	0.414129	1
2	35620	0.414254	1
2	35630	0.414379	1
2	35630	0.414379	1
2	35642	0.414504	1
2	35652	0.414629	1
2	35663	0.414754	1
2	35673	0.414879	1
2	35673	0.414879	1
2	35685	0.415004	1
2	35695	0.415129	1
2	35706	0.415254	1
2	35716	0.415379	1
2	35716	0.415379	1
2	35728	0.415504	1
2	35738	0.415629	1
2	35749	0.415754	1
2	35759	0.415879	1
2	35759	0.415879	1
2	35771	0.416004	1
2	35781	0.416129	1
2	35792	0.416254	1
2	35802	0.416379	1
2	35802	0.416379	1
2	35814	0.416504	1
2	35824	0.416629	1
2	35835	0.416754	1
2	35845	0.416879	1
2	35845	0.416879	1
2	35857	0.417004	1
2	35867	0.417129	1
2	35878	0.417254	1
2	35888	0.417379	1
2	35888	0.417379	1
2	35900	0.417504	1
2	35910	0.417629	1
2	35921	0.417754	1
2	35931	0.417879	1
2	35931	0.417879	1
2	35943	0.418004	1
2	35953	0.418129	1
2	35964	0.418254	1
2	35974	0.418379	1
2	35974	0.418379	1
2	35986	0.418504	1
2	35996	0.418629	1
2	36007	0.418754	1
2	36017	0.418879	1
2	36017	0.418879	1
2	36029	0.419004	1
2	36039	0.419129	1
2	36050	0.419254	1
2	36060	0.419379	1
2	36060	0.419379	1
2	36072	0.419504	1
2	36082	0.419629	1
2	36093	0.419754	1
2	36103	0.419879	1
2	36103	0.419879	1
2	36115	0.420004	1
2	36125	0.420129	1
2	36136	0.420254	1
2	36146	0.420379	1
2	36146	0.420379	1
2	36158	0.420504	1
2	36168	0.420629	1
2	36179	0.420754	1
2	36189	0.420879	1
2	36189	0.420879	1
2	36201	0.421004	1
2	36211	0.421129	1
2	36222	0.421254	1
2	36232	0.421379	1
2	36232	0.421379	1
2	36244	0.421504	1
2	36254	0.421629	1
2	36265	0.421754	1
2	36275	0.421879	1
2	36275	0.421879	1
2	36287	0.422004	1
2	36297	0.422129	1
2	36308	0.422254	1
2	36318	0.422379	1
2	36318	0.422379	1
2	36330	0.422504	1
2	36340	0.422629	1
2	36351	0.422754	1
2	36361	0.422879	1
2	36361	0.422879	1
2	36373	0.423004	1
2	36383	0.423129	1
2	36394	0.423254	1
2	36404	0.423379	1
2	36404	0.423379	1
2	36416	0.423504	1
2	36426	0.423629	1
2	36437	0.423754	1
2	36447	0.423879	1
2	36447	0.423879	1
2	36459	0.424004	1
2	36469	0.424129	1
2	36480	0.424254	1
2	36490	0.424379	1
2	36490	0.424379	1
2	36502	0.424504	1
2	36512	0.424629	1
2	36523	0.424754	1
2	36533	0.424879	1
2	36533	0.424879	1
2	36545	0.425004	1
2	36555	0.425129	1
2	36566	0.425254	1
2	36576	0.425379	1
2	36576	0.425379	1
2	36588	0.425504	1
2	36598	0.425629	1
2	36609	0.425754	1
2	36619	0.425879	1
2	36619	0.425879	1
2	36631	0.426004	1
2	36641	0.426129	1
2	36652	0.426254	1
2	36662	0.426379	1
2	36662	0.426379	1
2	36674	0.426504	1
2	36684	0.426629	1
2	36695	0.426754	1
2	36705	0.426879	1
2	36705	0.426879	1
2	36717	0.427004	1
2	36727	0.427129	1
2	36738	0.427254	1
2	36748	0.427379	1
2	36748	0.427379	1
2	36760	0.427504	1
2	36770	0.427629	1
2	36781	0.427754	1
2	36791	0.427879	1
2	36791	0.427879	1
2	36803	0.428004	1
2	36813	0.428129	1
2	36824	0.428254	1
2	36834	0.428379	1
2	36834	0.428379	1
2	36846	0.428504	1
2	36856	0.428629	1
2	36867	0.428754	1
2	36877	0.428879	1
2	36877	0.428879	1
2	36889	0.429004	1
2	36899	0.429129	1
2	36910	0.429254	1
2	36920	0.429379	1
2	36920	0.429379	1
2	36932	0.429504	1
2	36942	0.429629	1
2	36953	0.429754	1
2	36963	0.429879	1
2	36963	0.429879	1
2	36975	0.430004	1
2	36985	0.430129	1
2	36996	0.430254	1
2	37006	0.430379	1
2	37006	0.430379	1
2	37018	0.430504	1
2	37028	0.430629	1
2	37039	0.430754	1
2	37049	0.430879	1
2	37049	0.430879	1
2	37061	0.431004	1
2	37071	0.431129	1
2	37082	0.431254	1
2	37092	0.431379	1
2	37092	0.431379	1
2	37104	0.431504	1
2	37114	0.431629	1
2	37125	0.431754	1
2	37135	0.431879	1
2	37135	0.431879	1
2	37147	0.432004	1
2	37157	0.432129	1
2	37168	0.432254	1
2	37178	0.432379	1
2	37178	0.432379	1
2	37190	0.432504	1
2	37200	0.432629	1
2	37211	0.432754	1
2	37221	0.432879	1
2	37221	0.432879	1
2	37233	0.433004	1
2	37243	0.433129	1
2	37254	0.433254	1
2	37264	0.433379	1
2	37264	0.433379	1
2	37276	0.433504	1
2	37286	0.433629	1
2	37297	0.433754	1
2	37307	0.433879	1
2	37307	0.433879	1
2	37319	0.434004	1
2	37329	0.434129	1
2	37340	0.434254	1
2	37350	0.434379	1
2	37350	0.434379	1
2	37362	0.434504	1
2	37372	0.434629	1
2	37383	0.434754	1
2	37393	0.434879	1
2	37393	0.434879	1
2	37405	0.435004	1
2	37415	0.435129	1
2	37426	0.435254	1
2	37436	0.435379	1
2	37436	0.435379	1
2	37448	0.435504	1
2	37458	0.435629	1
2	37469	0.435754	1
2	37479	0.435879	1
2	37479	0.435879	1
2	37491	0.436004	1
2	37501	0.436129	1
2	37512	0.436254	1
2	37522	0.436379	1
2	37522	0.436379	1
2	37534	0.436504	1
2	37544	0.436629	1
2	37555	0.436754	1
2	37565	0.436879	1
2	37565	0.436879	1
2	37577	0.437004	1
2	37587	0.437129	1
2	37598	0.437254	1
2	37608	0.437379	1
2	37608	0.437379	1
2	37620	0.437504	1
2	37630	0.437629	1
2	37641	0.437754	1
2	37651	0.437879	1
2	37651	0.437879	1
2	37663	0.438004	1
2	37673	0.438129	1
2	37684	0.438254	1
2	37694	0.438379	1
2	37694	0.438379	1
2	37706	0.438504	1
2	37716	0.438629	1
2	37727	0.438754	1
2	37737	0.438879	1
2	37737	0.438879	1
2	37749	0.439004	1
2	37759	0.439129	1
2	37770	0.439254	1
2	37780	0.439379	1
2	37780	0.439379	1
2	37792	0.439504	1
2	37802	0.439629	1
2	37813	0.439754	1
2	37823	0.439879	1
2	37823	0.439879	1
2	37835	0.440004	1
2	37845	0.440129	1
2	37856	0.440254	1
2	37866	0.440379	1
2	37866	0.440379	1
2	37878	0.440504	1
2	37888	0.440629	1
2	37899	0.440754	1
2	37909	0.440879	1
2	37909	0.440879	1
2	37921	0.441004	1
2	37931	0.441129	1
2	37942	0.441254	1
2	37952	0.441379	1
2	37952	0.441379	1
2	37964	0.441504	1
2	37974	0.441629	1
2	37985	0.441754	1
2	37995	0.441879	1
2	37995	0.441879	1
2	38007	0.442004	1
2	38017	0.442129	1
2	38028	0.442254	1
2	38038	0.442379	1
2	38038	0.442379	1
2	38050	0.442504	1
2	38060	0.442629	1
2	38071	0.442754	1
2	38081	0.442879	1
2	38081	0.442879	1
2	38093	0.443004	1
2	38103	0.443129	1
2	38114	0.443254	1
2	38124	0.443379	1
2	38124	0.443379	1
2	38136	0.443504	1
2	38146	0.443629	1
2	38157	0.443754	1
2	38167	0.443879	1
2	38167	0.443879	1
2	38179	0.444004	1
2	38189	0.444129	1
2	38200	0.444254	1
2	38210	0.444379	1
2	38210	0.444379	1
2	38222	0.444504	1
2	38232	0.444629	1
2	38243	0.444754	1
2	38253	0.444879	1
2	38253	0.444879	1
2	38265	0.445004	1
2	38275	0.445129	1
2	38286	0.445254	1
2	38296	0.445379	1
2	38296	0.445379	1
2	38308	0.445504	1
2	38318	0.445629	1
2	38329	0.445754	1
2	38339	0.445879	1
2	38339	0.445879	1
2	38351	0.446004	1
2	38361	0.446129	1
2	38372	0.446254	1
2	38382	0.446379	1
2	38382	0.446379	1
2	38394	0.446504	1
2	38404	0.446629	1
2	38415	0.446754	1
2	38425	0.446879	1
2	38425	0.446879	1
2	38437	0.447004	1
2	38447	0.447129	1
2	38458	0.447254	1
2	38468	0.447379	1
2	38468	0.447379	1
2	38480	0.447504	1
2	38490	0.447629	1
2	38501	0.447754	1
2	38511	0.447879	1
2	38511	0.447879	1
2	38523	0.448004	1
2	38533	0.448129	1
2	38544	0.448254	1
2	38554	0.448379	1
2	38554	0.448379	1
2	38566	0.448504	1
2	38576	0.448629	1
2	38587	0.448754	1
2	38597	0.448879	1
2	38597	0.448879	1
2	38609	0.449004	1
2	38619	0.449129	1
2	38630	0.449254	1
2	38640	0.449379	1
2	38640	0.449379	1
2	38652	0.449504	1
2	38662	0.449629	1
2	38673	0.449754	1
2	38683	0.449879	1
2	38683	0.449879	1
2	38695	0.450004	1
2	38705	0.450129	1
2	38716	0.450254	1
2	38726	0.450379	1
2	38726	0.450379	1
2	38738	0.450504	1
2	38748	0.450629	1
2	38759	0.450754	1
2	38769	0.450879	1
2	38769	0.450879	1
2	38781	0.451004	1
2	38791	0.451129	1
2	38802	0.451254	1
2	38812	0.451379	1
2	38812	0.451379	1
2	38824	0.451504	1
2	38834	0.451629	1
2	38845	0.451754	1
2	38855	0.451879	1
2	38855	0.451879	1
2	38867	0.452004	1
2	38877	0.452129	1
2	38888	0.452254	1
2	38898	0.452379	1
2	38898	0.452379	1
2	38910	0.452504	1
2	38920	0.452629	1
2	38931	0.452754	1
2	38941	0.452879	1
2	38941	0.452879	1
2	38953	0.453004	1
2	38963	0.453129	1
2	38974	0.453254	1
2	38984	0.453379	1
2	38984	0.453379	1
2	38996	0.453504	1
2	39006	0.453629	1
2	39017	0.453754	1
2	39027	0.453879	1
2	39027	0.453879	1
2	39039	0.454004	1
2	39049	0.454129	1
2	39060	0.454254	1
2	39070	0.454379	1
2	39070	0.454379	1
2	39082	0.454504	1
2	39092	0.454629	1
2	39103	0.454754	1
2	39113	0.454879	1
2	39113	0.454879	1
2	39125	0.455004	1
2	39135	0.455129	1
2	39146	0.455254	1
2	39156	0.455379	1
2	39156	0.455379	1
2	39168	0.455504	1
2	39178	0.455629	1
2	39189	0.455754	1
2	39199	0.455879	1
2	39199	0.455879	1
2	39211	0.456004	1
2	39221	0.456129	1
2	39232	0.456254	1
2	39242	0.456379	1
2	39242	0.456379	1
2	39254	0.456504	1
2	39264	0.456629	1
2	39275	0.456754	1
2	39285	0.456879	1
2	39285	0.456879	1
2	39297	0.457004	1
2	39307	0.457129	1
2	39318	0.457254	1
2	39328	0.457379	1
2	39328	0.457379	1
2	39340	0.457504	1
2	39350	0.457629	1
2	39361	0.457754	1
2	39371	0.457879	1
2	39371	0.457879	1
2	39383	0.458004	1
2	39393	0.458129	1
2	39404	0.458254	1
2	39414	0.458379	1
2	39414	0.458379	1
2	39426	0.458504	1
2	39436	0.458629	1
2	39447	0.458754	1
2	39457	0.458879	1
2	39457	0.458879	1
2	39469	0.459004	1
2	39479	0.459129	1
2	39490	0.459254	1
2	39500	0.459379	1
2	39500	0.459379	1
2	39512	0.459504	1
2	39522	0.459629	1
2	39533	0.459754	1
2	39543	0.459879	1
2	39543	0.459879	1
2	39555	0.460004	1
2	39565	0.460129	1
2	39576	0.460254	1
2	39586	0.460379	1
2	39586	0.460379	1
2	39598	0.460504	1
2	39608	0.460629	1
2	39619	0.460754	1
2	39629	0.460879	1
2	39629	0.460879	1
2	39641	0.461004	1
2	39651	0.461129	1
2	39662	0.461254	1
2	39672	0.461379	1
2	39672	0.461379	1
2	39684	0.461504	1
2	39694	0.461629	1
2	39705	0.461754	1
2	39715	0.461879	1
2	39715	0.461879	1
2	39727	0.462004	1
2	39737	0.462129	1
2	39748	0.462254	1
2	39758	0.462379	1
2	39758	0.462379	1
2	39770	0.462504	1
2	39780	0.462629	1
2	39791	0.462754	1
2	39801	0.462879	1
2	39801	0.462879	1
2	39813	0.463004	1
2	39823	0.463129	1
2	39834	0.463254	1
2	39844	0.463379	1
2	39844	0.463379	1
2	39856	0.463504	1
2	39866	0.463629	1
2	39877	0.463754	1
2	39887	0.463879	1
2	39887	0.463879	1
2	39899	0.464004	1
2	39909	0.464129	1
2	39920	0.464254	1
2	39930	0.464379	1
2	39930	0.464379	1
2	39942	0.464504	1
2	39952	0.464629	1
2	39963	0.464754	1
2	39973	0.464879	1
2	39973	0.464879	1
2	39985	0.465004	1
2	39995	0.465129	1
2	40006	0.465254	1
2	40016	0.465379	1
2	40016	0.465379	1
2	40028	0.465504	1
2	40038	0.465629	1
2	40049	0.465754	1
2	40059	0.465879	1
2	40059	0.465879	1
2	40071	0.466004	1
2	40081	0.466129	1
2	40092	0.466254	1
2	40102	0.466379	1
2	40102	0.466379	1
2	40114	0.466504	1
2	40124	0.466629	1
2	40135	0.466754	1
2	40145	0.466879	1
2	40145	0.466879	1
2	40157	0.467004	1
2	40167	0.467129	1
2	40178	0.467254	1
2	40188	0.467379	1
2	40188	0.467379	1
2	40200	0.467504	1
2	40210	0.467629	1
2	40221	0.467754	1
2	40231	0.467879	1
2	40231	0.467879	1
2	40243	0.468004	1
2	40253	0.468129	1
2	40264	0.468254	1
2	40274	0.468379	1
2	40274	0.468379	1
2	40286	0.468504	1
2	40296	0.468629	1
2	40307	0.468754	1
2	40317	0.468879	1
2	40317	0.468879	1
2	40329	0.469004	1
2	40339	0.469129	1
2	40350	0.469254	1
2	40360	0.469379	1
2	40360	0.469379	1
2	40372	0.469504	1
2	40382	0.469629	1
2	40393	0.469754	1
2	40403	0.469879	1
2	40403	0.469879	1
2	40415	0.470004	1
2	40425	0.470129	1
2	40436	0.470254	1
2	40446	0.470379	1
2	40446	0.470379	1
2	40458	0.470504	1
2	40468	0.470629	1
2	40479	0.470754	1
2	40489	0.470879	1
2	40489	0.470879	1
2	40501	0.471004	1
2	40511	0.471129	1
2	40522	0.471254	1
2	40532	0.471379	1
2	40532	0.471379	1
2	40544	0.471504	1
2	40554	0.471629	1
2	40565	0.471754	1
2	40575	0.471879	1
2	40575	0.471879	1
2	40587	0.472004	1
2	40597	0.472129	1
2	40608	0.472254	1
2	40618	0.472379	1
2	40618	0.472379	1
2	40630	0.472504	1
2	40640	0.472629	1
2	40651	0.472754	1
2	40661	0.472879	1
2	40661	0.472879	1
2	40673	0.473004	1
2	40683	0.473129	1
2	40694	0.473254	1
2	40704	0.473379	1
2	40704	0.473379	1
2	40716	0.473504	1
2	40726	0.473629	1
2	40737	0.473754	1
2	40747	0.473879	1
2	40747	0.473879	1
2	40759	0.474004	1
2	40769	0.474129	1
2	40780	0.474254	1
2	40790	0.474379	1
2	40790	0.474379	1
2	40802	0.474504	1
2	40812	0.474629	1
2	40823	0.474754	1
2	40833	0.474879	1
2	40833	0.474879	1
2	40845	0.475004	1
2	40855	0.475129	1
2	40866	0.475254	1
2	40876	0.475379	1
2	40876	0.475379	1
2	40888	0.475504	1
2	40898	0.475629	1
2	40909	0.475754	1
2	40919	0.475879	1
2	40919	0.475879	1
2	40931	0.476004	1
2	40941	0.476129	1
2	40952	0.476254	1
2	40962	0.476379	1
2	40962	0.476379	1
2	40974	0.476504	1
2	40984	0.476629	1
2	40995	0.476754	1
2	41005	0.476879	1
2	41005	0.476879	1
2	41017	0.477004	1
2	41027	0.477129	1
2	41038	0.477254	1
2	41048	0.477379	1
2	41048	0.477379	1
2	41060	0.477504	1
2	41070	0.477629	1
2	41081	0.477754	1
2	41091	0.477879	1
2	41091	0.477879	1
2	41103	0.478004	1
2	41113	0.478129	1
2	41124	0.478254	1
2	41134	0.478379	1
2	41134	0.478379	1
2	41146	0.478504	1
2	41156	0.478629	1
2	41167	0.478754	1
2	41177	0.478879	1
2	41177	0.478879	1
2	41189	0.479004	1
2	41199	0.479129	1
2	41210	0.479254	1
2	41220	0.479379	1
2	41220	0.479379	1
2	41232	0.479504	1
2	41242	0.479629	1
2	41253	0.479754	1
2	41263	0.479879	1
2	41263	0.479879	1
2	41275	0.480004	1
2	41285	0.480129	1
2	41296	0.480254	1
2	41306	0.480379	1
2	41306	0.480379	1
2	41318	0.480504	1
2	41328	0.480629	1
2	41339	0.480754	1
2	41349	0.480879	1
2	41349	0.480879	1
2	41361	0.481004	1
2	41371	0.481129	1
2	41382	0.481254	1
2	41392	0.481379	1
2	41392	0.481379	1
2	41404	0.481504	1
2	41414	0.481629	1
2	41425	0.481754	1
2	41435	0.481879	1
2	41435	0.481879	1
2	41447	0.482004	1
2	41457	0.482129	1
2	41468	0.482254	1
2	41478	0.482379	1
2	41478	0.482379	1
2	41490	0.482504	1
2	41500	0.482629	1
2	41511	0.482754	1
2	41521	0.482879	1
2	41521	0.482879	1
2	41533	0.483004	1
2	41543	0.483129	1
2	41554	0.483254	1
2	41564	0.483379	1
2	41564	0.483379	1
2	41576	0.483504	1
2	41586	0.483629	1
2	41597	0.483754	1
2	41607	0.483879	1
2	41607	0.483879	1
2	41619	0.484004	1
2	41629	0.484129	1
2	41640	0.484254	1
2	41650	0.484379	1
2	41650	0.484379	1
2	41662	0.484504	1
2	41672	0.484629	1
2	41683	0.484754	1
2	41693	0.484879	1
2	41693	0.484879	1
2	41705	0.485004	1
2	41715	0.485129	1
2	41726	0.485254	1
2	41736	0.485379	1
2	41736	0.485379	1
2	41748	0.485504	1
2	41758	0.485629	1
2	41769	0.485754	1
2	41779	0.485879	1
2	41779	0.485879	1
2	41791	0.486004	1
2	41801	0.486129	1
2	41812	0.486254	1
2	41822	0.486379	1
2	41822	0.486379	1
2	41834	0.486504	1
2	41844	0.486629	1
2	41855	0.486754	1
2	41865	0.486879	1
2	41865	0.486879	1
2	41877	0.487004	1
2	41887	0.487129	1
2	41898	0.487254	1
2	41908	0.487379	1
2	41908	0.487379	1
2	41920	0.487504	1
2	41930	0.487629	1
2	41941	0.487754	1
2	41951	0.487879	1
2	41951	0.487879	1
2	41963	0.488004	1
2	41973	0.488129	1
2	41984	0.488254	1
2	41994	0.488379	1
2	41994	0.488379	1
2	42006	0.488504	1
2	42016	0.488629	1
2	42027	0.488754	1
2	42037	0.488879	1
2	42037	0.488879	1
2	42049	0.489004	1
2	42059	0.489129	1
2	42070	0.489254	1
2	42080	0.489379	1
2	42080	0.489379	1
2	42092	0.489504	1
2	42102	0.489629	1
2	42113	0.489754	1
2	42123	0.489879	1
2	42123	0.489879	1
2	42135	0.490004	1
2	42145	0.490129	1
2	42156	0.490254	1
2	42166	0.490379	1
2	42166	0.490379	1
2	42178	0.490504	1
2	42188	0.490629	1
2	42199	0.490754	1
2	42209	0.490879	1
2	42209	0.490879	1
2	42221	0.491004	1
2	42231	0.491129	1
2	42242	0.491254	1
2	42252	0.491379	1
2	42252	0.491379	1
2	42264	0.491504	1
2	42274	0.491629	1
2	42285	0.491754	1
2	42295	0.491879	1
2	42295	0.491879	1
2	42307	0.492004	1
2	42317	0.492129	1
2	42328	0.492254	1
2	42338	0.492379	1
2	42338	0.492379	1
2	42350	0.492504	1
2	42360	0.492629	1
2	42371	0.492754	1
2	42381	0.492879	1
2	42381	0.492879	1
2	42393	0.493004	1
2	42403	0.493129	1
2	42414	0.493254	1
2	42424	0.493379	1
2	42424	0.493379	1
2	42436	0.493504	1
2	42446	0.493629	1
2	42457	0.493754	1
2	42467	0.493879	1
2	42467	0.493879	1
2	42479	0.494004	1
2	42489	0.494129	1
2	42500	0.494254	1
2	42510	0.494379	1
2	42510	0.494379	1
2	42522	0.494504	1
2	42532	0.494629	1
2	42543	0.494754	1
2	42553	0.494879	1
2	42553	0.494879	1
2	42565	0.495004	1
2	42575	0.495129	1
2	42586	0.495254	1
2	42596	0.495379	1
2	42596	0.495379	1
2	42608	0.495504	1
2	42618	0.495629	1
2	42629	0.495754	1
2	42639	0.495879	1
2	42639	0.495879	1
2	42651	0.496004	1
2	42661	0.496129	1
2	42672	0.496254	1
2	42682	0.496379	1
2	42682	0.496379	1
2	42694	0.496504	1
2	42704	0.496629	1
2	42715	0.496754	1
2	42725	0.496879	1
2	42725	0.496879	1
2	42737	0.497004	1
2	42747	0.497129	1
2	42758	0.497254	1
2	42768	0.497379	1
2	42768	0.497379	1
2	42780	0.497504	1
2	42790	0.497629	1
2	42801	0.497754	1
2	42811	0.497879	1
2	42811	0.497879	1
2	42823	0.498004	1
2	42833	0.498129	1
2	42844	0.498254	1
2	42854	0.498379	1
2	42854	0.498379	1
2	42866	0.498504	1
2	42876	0.498629	1
2	42887	0.498754	1
2	42897	0.498879	1
2	42897	0.498879	1
2	42909	0.499004	1
2	42919	0.499129	1
2	42930	0.499254	1
2	42940	0.499379	1
2	42940	0.499379	1
2	42952	0.499504	1
2	42962	0.499629	1
2	42973	0.499754	1
2	42983	0.499879	1
2	42983	0.499879	1
2	42995	0.500004	1
2	43005	0.500129	1
2	43016	0.500254	1
2	43026	0.500379	1
2	43026	0.500379	1
2	43038	0.500504	1
2	43048	0.500629	1
2	43059	0.500754	1
2	43069	0.500879	1
2	43069	0.500879	1
2	43081	0.501004	1
2	43091	0.501129	1
2	43102	0.501254	1
2	43112	0.501379	1
2	43112	0.501379	1
2	43124	0.501504	1
2	43134	0.501629	1
2	43145	0.501754	1
2	43155	0.501879	1
2	43155	0.501879	1
2	43167	0.502004	1
2	43177	0.502129	1
2	43188	0.502254	1
2	43198	0.502379	1
2	43198	0.502379	1
2	43210	0.502504	1
2	43220	0.502629	1
2	43231	0.502754	1
2	43241	0.502879	1
2	43241	0.502879	1
2	43253	0.503004	1
2	43263	0.503129	1
2	43274	0.503254	1
2	43284	0.503379	1
2	43284	0.503379	1
2	43296	0.503504	1
2	43306	0.503629	1
2	43317	0.503754	1
2	43327	0.503879	1
2	43327	0.503879	1
2	43339	0.504004	1
2	43349	0.504129	1
2	43360	0.504254	1
2	43370	0.504379	1
2	43370	0.504379	1
2	43382	0.504504	1
2	43392	0.504629	1
2	43403	0.504754	1
2	43413	0.504879	1
2	43413	0.504879	1
2	43425	0.505004	1
2	43435	0.505129	1
2	43446	0.505254	1
2	43456	0.505379	1
2	43456	0.505379	1
2	43468	0.505504	1
2	43478	0.505629	1
2	43489	0.505754	1
2	43499	0.505879	1
2	43499	0.505879	1
2	43511	0.506004	1
2	43521	0.506129	1
2	43532	0.506254	1
2	43542	0.506379	1
2	43542	0.506379	1
2	43554	0.506504	1
2	43564	0.506629	1
2	43575	0.506754	1
2	43585	0.506879	1
2	43585	0.506879	1
2	43597	0.507004	1
2	43607	0.507129	1
2	43618	0.507254	1
2	43628	0.507379	1
2	43628	0.507379	1
2	43640	0.507504	1
2	43650	0.507629	1
2	43661	0.507754	1
2	43671	0.507879	1
2	43671	0.507879	1
2	43683	0.508004	1
2	43693	0.508129	1
2	43704	0.508254	1
2	43714	0.508379	1
2	43714	0.508379	1
2	43726	0.508504	1
2	43736	0.508629	1
2	43747	0.508754	1
2	43757	0.508879	1
2	43757	0.508879	1
2	43769	0.509004	1
2	43779	0.509129	1
2	43790	0.509254	1
2	43800	0.509379	1
2	43800	0.509379	1
2	43812	0.509504	1
2	43822	0.509629	1
2	43833	0.509754	1
2	43843	0.509879	1
2	43843	0.509879	1
2	43855	0.510004	1
2	43865	0.510129	1
2	43876	0.510254	1
2	43886	0.510379	1
2	43886	0.510379	1
2	43898	0.510504	1
2	43908	0.510629	1
2	43919	0.510754	1
2	43929	0.510879	1
2	43929	0.510879	1
2	43941	0.511004	1
2	43951	0.511129	1
2	43962	0.511254	1
2	43972	0.511379	1
2	43972	0.511379	1
2	43984	0.511504	1
2	43994	0.511629	1
2	44005	0.511754	1
2	44015	0.511879	1
2	44015	0.511879	1
2	44027	0.512004	1
2	44037	0.512129	1
2	44048	0.512254	1
2	44058	0.512379	1
2	44058	0.512379	1
2	44070	0.512504	1
2	44080	0.512629	1
2	44091	0.512754	1
2	44101	0.512879	1
2	44101	0.512879	1
2	44113	0.513004	1
2	44123	0.513129	1
2	44134	0.513254	1
2	44144	0.513379	1
2	44144	0.513379	1
2	44156	0.513504	1
2	44166	0.513629	1
2	44177	0.513754	1
2	44187	0.513879	1
2	44187	0.513879	1
2	44199	0.514004	1
2	44209	0.514129	1
2	44220	0.514254	1
2	44230	0.514379	1
2	44230	0.514379	1
2	44242	0.514504	1
2	44252	0.514629	1
2	44263	0.514754	1
2	44273	0.514879	1
2	44273	0.514879	1
2	44285	0.515004	1
2	44295	0.515129	1
2	44306	0.515254	1
2	44316	0.515379	1
2	44316	0.515379	1
2	44328	0.515504	1
2	44338	0.515629	1
2	44349	0.515754	1
2	44359	0.515879	1
2	44359	0.515879	1
2	44371	0.516004	1
2	44381	0.516129	1
2	44392	0.516254	1
2	44402	0.516379	1
2	44402	0.516379	1
2	44414	0.516504	1
2	44424	0.516629	1
2	44435	0.516754	1
2	44445	0.516879	1
2	44445	0.516879	1
2	44457	0.517004	1
2	44467	0.517129	1
2	44478	0.517254	1
2	44488	0.517379	1
2	44488	0.517379	1
2	44500	0.517504	1
2	44510	0.517629	1
2	44521	0.517754	1
2	44531	0.517879	1
2	44531	0.517879	1
2	44543	0.518004	1
2	44553	0.518129	1
2	44564	0.518254	1
2	44574	0.518379	1
2	44574	0.518379	1
2	44586	0.518504	1
2	44596	0.518629	1
2	44607	0.518754	1
2	44617	0.518879	1
2	44617	0.518879	1
2	44629	0.519004	1
2	44639	0.519129	1
2	44650	0.519254	1
2	44660	0.519379	1
2	44660	0.519379	1
2	44672	0.519504	1
2	44682	0.519629	1
2	44693	0.519754	1
2	44703	0.519879	1
2	44703	0.519879	1
2	44715	0.520004	1
2	44725	0.520129	1
2	44736	0.520254	1
2	44746	0.520379	1
2	44746	0.520379	1
2	44758	0.520504	1
2	44768	0.520629	1
2	44779	0.520754	1
2	44789	0.520879	1
2	44789	0.520879	1
2	44801	0.521004	1
2	44811	0.521129	1
2	44822	0.521254	1
2	44832	0.521379	1
2	44832	0.521379	1
2	44844	0.521504	1
2	44854	0.521629	1
2	44865	0.521754	1
2	44875	0.521879	1
2	44875	0.521879	1
2	44887	0.522004	1
2	44897	0.522129	1
2	44908	0.522254	1
2	44918	0.522379	1
2	44918	0.522379	1
2	44930	0.522504	1
2	44940	0.522629	1
2	44951	0.522754	1
2	44961	0.522879	1
2	44961	0.522879	1
2	44973	0.523004	1
2	44983	0.523129	1
2	44994	0.523254	1
2	45004	0.523379	1
2	45004	0.523379	1
2	45016	0.523504	1
2	45026	0.523629	1
2	45037	0.523754	1
2	45047	0.523879	1
2	45047	0.523879	1
2	45059	0.524004	1
2	45069	0.524129	1
2	45080	0.524254	1
2	45090	0.524379	1
2	45090	0.524379	1
2	45102	0.524504	1
2	45112	0.524629	1
2	45123	0.524754	1
2	45133	0.524879	1
2	45133	0.524879	1
2	45145	0.525004	1
2	45155	0.525129	1
2	45166	0.525254	1
2	45176	0.525379	1
2	45176	0.525379	1
2	45188	0.525504	1
2	45198	0.525629	1
2	45209	0.525754	1
2	45219	0.525879	1
2	45219	0.525879	1
2	45231	0.526004	1
2	45241	0.526129	1
2	45252	0.526254	1
2	45262	0.526379	1
2	45262	0.526379	1
2	45274	0.526504	1
2	45284	0.526629	1
2	45295	0.526754	1
2	45305	0.526879	1
2	45305	0.526879	1
2	45317	0.527004	1
2	45327	0.527129	1
2	45338	0.527254	1
2	45348	0.527379	1
2	45348	0.527379	1
2	45360	0.527504	1
2	45370	0.527629	1
2	45381	0.527754	1
2	45391	0.527879	1
2	45391	0.527879	1
2	45403	0.528004	1
2	45413	0.528129	1
2	45424	0.528254	1
2	45434	0.528379	1
2	45434	0.528379	1
2	45446	0.528504	1
2	45456	0.528629	1
2	45467	0.528754	1
2	45477	0.528879	1
2	45477	0.528879	1
2	45489	0.529004	1
2	45499	0.529129	1
2	45510	0.529254	1
2	45520	0.529379	1
2	45520	0.529379	1
2	45532	0.529504	1
2	45542	0.529629	1
2	45553	0.529754	1
2	45563	0.529879	1
2	45563	0.529879	1
2	45575	0.530004	1
2	45585	0.530129	1
2	45596	0.530254	1
2	45606	0.530379	1
2	45606	0.530379	1
2	45618	0.530504	1
2	45628	0.530629	1
2	45639	0.530754	1
2	45649	0.530879	1
2	45649	0.530879	1
2	45661	0.531004	1
2	45671	0.531129	1
2	45682	0.531254	1
2	45692	0.531379	1
2	45692	0.531379	1
2	45704	0.531504	1
2	45714	0.531629	1
2	45725	0.531754	1
2	45735	0.531879	1
2	45735	0.531879	1
2	45747	0.532004	1
2	45757	0.532129	1
2	45768	0.532254	1
2	45778	0.532379	1
2	45778	0.532379	1
2	45790	0.532504	1
2	45800	0.532629	1
2	45811	0.532754	1
2	45821	0.532879	1
2	45821	0.532879	1
2	45833	0.533004	1
2	45843	0.533129	1
2	45854	0.533254	1
2	45864	0.533379	1
2	45864	0.533379	1
2	45876	0.533504	1
2	45886	0.533629	1
2	45897	0.533754	1
2	45907	0.533879	1
2	45907	0.533879	1
2	45919	0.534004	1
2	45929	0.534129	1
2	45940	0.534254	1
2	45950	0.534379	1
2	45950	0.534379	1
2	45962	0.534504	1
2	45972	0.534629	1
2	45983	0.534754	1
2	45993	0.534879	1
2	45993	0.534879	1
2	46005	0.535004	1
2	46015	0.535129	1
2	46026	0.535254	1
2	46036	0.535379	1
2	46036	0.535379	1
2	46048	0.535504	1
2	46058	0.535629	1
2	46069	0.535754	1
2	46079	0.535879	1
2	46079	0.535879	1
2	46091	0.536004	1
2	46101	0.536129	1
2	46112	0.536254	1
2	46122	0.536379	1
2	46122	0.536379	1
2	46134	0.536504	1
2	46144	0.536629	1
2	46155	0.536754	1
2	46165	0.536879	1
2	46165	0.536879	1
2	46177	0.537004	1
2	46187	0.537129	1
2	46198	0.537254	1
2	46208	0.537379	1
2	46208	0.537379	1
2	46220	0.537504	1
2	46230	0.537629	1
2	46241	0.537754	1
2	46251	0.537879	1
2	46251	0.537879	1
2	46263	0.538004	1
2	46273	0.538129	1
2	46284	0.538254	1
2	46294	0.538379	1
2	46294	0.538379	1
2	46306	0.538504	1
2	46316	0.538629	1
2	46327	0.538754	1
2	46337	0.538879	1
2	46337	0.538879	1
2	46349	0.539004	1
2	46359	0.539129	1
2	46370	0.539254	1
2	46380	0.539379	1
2	46380	0.539379	1
2	46392	0.539504	1
2	46402	0.539629	1
2	46413	0.539754	1
2	46423	0.539879	1
2	46423	0.539879	1
2	46435	0.540004	1
2	46445	0.540129	1
2	46456	0.540254	1
2	46466	0.540379	1
2	46466	0.540379	1
2	46478	0.540504	1
2	46488	0.540629	1
2	46499	0.540754	1
2	46509	0.540879	1
2	46509	0.540879	1
2	46521	0.541004	1
2	46531	0.541129	1
2	46542	0.541254	1
2	46552	0.541379	1
2	46552	0.541379	1
2	46564	0.541504	1
2	46574	0.541629	1
2	46585	0.541754	1
2	46595	0.541879	1
2	46595	0.541879	1
2	46607	0.542004	1
2	46617	0.542129	1
2	46628	0.542254	1
2	46638	0.542379	1
2	46638	0.542379	1
2	46650	0.542504	1
2	46660	0.542629	1
2	46671	0.542754	1
2	46681	0.542879	1
2	46681	0.542879	1
2	46693	0.543004	1
2	46703	0.543129	1
2	46714	0.543254	1
2	46724	0.543379	1
2	46724	0.543379	1
2	46736	0.543504	1
2	46746	0.543629	1
2	46757	0.543754	1
2	46767	0.543879	1
2	46767	0.543879	1
2	46779	0.544004	1
2	46789	0.544129	1
2	46800	0.544254	1
2	46810	0.544379	1
2	46810	0.544379	1
2	46822	0.544504	1
2	46832	0.544629	1
2	46843	0.544754	1
2	46853	0.544879	1
2	46853	0.544879	1
2	46865	0.545004	1
2	46875	0.545129	1
2	46886	0.545254	1
2	46896	0.545379	1
2	46896	0.545379	1
2	46908	0.545504	1
2	46918	0.545629	1
2	46929	0.545754	1
2	46939	0.545879	1
2	46939	0.545879	1
2	46951	0.546004	1
2	46961	0.546129	1
2	46972	0.546254	1
2	46982	0.546379	1
2	46982	0.546379	1
2	46994	0.546504	1
2	47004	0.546629	1
2	47015	0.546754	1
2	47025	0.546879	1
2	47025	0.546879	1
2	47037	0.547004	1
2	47047	0.547129	1
2	47058	0.547254	1
2	47068	0.547379	1
2	47068	0.547379	1
2	47080	0.547504	1
2	47090	0.547629	1
2	47101	0.547754	1
2	47111	0.547879	1
2	47111	0.547879	1
2	47123	0.548004	1
2	47133	0.548129	1
2	47144	0.548254	1
2	47154	0.548379	1
2	47154	0.548379	1
2	47166	0.548504	1
2	47176	0.548629	1
2	47187	0.548754	1
2	47197	0.548879	1
2	47197	0.548879	1
2	47209	0.549004	1
2	47219	0.549129	1
2	47230	0.549254	1
2	47240	0.549379	1
2	47240	0.549379	1
2	47252	0.549504	1
2	47262	0.549629	1
2	47273	0.549754	1
2	47283	0.549879	1
2	47283	0.549879	1
2	47295	0.550004	1
2	47305	0.550129	1
2	47316	0.550254	1
2	47326	0.550379	1
2	47326	0.550379	1
2	47338	0.550504	1
2	47348	0.550629	1
2	47359	0.550754	1
2	47369	0.550879	1
2	47369	0.550879	1
2	47381	0.551004	1
2	47391	0.551129	1
2	47402	0.551254	1
2	47412	0.551379	1
2	47412	0.551379	1
2	47424	0.551504	1
2	47434	0.551629	1
2	47445	0.551754	1
2	47455	0.551879	1
2	47455	0.551879	1
2	47467	0.552004	1
2	47477	0.552129	1
2	47488	0.552254	1
2	47498	0.552379	1
2	47498	0.552379	1
2	47510	0.552504	1
2	47520	0.552629	1
2	47531	0.552754	1
2	47541	0.552879	1
2	47541	0.552879	1
2	47553	0.553004	1
2	47563	0.553129	1
2	47574	0.553254	1
2	47584	0.553379	1
2	47584	0.553379	1
2	47596	0.553504	1
2	47606	0.553629	1
2	47617	0.553754	1
2	47627	0.553879	1
2	47627	0.553879	1
2	47639	0.554004	1
2	47649	0.554129	1
2	47660	0.554254	1
2	47670	0.554379	1
2	47670	0.554379	1
2	47682	0.554504	1
2	47692	0.554629	1
2	47703	0.554754	1
2	47713	0.554879	1
2	47713	0.554879	1
2	47725	0.555004	1
2	47735	0.555129	1
2	47746	0.555254	1
2	47756	0.555379	1
2	47756	0.555379	1
2	47768	0.555504	1
2	47778	0.555629	1
2	47789	0.555754	1
2	47799	0.555879	1
2	47799	0.555879	1
2	47811	0.556004	1
2	47821	0.556129	1
2	47832	0.556254	1
2	47842	0.556379	1
2	47842	0.556379	1
2	47854	0.556504	1
2	47864	0.556629	1
2	47875	0.556754	1
2	47885	0.556879	1
2	47885	0.556879	1
2	47897	0.557004	1
2	47907	0.557129	1
2	47918	0.557254	1
2	47928	0.557379	1
2	47928	0.557379	1
2	47940	0.557504	1
2	47950	0.557629	1
2	47961	0.557754	1
2	47971	0.557879	1
2	47971	0.557879	1
2	47983	0.558004	1
2	47993	0.558129	1
2	48004	0.558254	1
2	48014	0.558379	1
2	48014	0.558379	1
2	48026	0.558504	1
2	48036	0.558629	1
2	48047	0.558754	1
2	48057	0.558879	1
2	48057	0.558879	1
2	48069	0.559004	1
2	48079	0.559129	1
2	48090	0.559254	1
2	48100	0.559379	1
2	48100	0.559379	1
2	48112	0.559504	1
2	48122	0.559629	1
2	48133	0.559754	1
2	48143	0.559879	1
2	48143	0.559879	1
2	48155	0.560004	1
2	48165	0.560129	1
2	48176	0.560254	1
2	48186	0.560379	1
2	48186	0.560379	1
2	48198	0.560504	1
2	48208	0.560629	1
2	48219	0.560754	1
2	48229	0.560879	1
2	48229	0.560879	1
2	48241	0.561004	1
2	48251	0.561129	1
2	48262	0.561254	1
2	48272	0.561379	1
2	48272	0.561379	1
2	48284	0.561504	1
2	48294	0.561629	1
2	48305	0.561754	1
2	48315	0.561879	1
2	48315	0.561879	1
2	48327	0.562004	1
2	48337	0.562129	1
2	48348	0.562254	1
2	48358	0.562379	1
2	48358	0.562379	1
2	48370	0.562504	1
2	48380	0.562629	1
2	48391	0.562754	1
2	48401	0.562879	1
2	48401	0.562879	1
2	48413	0.563004	1
2	48423	0.563129	1
2	48434	0.563254	1
2	48444	0.563379	1
2	48444	0.563379	1
2	48456	0.563504	1
2	48466	0.563629	1
2	48477	0.563754	1
2	48487	0.563879	1
2	48487	0.563879	1
2	48499	0.564004	1
2	48509	0.564129	1
2	48520	0.564254	1
2	48530	0.564379	1
2	48530	0.564379	1
2	48542	0.564504	1
2	48552	0.564629	1
2	48563	0.564754	1
2	48573	0.564879	1
2	48573	0.564879	1
2	48585	0.565004	1
2	48595	0.565129	1
2	48606	0.565254	1
2	48616	0.565379	1
2	48616	0.565379	1
2	48628	0.565504	1
2	48638	0.565629	1
2	48649	0.565754	1
2	48659	0.565879	1
2	48659	0.565879	1
2	48671	0.566004	1
2	48681	0.566129	1
2	48692	0.566254	1
2	48702	0.566379	1
2	48702	0.566379	1
2	48714	0.566504	1
2	48724	0.566629	1
2	48735	0.566754	1
2	48745	0.566879	1
2	48745	0.566879	1
2	48757	0.567004	1
2	48767	0.567129	1
2	48778	0.567254	1
2	48788	0.567379	1
2	48788	0.567379	1
2	48800	0.567504	1
2	48810	0.567629	1
2	48821	0.567754	1
2	48831	0.567879	1
2	48831	0.567879	1
2	48843	0.568004	1
2	48853	0.568129	1
2	48864	0.568254	1
2	48874	0.568379	1
2	48874	0.568379	1
2	48886	0.568504	1
2	48896	0.568629	1
2	48907	0.568754	1
2	48917	0.568879	1
2	48917	0.568879	1
2	48929	0.569004	1
2	48939	0.569129	1
2	48950	0.569254	1
2	48960	0.569379	1
2	48960	0.569379	1
2	48972	0.569504	1
2	48982	0.569629	1
2	48993	0.569754	1
2	49003	0.569879	1
2	49003	0.569879	1
2	49015	0.570004	1
2	49025	0.570129	1
2	49036	0.570254	1
2	49046	0.570379	1
2	49046	0.570379	1
2	49058	0.570504	1
2	49068	0.570629	1
2	49079	0.570754	1
2	49089	0.570879	1
2	49089	0.570879	1
2	49101	0.571004	1
2	49111	0.571129	1
2	49122	0.571254	1
2	49132	0.571379	1
2	49132	0.571379	1
2	49144	0.571504	1
2	49154	0.571629	1
2	49165	0.571754	1
2	49175	0.571879	1
2	49175	0.571879	1
2	49187	0.572004	1
2	49197	0.572129	1
2	49208	0.572254	1
2	49218	0.572379	1
2	49218	0.572379	1
2	49230	0.572504	1
2	49240	0.572629	1
2	49251	0.572754	1
2	49261	0.572879	1
2	49261	0.572879	1
2	49273	0.573004	1
2	49283	0.573129	1
2	49294	0.573254	1
2	49304	0.573379	1
2	49304	0.573379	1
2	49316	0.573504	1
2	49326	0.573629	1
2	49337	0.573754	1
2	49347	0.573879	1
2	49347	0.573879	1
2	49359	0.574004	1
2	49369	0.574129	1
2	49380	0.574254	1
2	49390	0.574379	1
2	49390	0.574379	1
2	49402	0.574504	1
2	49412	0.574629	1
2	49423	0.574754	1
2	49433	0.574879	1
2	49433	0.574879	1
2	49445	0.575004	1
2	49455	0.575129	1
2	49466	0.575254	1
2	49476	0.575379	1
2	49476	0.575379	1
2	49488	0.575504	1
2	49498	0.575629	1
2	49509	0.575754	1
2	49519	0.575879	1
2	49519	0.575879	1
2	49531	0.576004	1
2	49541	0.576129	1
2	49552	0.576254	1
2	49562	0.576379	1
2	49562	0.576379	1
2	49574	0.576504	1
2	49584	0.576629	1
2	49595	0.576754	1
2	49605	0.576879	1
2	49605	0.576879	1
2	49617	0.577004	1
2	49627	0.577129	1
2	49638	0.577254	1
2	49648	0.577379	1
2	49648	0.577379	1
2	49660	0.577504	1
2	49670	0.577629	1
2	49681	0.577754	1
2	49691	0.577879	1
2	49691	0.577879	1
2	49703	0.578004	1
2	49713	0.578129	1
2	49724	0.578254	1
2	49734	0.578379	1
2	49734	0.578379	1
2	49746	0.578504	1
2	49756	0.578629	1
2	49767	0.578754	1
2	49777	0.578879	1
2	49777	0.578879	1
2	49789	0.579004	1
2	49799	0.579129	1
2	49810	0.579254	1
2	49820	0.579379	1
2	49820	0.579379	1
2	49832	0.579504	1
2	49842	0.579629	1
2	49853	0.579754	1
2	49863	0.579879	1
2	49863	0.579879	1
2	49875	0.580004	1
2	49885	0.580129	1
2	49896	0.580254	1
2	49906	0.580379	1
2	49906	0.580379	1
2	49918	0.580504	1
2	49928	0.580629	1
2	49939	0.580754	1
2	49949	0.580879	1
2	49949	0.580879	1
2	49961	0.581004	1
2	49971	0.581129	1
2	49982	0.581254	1
2	49992	0.581379	1
2	49992	0.581379	1
2	50004	0.581504	1
2	50014	0.581629	1
2	50025	0.581754	1
2	50035	0.581879	1
2	50035	0.581879	1
2	50047	0.582004	1
2	50057	0.582129	1
2	50068	0.582254	1
2	50078	0.582379	1
2	50078	0.582379	1
2	50090	0.582504	1
2	50100	0.582629	1
2	50111	0.582754	1
2	50121	0.582879	1
2	50121	0.582879	1
2	50133	0.583004	1
2	50143	0.583129	1
2	50154	0.583254	1
2	50164	0.583379	1
2	50164	0.583379	1
2	50176	0.583504	1
2	50186	0.583629	1
2	50197	0.583754	1
2	50207	0.583879	1
2	50207	0.583879	1
2	50219	0.584004	1
2	50229	0.584129	1
2	50240	0.584254	1
2	50250	0.584379	1
2	50250	0.584379	1
2	50262	0.584504	1
2	50272	0.584629	1
2	50283	0.584754	1
2	50293	0.584879	1
2	50293	0.584879	1
2	50305	0.585004	1
2	50315	0.585129	1
2	50326	0.585254	1
2	50336	0.585379	1
2	50336	0.585379	1
2	50348	0.585504	1
2	50358	0.585629	1
2	50369	0.585754	1
2	50379	0.585879	1
2	50379	0.585879	1
2	50391	0.586004	1
2	50401	0.586129	1
2	50412	0.586254	1
2	50422	0.586379	1
2	50422	0.586379	1
2	50434	0.586504	1
2	50444	0.586629	1
2	50455	0.586754	1
2	50465	0.586879	1
2	50465	0.586879	1
2	50477	0.587004	1
2	50487	0.587129	1
2	50498	0.587254	1
2	50508	0.587379	1
2	50508	0.587379	1
2	50520	0.587504	1
2	50530	0.587629	1
2	50541	0.587754	1
2	50551	0.587879	1
2	50551	0.587879	1
2	50563	0.588004	1
2	50573	0.588129	1
2	50584	0.588254	1
2	50594	0.588379	1
2	50594	0.588379	1
2	50606	0.588504	1
2	50616	0.588629	1
2	50627	0.588754	1
2	50637	0.588879	1
2	50637	0.588879	1
2	50649	0.589004	1
2	50659	0.589129	1
2	50670	0.589254	1
2	50680	0.589379	1
2	50680	0.589379	1
2	50692	0.589504	1
2	50702	0.589629	1
2	50713	0.589754	1
2	50723	0.589879	1
2	50723	0.589879	1
2	50735	0.590004	1
2	50745	0.590129	1
2	50756	0.590254	1
2	50766	0.590379	1
2	50766	0.590379	1
2	50778	0.590504	1
2	50788	0.590629	1
2	50799	0.590754	1
2	50809	0.590879	1
2	50809	0.590879	1
2	50821	0.591004	1
2	50831	0.591129	1
2	50842	0.591254	1
2	50852	0.591379	1
2	50852	0.591379	1
2	50864	0.591504	1
2	50874	0.591629	1
2	50885	0.591754	1
2	50895	0.591879	1
2	50895	0.591879	1
2	50907	0.592004	1
2	50917	0.592129	1
2	50928	0.592254	1
2	50938	0.592379	1
2	50938	0.592379	1
2	50950	0.592504	1
2	50960	0.592629	1
2	50971	0.592754	1
2	50981	0.592879	1
2	50981	0.592879	1
2	50993	0.593004	1
2	51003	0.593129	1
2	51014	0.593254	1
2	51024	0.593379	1
2	51024	0.593379	1
2	51036	0.593504	1
2	51046	0.593629	1
2	51057	0.593754	1
2	51067	0.593879	1
2	51067	0.593879	1
2	51079	0.594004	1
2	51089	0.594129	1
2	51100	0.594254	1
2	51110	0.594379	1
2	51110	0.594379	1
2	51122	0.594504	1
2	51132	0.594629	1
2	51143	0.594754	1
2	51153	0.594879	1
2	51153	0.594879	1
2	51165	0.595004	1
2	51175	0.595129	1
2	51186	0.595254	1
2	51196	0.595379	1
2	51196	0.595379	1
2	51208	0.595504	1
2	51218	0.595629	1
2	51229	0.595754	1
2	51239	0.595879	1
2	51239	0.595879	1
2	51251	0.596004	1
2	51261	0.596129	1
2	51272	0.596254	1
2	51282	0.596379	1
2	51282	0.596379	1
2	51294	0.596504	1
2	51304	0.596629	1
2	51315	0.596754	1
2	51325	0.596879	1
2	51325	0.596879	1
2	51337	0.597004	1
2	51347	0.597129	1
2	51358	0.597254	1
2	51368	0.597379	1
2	51368	0.597379	1
2	51380	0.597504	1
2	51390	0.597629	1
2	51401	0.597754	1
2	51411	0.597879	1
2	51411	0.597879	1
2	51423	0.598004	1
2	51433	0.598129	1
2	51444	0.598254	1
2	51454	0.598379	1
2	51454	0.598379	1
2	51466	0.598504	1
2	51476	0.598629	1
2	51487	0.598754	1
2	51497	0.598879	1
2	51497	0.598879	1
2	51509	0.599004	1
2	51519	0.599129	1
2	51530	0.599254	1
2	51540	0.599379	1
2	51540	0.599379	1
2	51552	0.599504	1
2	51562	0.599629	1
2	51573	0.599754	1
2	51583	0.599879	1
2	51583	0.599879	1
2	51595	0.600004	1
2	51605	0.600129	1
2	51616	0.600254	1
2	51626	0.600379	1
2	51626	0.600379	1
2	51638	0.600504	1
2	51648	0.600629	1
2	51659	0.600754	1
2	51669	0.600879	1
2	51669	0.600879	1
2	51681	0.601004	1
2	51691	0.601129	1
2	51702	0.601254	1
2	51712	0.601379	1
2	51712	0.601379	1
2	51724	0.601504	1
2	51734	0.601629	1
2	51745	0.601754	1
2	51755	0.601879	1
2	51755	0.601879	1
2	51767	0.602004	1
2	51777	0.602129	1
2	51788	0.602254	1
2	51798	0.602379	1
2	51798	0.602379	1
2	51810	0.602504	1
2	51820	0.602629	1
2	51831	0.602754	1
2	51841	0.602879	1
2	51841	0.602879	1
2	51853	0.603004	1
2	51863	0.603129	1
2	51874	0.603254	1
2	51884	0.603379	1
2	51884	0.603379	1
2	51896	0.603504	1
2	51906	0.603629	1
2	51917	0.603754	1
2	51927	0.603879	1
2	51927	0.603879	1
2	51939	0.604004	1
2	51949	0.604129	1
2	51960	0.604254	1
2	51970	0.604379	1
2	51970	0.604379	1
2	51982	0.604504	1
2	51992	0.604629	1
2	52003	0.604754	1
2	52013	0.604879	1
2	52013	0.604879	1
2	52025	0.605004	1
2	52035	0.605129	1
2	52046	0.605254	1
2	52056	0.605379	1
2	52056	0.605379	1
2	52068	0.605504	1
2	52078	0.605629	1
2	52089	0.605754	1
2	52099	0.605879	1
2	52099	0.605879	1
2	52111	0.606004	1
2	52121	0.606129	1
2	52132	0.606254	1
2	52142	0.606379	1
2	52142	0.606379	1
2	52154	0.606504	1
2	52164	0.606629	1
2	52175	0.606754	1
2	52185	0.606879	1
2	52185	0.606879	1
2	52197	0.607004	1
2	52207	0.607129	1
2	52218	0.607254	1
2	52228	0.607379	1
2	52228	0.607379	1
2	52240	0.607504	1
2	52250	0.607629	1
2	52261	0.607754	1
2	52271	0.607879	1
2	52271	0.607879	1
2	52283	0.608004	1
2	52293	0.608129	1
2	52304	0.608254	1
2	52314	0.608379	1
2	52314	0.608379	1
2	52326	0.608504	1
2	52336	0.608629	1
2	52347	0.608754	1
2	52357	0.608879	1
2	52357	0.608879	1
2	52369	0.609004	1
2	52379	0.609129	1
2	52390	0.609254	1
2	52400	0.609379	1
2	52400	0.609379	1
2	52412	0.609504	1
2	52422	0.609629	1
2	52433	0.609754	1
2	52443	0.609879	1
2	52443	0.609879	1
2	52455	0.610004	1
2	52465	0.610129	1
2	52476	0.610254	1
2	52486	0.610379	1
2	52486	0.610379	1
2	52498	0.610504	1
2	52508	0.610629	1
2	52519	0.610754	1
2	52529	0.610879	1
2	52529	0.610879	1
2	52541	0.611004	1
2	52551	0.611129	1
2	52562	0.611254	1
2	52572	0.611379	1
2	52572	0.611379	1
2	52584	0.611504	1
2	52594	0.611629	1
2	52605	0.611754	1
2	52615	0.611879	1
2	52615	0.611879	1
2	52627	0.612004	1
2	52637	0.612129	1
2	52648	0.612254	1
2	52658	0.612379	1
2	52658	0.612379	1
2	52670	0.612504	1
2	52680	0.612629	1
2	52691	0.612754	1
2	52701	0.612879	1
2	52701	0.612879	1
2	52713	0.613004	1
2	52723	0.613129	1
2	52734	0.613254	1
2	52744	0.613379	1
2	52744	0.613379	1
2	52756	0.613504	1
2	52766	0.613629	1
2	52777	0.613754	1
2	52787	0.613879	1
2	52787	0.613879	1
2	52799	0.614004	1
2	52809	0.614129	1
2	52820	0.614254	1
2	52830	0.614379	1
2	52830	0.614379	1
2	52842	0.614504	1
2	52852	0.614629	1
2	52863	0.614754	1
2	52873	0.614879	1
2	52873	0.614879	1
2	52885	0.615004	1
2	52895	0.615129	1
2	52906	0.615254	1
2	52916	0.615379	1
2	52916	0.615379	1
2	52928	0.615504	1
2	52938	0.615629	1
2	52949	0.615754	1
2	52959	0.615879	1
2	52959	0.615879	1
2	52971	0.616004	1
2	52981	0.616129	1
2	52992	0.616254	1
2	53002	0.616379	1
2	53002	0.616379	1
2	53014	0.616504	1
2	53024	0.616629	1
2	53035	0.616754	1
2	53045	0.616879	1
2	53045	0.616879	1
2	53057	0.617004	1
2	53067	0.617129	1
2	53078	0.617254	1
2	53088	0.617379	1
2	53088	0.617379	1
2	53100	0.617504	1
2	53110	0.617629	1
2	53121	0.617754	1
2	53131	0.617879	1
2	53131	0.617879	1
2	53143	0.618004	1
2	53153	0.618129	1
2	53164	0.618254	1
2	53174	0.618379	1
2	53174	0.618379	1
2	53186	0.618504	1
2	53196	0.618629	1
2	53207	0.618754	1
2	53217	0.618879	1
2	53217	0.618879	1
2	53229	0.619004	1
2	53239	0.619129	1
2	53250	0.619254	1
2	53260	0.619379	1
2	53260	0.619379	1
2	53272	0.619504	1
2	53282	0.619629	1
2	53293	0.619754	1
2	53303	0.619879	1
2	53303	0.619879	1
2	53315	0.620004	1
2	53325	0.620129	1
2	53336	0.620254	1
2	53346	0.620379	1
2	53346	0.620379	1
2	53358	0.620504	1
2	53368	0.620629	1
2	53379	0.620754	1
2	53389	0.620879	1
2	53389	0.620879	1
2	53401	0.621004	1
2	53411	0.621129	1
2	53422	0.621254	1
2	53432	0.621379	1
2	53432	0.621379	1
2	53444	0.621504	1
2	53454	0.621629	1
2	53465	0.621754	1
2	53475	0.621879	1
2	53475	0.621879	1
2	53487	0.622004	1
2	53497	0.622129	1
2	53508	0.622254	1
2	53518	0.622379	1
2	53518	0.622379	1
2	53530	0.622504	1
2	53540	0.622629	1
2	53551	0.622754	1
2	53561	0.622879	1
2	53561	0.622879	1
2	53573	0.623004	1
2	53583	0.623129	1
2	53594	0.623254	1
2	53604	0.623379	1
2	53604	0.623379	1
2	53616	0.623504	1
2	53626	0.623629	1
2	53637	0.623754	1
2	53647	0.623879	1
2	53647	0.623879	1
2	53659	0.624004	1
2	53669	0.624129	1
2	53680	0.624254	1
2	53690	0.624379	1
2	53690	0.624379	1
2	53702	0.624504	1
2	53712	0.624629	1
2	53723	0.624754	1
2	53733	0.624879	1
2	53733	0.624879	1
2	53745	0.625004	1
2	53755	0.625129	1
2	53766	0.625254	1
2	53776	0.625379	1
2	53776	0.625379	1
2	53788	0.625504	1
2	53798	0.625629	1
2	53809	0.625754	1
2	53819	0.625879	1
2	53819	0.625879	1
2	53831	0.626004	1
2	53841	0.626129	1
2	53852	0.626254	1
2	53862	0.626379	1
2	53862	0.626379	1
2	53874	0.626504	1
2	53884	0.626629	1
2	53895	0.626754	1
2	53905	0.626879	1
2	53905	0.626879	1
2	53917	0.627004	1
2	53927	0.627129	1
2	53938	0.627254	1
2	53948	0.627379	1
2	53948	0.627379	1
2	53960	0.627504	1
2	53970	0.627629	1
2	53981	0.627754	1
2	53991	0.627879	1
2	53991	0.627879	1
2	54003	0.628004	1
2	54013	0.628129	1
2	54024	0.628254	1
2	54034	0.628379	1
2	54034	0.628379	1
2	54046	0.628504	1
2	54056	0.628629	1
2	54067	0.628754	1
2	54077	0.628879	1
2	54077	0.628879	1
2	54089	0.629004	1
2	54099	0.629129	1
2	54110	0.629254	1
2	54120	0.629379	1
2	54120	0.629379	1
2	54132	0.629504	1
2	54142	0.629629	1
2	54153	0.629754	1
2	54163	0.629879	1
2	54163	0.629879	1
2	54175	0.630004	1
2	54185	0.630129	1
2	54196	0.630254	1
2	54206	0.630379	1
2	54206	0.630379	1
2	54218	0.630504	1
2	54228	0.630629	1
2	54239	0.630754	1
2	54249	0.630879	1
2	54249	0.630879	1
2	54261	0.631004	1
2	54271	0.631129	1
2	54282	0.631254	1
2	54292	0.631379	1
2	54292	0.631379	1
2	54304	0.631504	1
2	54314	0.631629	1
2	54325	0.631754	1
2	54335	0.631879	1
2	54335	0.631879	1
2	54347	0.632004	1
2	54357	0.632129	1
2	54368	0.632254	1
2	54378	0.632379	1
2	54378	0.632379	1
2	54390	0.632504	1
2	54400	0.632629	1
2	54411	0.632754	1
2	54421	0.632879	1
2	54421	0.632879	1
2	54433	0.633004	1
2	54443	0.633129	1
2	54454	0.633254	1
2	54464	0.633379	1
2	54464	0.633379	1
2	54476	0.633504	1
2	54486	0.633629	1
2	54497	0.633754	1
2	54507	0.633879	1
2	54507	0.633879	1
2	54519	0.634004	1
2	54529	0.634129	1
2	54540	0.634254	1
2	54550	0.634379	1
2	54550	0.634379	1
2	54562	0.634504	1
2	54572	0.634629	1
2	54583	0.634754	1
2	54593	0.634879	1
2	54593	0.634879	1
2	54605	0.635004	1
2	54615	0.635129	1
2	54626	0.635254	1
2	54636	0.635379	1
2	54636	0.635379	1
2	54648	0.635504	1
2	54658	0.635629	1
2	54669	0.635754	1
2	54679	0.635879	1
2	54679	0.635879	1
2	54691	0.636004	1
2	54701	0.636129	1
2	54712	0.636254	1
2	54722	0.636379	1
2	54722	0.636379	1
2	54734	0.636504	1
2	54744	0.636629	1
2	54755	0.636754	1
2	54765	0.636879	1
2	54765	0.636879	1
2	54777	0.637004	1
2	54787	0.637129	1
2	54798	0.637254	1
2	54808	0.637379	1
2	54808	0.637379	1
2	54820	0.637504	1
2	54830	0.637629	1
2	54841	0.637754	1
2	54851	0.637879	1
2	54851	0.637879	1
2	54863	0.638004	1
2	54873	0.638129	1
2	54884	0.638254	1
2	54894	0.638379	1
2	54894	0.638379	1
2	54906	0.638504	1
2	54916	0.638629	1
2	54927	0.638754	1
2	54937	0.638879	1
2	54937	0.638879	1
2	54949	0.639004	1
2	54959	0.639129	1
2	54970	0.639254	1
2	54980	0.639379	1
2	54980	0.639379	1
2	54992	0.639504	1
2	55002	0.639629	1
2	55013	0.639754	1
2	55023	0.639879	1
2	55023	0.639879	1
2	55035	0.640004	1
2	55045	0.640129	1
2	55056	0.640254	1
2	55066	0.640379	1
2	55066	0.640379	1
2	55078	0.640504	1
2	55088	0.640629	1
2	55099	0.640754	1
2	55109	0.640879	1
2	55109	0.640879	1
2	55121	0.641004	1
2	55131	0.641129	1
2	55142	0.641254	1
2	55152	0.641379	1
2	55152	0.641379	1
2	55164	0.641504	1
2	55174	0.641629	1
2	55185	0.641754	1
2	55195	0.641879	1
2	55195	0.641879	1
2	55207	0.642004	1
2	55217	0.642129	1
2	55228	0.642254	1
2	55238	0.642379	1
2	55238	0.642379	1
2	55250	0.642504	1
2	55260	0.642629	1
2	55271	0.642754	1
2	55281	0.642879	1
2	55281	0.642879	1
2	55293	0.643004	1
2	55303	0.643129	1
2	55314	0.643254	1
2	55324	0.643379	1
2	55324	0.643379	1
2	55336	0.643504	1
2	55346	0.643629	1
2	55357	0.643754	1
2	55367	0.643879	1
2	55367	0.643879	1
2	55379	0.644004	1
2	55389	0.644129	1
2	55400	0.644254	1
2	55410	0.644379	1
2	55410	0.644379	1
2	55422	0.644504	1
2	55432	0.644629	1
2	55443	0.644754	1
2	55453	0.644879	1
2	55453	0.644879	1
2	55465	0.645004	1
2	55475	0.645129	1
2	55486	0.645254	1
2	55496	0.645379	1
2	55496	0.645379	1
2	55508	0.645504	1
2	55518	0.645629	1
2	55529	0.645754	1
2	55539	0.645879	1
2	55539	0.645879	1
2	55551	0.646004	1
2	55561	0.646129	1
2	55572	0.646254	1
2	55582	0.646379	1
2	55582	0.646379	1
2	55594	0.646504	1
2	55604	0.646629	1
2	55615	0.646754	1
2	55625	0.646879	1
2	55625	0.646879	1
2	55637	0.647004	1
2	55647	0.647129	1
2	55658	0.647254	1
2	55668	0.647379	1
2	55668	0.647379	1
2	55680	0.647504	1
2	55690	0.647629	1
2	55701	0.647754	1
2	55711	0.647879	1
2	55711	0.647879	1
2	55723	0.648004	1
2	55733	0.648129	1
2	55744	0.648254	1
2	55754	0.648379	1
2	55754	0.648379	1
2	55766	0.648504	1
2	55776	0.648629	1
2	55787	0.648754	1
2	55797	0.648879	1
2	55797	0.648879	1
2	55809	0.649004	1
2	55819	0.649129	1
2	55830	0.649254	1
2	55840	0.649379	1
2	55840	0.649379	1
2	55852	0.649504	1
2	55862	0.649629	1
2	55873	0.649754	1
2	55883	0.649879	1
2	55883	0.649879	1
2	55895	0.650004	1
2	55905	0.650129	1
2	55916	0.650254	1
2	55926	0.650379	1
2	55926	0.650379	1
2	55938	0.650504	1
2	55948	0.650629	1
2	55959	0.650754	1
2	55969	0.650879	1
2	55969	0.650879	1
2	55981	0.651004	1
2	55991	0.651129	1
2	56002	0.651254	1
2	56012	0.651379	1
2	56012	0.651379	1
2	56024	0.651504	1
2	56034	0.651629	1
2	56045	0.651754	1
2	56055	0.651879	1
2	56055	0.651879	1
2	56067	0.652004	1
2	56077	0.652129	1
2	56088	0.652254	1
2	56098	0.652379	1
2	56098	0.652379	1
2	56110	0.652504	1
2	56120	0.652629	1
2	56131	0.652754	1
2	56141	0.652879	1
2	56141	0.652879	1
2	56153	0.653004	1
2	56163	0.653129	1
2	56174	0.653254	1
2	56184	0.653379	1
2	56184	0.653379	1
2	56196	0.653504	1
2	56206	0.653629	1
2	56217	0.653754	1
2	56227	0.653879	1
2	56227	0.653879	1
2	56239	0.654004	1
2	56249	0.654129	1
2	56260	0.654254	1
2	56270	0.654379	1
2	56270	0.654379	1
2	56282	0.654504	1
2	56292	0.654629	1
2	56303	0.654754	1
2	56313	0.654879	1
2	56313	0.654879	1
2	56325	0.655004	1
2	56335	0.655129	1
2	56346	0.655254	1
2	56356	0.655379	1
2	56356	0.655379	1
2	56368	0.655504	1
2	56378	0.655629	1
2	56389	0.655754	1
2	56399	0.655879	1
2	56399	0.655879	1
2	56411	0.656004	1
2	56421	0.656129	1
2	56432	0.656254	1
2	56442	0.656379	1
2	56442	0.656379	1
2	56454	0.656504	1
2	56464	0.656629	1
2	56475	0.656754	1
2	56485	0.656879	1
2	56485	0.656879	1
2	56497	0.657004	1
2	56507	0.657129	1
2	56518	0.657254	1
2	56528	0.657379	1
2	56528	0.657379	1
2	56540	0.657504	1
2	56550	0.657629	1
2	56561	0.657754	1
2	56571	0.657879	1
2	56571	0.657879	1
2	56583	0.658004	1
2	56593	0.658129	1
2	56604	0.658254	1
2	56614	0.658379	1
2	56614	0.658379	1
2	56626	0.658504	1
2	56636	0.658629	1
2	56647	0.658754	1
2	56657	0.658879	1
2	56657	0.658879	1
2	56669	0.659004	1
2	56679	0.659129	1
2	56690	0.659254	1
2	56700	0.659379	1
2	56700	0.659379	1
2	56712	0.659504	1
2	56722	0.659629	1
2	56733	0.659754	1
2	56743	0.659879	1
2	56743	0.659879	1
2	56755	0.660004	1
2	56765	0.660129	1
2	56776	0.660254	1
2	56786	0.660379	1
2	56786	0.660379	1
2	56798	0.660504	1
2	56808	0.660629	1
2	56819	0.660754	1
2	56829	0.660879	1
2	56829	0.660879	1
2	56841	0.661004	1
2	56851	0.661129	1
2	56862	0.661254	1
2	56872	0.661379	1
2	56872	0.661379	1
2	56884	0.661504	1
2	56894	0.661629	1
2	56905	0.661754	1
2	56915	0.661879	1
2	56915	0.661879	1
2	56927	0.662004	1
2	56937	0.662129	1
2	56948	0.662254	1
2	56958	0.662379	1
2	56958	0.662379	1
2	56970	0.662504	1
2	56980	0.662629	1
2	56991	0.662754	1
2	57001	0.662879	1
2	57001	0.662879	1
2	57013	0.663004	1
2	57023	0.663129	1
2	57034	0.663254	1
2	57044	0.663379	1
2	57044	0.663379	1
2	57056	0.663504	1
2	57066	0.663629	1
2	57077	0.663754	1
2	57087	0.663879	1
2	57087	0.663879	1
2	57099	0.664004	1
2	57109	0.664129	1
2	57120	0.664254	1
2	57130	0.664379	1
2	57130	0.664379	1
2	57142	0.664504	1
2	57152	0.664629	1
2	57163	0.664754	1
2	57173	0.664879	1
2	57173	0.664879	1
2	57185	0.665004	1
2	57195	0.665129	1
2	57206	0.665254	1
2	57216	0.665379	1
2	57216	0.665379	1
2	57228	0.665504	1
2	57238	0.665629	1
2	57249	0.665754	1
2	57259	0.665879	1
2	57259	0.665879	1
2	57271	0.666004	1
2	57281	0.666129	1
2	57292	0.666254	1
2	57302	0.666379	1
2	57302	0.666379	1
2	57314	0.666504	1
2	57324	0.666629	1
2	57335	0.666754	1
2	57345	0.666879	1
2	57345	0.666879	1
2	57357	0.667004	1
2	57367	0.667129	1
2	57378	0.667254	1
2	57388	0.667379	1
2	57388	0.667379	1
2	57400	0.667504	1
2	57410	0.667629	1
2	57421	0.667754	1
2	57431	0.667879	1
2	57431	0.667879	1
2	57443	0.668004	1
2	57453	0.668129	1
2	57464	0.668254	1
2	57474	0.668379	1
2	57474	0.668379	1
2	57486	0.668504	1
2	57496	0.668629	1
2	57507	0.668754	1
2	57517	0.668879	1
2	57517	0.668879	1
2	57529	0.669004	1
2	57539	0.669129	1
2	57550	0.669254	1
2	57560	0.669379	1
2	57560	0.669379	1
2	57572	0.669504	1
2	57582	0.669629	1
2	57593	0.669754	1
2	57603	0.669879	1
2	57603	0.669879	1
2	57615	0.670004	1
2	57625	0.670129	1
2	57636	0.670254	1
2	57646	0.670379	1
2	57646	0.670379	1
2	57658	0.670504	1
2	57668	0.670629	1
2	57679	0.670754	1
2	57689	0.670879	1
2	57689	0.670879	1
2	57701	0.671004	1
2	57711	0.671129	1
2	57722	0.671254	1
2	57732	0.671379	1
2	57732	0.671379	1
2	57744	0.671504	1
2	57754	0.671629	1
2	57765	0.671754	1
2	57775	0.671879	1
2	57775	0.671879	1
2	57787	0.672004	1
2	57797	0.672129	1
2	57808	0.672254	1
2	57818	0.672379	1
2	57818	0.672379	1
2	57830	0.672504	1
2	57840	0.672629	1
2	57851	0.672754	1
2	57861	0.672879	1
2	57861	0.672879	1
2	57873	0.673004	1
2	57883	0.673129	1
2	57894	0.673254	1
2	57904	0.673379	1
2	57904	0.673379	1
2	57916	0.673504	1
2	57926	0.673629	1
2	57937	0.673754	1
2	57947	0.673879	1
2	57947	0.673879	1
2	57959	0.674004	1
2	57969	0.674129	1
2	57980	0.674254	1
2	57990	0.674379	1
2	57990	0.674379	1
2	58002	0.674504	1
2	58012	0.674629	1
2	58023	0.674754	1
2	58033	0.674879	1
2	58033	0.674879	1
2	58045	0.675004	1
2	58055	0.675129	1
2	58066	0.675254	1
2	58076	0.675379	1
2	58076	0.675379	1
2	58088	0.675504	1
2	58098	0.675629	1
2	58109	0.675754	1
2	58119	0.675879	1
2	58119	0.675879	1
2	58131	0.676004	1
2	58141	0.676129	1
2	58152	0.676254	1
2	58162	0.676379	1
2	58162	0.676379	1
2	58174	0.676504	1
2	58184	0.676629	1
2	58195	0.676754	1
2	58205	0.676879	1
2	58205	0.676879	1
2	58217	0.677004	1
2	58227	0.677129	1
2	58238	0.677254	1
2	58248	0.677379	1
2	58248	0.677379	1
2	58260	0.677504	1
2	58270	0.677629	1
2	58281	0.677754	1
2	58291	0.677879	1
2	58291	0.677879	1
2	58303	0.678004	1
2	58313	0.678129	1
2	58324	0.678254	1
2	58334	0.678379	1
2	58334	0.678379	1
2	58346	0.678504	1
2	58356	0.678629	1
2	58367	0.678754	1
2	58377	0.678879	1
2	58377	0.678879	1
2	58389	0.679004	1
2	58399	0.679129	1
2	58410	0.679254	1
2	58420	0.679379	1
2	58420	0.679379	1
2	58432	0.679504	1
2	58442	0.679629	1
2	58453	0.679754	1
2	58463	0.679879	1
2	58463	0.679879	1
2	58475	0.680004	1
2	58485	0.680129	1
2	58496	0.680254	1
2	58506	0.680379	1
2	58506	0.680379	1
2	58518	0.680504	1
2	58528	0.680629	1
2	58539	0.680754	1
2	58549	0.680879	1
2	58549	0.680879	1
2	58561	0.681004	1
2	58571	0.681129	1
2	58582	0.681254	1
2	58592	0.681379	1
2	58592	0.681379	1
2	58604	0.681504	1
2	58614	0.681629	1
2	58625	0.681754	1
2	58635	0.681879	1
2	58635	0.681879	1
2	58647	0.682004	1
2	58657	0.682129	1
2	58668	0.682254	1
2	58678	0.682379	1
2	58678	0.682379	1
2	58690	0.682504	1
2	58700	0.682629	1
2	58711	0.682754	1
2	58721	0.682879	1
2	58721	0.682879	1
2	58733	0.683004	1
2	58743	0.683129	1
2	58754	0.683254	1
2	58764	0.683379	1
2	58764	0.683379	1
2	58776	0.683504	1
2	58786	0.683629	1
2	58797	0.683754	1
2	58807	0.683879	1
2	58807	0.683879	1
2	58819	0.684004	1
2	58829	0.684129	1
2	58840	0.684254	1
2	58850	0.684379	1
2	58850	0.684379	1
2	58862	0.684504	1
2	58872	0.684629	1
2	58883	0.684754	1
2	58893	0.684879	1
2	58893	0.684879	1
2	58905	0.685004	1
2	58915	0.685129	1
2	58926	0.685254	1
2	58936	0.685379	1
2	58936	0.685379	1
2	58948	0.685504	1
2	58958	0.685629	1
2	58969	0.685754	1
2	58979	0.685879	1
2	58979	0.685879	1
2	58991	0.686004	1
2	59001	0.686129	1
2	59012	0.686254	1
2	59022	0.686379	1
2	59022	0.686379	1
2	59034	0.686504	1
2	59044	0.686629	1
2	59055	0.686754	1
2	59065	0.686879	1
2	59065	0.686879	1
2	59077	0.687004	1
2	59087	0.687129	1
2	59098	0.687254	1
2	59108	0.687379	1
2	59108	0.687379	1
2	59120	0.687504	1
2	59130	0.687629	1
2	59141	0.687754	1
2	59151	0.687879	1
2	59151	0.687879	1
2	59163	0.688004	1
2	59173	0.688129	1
2	59184	0.688254	1
2	59194	0.688379	1
2	59194	0.688379	1
2	59206	0.688504	1
2	59216	0.688629	1
2	59227	0.688754	1
2	59237	0.688879	1
2	59237	0.688879	1
2	59249	0.689004	1
2	59259	0.689129	1
2	59270	0.689254	1
2	59280	0.689379	1
2	59280	0.689379	1
2	59292	0.689504	1
2	59302	0.689629	1
2	59313	0.689754	1
2	59323	0.689879	1
2	59323	0.689879	1
2	59335	0.690004	1
2	59345	0.690129	1
2	59356	0.690254	1
2	59366	0.690379	1
2	59366	0.690379	1
2	59378	0.690504	1
2	59388	0.690629	1
2	59399	0.690754	1
2	59409	0.690879	1
2	59409	0.690879	1
2	59421	0.691004	1
2	59431	0.691129	1
2	59442	0.691254	1
2	59452	0.691379	1
2	59452	0.691379	1
2	59464	0.691504	1
2	59474	0.691629	1
2	59485	0.691754	1
2	59495	0.691879	1
2	59495	0.691879	1
2	59507	0.692004	1
2	59517	0.692129	1
2	59528	0.692254	1
2	59538	0.692379	1
2	59538	0.692379	1
2	59550	0.692504	1
2	59560	0.692629	1
2	59571	0.692754	1
2	59581	0.692879	1
2	59581	0.692879	1
2	59593	0.693004	1
2	59603	0.693129	1
2	59614	0.693254	1
2	59624	0.693379	1
2	59624	0.693379	1
2	59636	0.693504	1
2	59646	0.693629	1
2	59657	0.693754	1
2	59667	0.693879	1
2	59667	0.693879	1
2	59679	0.694004	1
2	59689	0.694129	1
2	59700	0.694254	1
2	59710	0.694379	1
2	59710	0.694379	1
2	59722	0.694504	1
2	59732	0.694629	1
2	59743	0.694754	1
2	59753	0.694879	1
2	59753	0.694879	1
2	59765	0.695004	1
2	59775	0.695129	1
2	59786	0.695254	1
2	59796	0.695379	1
2	59796	0.695379	1
2	59808	0.695504	1
2	59818	0.695629	1
2	59829	0.695754	1
2	59839	0.695879	1
2	59839	0.695879	1
2	59851	0.696004	1
2	59861	0.696129	1
2	59872	0.696254	1
2	59882	0.696379	1
2	59882	0.696379	1
2	59894	0.696504	1
2	59904	0.696629	1
2	59915	0.696754	1
2	59925	0.696879	1
2	59925	0.696879	1
2	59937	0.697004	1
2	59947	0.697129	1
2	59958	0.697254	1
2	59968	0.697379	1
2	59968	0.697379	1
2	59980	0.697504	1
2	59990	0.697629	1
2	60001	0.697754	1
2	60011	0.697879	1
2	60011	0.697879	1
2	60023	0.698004	1
2	60033	0.698129	1
2	60044	0.698254	1
2	60054	0.698379	1
2	60054	0.698379	1
2	60066	0.698504	1
2	60076	0.698629	1
2	60087	0.698754	1
2	60097	0.698879	1
2	60097	0.698879	1
2	60109	0.699004	1
2	60119	0.699129	1
2	60130	0.699254	1
2	60140	0.699379	1
2	60140	0.699379	1
2	60152	0.699504	1
2	60162	0.699629	1
2	60173	0.699754	1
2	60183	0.699879	1
2	60183	0.699879	1
2	60195	0.700004	1
2	60205	0.700129	1
2	60216	0.700254	1
2	60226	0.700379	1
2	60226	0.700379	1
2	60238	0.700504	1
2	60248	0.700629	1
2	60259	0.700754	1
2	60269	0.700879	1
2	60269	0.700879	1
2	60281	0.701004	1
2	60291	0.701129	1
2	60302	0.701254	1
2	60312	0.701379	1
2	60312	0.701379	1
2	60324	0.701504	1
2	60334	0.701629	1
2	60345	0.701754	1
2	60355	0.701879	1
2	60355	0.701879	1
2	60367	0.702004	1
2	60377	0.702129	1
2	60388	0.702254	1
2	60398	0.702379	1
2	60398	0.702379	1
2	60410	0.702504	1
2	60420	0.702629	1
2	60431	0.702754	1
2	60441	0.702879	1
2	60441	0.702879	1
2	60453	0.703004	1
2	60463	0.703129	1
2	60474	0.703254	1
2	60484	0.703379	1
2	60484	0.703379	1
2	60496	0.703504	1
2	60506	0.703629	1
2	60517	0.703754	1
2	60527	0.703879	1
2	60527	0.703879	1
2	60539	0.704004	1
2	60549	0.704129	1
2	60560	0.704254	1
2	60570	0.704379	1
2	60570	0.704379	1
2	60582	0.704504	1
2	60592	0.704629	1
2	60603	0.704754	1
2	60613	0.704879	1
2	60613	0.704879	1
2	60625	0.705004	1
2	60635	0.705129	1
2	60646	0.705254	1
2	60656	0.705379	1
2	60656	0.705379	1
2	60668	0.705504	1
2	60678	0.705629	1
2	60689	0.705754	1
2	60699	0.705879	1
2	60699	0.705879	1
2	60711	0.706004	1
2	60721	0.706129	1
2	60732	0.706254	1
2	60742	0.706379	1
2	60742	0.706379	1
2	60754	0.706504	1
2	60764	0.706629	1
2	60775	0.706754	1
2	60785	0.706879	1
2	60785	0.706879	1
2	60797	0.707004	1
2	60807	0.707129	1
2	60818	0.707254	1
2	60828	0.707379	1
2	60828	0.707379	1
2	60840	0.707504	1
2	60850	0.707629	1
2	60861	0.707754	1
2	60871	0.707879	1
2	60871	0.707879	1
2	60883	0.708004	1
2	60893	0.708129	1
2	60904	0.708254	1
2	60914	0.708379	1
2	60914	0.708379	1
2	60926	0.708504	1
2	60936	0.708629	1
2	60947	0.708754	1
2	60957	0.708879	1
2	60957	0.708879	1
2	60969	0.709004	1
2	60979	0.709129	1
2	60990	0.709254	1
2	61000	0.709379	1
2	61000	0.709379	1
2	61012	0.709504	1
2	61022	0.709629	1
2	61033	0.709754	1
2	61043	0.709879	1
2	61043	0.709879	1
2	61055	0.710004	1
2	61065	0.710129	1
2	61076	0.710254	1
2	61086	0.710379	1
2	61086	0.710379	1
2	61098	0.710504	1
2	61108	0.710629	1
2	61119	0.710754	1
2	61129	0.710879	1
2	61129	0.710879	1
2	61141	0.711004	1
2	61151	0.711129	1
2	61162	0.711254	1
2	61172	0.711379	1
2	61172	0.711379	1
2	61184	0.711504	1
2	61194	0.711629	1
2	61205	0.711754	1
2	61215	0.711879	1
2	61215	0.711879	1
2	61227	0.712004	1
2	61237	0.712129	1
2	61248	0.712254	1
2	61258	0.712379	1
2	61258	0.712379	1
2	61270	0.712504	1
2	61280	0.712629	1
2	61291	0.712754	1
2	61301	0.712879	1
2	61301	0.712879	1
2	61313	0.713004	1
2	61323	0.713129	1
2	61334	0.713254	1
2	61344	0.713379	1
2	61344	0.713379	1
2	61356	0.713504	1
2	61366	0.713629	1
2	61377	0.713754	1
2	61387	0.713879	1
2	61387	0.713879	1
2	61399	0.714004	1
2	61409	0.714129	1
2	61420	0.714254	1
2	61430	0.714379	1
2	61430	0.714379	1
2	61442	0.714504	1
2	61452	0.714629	1
2	61463	0.714754	1
2	61473	0.714879	1
2	61473	0.714879	1
2	61485	0.715004	1
2	61495	0.715129	1
2	61506	0.715254	1
2	61516	0.715379	1
2	61516	0.715379	1
2	61528	0.715504	1
2	61538	0.715629	1
2	61549	0.715754	1
2	61559	0.715879	1
2	61559	0.715879	1
2	61571	0.716004	1
2	61581	0.716129	1
2	61592	0.716254	1
2	61602	0.716379	1
2	61602	0.716379	1
2	61614	0.716504	1
2	61624	0.716629	1
2	61635	0.716754	1
2	61645	0.716879	1
2	61645	0.716879	1
2	61657	0.717004	1
2	61667	0.717129	1
2	61678	0.717254	1
2	61688	0.717379	1
2	61688	0.717379	1
2	61700	0.717504	1
2	61710	0.717629	1
2	61721	0.717754	1
2	61731	0.717879	1
2	61731	0.717879	1
2	61743	0.718004	1
2	61753	0.718129	1
2	61764	0.718254	1
2	61774	0.718379	1
2	61774	0.718379	1
2	61786	0.718504	1
2	61796	0.718629	1
2	61807	0.718754	1
2	61817	0.718879	1
2	61817	0.718879	1
2	61829	0.719004	1
2	61839	0.719129	1
2	61850	0.719254	1
2	61860	0.719379	1
2	61860	0.719379	1
2	61872	0.719504	1
2	61882	0.719629	1
2	61893	0.719754	1
2	61903	0.719879	1
2	61903	0.719879	1
2	61915	0.720004	1
2	61925	0.720129	1
2	61936	0.720254	1
2	61946	0.720379	1
2	61946	0.720379	1
2	61958	0.720504	1
2	61968	0.720629	1
2	61979	0.720754	1
2	61989	0.720879	1
2	61989	0.720879	1
2	62001	0.721004	1
2	62011	0.721129	1
2	62022	0.721254	1
2	62032	0.721379	1
2	62032	0.721379	1
2	62044	0.721504	1
2	62054	0.721629	1
2	62065	0.721754	1
2	62075	0.721879	1
2	62075	0.721879	1
2	62087	0.722004	1
2	62097	0.722129	1
2	62108	0.722254	1
2	62118	0.722379	1
2	62118	0.722379	1
2	62130	0.722504	1
2	62140	0.722629	1
2	62151	0.722754	1
2	62161	0.722879	1
2	62161	0.722879	1
2	62173	0.723004	1
2	62183	0.723129	1
2	62194	0.723254	1
2	62204	0.723379	1
2	62204	0.723379	1
2	62216	0.723504	1
2	62226	0.723629	1
2	62237	0.723754	1
2	62247	0.723879	1
2	62247	0.723879	1
2	62259	0.724004	1
2	62269	0.724129	1
2	62280	0.724254	1
2	62290	0.724379	1
2	62290	0.724379	1
2	62302	0.724504	1
2	62312	0.724629	1
2	62323	0.724754	1
2	62333	0.724879	1
2	62333	0.724879	1
2	62345	0.725004	1
2	62355	0.725129	1
2	62366	0.725254	1
2	62376	0.725379	1
2	62376	0.725379	1
2	62388	0.725504	1
2	62398	0.725629	1
2	62409	0.725754	1
2	62419	0.725879	1
2	62419	0.725879	1
2	62431	0.726004	1
2	62441	0.726129	1
2	62452	0.726254	1
2	62462	0.726379	1
2	62462	0.726379	1
2	62474	0.726504	1
2	62484	0.726629	1
2	62495	0.726754	1
2	62505	0.726879	1
2	62505	0.726879	1
2	62517	0.727004	1
2	62527	0.727129	1
2	62538	0.727254	1
2	62548	0.727379	1
2	62548	0.727379	1
2	62560	0.727504	1
2	62570	0.727629	1
2	62581	0.727754	1
2	62591	0.727879	1
2	62591	0.727879	1
2	62603	0.728004	1
2	62613	0.728129	1
2	62624	0.728254	1
2	62634	0.728379	1
2	62634	0.728379	1
2	62646	0.728504	1
2	62656	0.728629	1
2	62667	0.728754	1
2	62677	0.728879	1
2	62677	0.728879	1
2	62689	0.729004	1
2	62699	0.729129	1
2	62710	0.729254	1
2	62720	0.729379	1
2	62720	0.729379	1
2	62732	0.729504	1
2	62742	0.729629	1
2	62753	0.729754	1
2	62763	0.729879	1
2	62763	0.729879	1
2	62775	0.730004	1
2	62785	0.730129	1
2	62796	0.730254	1
2	62806	0.730379	1
2	62806	0.730379	1
2	62818	0.730504	1
2	62828	0.730629	1
2	62839	0.730754	1
2	62849	0.730879	1
2	62849	0.730879	1
2	62861	0.731004	1
2	62871	0.731129	1
2	62882	0.731254	1
2	62892	0.731379	1
2	62892	0.731379	1
2	62904	0.731504	1
2	62914	0.731629	1
2	62925	0.731754	1
2	62935	0.731879	1
2	62935	0.731879	1
2	62947	0.732004	1
2	62957	0.732129	1
2	62968	0.732254	1
2	62978	0.732379	1
2	62978	0.732379	1
2	62990	0.732504	1
2	63000	0.732629	1
2	63011	0.732754	1
2	63021	0.732879	1
2	63021	0.732879	1
2	63033	0.733004	1
2	63043	0.733129	1
2	63054	0.733254	1
2	63064	0.733379	1
2	63064	0.733379	1
2	63076	0.733504	1
2	63086	0.733629	1
2	63097	0.733754	1
2	63107	0.733879	1
2	63107	0.733879	1
2	63119	0.734004	1
2	63129	0.734129	1
2	63140	0.734254	1
2	63150	0.734379	1
2	63150	0.734379	1
2	63162	0.734504	1
2	63172	0.734629	1
2	63183	0.734754	1
2	63193	0.734879	1
2	63193	0.734879	1
2	63205	0.735004	1
2	63215	0.735129	1
2	63226	0.735254	1
2	63236	0.735379	1
2	63236	0.735379	1
2	63248	0.735504	1
2	63258	0.735629	1
2	63269	0.735754	1
2	63279	0.735879	1
2	63279	0.735879	1
2	63291	0.736004	1
2	63301	0.736129	1
2	63312	0.736254	1
2	63322	0.736379	1
2	63322	0.736379	1
2	63334	0.736504	1
2	63344	0.736629	1
2	63355	0.736754	1
2	63365	0.736879	1
2	63365	0.736879	1
2	63377	0.737004	1
2	63387	0.737129	1
2	63398	0.737254	1
2	63408	0.737379	1
2	63408	0.737379	1
2	63420	0.737504	1
2	63430	0.737629	1
2	63441	0.737754	1
2	63451	0.737879	1
2	63451	0.737879	1
2	63463	0.738004	1
2	63473	0.738129	1
2	63484	0.738254	1
2	63494	0.738379	1
2	63494	0.738379	1
2	63506	0.738504	1
2	63516	0.738629	1
2	63527	0.738754	1
2	63537	0.738879	1
2	63537	0.738879	1
2	63549	0.739004	1
2	63559	0.739129	1
2	63570	0.739254	1
2	63580	0.739379	1
2	63580	0.739379	1
2	63592	0.739504	1
2	63602	0.739629	1
2	63613	0.739754	1
2	63623	0.739879	1
2	63623	0.739879	1
2	63635	0.740004	1
2	63645	0.740129	1
2	63656	0.740254	1
2	63666	0.740379	1
2	63666	0.740379	1
2	63678	0.740504	1
2	63688	0.740629	1
2	63699	0.740754	1
2	63709	0.740879	1
2	63709	0.740879	1
2	63721	0.741004	1
2	63731	0.741129	1
2	63742	0.741254	1
2	63752	0.741379	1
2	63752	0.741379	1
2	63764	0.741504	1
2	63774	0.741629	1
2	63785	0.741754	1
2	63795	0.741879	1
2	63795	0.741879	1
2	63807	0.742004	1
2	63817	0.742129	1
2	63828	0.742254	1
2	63838	0.742379	1
2	63838	0.742379	1
2	63850	0.742504	1
2	63860	0.742629	1
2	63871	0.742754	1
2	63881	0.742879	1
2	63881	0.742879	1
2	63893	0.743004	1
2	63903	0.743129	1
2	63914	0.743254	1
2	63924	0.743379	1
2	63924	0.743379	1
2	63936	0.743504	1
2	63946	0.743629	1
2	63957	0.743754	1
2	63967	0.743879	1
2	63967	0.743879	1
2	63979	0.744004	1
2	63989	0.744129	1
2	64000	0.744254	1
2	64010	0.744379	1
2	64010	0.744379	1
2	64022	0.744504	1
2	64032	0.744629	1
2	64043	0.744754	1
2	64053	0.744879	1
2	64053	0.744879	1
2	64065	0.745004	1
2	64075	0.745129	1
2	64086	0.745254	1
2	64096	0.745379	1
2	64096	0.745379	1
2	64108	0.745504	1
2	64118	0.745629	1
2	64129	0.745754	1
2	64139	0.745879	1
2	64139	0.745879	1
2	64151	0.746004	1
2	64161	0.746129	1
2	64172	0.746254	1
2	64182	0.746379	1
2	64182	0.746379	1
2	64194	0.746504	1
2	64204	0.746629	1
2	64215	0.746754	1
2	64225	0.746879	1
2	64225	0.746879	1
2	64237	0.747004	1
2	64247	0.747129	1
2	64258	0.747254	1
2	64268	0.747379	1
2	64268	0.747379	1
2	64280	0.747504	1
2	64290	0.747629	1
2	64301	0.747754	1
2	64311	0.747879	1
2	64311	0.747879	1
2	64323	0.748004	1
2	64333	0.748129	1
2	64344	0.748254	1
2	64354	0.748379	1
2	64354	0.748379	1
2	64366	0.748504	1
2	64376	0.748629	1
2	64387	0.748754	1
2	64397	0.748879	1
2	64397	0.748879	1
2	64409	0.749004	1
2	64419	0.749129	1
2	64430	0.749254	1
2	64440	0.749379	1
2	64440	0.749379	1
2	64452	0.749504	1
2	64462	0.749629	1
2	64473	0.749754	1
2	64483	0.749879	1
2	64483	0.749879	1
2	64495	0.750004	1
2	64505	0.750129	1
2	64516	0.750254	1
2	64526	0.750379	1
2	64526	0.750379	1
2	64538	0.750504	1
2	64548	0.750629	1
2	64559	0.750754	1
2	64569	0.750879	1
2	64569	0.750879	1
2	64581	0.751004	1
2	64591	0.751129	1
2	64602	0.751254	1
2	64612	0.751379	1
2	64612	0.751379	1
2	64624	0.751504	1
2	64634	0.751629	1
2	64645	0.751754	1
2	64655	0.751879	1
2	64655	0.751879	1
2	64667	0.752004	1
2	64677	0.752129	1
2	64688	0.752254	1
2	64698	0.752379	1
2	64698	0.752379	1
2	64710	0.752504	1
2	64720	0.752629	1
2	64731	0.752754	1
2	64741	0.752879	1
2	64741	0.752879	1
2	64753	0.753004	1
2	64763	0.753129	1
2	64774	0.753254	1
2	64784	0.753379	1
2	64784	0.753379	1
2	64796	0.753504	1
2	64806	0.753629	1
2	64817	0.753754	1
2	64827	0.753879	1
2	64827	0.753879	1
2	64839	0.754004	1
2	64849	0.754129	1
2	64860	0.754254	1
2	64870	0.754379	1
2	64870	0.754379	1
2	64882	0.754504	1
2	64892	0.754629	1
2	64903	0.754754	1
2	64913	0.754879	1
2	64913	0.754879	1
2	64925	0.755004	1
2	64935	0.755129	1
2	64946	0.755254	1
2	64956	0.755379	1
2	64956	0.755379	1
2	64968	0.755504	1
2	64978	0.755629	1
2	64989	0.755754	1
2	64999	0.755879	1
2	64999	0.755879	1
2	65011	0.756004	1
2	65021	0.756129	1
2	65032	0.756254	1
2	65042	0.756379	1
2	65042	0.756379	1
2	65054	0.756504	1
2	65064	0.756629	1
2	65075	0.756754	1
2	65085	0.756879	1
2	65085	0.756879	1
2	65097	0.757004	1
2	65107	0.757129	1
2	65118	0.757254	1
2	65128	0.757379	1
2	65128	0.757379	1
2	65140	0.757504	1
2	65150	0.757629	1
2	65161	0.757754	1
2	65171	0.757879	1
2	65171	0.757879	1
2	65183	0.758004	1
2	65193	0.758129	1
2	65204	0.758254	1
2	65214	0.758379	1
2	65214	0.758379	1
2	65226	0.758504	1
2	65236	0.758629	1
2	65247	0.758754	1
2	65257	0.758879	1
2	65257	0.758879	1
2	65269	0.759004	1
2	65279	0.759129	1
2	65290	0.759254	1
2	65300	0.759379	1
2	65300	0.759379	1
2	65312	0.759504	1
2	65322	0.759629	1
2	65333	0.759754	1
2	65343	0.759879	1
2	65343	0.759879	1
2	65355	0.760004	1
2	65365	0.760129	1
2	65376	0.760254	1
2	65386	0.760379	1
2	65386	0.760379	1
2	65398	0.760504	1
2	65408	0.760629	1
2	65419	0.760754	1
2	65429	0.760879	1
2	65429	0.760879	1
2	65441	0.761004	1
2	65451	0.761129	1
2	65462	0.761254	1
2	65472	0.761379	1
2	65472	0.761379	1
2	65484	0.761504	1
2	65494	0.761629	1
2	65505	0.761754	1
2	65515	0.761879	1
2	65515	0.761879	1
2	65527	0.762004	1
2	65537	0.762129	1
2	65548	0.762254	1
2	65558	0.762379	1
2	65558	0.762379	1
2	65570	0.762504	1
2	65580	0.762629	1
2	65591	0.762754	1
2	65601	0.762879	1
2	65601	0.762879	1
2	65613	0.763004	1
2	65623	0.763129	1
2	65634	0.763254	1
2	65644	0.763379	1
2	65644	0.763379	1
2	65656	0.763504	1
2	65666	0.763629	1
2	65677	0.763754	1
2	65687	0.763879	1
2	65687	0.763879	1
2	65699	0.764004	1
2	65709	0.764129	1
2	65720	0.764254	1
2	65730	0.764379	1
2	65730	0.764379	1
2	65742	0.764504	1
2	65752	0.764629	1
2	65763	0.764754	1
2	65773	0.764879	1
2	65773	0.764879	1
2	65785	0.765004	1
2	65795	0.765129	1
2	65806	0.765254	1
2	65816	0.765379	1
2	65816	0.765379	1
2	65828	0.765504	1
2	65838	0.765629	1
2	65849	0.765754	1
2	65859	0.765879	1
2	65859	0.765879	1
2	65871	0.766004	1
2	65881	0.766129	1
2	65892	0.766254	1
2	65902	0.766379	1
2	65902	0.766379	1
2	65914	0.766504	1
2	65924	0.766629	1
2	65935	0.766754	1
2	65945	0.766879	1
2	65945	0.766879	1
2	65957	0.767004	1
2	65967	0.767129	1
2	65978	0.767254	1
2	65988	0.767379	1
2	65988	0.767379	1
2	66000	0.767504	1
2	66010	0.767629	1
2	66021	0.767754	1
2	66031	0.767879	1
2	66031	0.767879	1
2	66043	0.768004	1
2	66053	0.768129	1
2	66064	0.768254	1
2	66074	0.768379	1
2	66074	0.768379	1
2	66086	0.768504	1
2	66096	0.768629	1
2	66107	0.768754	1
2	66117	0.768879	1
2	66117	0.768879	1
2	66129	0.769004	1
2	66139	0.769129	1
2	66150	0.769254	1
2	66160	0.769379	1
2	66160	0.769379	1
2	66172	0.769504	1
2	66182	0.769629	1
2	66193	0.769754	1
2	66203	0.769879	1
2	66203	0.769879	1
2	66215	0.770004	1
2	66225	0.770129	1
2	66236	0.770254	1
2	66246	0.770379	1
2	66246	0.770379	1
2	66258	0.770504	1
2	66268	0.770629	1
2	66279	0.770754	1
2	66289	0.770879	1
2	66289	0.770879	1
2	66301	0.771004	1
2	66311	0.771129	1
2	66322	0.771254	1
2	66332	0.771379	1
2	66332	0.771379	1
2	66344	0.771504	1
2	66354	0.771629	1
2	66365	0.771754	1
2	66375	0.771879	1
2	66375	0.771879	1
2	66387	0.772004	1
2	66397	0.772129	1
2	66408	0.772254	1
2	66418	0.772379	1
2	66418	0.772379	1
2	66430	0.772504	1
2	66440	0.772629	1
2	66451	0.772754	1
2	66461	0.772879	1
2	66461	0.772879	1
2	66473	0.773004	1
2	66483	0.773129	1
2	66494	0.773254	1
2	66504	0.773379	1
2	66504	0.773379	1
2	66516	0.773504	1
2	66526	0.773629	1
2	66537	0.773754	1
2	66547	0.773879	1
2	66547	0.773879	1
2	66559	0.774004	1
2	66569	0.774129	1
2	66580	0.774254	1
2	66590	0.774379	1
2	66590	0.774379	1
2	66602	0.774504	1
2	66612	0.774629	1
2	66623	0.774754	1
2	66633	0.774879	1
2	66633	0.774879	1
2	66645	0.775004	1
2	66655	0.775129	1
2	66666	0.775254	1
2	66676	0.775379	1
2	66676	0.775379	1
2	66688	0.775504	1
2	66698	0.775629	1
2	66709	0.775754	1
2	66719	0.775879	1
2	66719	0.775879	1
2	66731	0.776004	1
2	66741	0.776129	1
2	66752	0.776254	1
2	66762	0.776379	1
2	66762	0.776379	1
2	66774	0.776504	1
2	66784	0.776629	1
2	66795	0.776754	1
2	66805	0.776879	1
2	66805	0.776879	1
2	66817	0.777004	1
2	66827	0.777129	1
2	66838	0.777254	1
2	66848	0.777379	1
2	66848	0.777379	1
2	66860	0.777504	1
2	66870	0.777629	1
2	66881	0.777754	1
2	66891	0.777879	1
2	66891	0.777879	1
2	66903	0.778004	1
2	66913	0.778129	1
2	66924	0.778254	1
2	66934	0.778379	1
2	66934	0.778379	1
2	66946	0.778504	1
2	66956	0.778629	1
2	66967	0.778754	1
2	66977	0.778879	1
2	66977	0.778879	1
2	66989	0.779004	1
2	66999	0.779129	1
2	67010	0.779254	1
2	67020	0.779379	1
2	67020	0.779379	1
2	67032	0.779504	1
2	67042	0.779629	1
2	67053	0.779754	1
2	67063	0.779879	1
2	67063	0.779879	1
2	67075	0.780004	1
2	67085	0.780129	1
2	67096	0.780254	1
2	67106	0.780379	1
2	67106	0.780379	1
2	67118	0.780504	1
2	67128	0.780629	1
2	67139	0.780754	1
2	67149	0.780879	1
2	67149	0.780879	1
2	67161	0.781004	1
2	67171	0.781129	1
2	67182	0.781254	1
2	67192	0.781379	1
2	67192	0.781379	1
2	67204	0.781504	1
2	67214	0.781629	1
2	67225	0.781754	1
2	67235	0.781879	1
2	67235	0.781879	1
2	67247	0.782004	1
2	67257	0.782129	1
2	67268	0.782254	1
2	67278	0.782379	1
2	67278	0.782379	1
2	67290	0.782504	1
2	67300	0.782629	1
2	67311	0.782754	1
2	67321	0.782879	1
2	67321	0.782879	1
2	67333	0.783004	1
2	67343	0.783129	1
2	67354	0.783254	1
2	67364	0.783379	1
2	67364	0.783379	1
2	67376	0.783504	1
2	67386	0.783629	1
2	67397	0.783754	1
2	67407	0.783879	1
2	67407	0.783879	1
2	67419	0.784004	1
2	67429	0.784129	1
2	67440	0.784254	1
2	67450	0.784379	1
2	67450	0.784379	1
2	67462	0.784504	1
2	67472	0.784629	1
2	67483	0.784754	1
2	67493	0.784879	1
2	67493	0.784879	1
2	67505	0.785004	1
2	67515	0.785129	1
2	67526	0.785254	1
2	67536	0.785379	1
2	67536	0.785379	1
2	67548	0.785504	1
2	67558	0.785629	1
2	67569	0.785754	1
2	67579	0.785879	1
2	67579	0.785879	1
2	67591	0.786004	1
2	67601	0.786129	1
2	67612	0.786254	1
2	67622	0.786379	1
2	67622	0.786379	1
2	67634	0.786504	1
2	67644	0.786629	1
2	67655	0.786754	1
2	67665	0.786879	1
2	67665	0.786879	1
2	67677	0.787004	1
2	67687	0.787129	1
2	67698	0.787254	1
2	67708	0.787379	1
2	67708	0.787379	1
2	67720	0.787504	1
2	67730	0.787629	1
2	67741	0.787754	1
2	67751	0.787879	1
2	67751	0.787879	1
2	67763	0.788004	1
2	67773	0.788129	1
2	67784	0.788254	1
2	67794	0.788379	1
2	67794	0.788379	1
2	67806	0.788504	1
2	67816	0.788629	1
2	67827	0.788754	1
2	67837	0.788879	1
2	67837	0.788879	1
2	67849	0.789004	1
2	67859	0.789129	1
2	67870	0.789254	1
2	67880	0.789379	1
2	67880	0.789379	1
2	67892	0.789504	1
2	67902	0.789629	1
2	67913	0.789754	1
2	67923	0.789879	1
2	67923	0.789879	1
2	67935	0.790004	1
2	67945	0.790129	1
2	67956	0.790254	1
2	67966	0.790379	1
2	67966	0.790379	1
2	67978	0.790504	1
2	67988	0.790629	1
2	67999	0.790754	1
2	68009	0.790879	1
2	68009	0.790879	1
2	68021	0.791004	1
2	68031	0.791129	1
2	68042	0.791254	1
2	68052	0.791379	1
2	68052	0.791379	1
2	68064	0.791504	1
2	68074	0.791629	1
2	68085	0.791754	1
2	68095	0.791879	1
2	68095	0.791879	1
2	68107	0.792004	1
2	68117	0.792129	1
2	68128	0.792254	1
2	68138	0.792379	1
2	68138	0.792379	1
2	68150	0.792504	1
2	68160	0.792629	1
2	68171	0.792754	1
2	68181	0.792879	1
2	68181	0.792879	1
2	68193	0.793004	1
2	68203	0.793129	1
2	68214	0.793254	1
2	68224	0.793379	1
2	68224	0.793379	1
2	68236	0.793504	1
2	68246	0.793629	1
2	68257	0.793754	1
2	68267	0.793879	1
2	68267	0.793879	1
2	68279	0.794004	1
2	68289	0.794129	1
2	68300	0.794254	1
2	68310	0.794379	1
2	68310	0.794379	1
2	68322	0.794504	1
2	68332	0.794629	1
2	68343	0.794754	1
2	68353	0.794879	1
2	68353	0.794879	1
2	68365	0.795004	1
2	68375	0.795129	1
2	68386	0.795254	1
2	68396	0.795379	1
2	68396	0.795379	1
2	68408	0.795504	1
2	68418	0.795629	1
2	68429	0.795754	1
2	68439	0.795879	1
2	68439	0.795879	1
2	68451	0.796004	1
2	68461	0.796129	1
2	68472	0.796254	1
2	68482	0.796379	1
2	68482	0.796379	1
2	68494	0.796504	1
2	68504	0.796629	1
2	68515	0.796754	1
2	68525	0.796879	1
2	68525	0.796879	1
2	68537	0.797004	1
2	68547	0.797129	1
2	68558	0.797254	1
2	68568	0.797379	1
2	68568	0.797379	1
2	68580	0.797504	1
2	68590	0.797629	1
2	68601	0.797754	1
2	68611	0.797879	1
2	68611	0.797879	1
2	68623	0.798004	1
2	68633	0.798129	1
2	68644	0.798254	1
2	68654	0.798379	1
2	68654	0.798379	1
2	68666	0.798504	1
2	68676	0.798629	1
2	68687	0.798754	1
2	68697	0.798879	1
2	68697	0.798879	1
2	68709	0.799004	1
2	68719	0.799129	1
2	68730	0.799254	1
2	68740	0.799379	1
2	68740	0.799379	1
2	68752	0.799504	1
2	68762	0.799629	1
2	68773	0.799754	1
2	68783	0.799879	1
2	68783	0.799879	1
2	68795	0.800004	1
2	68805	0.800129	1
2	68816	0.800254	1
2	68826	0.800379	1
2	68826	0.800379	1
2	68838	0.800504	1
2	68848	0.800629	1
2	68859	0.800754	1
2	68869	0.800879	1
2	68869	0.800879	1
2	68881	0.801004	1
2	68891	0.801129	1
2	68902	0.801254	1
2	68912	0.801379	1
2	68912	0.801379	1
2	68924	0.801504	1
2	68934	0.801629	1
2	68945	0.801754	1
2	68955	0.801879	1
2	68955	0.801879	1
2	68967	0.802004	1
2	68977	0.802129	1
2	68988	0.802254	1
2	68998	0.802379	1
2	68998	0.802379	1
2	69010	0.802504	1
2	69020	0.802629	1
2	69031	0.802754	1
2	69041	0.802879	1
2	69041	0.802879	1
2	69053	0.803004	1
2	69063	0.803129	1
2	69074	0.803254	1
2	69084	0.803379	1
2	69084	0.803379	1
2	69096	0.803504	1
2	69106	0.803629	1
2	69117	0.803754	1
2	69127	0.803879	1
2	69127	0.803879	1
2	69139	0.804004	1
2	69149	0.804129	1
2	69160	0.804254	1
2	69170	0.804379	1
2	69170	0.804379	1
2	69182	0.804504	1
2	69192	0.804629	1
2	69203	0.804754	1
2	69213	0.804879	1
2	69213	0.804879	1
2	69225	0.805004	1
2	69235	0.805129	1
2	69246	0.805254	1
2	69256	0.805379	1
2	69256	0.805379	1
2	69268	0.805504	1
2	69278	0.805629	1
2	69289	0.805754	1
2	69299	0.805879	1
2	69299	0.805879	1
2	69311	0.806004	1
2	69321	0.806129	1
2	69332	0.806254	1
2	69342	0.806379	1
2	69342	0.806379	1
2	69354	0.806504	1
2	69364	0.806629	1
2	69375	0.806754	1
2	69385	0.806879	1
2	69385	0.806879	1
2	69397	0.807004	1
2	69407	0.807129	1
2	69418	0.807254	1
2	69428	0.807379	1
2	69428	0.807379	1
2	69440	0.807504	1
2	69450	0.807629	1
2	69461	0.807754	1
2	69471	0.807879	1
2	69471	0.807879	1
2	69483	0.808004	1
2	69493	0.808129	1
2	69504	0.808254	1
2	69514	0.808379	1
2	69514	0.808379	1
2	69526	0.808504	1
2	69536	0.808629	1
2	69547	0.808754	1
2	69557	0.808879	1
2	69557	0.808879	1
2	69569	0.809004	1
2	69579	0.809129	1
2	69590	0.809254	1
2	69600	0.809379	1
2	69600	0.809379	1
2	69612	0.809504	1
2	69622	0.809629	1
2	69633	0.809754	1
2	69643	0.809879	1
2	69643	0.809879	1
2	69655	0.810004	1
2	69665	0.810129	1
2	69676	0.810254	1
2	69686	0.810379	1
2	69686	0.810379	1
2	69698	0.810504	1
2	69708	0.810629	1
2	69719	0.810754	1
2	69729	0.810879	1
2	69729	0.810879	1
2	69741	0.811004	1
2	69751	0.811129	1
2	69762	0.811254	1
2	69772	0.811379	1
2	69772	0.811379	1
2	69784	0.811504	1
2	69794	0.811629	1
2	69805	0.811754	1
2	69815	0.811879	1
2	69815	0.811879	1
2	69827	0.812004	1
2	69837	0.812129	1
2	69848	0.812254	1
2	69858	0.812379	1
2	69858	0.812379	1
2	69870	0.812504	1
2	69880	0.812629	1
2	69891	0.812754	1
2	69901	0.812879	1
2	69901	0.812879	1
2	69913	0.813004	1
2	69923	0.813129	1
2	69934	0.813254	1
2	69944	0.813379	1
2	69944	0.813379	1
2	69956	0.813504	1
2	69966	0.813629	1
2	69977	0.813754	1
2	69987	0.813879	1
2	69987	0.813879	1
2	69999	0.814004	1
2	70009	0.814129	1
2	70020	0.814254	1
2	70030	0.814379	1
2	70030	0.814379	1
2	70042	0.814504	1
2	70052	0.814629	1
2	70063	0.814754	1
2	70073	0.814879	1
2	70073	0.814879	1
2	70085	0.815004	1
2	70095	0.815129	1
2	70106	0.815254	1
2	70116	0.815379	1
2	70116	0.815379	1
2	70128	0.815504	1
2	70138	0.815629	1
2	70149	0.815754	1
2	70159	0.815879	1
2	70159	0.815879	1
2	70171	0.816004	1
2	70181	0.816129	1
2	70192	0.816254	1
2	70202	0.816379	1
2	70202	0.816379	1
2	70214	0.816504	1
2	70224	0.816629	1
2	70235	0.816754	1
2	70245	0.816879	1
2	70245	0.816879	1
2	70257	0.817004	1
2	70267	0.817129	1
2	70278	0.817254	1
2	70288	0.817379	1
2	70288	0.817379	1
2	70300	0.817504	1
2	70310	0.817629	1
2	70321	0.817754	1
2	70331	0.817879	1
2	70331	0.817879	1
2	70343	0.818004	1
2	70353	0.818129	1
2	70364	0.818254	1
2	70374	0.818379	1
2	70374	0.818379	1
2	70386	0.818504	1
2	70396	0.818629	1
2	70407	0.818754	1
2	70417	0.818879	1
2	70417	0.818879	1
2	70429	0.819004	1
2	70439	0.819129	1
2	70450	0.819254	1
2	70460	0.819379	1
2	70460	0.819379	1
2	70472	0.819504	1
2	70482	0.819629	1
2	70493	0.819754	1
2	70503	0.819879	1
2	70503	0.819879	1
2	70515	0.820004	1
2	70525	0.820129	1
2	70536	0.820254	1
2	70546	0.820379	1
2	70546	0.820379	1
2	70558	0.820504	1
2	70568	0.820629	1
2	70579	0.820754	1
2	70589	0.820879	1
2	70589	0.820879	1
2	70601	0.821004	1
2	70611	0.821129	1
2	70622	0.821254	1
2	70632	0.821379	1
2	70632	0.821379	1
2	70644	0.821504	1
2	70654	0.821629	1
2	70665	0.821754	1
2	70675	0.821879	1
2	70675	0.821879	1
2	70687	0.822004	1
2	70697	0.822129	1
2	70708	0.822254	1
2	70718	0.822379	1
2	70718	0.822379	1
2	70730	0.822504	1
2	70740	0.822629	1
2	70751	0.822754	1
2	70761	0.822879	1
2	70761	0.822879	1
2	70773	0.823004	1
2	70783	0.823129	1
2	70794	0.823254	1
2	70804	0.823379	1
2	70804	0.823379	1
2	70816	0.823504	1
2	70826	0.823629	1
2	70837	0.823754	1
2	70847	0.823879	1
2	70847	0.823879	1
2	70859	0.824004	1
2	70869	0.824129	1
2	70880	0.824254	1
2	70890	0.824379	1
2	70890	0.824379	1
2	70902	0.824504	1
2	70912	0.824629	1
2	70923	0.824754	1
2	70933	0.824879	1
2	70933	0.824879	1
2	70945	0.825004	1
2	70955	0.825129	1
2	70966	0.825254	1
2	70976	0.825379	1
2	70976	0.825379	1
2	70988	0.825504	1
2	70998	0.825629	1
2	71009	0.825754	1
2	71019	0.825879	1
2	71019	0.825879	1
2	71031	0.826004	1
2	71041	0.826129	1
2	71052	0.826254	1
2	71062	0.826379	1
2	71062	0.826379	1
2	71074	0.826504	1
2	71084	0.826629	1
2	71095	0.826754	1
2	71105	0.826879	1
2	71105	0.826879	1
2	71117	0.827004	1
2	71127	0.827129	1
2	71138	0.827254	1
2	71148	0.827379	1
2	71148	0.827379	1
2	71160	0.827504	1
2	71170	0.827629	1
2	71181	0.827754	1
2	71191	0.827879	1
2	71191	0.827879	1
2	71203	0.828004	1
2	71213	0.828129	1
2	71224	0.828254	1
2	71234	0.828379	1
2	71234	0.828379	1
2	71246	0.828504	1
2	71256	0.828629	1
2	71267	0.828754	1
2	71277	0.828879	1
2	71277	0.828879	1
2	71289	0.829004	1
2	71299	0.829129	1
2	71310	0.829254	1
2	71320	0.829379	1
2	71320	0.829379	1
2	71332	0.829504	1
2	71342	0.829629	1
2	71353	0.829754	1
2	71363	0.829879	1
2	71363	0.829879	1
2	71375	0.830004	1
2	71385	0.830129	1
2	71396	0.830254	1
2	71406	0.830379	1
2	71406	0.830379	1
2	71418	0.830504	1
2	71428	0.830629	1
2	71439	0.830754	1
2	71449	0.830879	1
2	71449	0.830879	1
2	71461	0.831004	1
2	71471	0.831129	1
2	71482	0.831254	1
2	71492	0.831379	1
2	71492	0.831379	1
2	71504	0.831504	1
2	71514	0.831629	1
2	71525	0.831754	1
2	71535	0.831879	1
2	71535	0.831879	1
2	71547	0.832004	1
2	71557	0.832129	1
2	71568	0.832254	1
2	71578	0.832379	1
2	71578	0.832379	1
2	71590	0.832504	1
2	71600	0.832629	1
2	71611	0.832754	1
2	71621	0.832879	1
2	71621	0.832879	1
2	71633	0.833004	1
2	71643	0.833129	1
2	71654	0.833254	1
2	71664	0.833379	1
2	71664	0.833379	1
2	71676	0.833504	1
2	71686	0.833629	1
2	71697	0.833754	1
2	71707	0.833879	1
2	71707	0.833879	1
2	71719	0.834004	1
2	71729	0.834129	1
2	71740	0.834254	1
2	71750	0.834379	1
2	71750	0.834379	1
2	71762	0.834504	1
2	71772	0.834629	1
2	71783	0.834754	1
2	71793	0.834879	1
2	71793	0.834879	1
2	71805	0.835004	1
2	71815	0.835129	1
2	71826	0.835254	1
2	71836	0.835379	1
2	71836	0.835379	1
2	71848	0.835504	1
2	71858	0.835629	1
2	71869	0.835754	1
2	71879	0.835879	1
2	71879	0.835879	1
2	71891	0.836004	1
2	71901	0.836129	1
2	71912	0.836254	1
2	71922	0.836379	1
2	71922	0.836379	1
2	71934	0.836504	1
2	71944	0.836629	1
2	71955	0.836754	1
2	71965	0.836879	1
2	71965	0.836879	1
2	71977	0.837004	1
2	71987	0.837129	1
2	71998	0.837254	1
2	72008	0.837379	1
2	72008	0.837379	1
2	72020	0.837504	1
2	72030	0.837629	1
2	72041	0.837754	1
2	72051	0.837879	1
2	72051	0.837879	1
2	72063	0.838004	1
2	72073	0.838129	1
2	72084	0.838254	1
2	72094	0.838379	1
2	72094	0.838379	1
2	72106	0.838504	1
2	72116	0.838629	1
2	72127	0.838754	1
2	72137	0.838879	1
2	72137	0.838879	1
2	72149	0.839004	1
2	72159	0.839129	1
2	72170	0.839254	1
2	72180	0.839379	1
2	72180	0.839379	1
2	72192	0.839504	1
2	72202	0.839629	1
2	72213	0.839754	1
2	72223	0.839879	1
2	72223	0.839879	1
2	72235	0.840004	1
2	72245	0.840129	1
2	72256	0.840254	1
2	72266	0.840379	1
2	72266	0.840379	1
2	72278	0.840504	1
2	72288	0.840629	1
2	72299	0.840754	1
2	72309	0.840879	1
2	72309	0.840879	1
2	72321	0.841004	1
2	72331	0.841129	1
2	72342	0.841254	1
2	72352	0.841379	1
2	72352	0.841379	1
2	72364	0.841504	1
2	72374	0.841629	1
2	72385	0.841754	1
2	72395	0.841879	1
2	72395	0.841879	1
2	72407	0.842004	1
2	72417	0.842129	1
2	72428	0.842254	1
2	72438	0.842379	1
2	72438	0.842379	1
2	72450	0.842504	1
2	72460	0.842629	1
2	72471	0.842754	1
2	72481	0.842879	1
2	72481	0.842879	1
2	72493	0.843004	1
2	72503	0.843129	1
2	72514	0.843254	1
2	72524	0.843379	1
2	72524	0.843379	1
2	72536	0.843504	1
2	72546	0.843629	1
2	72557	0.843754	1
2	72567	0.843879	1
2	72567	0.843879	1
2	72579	0.844004	1
2	72589	0.844129	1
2	72600	0.844254	1
2	72610	0.844379	1
2	72610	0.844379	1
2	72622	0.844504	1
2	72632	0.844629	1
2	72643	0.844754	1
2	72653	0.844879	1
2	72653	0.844879	1
2	72665	0.845004	1
2	72675	0.845129	1
2	72686	0.845254	1
2	72696	0.845379	1
2	72696	0.845379	1
2	72708	0.845504	1
2	72718	0.845629	1
2	72729	0.845754	1
2	72739	0.845879	1
2	72739	0.845879	1
2	72751	0.846004	1
2	72761	0.846129	1
2	72772	0.846254	1
2	72782	0.846379	1
2	72782	0.846379	1
2	72794	0.846504	1
2	72804	0.846629	1
2	72815	0.846754	1
2	72825	0.846879	1
2	72825	0.846879	1
2	72837	0.847004	1
2	72847	0.847129	1
2	72858	0.847254	1
2	72868	0.847379	1
2	72868	0.847379	1
2	72880	0.847504	1
2	72890	0.847629	1
2	72901	0.847754	1
2	72911	0.847879	1
2	72911	0.847879	1
2	72923	0.848004	1
2	72933	0.848129	1
2	72944	0.848254	1
2	72954	0.848379	1
2	72954	0.848379	1
2	72966	0.848504	1
2	72976	0.848629	1
2	72987	0.848754	1
2	72997	0.848879	1
2	72997	0.848879	1
2	73009	0.849004	1
2	73019	0.849129	1
2	73030	0.849254	1
2	73040	0.849379	1
2	73040	0.849379	1
2	73052	0.849504	1
2	73062	0.849629	1
2	73073	0.849754	1
2	73083	0.849879	1
2	73083	0.849879	1
2	73095	0.850004	1
2	73105	0.850129	1
2	73116	0.850254	1
2	73126	0.850379	1
2	73126	0.850379	1
2	73138	0.850504	1
2	73148	0.850629	1
2	73159	0.850754	1
2	73169	0.850879	1
2	73169	0.850879	1
2	73181	0.851004	1
2	73191	0.851129	1
2	73202	0.851254	1
2	73212	0.851379	1
2	73212	0.851379	1
2	73224	0.851504	1
2	73234	0.851629	1
2	73245	0.851754	1
2	73255	0.851879	1
2	73255	0.851879	1
2	73267	0.852004	1
2	73277	0.852129	1
2	73288	0.852254	1
2	73298	0.852379	1
2	73298	0.852379	1
2	73310	0.852504	1
2	73320	0.852629	1
2	73331	0.852754	1
2	73341	0.852879	1
2	73341	0.852879	1
2	73353	0.853004	1
2	73363	0.853129	1
2	73374	0.853254	1
2	73384	0.853379	1
2	73384	0.853379	1
2	73396	0.853504	1
2	73406	0.853629	1
2	73417	0.853754	1
2	73427	0.853879	1
2	73427	0.853879	1
2	73439	0.854004	1
2	73449	0.854129	1
2	73460	0.854254	1
2	73470	0.854379	1
2	73470	0.854379	1
2	73482	0.854504	1
2	73492	0.854629	1
2	73503	0.854754	1
2	73513	0.854879	1
2	73513	0.854879	1
2	73525	0.855004	1
2	73535	0.855129	1
2	73546	0.855254	1
2	73556	0.855379	1
2	73556	0.855379	1
2	73568	0.855504	1
2	73578	0.855629	1
2	73589	0.855754	1
2	73599	0.855879	1
2	73599	0.855879	1
2	73611	0.856004	1
2	73621	0.856129	1
2	73632	0.856254	1
2	73642	0.856379	1
2	73642	0.856379	1
2	73654	0.856504	1
2	73664	0.856629	1
2	73675	0.856754	1
2	73685	0.856879	1
2	73685	0.856879	1
2	73697	0.857004	1
2	73707	0.857129	1
2	73718	0.857254	1
2	73728	0.857379	1
2	73728	0.857379	1
2	73740	0.857504	1
2	73750	0.857629	1
2	73761	0.857754	1
2	73771	0.857879	1
2	73771	0.857879	1
2	73783	0.858004	1
2	73793	0.858129	1
2	73804	0.858254	1
2	73814	0.858379	1
2	73814	0.858379	1
2	73826	0.858504	1
2	73836	0.858629	1
2	73847	0.858754	1
2	73857	0.858879	1
2	73857	0.858879	1
2	73869	0.859004	1
2	73879	0.859129	1
2	73890	0.859254	1
2	73900	0.859379	1
2	73900	0.859379	1
2	73912	0.859504	1
2	73922	0.859629	1
2	73933	0.859754	1
2	73943	0.859879	1
2	73943	0.859879	1
2	73955	0.860004	1
2	73965	0.860129	1
2	73976	0.860254	1
2	73986	0.860379	1
2	73986	0.860379	1
2	73998	0.860504	1
2	74008	0.860629	1
2	74019	0.860754	1
2	74029	0.860879	1
2	74029	0.860879	1
2	74041	0.861004	1
2	74051	0.861129	1
2	74062	0.861254	1
2	74072	0.861379	1
2	74072	0.861379	1
2	74084	0.861504	1
2	74094	0.861629	1
2	74105	0.861754	1
2	74115	0.861879	1
2	74115	0.861879	1
2	74127	0.862004	1
2	74137	0.862129	1
2	74148	0.862254	1
2	74158	0.862379	1
2	74158	0.862379	1
2	74170	0.862504	1
2	74180	0.862629	1
2	74191	0.862754	1
2	74201	0.862879	1
2	74201	0.862879	1
2	74213	0.863004	1
2	74223	0.863129	1
2	74234	0.863254	1
2	74244	0.863379	1
2	74244	0.863379	1
2	74256	0.863504	1
2	74266	0.863629	1
2	74277	0.863754	1
2	74287	0.863879	1
2	74287	0.863879	1
2	74299	0.864004	1
2	74309	0.864129	1
2	74320	0.864254	1
2	74330	0.864379	1
2	74330	0.864379	1
2	74342	0.864504	1
2	74352	0.864629	1
2	74363	0.864754	1
2	74373	0.864879	1
2	74373	0.864879	1
2	74385	0.865004	1
2	74395	0.865129	1
2	74406	0.865254	1
2	74416	0.865379	1
2	74416	0.865379	1
2	74428	0.865504	1
2	74438	0.865629	1
2	74449	0.865754	1
2	74459	0.865879	1
2	74459	0.865879	1
2	74471	0.866004	1
2	74481	0.866129	1
2	74492	0.866254	1
2	74502	0.866379	1
2	74502	0.866379	1
2	74514	0.866504	1
2	74524	0.866629	1
2	74535	0.866754	1
2	74545	0.866879	1
2	74545	0.866879	1
2	74557	0.867004	1
2	74567	0.867129	1
2	74578	0.867254	1
2	74588	0.867379	1
2	74588	0.867379	1
2	74600	0.867504	1
2	74610	0.867629	1
2	74621	0.867754	1
2	74631	0.867879	1
2	74631	0.867879	1
2	74643	0.868004	1
2	74653	0.868129	1
2	74664	0.868254	1
2	74674	0.868379	1
2	74674	0.868379	1
2	74686	0.868504	1
2	74696	0.868629	1
2	74707	0.868754	1
2	74717	0.868879	1
2	74717	0.868879	1
2	74729	0.869004	1
2	74739	0.869129	1
2	74750	0.869254	1
2	74760	0.869379	1
2	74760	0.869379	1
2	74772	0.869504	1
2	74782	0.869629	1
2	74793	0.869754	1
2	74803	0.869879	1
2	74803	0.869879	1
2	74815	0.870004	1
2	74825	0.870129	1
2	74836	0.870254	1
2	74846	0.870379	1
2	74846	0.870379	1
2	74858	0.870504	1
2	74868	0.870629	1
2	74879	0.870754	1
2	74889	0.870879	1
2	74889	0.870879	1
2	74901	0.871004	1
2	74911	0.871129	1
2	74922	0.871254	1
2	74932	0.871379	1
2	74932	0.871379	1
2	74944	0.871504	1
2	74954	0.871629	1
2	74965	0.871754	1
2	74975	0.871879	1
2	74975	0.871879	1
2	74987	0.872004	1
2	74997	0.872129	1
2	75008	0.872254	1
2	75018	0.872379	1
2	75018	0.872379	1
2	75030	0.872504	1
2	75040	0.872629	1
2	75051	0.872754	1
2	75061	0.872879	1
2	75061	0.872879	1
2	75073	0.873004	1
2	75083	0.873129	1
2	75094	0.873254	1
2	75104	0.873379	1
2	75104	0.873379	1
2	75116	0.873504	1
2	75126	0.873629	1
2	75137	0.873754	1
2	75147	0.873879	1
2	75147	0.873879	1
2	75159	0.874004	1
2	75169	0.874129	1
2	75180	0.874254	1
2	75190	0.874379	1
2	75190	0.874379	1
2	75202	0.874504	1
2	75212	0.874629	1
2	75223	0.874754	1
2	75233	0.874879	1
2	75233	0.874879	1
2	75245	0.875004	1
2	75255	0.875129	1
2	75266	0.875254	1
2	75276	0.875379	1
2	75276	0.875379	1
2	75288	0.875504	1
2	75298	0.875629	1
2	75309	0.875754	1
2	75319	0.875879	1
2	75319	0.875879	1
2	75331	0.876004	1
2	75341	0.876129	1
2	75352	0.876254	1
2	75362	0.876379	1
2	75362	0.876379	1
2	75374	0.876504	1
2	75384	0.876629	1
2	75395	0.876754	1
2	75405	0.876879	1
2	75405	0.876879	1
2	75417	0.877004	1
2	75427	0.877129	1
2	75438	0.877254	1
2	75448	0.877379	1
2	75448	0.877379	1
2	75460	0.877504	1
2	75470	0.877629	1
2	75481	0.877754	1
2	75491	0.877879	1
2	75491	0.877879	1
2	75503	0.878004	1
2	75513	0.878129	1
2	75524	0.878254	1
2	75534	0.878379	1
2	75534	0.878379	1
2	75546	0.878504	1
2	75556	0.878629	1
2	75567	0.878754	1
2	75577	0.878879	1
2	75577	0.878879	1
2	75589	0.879004	1
2	75599	0.879129	1
2	75610	0.879254	1
2	75620	0.879379	1
2	75620	0.879379	1
2	75632	0.879504	1
2	75642	0.879629	1
2	75653	0.879754	1
2	75663	0.879879	1
2	75663	0.879879	1
2	75675	0.880004	1
2	75685	0.880129	1
2	75696	0.880254	1
2	75706	0.880379	1
2	75706	0.880379	1
2	75718	0.880504	1
2	75728	0.880629	1
2	75739	0.880754	1
2	75749	0.880879	1
2	75749	0.880879	1
2	75761	0.881004	1
2	75771	0.881129	1
2	75782	0.881254	1
2	75792	0.881379	1
2	75792	0.881379	1
2	75804	0.881504	1
2	75814	0.881629	1
2	75825	0.881754	1
2	75835	0.881879	1
2	75835	0.881879	1
2	75847	0.882004	1
2	75857	0.882129	1
2	75868	0.882254	1
2	75878	0.882379	1
2	75878	0.882379	1
2	75890	0.882504	1
2	75900	0.882629	1
2	75911	0.882754	1
2	75921	0.882879	1
2	75921	0.882879	1
2	75933	0.883004	1
2	75943	0.883129	1
2	75954	0.883254	1
2	75964	0.883379	1
2	75964	0.883379	1
2	75976	0.883504	1
2	75986	0.883629	1
2	75997	0.883754	1
2	76007	0.883879	1
2	76007	0.883879	1
2	76019	0.884004	1
2	76029	0.884129	1
2	76040	0.884254	1
2	76050	0.884379	1
2	76050	0.884379	1
2	76062	0.884504	1
2	76072	0.884629	1
2	76083	0.884754	1
2	76093	0.884879	1
2	76093	0.884879	1
2	76105	0.885004	1
2	76115	0.885129	1
2	76126	0.885254	1
2	76136	0.885379	1
2	76136	0.885379	1
2	76148	0.885504	1
2	76158	0.885629	1
2	76169	0.885754	1
2	76179	0.885879	1
2	76179	0.885879	1
2	76191	0.886004	1
2	76201	0.886129	1
2	76212	0.886254	1
2	76222	0.886379	1
2	76222	0.886379	1
2	76234	0.886504	1
2	76244	0.886629	1
2	76255	0.886754	1
2	76265	0.886879	1
2	76265	0.886879	1
2	76277	0.887004	1
2	76287	0.887129	1
2	76298	0.887254	1
2	76308	0.887379	1
2	76308	0.887379	1
2	76320	0.887504	1
2	76330	0.887629	1
2	76341	0.887754	1
2	76351	0.887879	1
2	76351	0.887879	1
2	76363	0.888004	1
2	76373	0.888129	1
2	76384	0.888254	1
2	76394	0.888379	1
2	76394	0.888379	1
2	76406	0.888504	1
2	76416	0.888629	1
2	76427	0.888754	1
2	76437	0.888879	1
2	76437	0.888879	1
2	76449	0.889004	1
2	76459	0.889129	1
2	76470	0.889254	1
2	76480	0.889379	1
2	76480	0.889379	1
2	76492	0.889504	1
2	76502	0.889629	1
2	76513	0.889754	1
2	76523	0.889879	1
2	76523	0.889879	1
2	76535	0.890004	1
2	76545	0.890129	1
2	76556	0.890254	1
2	76566	0.890379	1
2	76566	0.890379	1
2	76578	0.890504	1
2	76588	0.890629	1
2	76599	0.890754	1
2	76609	0.890879	1
2	76609	0.890879	1
2	76621	0.891004	1
2	76631	0.891129	1
2	76642	0.891254	1
2	76652	0.891379	1
2	76652	0.891379	1
2	76664	0.891504	1
2	76674	0.891629	1
2	76685	0.891754	1
2	76695	0.891879	1
2	76695	0.891879	1
2	76707	0.892004	1
2	76717	0.892129	1
2	76728	0.892254	1
2	76738	0.892379	1
2	76738	0.892379	1
2	76750	0.892504	1
2	76760	0.892629	1
2	76771	0.892754	1
2	76781	0.892879	1
2	76781	0.892879	1
2	76793	0.893004	1
2	76803	0.893129	1
2	76814	0.893254	1
2	76824	0.893379	1
2	76824	0.893379	1
2	76836	0.893504	1
2	76846	0.893629	1
2	76857	0.893754	1
2	76867	0.893879	1
2	76867	0.893879	1
2	76879	0.894004	1
2	76889	0.894129	1
2	76900	0.894254	1
2	76910	0.894379	1
2	76910	0.894379	1
2	76922	0.894504	1
2	76932	0.894629	1
2	76943	0.894754	1
2	76953	0.894879	1
2	76953	0.894879	1
2	76965	0.895004	1
2	76975	0.895129	1
2	76986	0.895254	1
2	76996	0.895379	1
2	76996	0.895379	1
2	77008	0.895504	1
2	77018	0.895629	1
2	77029	0.895754	1
2	77039	0.895879	1
2	77039	0.895879	1
2	77051	0.896004	1
2	77061	0.896129	1
2	77072	0.896254	1
2	77082	0.896379	1
2	77082	0.896379	1
2	77094	0.896504	1
2	77104	0.896629	1
2	77115	0.896754	1
2	77125	0.896879	1
2	77125	0.896879	1
2	77137	0.897004	1
2	77147	0.897129	1
2	77158	0.897254	1
2	77168	0.897379	1
2	77168	0.897379	1
2	77180	0.897504	1
2	77190	0.897629	1
2	77201	0.897754	1
2	77211	0.897879	1
2	77211	0.897879	1
2	77223	0.898004	1
2	77233	0.898129	1
2	77244	0.898254	1
2	77254	0.898379	1
2	77254	0.898379	1
2	77266	0.898504	1
2	77276	0.898629	1
2	77287	0.898754	1
2	77297	0.898879	1
2	77297	0.898879	1
2	77309	0.899004	1
2	77319	0.899129	1
2	77330	0.899254	1
2	77340	0.899379	1
2	77340	0.899379	1
2	77352	0.899504	1
2	77362	0.899629	1
2	77373	0.899754	1
2	77383	0.899879	1
2	77383	0.899879	1
2	77395	0.900004	1
2	77405	0.900129	1
2	77416	0.900254	1
2	77426	0.900379	1
2	77426	0.900379	1
2	77438	0.900504	1
2	77448	0.900629	1
2	77459	0.900754	1
2	77469	0.900879	1
2	77469	0.900879	1
2	77481	0.901004	1
2	77491	0.901129	1
2	77502	0.901254	1
2	77512	0.901379	1
2	77512	0.901379	1
2	77524	0.901504	1
2	77534	0.901629	1
2	77545	0.901754	1
2	77555	0.901879	1
2	77555	0.901879	1
2	77567	0.902004	1
2	77577	0.902129	1
2	77588	0.902254	1
2	77598	0.902379	1
2	77598	0.902379	1
2	77610	0.902504	1
2	77620	0.902629	1
2	77631	0.902754	1
2	77641	0.902879	1
2	77641	0.902879	1
2	77653	0.903004	1
2	77663	0.903129	1
2	77674	0.903254	1
2	77684	0.903379	1
2	77684	0.903379	1
2	77696	0.903504	1
2	77706	0.903629	1
2	77717	0.903754	1
2	77727	0.903879	1
2	77727	0.903879	1
2	77739	0.904004	1
2	77749	0.904129	1
2	77760	0.904254	1
2	77770	0.904379	1
2	77770	0.904379	1
2	77782	0.904504	1
2	77792	0.904629	1
2	77803	0.904754	1
2	77813	0.904879	1
2	77813	0.904879	1
2	77825	0.905004	1
2	77835	0.905129	1
2	77846	0.905254	1
2	77856	0.905379	1
2	77856	0.905379	1
2	77868	0.905504	1
2	77878	0.905629	1
2	77889	0.905754	1
2	77899	0.905879	1
2	77899	0.905879	1
2	77911	0.906004	1
2	77921	0.906129	1
2	77932	0.906254	1
2	77942	0.906379	1
2	77942	0.906379	1
2	77954	0.906504	1
2	77964	0.906629	1
2	77975	0.906754	1
2	77985	0.906879	1
2	77985	0.906879	1
2	77997	0.907004	1
2	78007	0.907129	1
2	78018	0.907254	1
2	78028	0.907379	1
2	78028	0.907379	1
2	78040	0.907504	1
2	78050	0.907629	1
2	78061	0.907754	1
2	78071	0.907879	1
2	78071	0.907879	1
2	78083	0.908004	1
2	78093	0.908129	1
2	78104	0.908254	1
2	78114	0.908379	1
2	78114	0.908379	1
2	78126	0.908504	1
2	78136	0.908629	1
2	78147	0.908754	1
2	78157	0.908879	1
2	78157	0.908879	1
2	78169	0.909004	1
2	78179	0.909129	1
2	78190	0.909254	1
2	78200	0.909379	1
2	78200	0.909379	1
2	78212	0.909504	1
2	78222	0.909629	1
2	78233	0.909754	1
2	78243	0.909879	1
2	78243	0.909879	1
2	78255	0.910004	1
2	78265	0.910129	1
2	78276	0.910254	1
2	78286	0.910379	1
2	78286	0.910379	1
2	78298	0.910504	1
2	78308	0.910629	1
2	78319	0.910754	1
2	78329	0.910879	1
2	78329	0.910879	1
2	78341	0.911004	1
2	78351	0.911129	1
2	78362	0.911254	1
2	78372	0.911379	1
2	78372	0.911379	1
2	78384	0.911504	1
2	78394	0.911629	1
2	78405	0.911754	1
2	78415	0.911879	1
2	78415	0.911879	1
2	78427	0.912004	1
2	78437	0.912129	1
2	78448	0.912254	1
2	78458	0.912379	1
2	78458	0.912379	1
2	78470	0.912504	1
2	78480	0.912629	1
2	78491	0.912754	1
2	78501	0.912879	1
2	78501	0.912879	1
2	78513	0.913004	1
2	78523	0.913129	1
2	78534	0.913254	1
2	78544	0.913379	1
2	78544	0.913379	1
2	78556	0.913504	1
2	78566	0.913629	1
2	78577	0.913754	1
2	78587	0.913879	1
2	78587	0.913879	1
2	78599	0.914004	1
2	78609	0.914129	1
2	78620	0.914254	1
2	78630	0.914379	1
2	78630	0.914379	1
2	78642	0.914504	1
2	78652	0.914629	1
2	78663	0.914754	1
2	78673	0.914879	1
2	78673	0.914879	1
2	78685	0.915004	1
2	78695	0.915129	1
2	78706	0.915254	1
2	78716	0.915379	1
2	78716	0.915379	1
2	78728	0.915504	1
2	78738	0.915629	1
2	78749	0.915754	1
2	78759	0.915879	1
2	78759	0.915879	1
2	78771	0.916004	1
2	78781	0.916129	1
2	78792	0.916254	1
2	78802	0.916379	1
2	78802	0.916379	1
2	78814	0.916504	1
2	78824	0.916629	1
2	78835	0.916754	1
2	78845	0.916879	1
2	78845	0.916879	1
2	78857	0.917004	1
2	78867	0.917129	1
2	78878	0.917254	1
2	78888	0.917379	1
2	78888	0.917379	1
2	78900	0.917504	1
2	78910	0.917629	1
2	78921	0.917754	1
2	78931	0.917879	1
2	78931	0.917879	1
2	78943	0.918004	1
2	78953	0.918129	1
2	78964	0.918254	1
2	78974	0.918379	1
2	78974	0.918379	1
2	78986	0.918504	1
2	78996	0.918629	1
2	79007	0.918754	1
2	79017	0.918879	1
2	79017	0.918879	1
2	79029	0.919004	1
2	79039	0.919129	1
2	79050	0.919254	1
2	79060	0.919379	1
2	79060	0.919379	1
2	79072	0.919504	1
2	79082	0.919629	1
2	79093	0.919754	1
2	79103	0.919879	1
2	79103	0.919879	1
2	79115	0.920004	1
2	79125	0.920129	1
2	79136	0.920254	1
2	79146	0.920379	1
2	79146	0.920379	1
2	79158	0.920504	1
2	79168	0.920629	1
2	79179	0.920754	1
2	79189	0.920879	1
2	79189	0.920879	1
2	79201	0.921004	1
2	79211	0.921129	1
2	79222	0.921254	1
2	79232	0.921379	1
2	79232	0.921379	1
2	79244	0.921504	1
2	79254	0.921629	1
2	79265	0.921754	1
2	79275	0.921879	1
2	79275	0.921879	1
2	79287	0.922004	1
2	79297	0.922129	1
2	79308	0.922254	1
2	79318	0.922379	1
2	79318	0.922379	1
2	79330	0.922504	1
2	79340	0.922629	1
2	79351	0.922754	1
2	79361	0.922879	1
2	79361	0.922879	1
2	79373	0.923004	1
2	79383	0.923129	1
2	79394	0.923254	1
2	79404	0.923379	1
2	79404	0.923379	1
2	79416	0.923504	1
2	79426	0.923629	1
2	79437	0.923754	1
2	79447	0.923879	1
2	79447	0.923879	1
2	79459	0.924004	1
2	79469	0.924129	1
2	79480	0.924254	1
2	79490	0.924379	1
2	79490	0.924379	1
2	79502	0.924504	1
2	79512	0.924629	1
2	79523	0.924754	1
2	79533	0.924879	1
2	79533	0.924879	1
2	79545	0.925004	1
2	79555	0.925129	1
2	79566	0.925254	1
2	79576	0.925379	1
2	79576	0.925379	1
2	79588	0.925504	1
2	79598	0.925629	1
2	79609	0.925754	1
2	79619	0.925879	1
2	79619	0.925879	1
2	79631	0.926004	1
2	79641	0.926129	1
2	79652	0.926254	1
2	79662	0.926379	1
2	79662	0.926379	1
2	79674	0.926504	1
2	79684	0.926629	1
2	79695	0.926754	1
2	79705	0.926879	1
2	79705	0.926879	1
2	79717	0.927004	1
2	79727	0.927129	1
2	79738	0.927254	1
2	79748	0.927379	1
2	79748	0.927379	1
2	79760	0.927504	1
2	79770	0.927629	1
2	79781	0.927754	1
2	79791	0.927879	1
2	79791	0.927879	1
2	79803	0.928004	1
2	79813	0.928129	1
2	79824	0.928254	1
2	79834	0.928379	1
2	79834	0.928379	1
2	79846	0.928504	1
2	79856	0.928629	1
2	79867	0.928754	1
2	79877	0.928879	1
2	79877	0.928879	1
2	79889	0.929004	1
2	79899	0.929129	1
2	79910	0.929254	1
2	79920	0.929379	1
2	79920	0.929379	1
2	79932	0.929504	1
2	79942	0.929629	1
2	79953	0.929754	1
2	79963	0.929879	1
2	79963	0.929879	1
2	79975	0.930004	1
2	79985	0.930129	1
2	79996	0.930254	1
2	80006	0.930379	1
2	80006	0.930379	1
2	80018	0.930504	1
2	80028	0.930629	1
2	80039	0.930754	1
2	80049	0.930879	1
2	80049	0.930879	1
2	80061	0.931004	1
2	80071	0.931129	1
2	80082	0.931254	1
2	80092	0.931379	1
2	80092	0.931379	1
2	80104	0.931504	1
2	80114	0.931629	1
2	80125	0.931754	1
2	80135	0.931879	1
2	80135	0.931879	1
2	80147	0.932004	1
2	80157	0.932129	1
2	80168	0.932254	1
2	80178	0.932379	1
2	80178	0.932379	1
2	80190	0.932504	1
2	80200	0.932629	1
2	80211	0.932754	1
2	80221	0.932879	1
2	80221	0.932879	1
2	80233	0.933004	1
2	80243	0.933129	1
2	80254	0.933254	1
2	80264	0.933379	1
2	80264	0.933379	1
2	80276	0.933504	1
2	80286	0.933629	1
2	80297	0.933754	1
2	80307	0.933879	1
2	80307	0.933879	1
2	80319	0.934004	1
2	80329	0.934129	1
2	80340	0.934254	1
2	80350	0.934379	1
2	80350	0.934379	1
2	80362	0.934504	1
2	80372	0.934629	1
2	80383	0.934754	1
2	80393	0.934879	1
2	80393	0.934879	1
2	80405	0.935004	1
2	80415	0.935129	1
2	80426	0.935254	1
2	80436	0.935379	1
2	80436	0.935379	1
2	80448	0.935504	1
2	80458	0.935629	1
2	80469	0.935754	1
2	80479	0.935879	1
2	80479	0.935879	1
2	80491	0.936004	1
2	80501	0.936129	1
2	80512	0.936254	1
2	80522	0.936379	1
2	80522	0.936379	1
2	80534	0.936504	1
2	80544	0.936629	1
2	80555	0.936754	1
2	80565	0.936879	1
2	80565	0.936879	1
2	80577	0.937004	1
2	80587	0.937129	1
2	80598	0.937254	1
2	80608	0.937379	1
2	80608	0.937379	1
2	80620	0.937504	1
2	80630	0.937629	1
2	80641	0.937754	1
2	80651	0.937879	1
2	80651	0.937879	1
2	80663	0.938004	1
2	80673	0.938129	1
2	80684	0.938254	1
2	80694	0.938379	1
2	80694	0.938379	1
2	80706	0.938504	1
2	80716	0.938629	1
2	80727	0.938754	1
2	80737	0.938879	1
2	80737	0.938879	1
2	80749	0.939004	1
2	80759	0.939129	1
2	80770	0.939254	1
2	80780	0.939379	1
2	80780	0.939379	1
2	80792	0.939504	1
2	80802	0.939629	1
2	80813	0.939754	1
2	80823	0.939879	1
2	80823	0.939879	1
2	80835	0.940004	1
2	80845	0.940129	1
2	80856	0.940254	1
2	80866	0.940379	1
2	80866	0.940379	1
2	80878	0.940504	1
2	80888	0.940629	1
2	80899	0.940754	1
2	80909	0.940879	1
2	80909	0.940879	1
2	80921	0.941004	1
2	80931	0.941129	1
2	80942	0.941254	1
2	80952	0.941379	1
2	80952	0.941379	1
2	80964	0.941504	1
2	80974	0.941629	1
2	80985	0.941754	1
2	80995	0.941879	1
2	80995	0.941879	1
2	81007	0.942004	1
2	81017	0.942129	1
2	81028	0.942254	1
2	81038	0.942379	1
2	81038	0.942379	1
2	81050	0.942504	1
2	81060	0.942629	1
2	81071	0.942754	1
2	81081	0.942879	1
2	81081	0.942879	1
2	81093	0.943004	1
2	81103	0.943129	1
2	81114	0.943254	1
2	81124	0.943379	1
2	81124	0.943379	1
2	81136	0.943504	1
2	81146	0.943629	1
2	81157	0.943754	1
2	81167	0.943879	1
2	81167	0.943879	1
2	81179	0.944004	1
2	81189	0.944129	1
2	81200	0.944254	1
2	81210	0.944379	1
2	81210	0.944379	1
2	81222	0.944504	1
2	81232	0.944629	1
2	81243	0.944754	1
2	81253	0.944879	1
2	81253	0.944879	1
2	81265	0.945004	1
2	81275	0.945129	1
2	81286	0.945254	1
2	81296	0.945379	1
2	81296	0.945379	1
2	81308	0.945504	1
2	81318	0.945629	1
2	81329	0.945754	1
2	81339	0.945879	1
2	81339	0.945879	1
2	81351	0.946004	1
2	81361	0.946129	1
2	81372	0.946254	1
2	81382	0.946379	1
2	81382	0.946379	1
2	81394	0.946504	1
2	81404	0.946629	1
2	81415	0.946754	1
2	81425	0.946879	1
2	81425	0.946879	1
2	81437	0.947004	1
2	81447	0.947129	1
2	81458	0.947254	1
2	81468	0.947379	1
2	81468	0.947379	1
2	81480	0.947504	1
2	81490	0.947629	1
2	81501	0.947754	1
2	81511	0.947879	1
2	81511	0.947879	1
2	81523	0.948004	1
2	81533	0.948129	1
2	81544	0.948254	1
2	81554	0.948379	1
2	81554	0.948379	1
2	81566	0.948504	1
2	81576	0.948629	1
2	81587	0.948754	1
2	81597	0.948879	1
2	81597	0.948879	1
2	81609	0.949004	1
2	81619	0.949129	1
2	81630	0.949254	1
2	81640	0.949379	1
2	81640	0.949379	1
2	81652	0.949504	1
2	81662	0.949629	1
2	81673	0.949754	1
2	81683	0.949879	1
2	81683	0.949879	1
2	81695	0.950004	1
2	81705	0.950129	1
2	81716	0.950254	1
2	81726	0.950379	1
2	81726	0.950379	1
2	81738	0.950504	1
2	81748	0.950629	1
2	81759	0.950754	1
2	81769	0.950879	1
2	81769	0.950879	1
2	81781	0.951004	1
2	81791	0.951129	1
2	81802	0.951254	1
2	81812	0.951379	1
2	81812	0.951379	1
2	81824	0.951504	1
2	81834	0.951629	1
2	81845	0.951754	1
2	81855	0.951879	1
2	81855	0.951879	1
2	81867	0.952004	1
2	81877	0.952129	1
2	81888	0.952254	1
2	81898	0.952379	1
2	81898	0.952379	1
2	81910	0.952504	1
2	81920	0.952629	1
2	81931	0.952754	1
2	81941	0.952879	1
2	81941	0.952879	1
2	81953	0.953004	1
2	81963	0.953129	1
2	81974	0.953254	1
2	81984	0.953379	1
2	81984	0.953379	1
2	81996	0.953504	1
2	82006	0.953629	1
2	82017	0.953754	1
2	82027	0.953879	1
2	82027	0.953879	1
2	82039	0.954004	1
2	82049	0.954129	1
2	82060	0.954254	1
2	82070	0.954379	1
2	82070	0.954379	1
2	82082	0.954504	1
2	82092	0.954629	1
2	82103	0.954754	1
2	82113	0.954879	1
2	82113	0.954879	1
2	82125	0.955004	1
2	82135	0.955129	1
2	82146	0.955254	1
2	82156	0.955379	1
2	82156	0.955379	1
2	82168	0.955504	1
2	82178	0.955629	1
2	82189	0.955754	1
2	82199	0.955879	1
2	82199	0.955879	1
2	82211	0.956004	1
2	82221	0.956129	1
2	82232	0.956254	1
2	82242	0.956379	1
2	82242	0.956379	1
2	82254	0.956504	1
2	82264	0.956629	1
2	82275	0.956754	1
2	82285	0.956879	1
2	82285	0.956879	1
2	82297	0.957004	1
2	82307	0.957129	1
2	82318	0.957254	1
2	82328	0.957379	1
2	82328	0.957379	1
2	82340	0.957504	1
2	82350	0.957629	1
2	82361	0.957754	1
2	82371	0.957879	1
2	82371	0.957879	1
2	82383	0.958004	1
2	82393	0.958129	1
2	82404	0.958254	1
2	82414	0.958379	1
2	82414	0.958379	1
2	82426	0.958504	1
2	82436	0.958629	1
2	82447	0.958754	1
2	82457	0.958879	1
2	82457	0.958879	1
2	82469	0.959004	1
2	82479	0.959129	1
2	82490	0.959254	1
2	82500	0.959379	1
2	82500	0.959379	1
2	82512	0.959504	1
2	82522	0.959629	1
2	82533	0.959754	1
2	82543	0.959879	1
2	82543	0.959879	1
2	82555	0.960004	1
2	82565	0.960129	1
2	82576	0.960254	1
2	82586	0.960379	1
2	82586	0.960379	1
2	82598	0.960504	1
2	82608	0.960629	1
2	82619	0.960754	1
2	82629	0.960879	1
2	82629	0.960879	1
2	82641	0.961004	1
2	82651	0.961129	1
2	82662	0.961254	1
2	82672	0.961379	1
2	82672	0.961379	1
2	82684	0.961504	1
2	82694	0.961629	1
2	82705	0.961754	1
2	82715	0.961879	1
2	82715	0.961879	1
2	82727	0.962004	1
2	82737	0.962129	1
2	82748	0.962254	1
2	82758	0.962379	1
2	82758	0.962379	1
2	82770	0.962504	1
2	82780	0.962629	1
2	82791	0.962754	1
2	82801	0.962879	1
2	82801	0.962879	1
2	82813	0.963004	1
2	82823	0.963129	1
2	82834	0.963254	1
2	82844	0.963379	1
2	82844	0.963379	1
2	82856	0.963504	1
2	82866	0.963629	1
2	82877	0.963754	1
2	82887	0.963879	1
2	82887	0.963879	1
2	82899	0.964004	1
2	82909	0.964129	1
2	82920	0.964254	1
2	82930	0.964379	1
2	82930	0.964379	1
2	82942	0.964504	1
2	82952	0.964629	1
2	82963	0.964754	1
2	82973	0.964879	1
2	82973	0.964879	1
2	82985	0.965004	1
2	82995	0.965129	1
2	83006	0.965254	1
2	83016	0.965379	1
2	83016	0.965379	1
2	83028	0.965504	1
2	83038	0.965629	1
2	83049	0.965754	1
2	83059	0.965879	1
2	83059	0.965879	1
2	83071	0.966004	1
2	83081	0.966129	1
2	83092	0.966254	1
2	83102	0.966379	1
2	83102	0.966379	1
2	83114	0.966504	1
2	83124	0.966629	1
2	83135	0.966754	1
2	83145	0.966879	1
2	83145	0.966879	1
2	83157	0.967004	1
2	83167	0.967129	1
2	83178	0.967254	1
2	83188	0.967379	1
2	83188	0.967379	1
2	83200	0.967504	1
2	83210	0.967629	1
2	83221	0.967754	1
2	83231	0.967879	1
2	83231	0.967879	1
2	83243	0.968004	1
2	83253	0.968129	1
2	83264	0.968254	1
2	83274	0.968379	1
2	83274	0.968379	1
2	83286	0.968504	1
2	83296	0.968629	1
2	83307	0.968754	1
2	83317	0.968879	1
2	83317	0.968879	1
2	83329	0.969004	1
2	83339	0.969129	1
2	83350	0.969254	1
2	83360	0.969379	1
2	83360	0.969379	1
2	83372	0.969504	1
2	83382	0.969629	1
2	83393	0.969754	1
2	83403	0.969879	1
2	83403	0.969879	1
2	83415	0.970004	1
2	83425	0.970129	1
2	83436	0.970254	1
2	83446	0.970379	1
2	83446	0.970379	1
2	83458	0.970504	1
2	83468	0.970629	1
2	83479	0.970754	1
2	83489	0.970879	1
2	83489	0.970879	1
2	83501	0.971004	1
2	83511	0.971129	1
2	83522	0.971254	1
2	83532	0.971379	1
2	83532	0.971379	1
2	83544	0.971504	1
2	83554	0.971629	1
2	83565	0.971754	1
2	83575	0.971879	1
2	83575	0.971879	1
2	83587	0.972004	1
2	83597	0.972129	1
2	83608	0.972254	1
2	83618	0.972379	1
2	83618	0.972379	1
2	83630	0.972504	1
2	83640	0.972629	1
2	83651	0.972754	1
2	83661	0.972879	1
2	83661	0.972879	1
2	83673	0.973004	1
2	83683	0.973129	1
2	83694	0.973254	1
2	83704	0.973379	1
2	83704	0.973379	1
2	83716	0.973504	1
2	83726	0.973629	1
2	83737	0.973754	1
2	83747	0.973879	1
2	83747	0.973879	1
2	83759	0.974004	1
2	83769	0.974129	1
2	83780	0.974254	1
2	83790	0.974379	1
2	83790	0.974379	1
2	83802	0.974504	1
2	83812	0.974629	1
2	83823	0.974754	1
2	83833	0.974879	1
2	83833	0.974879	1
2	83845	0.975004	1
2	83855	0.975129	1
2	83866	0.975254	1
2	83876	0.975379	1
2	83876	0.975379	1
2	83888	0.975504	1
2	83898	0.975629	1
2	83909	0.975754	1
2	83919	0.975879	1
2	83919	0.975879	1
2	83931	0.976004	1
2	83941	0.976129	1
2	83952	0.976254	1
2	83962	0.976379	1
2	83962	0.976379	1
2	83974	0.976504	1
2	83984	0.976629	1
2	83995	0.976754	1
2	84005	0.976879	1
2	84005	0.976879	1
2	84017	0.977004	1
2	84027	0.977129	1
2	84038	0.977254	1
2	84048	0.977379	1
2	84048	0.977379	1
2	84060	0.977504	1
2	84070	0.977629	1
2	84081	0.977754	1
2	84091	0.977879	1
2	84091	0.977879	1
2	84103	0.978004	1
2	84113	0.978129	1
2	84124	0.978254	1
2	84134	0.978379	1
2	84134	0.978379	1
2	84146	0.978504	1
2	84156	0.978629	1
2	84167	0.978754	1
2	84177	0.978879	1
2	84177	0.978879	1
2	84189	0.979004	1
2	84199	0.979129	1
2	84210	0.979254	1
2	84220	0.979379	1
2	84220	0.979379	1
2	84232	0.979504	1
2	84242	0.979629	1
2	84253	0.979754	1
2	84263	0.979879	1
2	84263	0.979879	1
2	84275	0.980004	1
2	84285	0.980129	1
2	84296	0.980254	1
2	84306	0.980379	1
2	84306	0.980379	1
2	84318	0.980504	1
2	84328	0.980629	1
2	84339	0.980754	1
2	84349	0.980879	1
2	84349	0.980879	1
2	84361	0.981004	1
2	84371	0.981129	1
2	84382	0.981254	1
2	84392	0.981379	1
2	84392	0.981379	1
2	84404	0.981504	1
2	84414	0.981629	1
2	84425	0.981754	1
2	84435	0.981879	1
2	84435	0.981879	1
2	84447	0.982004	1
2	84457	0.982129	1
2	84468	0.982254	1
2	84478	0.982379	1
2	84478	0.982379	1
2	84490	0.982504	1
2	84500	0.982629	1
2	84511	0.982754	1
2	84521	0.982879	1
2	84521	0.982879	1
2	84533	0.983004	1
2	84543	0.983129	1
2	84554	0.983254	1
2	84564	0.983379	1
2	84564	0.983379	1
2	84576	0.983504	1
2	84586	0.983629	1
2	84597	0.983754	1
2	84607	0.983879	1
2	84607	0.983879	1
2	84619	0.984004	1
2	84629	0.984129	1
2	84640	0.984254	1
2	84650	0.984379	1
2	84650	0.984379	1
2	84662	0.984504	1
2	84672	0.984629	1
2	84683	0.984754	1
2	84693	0.984879	1
2	84693	0.984879	1
2	84705	0.985004	1
2	84715	0.985129	1
2	84726	0.985254	1
2	84736	0.985379	1
2	84736	0.985379	1
2	84748	0.985504	1
2	84758	0.985629	1
2	84769	0.985754	1
2	84779	0.985879	1
2	84779	0.985879	1
2	84791	0.986004	1
2	84801	0.986129	1
2	84812	0.986254	1
2	84822	0.986379	1
2	84822	0.986379	1
2	84834	0.986504	1
2	84844	0.986629	1
2	84855	0.986754	1
2	84865	0.986879	1
2	84865	0.986879	1
2	84877	0.987004	1
2	84887	0.987129	1
2	84898	0.987254	1
2	84908	0.987379	1
2	84908	0.987379	1
2	84920	0.987504	1
2	84930	0.987629	1
2	84941	0.987754	1
2	84951	0.987879	1
2	84951	0.987879	1
2	84963	0.988004	1
2	84973	0.988129	1
2	84984	0.988254	1
2	84994	0.988379	1
2	84994	0.988379	1
2	85006	0.988504	1
2	85016	0.988629	1
2	85027	0.988754	1
2	85037	0.988879	1
2	85037	0.988879	1
2	85049	0.989004	1
2	85059	0.989129	1
2	85070	0.989254	1
2	85080	0.989379	1
2	85080	0.989379	1
2	85092	0.989504	1
2	85102	0.989629	1
2	85113	0.989754	1
2	85123	0.989879	1
2	85123	0.989879	1
2	85135	0.990004	1
2	85145	0.990129	1
2	85156	0.990254	1
2	85166	0.990379	1
2	85166	0.990379	1
2	85178	0.990504	1
2	85188	0.990629	1
2	85199	0.990754	1
2	85209	0.990879	1
2	85209	0.990879	1
2	85221	0.991004	1
2	85231	0.991129	1
2	85242	0.991254	1
2	85252	0.991379	1
2	85252	0.991379	1
2	85264	0.991504	1
2	85274	0.991629	1
2	85285	0.991754	1
2	85295	0.991879	1
2	85295	0.991879	1
2	85307	0.992004	1
2	85317	0.992129	1
2	85328	0.992254	1
2	85338	0.992379	1
2	85338	0.992379	1
2	85350	0.992504	1
2	85360	0.992629	1
2	85371	0.992754	1
2	85381	0.992879	1
2	85381	0.992879	1
2	85393	0.993004	1
2	85403	0.993129	1
2	85414	0.993254	1
2	85424	0.993379	1
2	85424	0.993379	1
2	85436	0.993504	1
2	85446	0.993629	1
2	85457	0.993754	1
2	85467	0.993879	1
2	85467	0.993879	1
2	85479	0.994004	1
2	85489	0.994129	1
2	85500	0.994254	1
2	85510	0.994379	1
2	85510	0.994379	1
2	85522	0.994504	1
2	85532	0.994629	1
2	85543	0.994754	1
2	85553	0.994879	1
2	85553	0.994879	1
2	85565	0.995004	1
2	85575	0.995129	1
2	85586	0.995254	1
2	85596	0.995379	1
2	85596	0.995379	1
2	85608	0.995504	1
2	85618	0.995629	1
2	85629	0.995754	1
2	85639	0.995879	1
2	85639	0.995879	1
2	85651	0.996004	1
2	85661	0.996129	1
2	85672	0.996254	1
2	85682	0.996379	1
2	85682	0.996379	1
2	85694	0.996504	1
2	85704	0.996629	1
2	85715	0.996754	1
2	85725	0.996879	1
2	85725	0.996879	1
2	85737	0.997004	1
2	85747	0.997129	1
2	85758	0.997254	1
2	85768	0.997379	1
2	85768	0.997379	1
2	85780	0.997504	1
2	85790	0.997629	1
2	85801	0.997754	1
2	85811	0.997879	1
2	85811	0.997879	1
2	85823	0.998004	1
2	85833	0.998129	1
2	85844	0.998254	1
2	85854	0.998379	1
2	85854	0.998379	1
2	85866	0.998504	1
2	85876	0.998629	1
2	85887	0.998754	1
2	85897	0.998879	1
2	85897	0.998879	1
2	85909	0.999004	1
2	85919	0.999129	1
2	85930	0.999254	1
2	85940	0.999379	1
2	85940	0.999379	1
2	85952	0.999504	1
2	85962	0.999629	1
2	85973	0.999754	1
2	85983	0.999879	1
2	85983	0.999879	1

