version 3
run STM1-0-20260508-12:27:30-11660
attr configname STM1
attr datetime 20260508-12:27:30
attr datetimef 20260508-122730
attr experiment STM1
attr inifile omnetpp.ini
attr iterationvars ""
attr iterationvarsd ""
attr iterationvarsf ""
attr measurement ""
attr network p2pNetwork
attr processid 11660
attr repetition 0
attr replication #0
attr resultdir results
attr runnumber 0
attr seedset 0
config debug-on-errors true
config image-path ../../../../../images
config *.lteA.stmLevel 1
config *.lteB.stmLevel 1
config *.lteA.numTributaries 1
config *.lteB.numTributaries 1
config **.packetSize 2430
config **.packetInterval "41.62 us"
config network p2pNetwork
config sim-time-limit 1s

vector 0 p2pNetwork.lteA stmWorkingSent:vector ETV
attr recordingmode vector
attr source stmWorkingSent
attr title "STM sent on working line"
vector 1 p2pNetwork.lteB stmWorkingSent:vector ETV
attr recordingmode vector
attr source stmWorkingSent
attr title "STM sent on working line"
vector 2 p2pNetwork.lteB stmWorkingReceived:vector ETV
attr recordingmode vector
attr source stmWorkingReceived
attr title "STM received on working line"
vector 3 p2pNetwork.lteA stmWorkingReceived:vector ETV
attr recordingmode vector
attr source stmWorkingReceived
attr title "STM received on working line"
0	13	0.000125	1
0	31	0.00025	2
0	49	0.000375	3
0	67	0.0005	4
0	85	0.000625	5
0	103	0.00075	6
0	121	0.000875	7
0	139	0.001	8
0	157	0.001125	9
0	175	0.00125	10
0	193	0.001375	11
0	211	0.0015	12
0	229	0.001625	13
0	247	0.00175	14
0	265	0.001875	15
0	283	0.002	16
0	301	0.002125	17
0	319	0.00225	18
0	337	0.002375	19
0	355	0.0025	20
0	373	0.002625	21
0	391	0.00275	22
0	409	0.002875	23
0	427	0.003	24
0	445	0.003125	25
0	463	0.00325	26
0	481	0.003375	27
0	499	0.0035	28
0	517	0.003625	29
0	535	0.00375	30
0	553	0.003875	31
0	571	0.004	32
0	589	0.004125	33
0	607	0.00425	34
0	625	0.004375	35
0	643	0.0045	36
0	661	0.004625	37
0	679	0.00475	38
0	697	0.004875	39
0	715	0.005	40
0	733	0.005125	41
0	751	0.00525	42
0	769	0.005375	43
0	787	0.0055	44
0	805	0.005625	45
0	823	0.00575	46
0	841	0.005875	47
0	859	0.006	48
0	877	0.006125	49
0	895	0.00625	50
0	913	0.006375	51
0	931	0.0065	52
0	949	0.006625	53
0	967	0.00675	54
0	985	0.006875	55
0	1003	0.007	56
0	1021	0.007125	57
0	1039	0.00725	58
0	1057	0.007375	59
0	1075	0.0075	60
0	1093	0.007625	61
0	1111	0.00775	62
0	1129	0.007875	63
0	1147	0.008	64
0	1165	0.008125	65
0	1183	0.00825	66
0	1201	0.008375	67
0	1219	0.0085	68
0	1237	0.008625	69
0	1255	0.00875	70
0	1273	0.008875	71
0	1291	0.009	72
0	1309	0.009125	73
0	1327	0.00925	74
0	1345	0.009375	75
0	1363	0.0095	76
0	1381	0.009625	77
0	1399	0.00975	78
0	1417	0.009875	79
0	1435	0.01	80
0	1453	0.010125	81
0	1471	0.01025	82
0	1489	0.010375	83
0	1507	0.0105	84
0	1525	0.010625	85
0	1543	0.01075	86
0	1561	0.010875	87
0	1579	0.011	88
0	1597	0.011125	89
0	1615	0.01125	90
0	1633	0.011375	91
0	1651	0.0115	92
0	1669	0.011625	93
0	1687	0.01175	94
0	1705	0.011875	95
0	1723	0.012	96
0	1741	0.012125	97
0	1759	0.01225	98
0	1777	0.012375	99
0	1795	0.0125	100
0	1813	0.012625	101
0	1831	0.01275	102
0	1849	0.012875	103
0	1867	0.013	104
0	1885	0.013125	105
0	1903	0.01325	106
0	1921	0.013375	107
0	1939	0.0135	108
0	1957	0.013625	109
0	1975	0.01375	110
0	1993	0.013875	111
0	2011	0.014	112
0	2029	0.014125	113
0	2047	0.01425	114
0	2065	0.014375	115
0	2083	0.0145	116
0	2101	0.014625	117
0	2119	0.01475	118
0	2137	0.014875	119
0	2155	0.015	120
0	2173	0.015125	121
0	2191	0.01525	122
0	2209	0.015375	123
0	2227	0.0155	124
0	2245	0.015625	125
0	2263	0.01575	126
0	2281	0.015875	127
0	2299	0.016	128
0	2317	0.016125	129
0	2335	0.01625	130
0	2353	0.016375	131
0	2371	0.0165	132
0	2389	0.016625	133
0	2407	0.01675	134
0	2425	0.016875	135
0	2443	0.017	136
0	2461	0.017125	137
0	2479	0.01725	138
0	2497	0.017375	139
0	2515	0.0175	140
0	2533	0.017625	141
0	2551	0.01775	142
0	2569	0.017875	143
0	2587	0.018	144
0	2605	0.018125	145
0	2623	0.01825	146
0	2641	0.018375	147
0	2659	0.0185	148
0	2677	0.018625	149
0	2695	0.01875	150
0	2713	0.018875	151
0	2731	0.019	152
0	2749	0.019125	153
0	2767	0.01925	154
0	2785	0.019375	155
0	2803	0.0195	156
0	2821	0.019625	157
0	2839	0.01975	158
0	2857	0.019875	159
0	2875	0.02	160
0	2893	0.020125	161
0	2911	0.02025	162
0	2929	0.020375	163
0	2947	0.0205	164
0	2965	0.020625	165
0	2983	0.02075	166
0	3001	0.020875	167
0	3019	0.021	168
0	3037	0.021125	169
0	3055	0.02125	170
0	3073	0.021375	171
0	3091	0.0215	172
0	3109	0.021625	173
0	3127	0.02175	174
0	3145	0.021875	175
0	3163	0.022	176
0	3181	0.022125	177
0	3199	0.02225	178
0	3217	0.022375	179
0	3235	0.0225	180
0	3253	0.022625	181
0	3271	0.02275	182
0	3289	0.022875	183
0	3307	0.023	184
0	3325	0.023125	185
0	3343	0.02325	186
0	3361	0.023375	187
0	3379	0.0235	188
0	3397	0.023625	189
0	3415	0.02375	190
0	3433	0.023875	191
0	3451	0.024	192
0	3469	0.024125	193
0	3487	0.02425	194
0	3505	0.024375	195
0	3523	0.0245	196
0	3541	0.024625	197
0	3559	0.02475	198
0	3577	0.024875	199
0	3595	0.025	200
0	3613	0.025125	201
0	3631	0.02525	202
0	3649	0.025375	203
0	3667	0.0255	204
0	3685	0.025625	205
0	3703	0.02575	206
0	3721	0.025875	207
0	3739	0.026	208
0	3757	0.026125	209
0	3775	0.02625	210
0	3793	0.026375	211
0	3811	0.0265	212
0	3829	0.026625	213
0	3847	0.02675	214
0	3865	0.026875	215
0	3883	0.027	216
0	3901	0.027125	217
0	3919	0.02725	218
0	3937	0.027375	219
0	3955	0.0275	220
0	3973	0.027625	221
0	3991	0.02775	222
0	4009	0.027875	223
0	4027	0.028	224
0	4045	0.028125	225
0	4063	0.02825	226
0	4081	0.028375	227
0	4099	0.0285	228
0	4117	0.028625	229
0	4135	0.02875	230
0	4153	0.028875	231
0	4171	0.029	232
0	4189	0.029125	233
0	4207	0.02925	234
0	4225	0.029375	235
0	4243	0.0295	236
0	4261	0.029625	237
0	4279	0.02975	238
0	4297	0.029875	239
0	4315	0.03	240
0	4333	0.030125	241
0	4351	0.03025	242
0	4369	0.030375	243
0	4387	0.0305	244
0	4405	0.030625	245
0	4423	0.03075	246
0	4441	0.030875	247
0	4459	0.031	248
0	4477	0.031125	249
0	4495	0.03125	250
0	4513	0.031375	251
0	4531	0.0315	252
0	4549	0.031625	253
0	4567	0.03175	254
0	4585	0.031875	255
0	4603	0.032	256
0	4621	0.032125	257
0	4639	0.03225	258
0	4657	0.032375	259
0	4675	0.0325	260
0	4693	0.032625	261
0	4711	0.03275	262
0	4729	0.032875	263
0	4747	0.033	264
0	4765	0.033125	265
0	4783	0.03325	266
0	4801	0.033375	267
0	4819	0.0335	268
0	4837	0.033625	269
0	4855	0.03375	270
0	4873	0.033875	271
0	4891	0.034	272
0	4909	0.034125	273
0	4927	0.03425	274
0	4945	0.034375	275
0	4963	0.0345	276
0	4981	0.034625	277
0	4999	0.03475	278
0	5017	0.034875	279
0	5035	0.035	280
0	5053	0.035125	281
0	5071	0.03525	282
0	5089	0.035375	283
0	5107	0.0355	284
0	5125	0.035625	285
0	5143	0.03575	286
0	5161	0.035875	287
0	5179	0.036	288
0	5197	0.036125	289
0	5215	0.03625	290
0	5233	0.036375	291
0	5251	0.0365	292
0	5269	0.036625	293
0	5287	0.03675	294
0	5305	0.036875	295
0	5323	0.037	296
0	5341	0.037125	297
0	5363	0.03725	298
0	5381	0.037375	299
0	5399	0.0375	300
0	5417	0.037625	301
0	5435	0.03775	302
0	5453	0.037875	303
0	5471	0.038	304
0	5489	0.038125	305
0	5507	0.03825	306
0	5525	0.038375	307
0	5543	0.0385	308
0	5561	0.038625	309
0	5579	0.03875	310
0	5597	0.038875	311
0	5615	0.039	312
0	5633	0.039125	313
0	5651	0.03925	314
0	5669	0.039375	315
0	5687	0.0395	316
0	5705	0.039625	317
0	5723	0.03975	318
0	5741	0.039875	319
0	5759	0.04	320
0	5777	0.040125	321
0	5795	0.04025	322
0	5813	0.040375	323
0	5831	0.0405	324
0	5849	0.040625	325
0	5867	0.04075	326
0	5885	0.040875	327
0	5903	0.041	328
0	5921	0.041125	329
0	5939	0.04125	330
0	5957	0.041375	331
0	5975	0.0415	332
0	5993	0.041625	333
0	6011	0.04175	334
0	6029	0.041875	335
0	6047	0.042	336
0	6065	0.042125	337
0	6083	0.04225	338
0	6101	0.042375	339
0	6119	0.0425	340
0	6137	0.042625	341
0	6155	0.04275	342
0	6173	0.042875	343
0	6191	0.043	344
0	6209	0.043125	345
0	6227	0.04325	346
0	6245	0.043375	347
0	6263	0.0435	348
0	6281	0.043625	349
0	6299	0.04375	350
0	6317	0.043875	351
0	6335	0.044	352
0	6353	0.044125	353
0	6371	0.04425	354
0	6389	0.044375	355
0	6407	0.0445	356
0	6425	0.044625	357
0	6443	0.04475	358
0	6461	0.044875	359
0	6479	0.045	360
0	6497	0.045125	361
0	6515	0.04525	362
0	6533	0.045375	363
0	6551	0.0455	364
0	6569	0.045625	365
0	6587	0.04575	366
0	6605	0.045875	367
0	6623	0.046	368
0	6641	0.046125	369
0	6659	0.04625	370
0	6677	0.046375	371
0	6695	0.0465	372
0	6713	0.046625	373
0	6731	0.04675	374
0	6749	0.046875	375
0	6767	0.047	376
0	6785	0.047125	377
0	6803	0.04725	378
0	6821	0.047375	379
0	6839	0.0475	380
0	6857	0.047625	381
0	6875	0.04775	382
0	6893	0.047875	383
0	6911	0.048	384
0	6929	0.048125	385
0	6947	0.04825	386
0	6965	0.048375	387
0	6983	0.0485	388
0	7001	0.048625	389
0	7019	0.04875	390
0	7037	0.048875	391
0	7055	0.049	392
0	7073	0.049125	393
0	7091	0.04925	394
0	7109	0.049375	395
0	7127	0.0495	396
0	7145	0.049625	397
0	7163	0.04975	398
0	7181	0.049875	399
0	7199	0.05	400
0	7217	0.050125	401
0	7235	0.05025	402
0	7253	0.050375	403
0	7271	0.0505	404
0	7289	0.050625	405
0	7307	0.05075	406
0	7325	0.050875	407
0	7343	0.051	408
0	7361	0.051125	409
0	7379	0.05125	410
0	7397	0.051375	411
0	7415	0.0515	412
0	7433	0.051625	413
0	7451	0.05175	414
0	7469	0.051875	415
0	7487	0.052	416
0	7505	0.052125	417
0	7523	0.05225	418
0	7541	0.052375	419
0	7559	0.0525	420
0	7577	0.052625	421
0	7595	0.05275	422
0	7613	0.052875	423
0	7631	0.053	424
0	7649	0.053125	425
0	7667	0.05325	426
0	7685	0.053375	427
0	7703	0.0535	428
0	7721	0.053625	429
0	7739	0.05375	430
0	7757	0.053875	431
0	7775	0.054	432
0	7793	0.054125	433
0	7811	0.05425	434
0	7829	0.054375	435
0	7847	0.0545	436
0	7865	0.054625	437
0	7883	0.05475	438
0	7901	0.054875	439
0	7919	0.055	440
0	7937	0.055125	441
0	7955	0.05525	442
0	7973	0.055375	443
0	7991	0.0555	444
0	8009	0.055625	445
0	8027	0.05575	446
0	8045	0.055875	447
0	8063	0.056	448
0	8081	0.056125	449
0	8099	0.05625	450
0	8117	0.056375	451
0	8135	0.0565	452
0	8153	0.056625	453
0	8171	0.05675	454
0	8189	0.056875	455
0	8207	0.057	456
0	8225	0.057125	457
0	8243	0.05725	458
0	8261	0.057375	459
0	8279	0.0575	460
0	8297	0.057625	461
0	8315	0.05775	462
0	8333	0.057875	463
0	8351	0.058	464
0	8369	0.058125	465
0	8387	0.05825	466
0	8405	0.058375	467
0	8423	0.0585	468
0	8441	0.058625	469
0	8459	0.05875	470
0	8477	0.058875	471
0	8495	0.059	472
0	8513	0.059125	473
0	8531	0.05925	474
0	8549	0.059375	475
0	8567	0.0595	476
0	8585	0.059625	477
0	8603	0.05975	478
0	8621	0.059875	479
0	8639	0.06	480
0	8657	0.060125	481
0	8675	0.06025	482
0	8693	0.060375	483
0	8711	0.0605	484
0	8729	0.060625	485
0	8747	0.06075	486
0	8765	0.060875	487
0	8783	0.061	488
0	8801	0.061125	489
0	8819	0.06125	490
0	8837	0.061375	491
0	8855	0.0615	492
0	8873	0.061625	493
0	8891	0.06175	494
0	8909	0.061875	495
0	8927	0.062	496
0	8945	0.062125	497
0	8963	0.06225	498
0	8981	0.062375	499
0	8999	0.0625	500
0	9017	0.062625	501
0	9035	0.06275	502
0	9053	0.062875	503
0	9071	0.063	504
0	9089	0.063125	505
0	9107	0.06325	506
0	9125	0.063375	507
0	9143	0.0635	508
0	9161	0.063625	509
0	9179	0.06375	510
0	9197	0.063875	511
0	9215	0.064	512
0	9233	0.064125	513
0	9251	0.06425	514
0	9269	0.064375	515
0	9287	0.0645	516
0	9305	0.064625	517
0	9323	0.06475	518
0	9341	0.064875	519
0	9359	0.065	520
0	9377	0.065125	521
0	9395	0.06525	522
0	9413	0.065375	523
0	9431	0.0655	524
0	9449	0.065625	525
0	9467	0.06575	526
0	9485	0.065875	527
0	9503	0.066	528
0	9521	0.066125	529
0	9539	0.06625	530
0	9557	0.066375	531
0	9575	0.0665	532
0	9593	0.066625	533
0	9611	0.06675	534
0	9629	0.066875	535
0	9647	0.067	536
0	9665	0.067125	537
0	9683	0.06725	538
0	9701	0.067375	539
0	9719	0.0675	540
0	9737	0.067625	541
0	9755	0.06775	542
0	9773	0.067875	543
0	9791	0.068	544
0	9809	0.068125	545
0	9827	0.06825	546
0	9845	0.068375	547
0	9863	0.0685	548
0	9881	0.068625	549
0	9899	0.06875	550
0	9917	0.068875	551
0	9935	0.069	552
0	9953	0.069125	553
0	9971	0.06925	554
0	9989	0.069375	555
0	10007	0.0695	556
0	10025	0.069625	557
0	10043	0.06975	558
0	10061	0.069875	559
0	10079	0.07	560
0	10097	0.070125	561
0	10115	0.07025	562
0	10133	0.070375	563
0	10151	0.0705	564
0	10169	0.070625	565
0	10187	0.07075	566
0	10205	0.070875	567
0	10223	0.071	568
0	10241	0.071125	569
0	10259	0.07125	570
0	10277	0.071375	571
0	10295	0.0715	572
0	10313	0.071625	573
0	10331	0.07175	574
0	10349	0.071875	575
0	10367	0.072	576
0	10385	0.072125	577
0	10403	0.07225	578
0	10421	0.072375	579
0	10439	0.0725	580
0	10457	0.072625	581
0	10475	0.07275	582
0	10493	0.072875	583
0	10511	0.073	584
0	10529	0.073125	585
0	10547	0.07325	586
0	10565	0.073375	587
0	10583	0.0735	588
0	10601	0.073625	589
0	10619	0.07375	590
0	10637	0.073875	591
0	10655	0.074	592
0	10673	0.074125	593
0	10691	0.07425	594
0	10713	0.074375	595
0	10731	0.0745	596
0	10749	0.074625	597
0	10767	0.07475	598
0	10785	0.074875	599
0	10803	0.075	600
0	10821	0.075125	601
0	10839	0.07525	602
0	10857	0.075375	603
0	10875	0.0755	604
0	10893	0.075625	605
0	10911	0.07575	606
0	10929	0.075875	607
0	10947	0.076	608
0	10965	0.076125	609
0	10983	0.07625	610
0	11001	0.076375	611
0	11019	0.0765	612
0	11037	0.076625	613
0	11055	0.07675	614
0	11073	0.076875	615
0	11091	0.077	616
0	11109	0.077125	617
0	11127	0.07725	618
0	11145	0.077375	619
0	11163	0.0775	620
0	11181	0.077625	621
0	11199	0.07775	622
0	11217	0.077875	623
0	11235	0.078	624
0	11253	0.078125	625
0	11271	0.07825	626
0	11289	0.078375	627
0	11307	0.0785	628
0	11325	0.078625	629
0	11343	0.07875	630
0	11361	0.078875	631
0	11379	0.079	632
0	11397	0.079125	633
0	11415	0.07925	634
0	11433	0.079375	635
0	11451	0.0795	636
0	11469	0.079625	637
0	11487	0.07975	638
0	11505	0.079875	639
0	11523	0.08	640
0	11541	0.080125	641
0	11559	0.08025	642
0	11577	0.080375	643
0	11595	0.0805	644
0	11613	0.080625	645
0	11631	0.08075	646
0	11649	0.080875	647
0	11667	0.081	648
0	11685	0.081125	649
0	11703	0.08125	650
0	11721	0.081375	651
0	11739	0.0815	652
0	11757	0.081625	653
0	11775	0.08175	654
0	11793	0.081875	655
0	11811	0.082	656
0	11829	0.082125	657
0	11847	0.08225	658
0	11865	0.082375	659
0	11883	0.0825	660
0	11901	0.082625	661
0	11919	0.08275	662
0	11937	0.082875	663
0	11955	0.083	664
0	11973	0.083125	665
0	11991	0.08325	666
0	12009	0.083375	667
0	12027	0.0835	668
0	12045	0.083625	669
0	12063	0.08375	670
0	12081	0.083875	671
0	12099	0.084	672
0	12117	0.084125	673
0	12135	0.08425	674
0	12153	0.084375	675
0	12171	0.0845	676
0	12189	0.084625	677
0	12207	0.08475	678
0	12225	0.084875	679
0	12243	0.085	680
0	12261	0.085125	681
0	12279	0.08525	682
0	12297	0.085375	683
0	12315	0.0855	684
0	12333	0.085625	685
0	12351	0.08575	686
0	12369	0.085875	687
0	12387	0.086	688
0	12405	0.086125	689
0	12423	0.08625	690
0	12441	0.086375	691
0	12459	0.0865	692
0	12477	0.086625	693
0	12495	0.08675	694
0	12513	0.086875	695
0	12531	0.087	696
0	12549	0.087125	697
0	12567	0.08725	698
0	12585	0.087375	699
0	12603	0.0875	700
0	12621	0.087625	701
0	12639	0.08775	702
0	12657	0.087875	703
0	12675	0.088	704
0	12693	0.088125	705
0	12711	0.08825	706
0	12729	0.088375	707
0	12747	0.0885	708
0	12765	0.088625	709
0	12783	0.08875	710
0	12801	0.088875	711
0	12819	0.089	712
0	12837	0.089125	713
0	12855	0.08925	714
0	12873	0.089375	715
0	12891	0.0895	716
0	12909	0.089625	717
0	12927	0.08975	718
0	12945	0.089875	719
0	12963	0.09	720
0	12981	0.090125	721
0	12999	0.09025	722
0	13017	0.090375	723
0	13035	0.0905	724
0	13053	0.090625	725
0	13071	0.09075	726
0	13089	0.090875	727
0	13107	0.091	728
0	13125	0.091125	729
0	13143	0.09125	730
0	13161	0.091375	731
0	13179	0.0915	732
0	13197	0.091625	733
0	13215	0.09175	734
0	13233	0.091875	735
0	13251	0.092	736
0	13269	0.092125	737
0	13287	0.09225	738
0	13305	0.092375	739
0	13323	0.0925	740
0	13341	0.092625	741
0	13359	0.09275	742
0	13377	0.092875	743
0	13395	0.093	744
0	13413	0.093125	745
0	13431	0.09325	746
0	13449	0.093375	747
0	13467	0.0935	748
0	13485	0.093625	749
0	13503	0.09375	750
0	13521	0.093875	751
0	13539	0.094	752
0	13557	0.094125	753
0	13575	0.09425	754
0	13593	0.094375	755
0	13611	0.0945	756
0	13629	0.094625	757
0	13647	0.09475	758
0	13665	0.094875	759
0	13683	0.095	760
0	13701	0.095125	761
0	13719	0.09525	762
0	13737	0.095375	763
0	13755	0.0955	764
0	13773	0.095625	765
0	13791	0.09575	766
0	13809	0.095875	767
0	13827	0.096	768
0	13845	0.096125	769
0	13863	0.09625	770
0	13881	0.096375	771
0	13899	0.0965	772
0	13917	0.096625	773
0	13935	0.09675	774
0	13953	0.096875	775
0	13971	0.097	776
0	13989	0.097125	777
0	14007	0.09725	778
0	14025	0.097375	779
0	14043	0.0975	780
0	14061	0.097625	781
0	14079	0.09775	782
0	14097	0.097875	783
0	14115	0.098	784
0	14133	0.098125	785
0	14151	0.09825	786
0	14169	0.098375	787
0	14187	0.0985	788
0	14205	0.098625	789
0	14223	0.09875	790
0	14241	0.098875	791
0	14259	0.099	792
0	14277	0.099125	793
0	14295	0.09925	794
0	14313	0.099375	795
0	14331	0.0995	796
0	14349	0.099625	797
0	14367	0.09975	798
0	14385	0.099875	799
0	14403	0.1	800
0	14421	0.100125	801
0	14439	0.10025	802
0	14457	0.100375	803
0	14475	0.1005	804
0	14493	0.100625	805
0	14511	0.10075	806
0	14529	0.100875	807
0	14547	0.101	808
0	14565	0.101125	809
0	14583	0.10125	810
0	14601	0.101375	811
0	14619	0.1015	812
0	14637	0.101625	813
0	14655	0.10175	814
0	14673	0.101875	815
0	14691	0.102	816
0	14709	0.102125	817
0	14727	0.10225	818
0	14745	0.102375	819
0	14763	0.1025	820
0	14781	0.102625	821
0	14799	0.10275	822
0	14817	0.102875	823
0	14835	0.103	824
0	14853	0.103125	825
0	14871	0.10325	826
0	14889	0.103375	827
0	14907	0.1035	828
0	14925	0.103625	829
0	14943	0.10375	830
0	14961	0.103875	831
0	14979	0.104	832
0	14997	0.104125	833
0	15015	0.10425	834
0	15033	0.104375	835
0	15051	0.1045	836
0	15069	0.104625	837
0	15087	0.10475	838
0	15105	0.104875	839
0	15123	0.105	840
0	15141	0.105125	841
0	15159	0.10525	842
0	15177	0.105375	843
0	15195	0.1055	844
0	15213	0.105625	845
0	15231	0.10575	846
0	15249	0.105875	847
0	15267	0.106	848
0	15285	0.106125	849
0	15303	0.10625	850
0	15321	0.106375	851
0	15339	0.1065	852
0	15357	0.106625	853
0	15375	0.10675	854
0	15393	0.106875	855
0	15411	0.107	856
0	15429	0.107125	857
0	15447	0.10725	858
0	15465	0.107375	859
0	15483	0.1075	860
0	15501	0.107625	861
0	15519	0.10775	862
0	15537	0.107875	863
0	15555	0.108	864
0	15573	0.108125	865
0	15591	0.10825	866
0	15609	0.108375	867
0	15627	0.1085	868
0	15645	0.108625	869
0	15663	0.10875	870
0	15681	0.108875	871
0	15699	0.109	872
0	15717	0.109125	873
0	15735	0.10925	874
0	15753	0.109375	875
0	15771	0.1095	876
0	15789	0.109625	877
0	15807	0.10975	878
0	15825	0.109875	879
0	15843	0.11	880
0	15861	0.110125	881
0	15879	0.11025	882
0	15897	0.110375	883
0	15915	0.1105	884
0	15933	0.110625	885
0	15951	0.11075	886
0	15969	0.110875	887
0	15987	0.111	888
0	16005	0.111125	889
0	16023	0.11125	890
0	16041	0.111375	891
0	16063	0.1115	892
0	16081	0.111625	893
0	16099	0.11175	894
0	16117	0.111875	895
0	16135	0.112	896
0	16153	0.112125	897
0	16171	0.11225	898
0	16189	0.112375	899
0	16207	0.1125	900
0	16225	0.112625	901
0	16243	0.11275	902
0	16261	0.112875	903
0	16279	0.113	904
0	16297	0.113125	905
0	16315	0.11325	906
0	16333	0.113375	907
0	16351	0.1135	908
0	16369	0.113625	909
0	16387	0.11375	910
0	16405	0.113875	911
0	16423	0.114	912
0	16441	0.114125	913
0	16459	0.11425	914
0	16477	0.114375	915
0	16495	0.1145	916
0	16513	0.114625	917
0	16531	0.11475	918
0	16549	0.114875	919
0	16567	0.115	920
0	16585	0.115125	921
0	16603	0.11525	922
0	16621	0.115375	923
0	16639	0.1155	924
0	16657	0.115625	925
0	16675	0.11575	926
0	16693	0.115875	927
0	16711	0.116	928
0	16729	0.116125	929
0	16747	0.11625	930
0	16765	0.116375	931
0	16783	0.1165	932
0	16801	0.116625	933
0	16819	0.11675	934
0	16837	0.116875	935
0	16855	0.117	936
0	16873	0.117125	937
0	16891	0.11725	938
0	16909	0.117375	939
0	16927	0.1175	940
0	16945	0.117625	941
0	16963	0.11775	942
0	16981	0.117875	943
0	16999	0.118	944
0	17017	0.118125	945
0	17035	0.11825	946
0	17053	0.118375	947
0	17071	0.1185	948
0	17089	0.118625	949
0	17107	0.11875	950
0	17125	0.118875	951
0	17143	0.119	952
0	17161	0.119125	953
0	17179	0.11925	954
0	17197	0.119375	955
0	17215	0.1195	956
0	17233	0.119625	957
0	17251	0.11975	958
0	17269	0.119875	959
0	17287	0.12	960
0	17305	0.120125	961
0	17323	0.12025	962
0	17341	0.120375	963
0	17359	0.1205	964
0	17377	0.120625	965
0	17395	0.12075	966
0	17413	0.120875	967
0	17431	0.121	968
0	17449	0.121125	969
0	17467	0.12125	970
0	17485	0.121375	971
0	17503	0.1215	972
0	17521	0.121625	973
0	17539	0.12175	974
0	17557	0.121875	975
0	17575	0.122	976
0	17593	0.122125	977
0	17611	0.12225	978
0	17629	0.122375	979
0	17647	0.1225	980
0	17665	0.122625	981
0	17683	0.12275	982
0	17701	0.122875	983
0	17719	0.123	984
0	17737	0.123125	985
0	17755	0.12325	986
0	17773	0.123375	987
0	17791	0.1235	988
0	17809	0.123625	989
0	17827	0.12375	990
0	17845	0.123875	991
0	17863	0.124	992
0	17881	0.124125	993
0	17899	0.12425	994
0	17917	0.124375	995
0	17935	0.1245	996
0	17953	0.124625	997
0	17971	0.12475	998
0	17989	0.124875	999
0	18007	0.125	1000
0	18025	0.125125	1001
0	18043	0.12525	1002
0	18061	0.125375	1003
0	18079	0.1255	1004
0	18097	0.125625	1005
0	18115	0.12575	1006
0	18133	0.125875	1007
0	18151	0.126	1008
0	18169	0.126125	1009
0	18187	0.12625	1010
0	18205	0.126375	1011
0	18223	0.1265	1012
0	18241	0.126625	1013
0	18259	0.12675	1014
0	18277	0.126875	1015
0	18295	0.127	1016
0	18313	0.127125	1017
0	18331	0.12725	1018
0	18349	0.127375	1019
0	18367	0.1275	1020
0	18385	0.127625	1021
0	18403	0.12775	1022
0	18421	0.127875	1023
0	18439	0.128	1024
0	18457	0.128125	1025
0	18475	0.12825	1026
0	18493	0.128375	1027
0	18511	0.1285	1028
0	18529	0.128625	1029
0	18547	0.12875	1030
0	18565	0.128875	1031
0	18583	0.129	1032
0	18601	0.129125	1033
0	18619	0.12925	1034
0	18637	0.129375	1035
0	18655	0.1295	1036
0	18673	0.129625	1037
0	18691	0.12975	1038
0	18709	0.129875	1039
0	18727	0.13	1040
0	18745	0.130125	1041
0	18763	0.13025	1042
0	18781	0.130375	1043
0	18799	0.1305	1044
0	18817	0.130625	1045
0	18835	0.13075	1046
0	18853	0.130875	1047
0	18871	0.131	1048
0	18889	0.131125	1049
0	18907	0.13125	1050
0	18925	0.131375	1051
0	18943	0.1315	1052
0	18961	0.131625	1053
0	18979	0.13175	1054
0	18997	0.131875	1055
0	19015	0.132	1056
0	19033	0.132125	1057
0	19051	0.13225	1058
0	19069	0.132375	1059
0	19087	0.1325	1060
0	19105	0.132625	1061
0	19123	0.13275	1062
0	19141	0.132875	1063
0	19159	0.133	1064
0	19177	0.133125	1065
0	19195	0.13325	1066
0	19213	0.133375	1067
0	19231	0.1335	1068
0	19249	0.133625	1069
0	19267	0.13375	1070
0	19285	0.133875	1071
0	19303	0.134	1072
0	19321	0.134125	1073
0	19339	0.13425	1074
0	19357	0.134375	1075
0	19375	0.1345	1076
0	19393	0.134625	1077
0	19411	0.13475	1078
0	19429	0.134875	1079
0	19447	0.135	1080
0	19465	0.135125	1081
0	19483	0.13525	1082
0	19501	0.135375	1083
0	19519	0.1355	1084
0	19537	0.135625	1085
0	19555	0.13575	1086
0	19573	0.135875	1087
0	19591	0.136	1088
0	19609	0.136125	1089
0	19627	0.13625	1090
0	19645	0.136375	1091
0	19663	0.1365	1092
0	19681	0.136625	1093
0	19699	0.13675	1094
0	19717	0.136875	1095
0	19735	0.137	1096
0	19753	0.137125	1097
0	19771	0.13725	1098
0	19789	0.137375	1099
0	19807	0.1375	1100
0	19825	0.137625	1101
0	19843	0.13775	1102
0	19861	0.137875	1103
0	19879	0.138	1104
0	19897	0.138125	1105
0	19915	0.13825	1106
0	19933	0.138375	1107
0	19951	0.1385	1108
0	19969	0.138625	1109
0	19987	0.13875	1110
0	20005	0.138875	1111
0	20023	0.139	1112
0	20041	0.139125	1113
0	20059	0.13925	1114
0	20077	0.139375	1115
0	20095	0.1395	1116
0	20113	0.139625	1117
0	20131	0.13975	1118
0	20149	0.139875	1119
0	20167	0.14	1120
0	20185	0.140125	1121
0	20203	0.14025	1122
0	20221	0.140375	1123
0	20239	0.1405	1124
0	20257	0.140625	1125
0	20275	0.14075	1126
0	20293	0.140875	1127
0	20311	0.141	1128
0	20329	0.141125	1129
0	20347	0.14125	1130
0	20365	0.141375	1131
0	20383	0.1415	1132
0	20401	0.141625	1133
0	20419	0.14175	1134
0	20437	0.141875	1135
0	20455	0.142	1136
0	20473	0.142125	1137
0	20491	0.14225	1138
0	20509	0.142375	1139
0	20527	0.1425	1140
0	20545	0.142625	1141
0	20563	0.14275	1142
0	20581	0.142875	1143
0	20599	0.143	1144
0	20617	0.143125	1145
0	20635	0.14325	1146
0	20653	0.143375	1147
0	20671	0.1435	1148
0	20689	0.143625	1149
0	20707	0.14375	1150
0	20725	0.143875	1151
0	20743	0.144	1152
0	20761	0.144125	1153
0	20779	0.14425	1154
0	20797	0.144375	1155
0	20815	0.1445	1156
0	20833	0.144625	1157
0	20851	0.14475	1158
0	20869	0.144875	1159
0	20887	0.145	1160
0	20905	0.145125	1161
0	20923	0.14525	1162
0	20941	0.145375	1163
0	20959	0.1455	1164
0	20977	0.145625	1165
0	20995	0.14575	1166
0	21013	0.145875	1167
0	21031	0.146	1168
0	21049	0.146125	1169
0	21067	0.14625	1170
0	21085	0.146375	1171
0	21103	0.1465	1172
0	21121	0.146625	1173
0	21139	0.14675	1174
0	21157	0.146875	1175
0	21175	0.147	1176
0	21193	0.147125	1177
0	21211	0.14725	1178
0	21229	0.147375	1179
0	21247	0.1475	1180
0	21265	0.147625	1181
0	21283	0.14775	1182
0	21301	0.147875	1183
0	21319	0.148	1184
0	21337	0.148125	1185
0	21355	0.14825	1186
0	21373	0.148375	1187
0	21391	0.1485	1188
0	21409	0.148625	1189
0	21431	0.14875	1190
0	21449	0.148875	1191
0	21467	0.149	1192
0	21485	0.149125	1193
0	21503	0.14925	1194
0	21521	0.149375	1195
0	21539	0.1495	1196
0	21557	0.149625	1197
0	21575	0.14975	1198
0	21593	0.149875	1199
0	21611	0.15	1200
0	21629	0.150125	1201
0	21647	0.15025	1202
0	21665	0.150375	1203
0	21683	0.1505	1204
0	21701	0.150625	1205
0	21719	0.15075	1206
0	21737	0.150875	1207
0	21755	0.151	1208
0	21773	0.151125	1209
0	21791	0.15125	1210
0	21809	0.151375	1211
0	21827	0.1515	1212
0	21845	0.151625	1213
0	21863	0.15175	1214
0	21881	0.151875	1215
0	21899	0.152	1216
0	21917	0.152125	1217
0	21935	0.15225	1218
0	21953	0.152375	1219
0	21971	0.1525	1220
0	21989	0.152625	1221
0	22007	0.15275	1222
0	22025	0.152875	1223
0	22043	0.153	1224
0	22061	0.153125	1225
0	22079	0.15325	1226
0	22097	0.153375	1227
0	22115	0.1535	1228
0	22133	0.153625	1229
0	22151	0.15375	1230
0	22169	0.153875	1231
0	22187	0.154	1232
0	22205	0.154125	1233
0	22223	0.15425	1234
0	22241	0.154375	1235
0	22259	0.1545	1236
0	22277	0.154625	1237
0	22295	0.15475	1238
0	22313	0.154875	1239
0	22331	0.155	1240
0	22349	0.155125	1241
0	22367	0.15525	1242
0	22385	0.155375	1243
0	22403	0.1555	1244
0	22421	0.155625	1245
0	22439	0.15575	1246
0	22457	0.155875	1247
0	22475	0.156	1248
0	22493	0.156125	1249
0	22511	0.15625	1250
0	22529	0.156375	1251
0	22547	0.1565	1252
0	22565	0.156625	1253
0	22583	0.15675	1254
0	22601	0.156875	1255
0	22619	0.157	1256
0	22637	0.157125	1257
0	22655	0.15725	1258
0	22673	0.157375	1259
0	22691	0.1575	1260
0	22709	0.157625	1261
0	22727	0.15775	1262
0	22745	0.157875	1263
0	22763	0.158	1264
0	22781	0.158125	1265
0	22799	0.15825	1266
0	22817	0.158375	1267
0	22835	0.1585	1268
0	22853	0.158625	1269
0	22871	0.15875	1270
0	22889	0.158875	1271
0	22907	0.159	1272
0	22925	0.159125	1273
0	22943	0.15925	1274
0	22961	0.159375	1275
0	22979	0.1595	1276
0	22997	0.159625	1277
0	23015	0.15975	1278
0	23033	0.159875	1279
0	23051	0.16	1280
0	23069	0.160125	1281
0	23087	0.16025	1282
0	23105	0.160375	1283
0	23123	0.1605	1284
0	23141	0.160625	1285
0	23159	0.16075	1286
0	23177	0.160875	1287
0	23195	0.161	1288
0	23213	0.161125	1289
0	23231	0.16125	1290
0	23249	0.161375	1291
0	23267	0.1615	1292
0	23285	0.161625	1293
0	23303	0.16175	1294
0	23321	0.161875	1295
0	23339	0.162	1296
0	23357	0.162125	1297
0	23375	0.16225	1298
0	23393	0.162375	1299
0	23411	0.1625	1300
0	23429	0.162625	1301
0	23447	0.16275	1302
0	23465	0.162875	1303
0	23483	0.163	1304
0	23501	0.163125	1305
0	23519	0.16325	1306
0	23537	0.163375	1307
0	23555	0.1635	1308
0	23573	0.163625	1309
0	23591	0.16375	1310
0	23609	0.163875	1311
0	23627	0.164	1312
0	23645	0.164125	1313
0	23663	0.16425	1314
0	23681	0.164375	1315
0	23699	0.1645	1316
0	23717	0.164625	1317
0	23735	0.16475	1318
0	23753	0.164875	1319
0	23771	0.165	1320
0	23789	0.165125	1321
0	23807	0.16525	1322
0	23825	0.165375	1323
0	23843	0.1655	1324
0	23861	0.165625	1325
0	23879	0.16575	1326
0	23897	0.165875	1327
0	23915	0.166	1328
0	23933	0.166125	1329
0	23951	0.16625	1330
0	23969	0.166375	1331
0	23987	0.1665	1332
0	24005	0.166625	1333
0	24023	0.16675	1334
0	24041	0.166875	1335
0	24059	0.167	1336
0	24077	0.167125	1337
0	24095	0.16725	1338
0	24113	0.167375	1339
0	24131	0.1675	1340
0	24149	0.167625	1341
0	24167	0.16775	1342
0	24185	0.167875	1343
0	24203	0.168	1344
0	24221	0.168125	1345
0	24239	0.16825	1346
0	24257	0.168375	1347
0	24275	0.1685	1348
0	24293	0.168625	1349
0	24311	0.16875	1350
0	24329	0.168875	1351
0	24347	0.169	1352
0	24365	0.169125	1353
0	24383	0.16925	1354
0	24401	0.169375	1355
0	24419	0.1695	1356
0	24437	0.169625	1357
0	24455	0.16975	1358
0	24473	0.169875	1359
0	24491	0.17	1360
0	24509	0.170125	1361
0	24527	0.17025	1362
0	24545	0.170375	1363
0	24563	0.1705	1364
0	24581	0.170625	1365
0	24599	0.17075	1366
0	24617	0.170875	1367
0	24635	0.171	1368
0	24653	0.171125	1369
0	24671	0.17125	1370
0	24689	0.171375	1371
0	24707	0.1715	1372
0	24725	0.171625	1373
0	24743	0.17175	1374
0	24761	0.171875	1375
0	24779	0.172	1376
0	24797	0.172125	1377
0	24815	0.17225	1378
0	24833	0.172375	1379
0	24851	0.1725	1380
0	24869	0.172625	1381
0	24887	0.17275	1382
0	24905	0.172875	1383
0	24923	0.173	1384
0	24941	0.173125	1385
0	24959	0.17325	1386
0	24977	0.173375	1387
0	24995	0.1735	1388
0	25013	0.173625	1389
0	25031	0.17375	1390
0	25049	0.173875	1391
0	25067	0.174	1392
0	25085	0.174125	1393
0	25103	0.17425	1394
0	25121	0.174375	1395
0	25139	0.1745	1396
0	25157	0.174625	1397
0	25175	0.17475	1398
0	25193	0.174875	1399
0	25211	0.175	1400
0	25229	0.175125	1401
0	25247	0.17525	1402
0	25265	0.175375	1403
0	25283	0.1755	1404
0	25301	0.175625	1405
0	25319	0.17575	1406
0	25337	0.175875	1407
0	25355	0.176	1408
0	25373	0.176125	1409
0	25391	0.17625	1410
0	25409	0.176375	1411
0	25427	0.1765	1412
0	25445	0.176625	1413
0	25463	0.17675	1414
0	25481	0.176875	1415
0	25499	0.177	1416
0	25517	0.177125	1417
0	25535	0.17725	1418
0	25553	0.177375	1419
0	25571	0.1775	1420
0	25589	0.177625	1421
0	25607	0.17775	1422
0	25625	0.177875	1423
0	25643	0.178	1424
0	25661	0.178125	1425
0	25679	0.17825	1426
0	25697	0.178375	1427
0	25715	0.1785	1428
0	25733	0.178625	1429
0	25751	0.17875	1430
0	25769	0.178875	1431
0	25787	0.179	1432
0	25805	0.179125	1433
0	25823	0.17925	1434
0	25841	0.179375	1435
0	25859	0.1795	1436
0	25877	0.179625	1437
0	25895	0.17975	1438
0	25913	0.179875	1439
0	25931	0.18	1440
0	25949	0.180125	1441
0	25967	0.18025	1442
0	25985	0.180375	1443
0	26003	0.1805	1444
0	26021	0.180625	1445
0	26039	0.18075	1446
0	26057	0.180875	1447
0	26075	0.181	1448
0	26093	0.181125	1449
0	26111	0.18125	1450
0	26129	0.181375	1451
0	26147	0.1815	1452
0	26165	0.181625	1453
0	26183	0.18175	1454
0	26201	0.181875	1455
0	26219	0.182	1456
0	26237	0.182125	1457
0	26255	0.18225	1458
0	26273	0.182375	1459
0	26291	0.1825	1460
0	26309	0.182625	1461
0	26327	0.18275	1462
0	26345	0.182875	1463
0	26363	0.183	1464
0	26381	0.183125	1465
0	26399	0.18325	1466
0	26417	0.183375	1467
0	26435	0.1835	1468
0	26453	0.183625	1469
0	26471	0.18375	1470
0	26489	0.183875	1471
0	26507	0.184	1472
0	26525	0.184125	1473
0	26543	0.18425	1474
0	26561	0.184375	1475
0	26579	0.1845	1476
0	26597	0.184625	1477
0	26615	0.18475	1478
0	26633	0.184875	1479
0	26651	0.185	1480
0	26669	0.185125	1481
0	26687	0.18525	1482
0	26705	0.185375	1483
0	26723	0.1855	1484
0	26741	0.185625	1485
0	26759	0.18575	1486
0	26781	0.185875	1487
0	26799	0.186	1488
0	26817	0.186125	1489
0	26835	0.18625	1490
0	26853	0.186375	1491
0	26871	0.1865	1492
0	26889	0.186625	1493
0	26907	0.18675	1494
0	26925	0.186875	1495
0	26943	0.187	1496
0	26961	0.187125	1497
0	26979	0.18725	1498
0	26997	0.187375	1499
0	27015	0.1875	1500
0	27033	0.187625	1501
0	27051	0.18775	1502
0	27069	0.187875	1503
0	27087	0.188	1504
0	27105	0.188125	1505
0	27123	0.18825	1506
0	27141	0.188375	1507
0	27159	0.1885	1508
0	27177	0.188625	1509
0	27195	0.18875	1510
0	27213	0.188875	1511
0	27231	0.189	1512
0	27249	0.189125	1513
0	27267	0.18925	1514
0	27285	0.189375	1515
0	27303	0.1895	1516
0	27321	0.189625	1517
0	27339	0.18975	1518
0	27357	0.189875	1519
0	27375	0.19	1520
0	27393	0.190125	1521
0	27411	0.19025	1522
0	27429	0.190375	1523
0	27447	0.1905	1524
0	27465	0.190625	1525
0	27483	0.19075	1526
0	27501	0.190875	1527
0	27519	0.191	1528
0	27537	0.191125	1529
0	27555	0.19125	1530
0	27573	0.191375	1531
0	27591	0.1915	1532
0	27609	0.191625	1533
0	27627	0.19175	1534
0	27645	0.191875	1535
0	27663	0.192	1536
0	27681	0.192125	1537
0	27699	0.19225	1538
0	27717	0.192375	1539
0	27735	0.1925	1540
0	27753	0.192625	1541
0	27771	0.19275	1542
0	27789	0.192875	1543
0	27807	0.193	1544
0	27825	0.193125	1545
0	27843	0.19325	1546
0	27861	0.193375	1547
0	27879	0.1935	1548
0	27897	0.193625	1549
0	27915	0.19375	1550
0	27933	0.193875	1551
0	27951	0.194	1552
0	27969	0.194125	1553
0	27987	0.19425	1554
0	28005	0.194375	1555
0	28023	0.1945	1556
0	28041	0.194625	1557
0	28059	0.19475	1558
0	28077	0.194875	1559
0	28095	0.195	1560
0	28113	0.195125	1561
0	28131	0.19525	1562
0	28149	0.195375	1563
0	28167	0.1955	1564
0	28185	0.195625	1565
0	28203	0.19575	1566
0	28221	0.195875	1567
0	28239	0.196	1568
0	28257	0.196125	1569
0	28275	0.19625	1570
0	28293	0.196375	1571
0	28311	0.1965	1572
0	28329	0.196625	1573
0	28347	0.19675	1574
0	28365	0.196875	1575
0	28383	0.197	1576
0	28401	0.197125	1577
0	28419	0.19725	1578
0	28437	0.197375	1579
0	28455	0.1975	1580
0	28473	0.197625	1581
0	28491	0.19775	1582
0	28509	0.197875	1583
0	28527	0.198	1584
0	28545	0.198125	1585
0	28563	0.19825	1586
0	28581	0.198375	1587
0	28599	0.1985	1588
0	28617	0.198625	1589
0	28635	0.19875	1590
0	28653	0.198875	1591
0	28671	0.199	1592
0	28689	0.199125	1593
0	28707	0.19925	1594
0	28725	0.199375	1595
0	28743	0.1995	1596
0	28761	0.199625	1597
0	28779	0.19975	1598
0	28797	0.199875	1599
0	28815	0.2	1600
0	28833	0.200125	1601
0	28851	0.20025	1602
0	28869	0.200375	1603
0	28887	0.2005	1604
0	28905	0.200625	1605
0	28923	0.20075	1606
0	28941	0.200875	1607
0	28959	0.201	1608
0	28977	0.201125	1609
0	28995	0.20125	1610
0	29013	0.201375	1611
0	29031	0.2015	1612
0	29049	0.201625	1613
0	29067	0.20175	1614
0	29085	0.201875	1615
0	29103	0.202	1616
0	29121	0.202125	1617
0	29139	0.20225	1618
0	29157	0.202375	1619
0	29175	0.2025	1620
0	29193	0.202625	1621
0	29211	0.20275	1622
0	29229	0.202875	1623
0	29247	0.203	1624
0	29265	0.203125	1625
0	29283	0.20325	1626
0	29301	0.203375	1627
0	29319	0.2035	1628
0	29337	0.203625	1629
0	29355	0.20375	1630
0	29373	0.203875	1631
0	29391	0.204	1632
0	29409	0.204125	1633
0	29427	0.20425	1634
0	29445	0.204375	1635
0	29463	0.2045	1636
0	29481	0.204625	1637
0	29499	0.20475	1638
0	29517	0.204875	1639
0	29535	0.205	1640
0	29553	0.205125	1641
0	29571	0.20525	1642
0	29589	0.205375	1643
0	29607	0.2055	1644
0	29625	0.205625	1645
0	29643	0.20575	1646
0	29661	0.205875	1647
0	29679	0.206	1648
0	29697	0.206125	1649
0	29715	0.20625	1650
0	29733	0.206375	1651
0	29751	0.2065	1652
0	29769	0.206625	1653
0	29787	0.20675	1654
0	29805	0.206875	1655
0	29823	0.207	1656
0	29841	0.207125	1657
0	29859	0.20725	1658
0	29877	0.207375	1659
0	29895	0.2075	1660
0	29913	0.207625	1661
0	29931	0.20775	1662
0	29949	0.207875	1663
0	29967	0.208	1664
0	29985	0.208125	1665
0	30003	0.20825	1666
0	30021	0.208375	1667
0	30039	0.2085	1668
0	30057	0.208625	1669
0	30075	0.20875	1670
0	30093	0.208875	1671
0	30111	0.209	1672
0	30129	0.209125	1673
0	30147	0.20925	1674
0	30165	0.209375	1675
0	30183	0.2095	1676
0	30201	0.209625	1677
0	30219	0.20975	1678
0	30237	0.209875	1679
0	30255	0.21	1680
0	30273	0.210125	1681
0	30291	0.21025	1682
0	30309	0.210375	1683
0	30327	0.2105	1684
0	30345	0.210625	1685
0	30363	0.21075	1686
0	30381	0.210875	1687
0	30399	0.211	1688
0	30417	0.211125	1689
0	30435	0.21125	1690
0	30453	0.211375	1691
0	30471	0.2115	1692
0	30489	0.211625	1693
0	30507	0.21175	1694
0	30525	0.211875	1695
0	30543	0.212	1696
0	30561	0.212125	1697
0	30579	0.21225	1698
0	30597	0.212375	1699
0	30615	0.2125	1700
0	30633	0.212625	1701
0	30651	0.21275	1702
0	30669	0.212875	1703
0	30687	0.213	1704
0	30705	0.213125	1705
0	30723	0.21325	1706
0	30741	0.213375	1707
0	30759	0.2135	1708
0	30777	0.213625	1709
0	30795	0.21375	1710
0	30813	0.213875	1711
0	30831	0.214	1712
0	30849	0.214125	1713
0	30867	0.21425	1714
0	30885	0.214375	1715
0	30903	0.2145	1716
0	30921	0.214625	1717
0	30939	0.21475	1718
0	30957	0.214875	1719
0	30975	0.215	1720
0	30993	0.215125	1721
0	31011	0.21525	1722
0	31029	0.215375	1723
0	31047	0.2155	1724
0	31065	0.215625	1725
0	31083	0.21575	1726
0	31101	0.215875	1727
0	31119	0.216	1728
0	31137	0.216125	1729
0	31155	0.21625	1730
0	31173	0.216375	1731
0	31191	0.2165	1732
0	31209	0.216625	1733
0	31227	0.21675	1734
0	31245	0.216875	1735
0	31263	0.217	1736
0	31281	0.217125	1737
0	31299	0.21725	1738
0	31317	0.217375	1739
0	31335	0.2175	1740
0	31353	0.217625	1741
0	31371	0.21775	1742
0	31389	0.217875	1743
0	31407	0.218	1744
0	31425	0.218125	1745
0	31443	0.21825	1746
0	31461	0.218375	1747
0	31479	0.2185	1748
0	31497	0.218625	1749
0	31515	0.21875	1750
0	31533	0.218875	1751
0	31551	0.219	1752
0	31569	0.219125	1753
0	31587	0.21925	1754
0	31605	0.219375	1755
0	31623	0.2195	1756
0	31641	0.219625	1757
0	31659	0.21975	1758
0	31677	0.219875	1759
0	31695	0.22	1760
0	31713	0.220125	1761
0	31731	0.22025	1762
0	31749	0.220375	1763
0	31767	0.2205	1764
0	31785	0.220625	1765
0	31803	0.22075	1766
0	31821	0.220875	1767
0	31839	0.221	1768
0	31857	0.221125	1769
0	31875	0.22125	1770
0	31893	0.221375	1771
0	31911	0.2215	1772
0	31929	0.221625	1773
0	31947	0.22175	1774
0	31965	0.221875	1775
0	31983	0.222	1776
0	32001	0.222125	1777
0	32019	0.22225	1778
0	32037	0.222375	1779
0	32055	0.2225	1780
0	32073	0.222625	1781
0	32091	0.22275	1782
0	32109	0.222875	1783
0	32131	0.223	1784
0	32149	0.223125	1785
0	32167	0.22325	1786
0	32185	0.223375	1787
0	32203	0.2235	1788
0	32221	0.223625	1789
0	32239	0.22375	1790
0	32257	0.223875	1791
0	32275	0.224	1792
0	32293	0.224125	1793
0	32311	0.22425	1794
0	32329	0.224375	1795
0	32347	0.2245	1796
0	32365	0.224625	1797
0	32383	0.22475	1798
0	32401	0.224875	1799
0	32419	0.225	1800
0	32437	0.225125	1801
0	32455	0.22525	1802
0	32473	0.225375	1803
0	32491	0.2255	1804
0	32509	0.225625	1805
0	32527	0.22575	1806
0	32545	0.225875	1807
0	32563	0.226	1808
0	32581	0.226125	1809
0	32599	0.22625	1810
0	32617	0.226375	1811
0	32635	0.2265	1812
0	32653	0.226625	1813
0	32671	0.22675	1814
0	32689	0.226875	1815
0	32707	0.227	1816
0	32725	0.227125	1817
0	32743	0.22725	1818
0	32761	0.227375	1819
0	32779	0.2275	1820
0	32797	0.227625	1821
0	32815	0.22775	1822
0	32833	0.227875	1823
0	32851	0.228	1824
0	32869	0.228125	1825
0	32887	0.22825	1826
0	32905	0.228375	1827
0	32923	0.2285	1828
0	32941	0.228625	1829
0	32959	0.22875	1830
0	32977	0.228875	1831
0	32995	0.229	1832
0	33013	0.229125	1833
0	33031	0.22925	1834
0	33049	0.229375	1835
0	33067	0.2295	1836
0	33085	0.229625	1837
0	33103	0.22975	1838
0	33121	0.229875	1839
0	33139	0.23	1840
0	33157	0.230125	1841
0	33175	0.23025	1842
0	33193	0.230375	1843
0	33211	0.2305	1844
0	33229	0.230625	1845
0	33247	0.23075	1846
0	33265	0.230875	1847
0	33283	0.231	1848
0	33301	0.231125	1849
0	33319	0.23125	1850
0	33337	0.231375	1851
0	33355	0.2315	1852
0	33373	0.231625	1853
0	33391	0.23175	1854
0	33409	0.231875	1855
0	33427	0.232	1856
0	33445	0.232125	1857
0	33463	0.23225	1858
0	33481	0.232375	1859
0	33499	0.2325	1860
0	33517	0.232625	1861
0	33535	0.23275	1862
0	33553	0.232875	1863
0	33571	0.233	1864
0	33589	0.233125	1865
0	33607	0.23325	1866
0	33625	0.233375	1867
0	33643	0.2335	1868
0	33661	0.233625	1869
0	33679	0.23375	1870
0	33697	0.233875	1871
0	33715	0.234	1872
0	33733	0.234125	1873
0	33751	0.23425	1874
0	33769	0.234375	1875
0	33787	0.2345	1876
0	33805	0.234625	1877
0	33823	0.23475	1878
0	33841	0.234875	1879
0	33859	0.235	1880
0	33877	0.235125	1881
0	33895	0.23525	1882
0	33913	0.235375	1883
0	33931	0.2355	1884
0	33949	0.235625	1885
0	33967	0.23575	1886
0	33985	0.235875	1887
0	34003	0.236	1888
0	34021	0.236125	1889
0	34039	0.23625	1890
0	34057	0.236375	1891
0	34075	0.2365	1892
0	34093	0.236625	1893
0	34111	0.23675	1894
0	34129	0.236875	1895
0	34147	0.237	1896
0	34165	0.237125	1897
0	34183	0.23725	1898
0	34201	0.237375	1899
0	34219	0.2375	1900
0	34237	0.237625	1901
0	34255	0.23775	1902
0	34273	0.237875	1903
0	34291	0.238	1904
0	34309	0.238125	1905
0	34327	0.23825	1906
0	34345	0.238375	1907
0	34363	0.2385	1908
0	34381	0.238625	1909
0	34399	0.23875	1910
0	34417	0.238875	1911
0	34435	0.239	1912
0	34453	0.239125	1913
0	34471	0.23925	1914
0	34489	0.239375	1915
0	34507	0.2395	1916
0	34525	0.239625	1917
0	34543	0.23975	1918
0	34561	0.239875	1919
0	34579	0.24	1920
0	34597	0.240125	1921
0	34615	0.24025	1922
0	34633	0.240375	1923
0	34651	0.2405	1924
0	34669	0.240625	1925
0	34687	0.24075	1926
0	34705	0.240875	1927
0	34723	0.241	1928
0	34741	0.241125	1929
0	34759	0.24125	1930
0	34777	0.241375	1931
0	34795	0.2415	1932
0	34813	0.241625	1933
0	34831	0.24175	1934
0	34849	0.241875	1935
0	34867	0.242	1936
0	34885	0.242125	1937
0	34903	0.24225	1938
0	34921	0.242375	1939
0	34939	0.2425	1940
0	34957	0.242625	1941
0	34975	0.24275	1942
0	34993	0.242875	1943
0	35011	0.243	1944
0	35029	0.243125	1945
0	35047	0.24325	1946
0	35065	0.243375	1947
0	35083	0.2435	1948
0	35101	0.243625	1949
0	35119	0.24375	1950
0	35137	0.243875	1951
0	35155	0.244	1952
0	35173	0.244125	1953
0	35191	0.24425	1954
0	35209	0.244375	1955
0	35227	0.2445	1956
0	35245	0.244625	1957
0	35263	0.24475	1958
0	35281	0.244875	1959
0	35299	0.245	1960
0	35317	0.245125	1961
0	35335	0.24525	1962
0	35353	0.245375	1963
0	35371	0.2455	1964
0	35389	0.245625	1965
0	35407	0.24575	1966
0	35425	0.245875	1967
0	35443	0.246	1968
0	35461	0.246125	1969
0	35479	0.24625	1970
0	35497	0.246375	1971
0	35515	0.2465	1972
0	35533	0.246625	1973
0	35551	0.24675	1974
0	35569	0.246875	1975
0	35587	0.247	1976
0	35605	0.247125	1977
0	35623	0.24725	1978
0	35641	0.247375	1979
0	35659	0.2475	1980
0	35677	0.247625	1981
0	35695	0.24775	1982
0	35713	0.247875	1983
0	35731	0.248	1984
0	35749	0.248125	1985
0	35767	0.24825	1986
0	35785	0.248375	1987
0	35803	0.2485	1988
0	35821	0.248625	1989
0	35839	0.24875	1990
0	35857	0.248875	1991
0	35875	0.249	1992
0	35893	0.249125	1993
0	35911	0.24925	1994
0	35929	0.249375	1995
0	35947	0.2495	1996
0	35965	0.249625	1997
0	35983	0.24975	1998
0	36001	0.249875	1999
0	36019	0.25	2000
0	36037	0.250125	2001
0	36055	0.25025	2002
0	36073	0.250375	2003
0	36091	0.2505	2004
0	36109	0.250625	2005
0	36127	0.25075	2006
0	36145	0.250875	2007
0	36163	0.251	2008
0	36181	0.251125	2009
0	36199	0.25125	2010
0	36217	0.251375	2011
0	36235	0.2515	2012
0	36253	0.251625	2013
0	36271	0.25175	2014
0	36289	0.251875	2015
0	36307	0.252	2016
0	36325	0.252125	2017
0	36343	0.25225	2018
0	36361	0.252375	2019
0	36379	0.2525	2020
0	36397	0.252625	2021
0	36415	0.25275	2022
0	36433	0.252875	2023
0	36451	0.253	2024
0	36469	0.253125	2025
0	36487	0.25325	2026
0	36505	0.253375	2027
0	36523	0.2535	2028
0	36541	0.253625	2029
0	36559	0.25375	2030
0	36577	0.253875	2031
0	36595	0.254	2032
0	36613	0.254125	2033
0	36631	0.25425	2034
0	36649	0.254375	2035
0	36667	0.2545	2036
0	36685	0.254625	2037
0	36703	0.25475	2038
0	36721	0.254875	2039
0	36739	0.255	2040
0	36757	0.255125	2041
0	36775	0.25525	2042
0	36793	0.255375	2043
0	36811	0.2555	2044
0	36829	0.255625	2045
0	36847	0.25575	2046
0	36865	0.255875	2047
0	36883	0.256	2048
0	36901	0.256125	2049
0	36919	0.25625	2050
0	36937	0.256375	2051
0	36955	0.2565	2052
0	36973	0.256625	2053
0	36991	0.25675	2054
0	37009	0.256875	2055
0	37027	0.257	2056
0	37045	0.257125	2057
0	37063	0.25725	2058
0	37081	0.257375	2059
0	37099	0.2575	2060
0	37117	0.257625	2061
0	37135	0.25775	2062
0	37153	0.257875	2063
0	37171	0.258	2064
0	37189	0.258125	2065
0	37207	0.25825	2066
0	37225	0.258375	2067
0	37243	0.2585	2068
0	37261	0.258625	2069
0	37279	0.25875	2070
0	37297	0.258875	2071
0	37315	0.259	2072
0	37333	0.259125	2073
0	37351	0.25925	2074
0	37369	0.259375	2075
0	37387	0.2595	2076
0	37405	0.259625	2077
0	37423	0.25975	2078
0	37441	0.259875	2079
0	37459	0.26	2080
0	37477	0.260125	2081
0	37499	0.26025	2082
0	37517	0.260375	2083
0	37535	0.2605	2084
0	37553	0.260625	2085
0	37571	0.26075	2086
0	37589	0.260875	2087
0	37607	0.261	2088
0	37625	0.261125	2089
0	37643	0.26125	2090
0	37661	0.261375	2091
0	37679	0.2615	2092
0	37697	0.261625	2093
0	37715	0.26175	2094
0	37733	0.261875	2095
0	37751	0.262	2096
0	37769	0.262125	2097
0	37787	0.26225	2098
0	37805	0.262375	2099
0	37823	0.2625	2100
0	37841	0.262625	2101
0	37859	0.26275	2102
0	37877	0.262875	2103
0	37895	0.263	2104
0	37913	0.263125	2105
0	37931	0.26325	2106
0	37949	0.263375	2107
0	37967	0.2635	2108
0	37985	0.263625	2109
0	38003	0.26375	2110
0	38021	0.263875	2111
0	38039	0.264	2112
0	38057	0.264125	2113
0	38075	0.26425	2114
0	38093	0.264375	2115
0	38111	0.2645	2116
0	38129	0.264625	2117
0	38147	0.26475	2118
0	38165	0.264875	2119
0	38183	0.265	2120
0	38201	0.265125	2121
0	38219	0.26525	2122
0	38237	0.265375	2123
0	38255	0.2655	2124
0	38273	0.265625	2125
0	38291	0.26575	2126
0	38309	0.265875	2127
0	38327	0.266	2128
0	38345	0.266125	2129
0	38363	0.26625	2130
0	38381	0.266375	2131
0	38399	0.2665	2132
0	38417	0.266625	2133
0	38435	0.26675	2134
0	38453	0.266875	2135
0	38471	0.267	2136
0	38489	0.267125	2137
0	38507	0.26725	2138
0	38525	0.267375	2139
0	38543	0.2675	2140
0	38561	0.267625	2141
0	38579	0.26775	2142
0	38597	0.267875	2143
0	38615	0.268	2144
0	38633	0.268125	2145
0	38651	0.26825	2146
0	38669	0.268375	2147
0	38687	0.2685	2148
0	38705	0.268625	2149
0	38723	0.26875	2150
0	38741	0.268875	2151
0	38759	0.269	2152
0	38777	0.269125	2153
0	38795	0.26925	2154
0	38813	0.269375	2155
0	38831	0.2695	2156
0	38849	0.269625	2157
0	38867	0.26975	2158
0	38885	0.269875	2159
0	38903	0.27	2160
0	38921	0.270125	2161
0	38939	0.27025	2162
0	38957	0.270375	2163
0	38975	0.2705	2164
0	38993	0.270625	2165
0	39011	0.27075	2166
0	39029	0.270875	2167
0	39047	0.271	2168
0	39065	0.271125	2169
0	39083	0.27125	2170
0	39101	0.271375	2171
0	39119	0.2715	2172
0	39137	0.271625	2173
0	39155	0.27175	2174
0	39173	0.271875	2175
0	39191	0.272	2176
0	39209	0.272125	2177
0	39227	0.27225	2178
0	39245	0.272375	2179
0	39263	0.2725	2180
0	39281	0.272625	2181
0	39299	0.27275	2182
0	39317	0.272875	2183
0	39335	0.273	2184
0	39353	0.273125	2185
0	39371	0.27325	2186
0	39389	0.273375	2187
0	39407	0.2735	2188
0	39425	0.273625	2189
0	39443	0.27375	2190
0	39461	0.273875	2191
0	39479	0.274	2192
0	39497	0.274125	2193
0	39515	0.27425	2194
0	39533	0.274375	2195
0	39551	0.2745	2196
0	39569	0.274625	2197
0	39587	0.27475	2198
0	39605	0.274875	2199
0	39623	0.275	2200
0	39641	0.275125	2201
0	39659	0.27525	2202
0	39677	0.275375	2203
0	39695	0.2755	2204
0	39713	0.275625	2205
0	39731	0.27575	2206
0	39749	0.275875	2207
0	39767	0.276	2208
0	39785	0.276125	2209
0	39803	0.27625	2210
0	39821	0.276375	2211
0	39839	0.2765	2212
0	39857	0.276625	2213
0	39875	0.27675	2214
0	39893	0.276875	2215
0	39911	0.277	2216
0	39929	0.277125	2217
0	39947	0.27725	2218
0	39965	0.277375	2219
0	39983	0.2775	2220
0	40001	0.277625	2221
0	40019	0.27775	2222
0	40037	0.277875	2223
0	40055	0.278	2224
0	40073	0.278125	2225
0	40091	0.27825	2226
0	40109	0.278375	2227
0	40127	0.2785	2228
0	40145	0.278625	2229
0	40163	0.27875	2230
0	40181	0.278875	2231
0	40199	0.279	2232
0	40217	0.279125	2233
0	40235	0.27925	2234
0	40253	0.279375	2235
0	40271	0.2795	2236
0	40289	0.279625	2237
0	40307	0.27975	2238
0	40325	0.279875	2239
0	40343	0.28	2240
0	40361	0.280125	2241
0	40379	0.28025	2242
0	40397	0.280375	2243
0	40415	0.2805	2244
0	40433	0.280625	2245
0	40451	0.28075	2246
0	40469	0.280875	2247
0	40487	0.281	2248
0	40505	0.281125	2249
0	40523	0.28125	2250
0	40541	0.281375	2251
0	40559	0.2815	2252
0	40577	0.281625	2253
0	40595	0.28175	2254
0	40613	0.281875	2255
0	40631	0.282	2256
0	40649	0.282125	2257
0	40667	0.28225	2258
0	40685	0.282375	2259
0	40703	0.2825	2260
0	40721	0.282625	2261
0	40739	0.28275	2262
0	40757	0.282875	2263
0	40775	0.283	2264
0	40793	0.283125	2265
0	40811	0.28325	2266
0	40829	0.283375	2267
0	40847	0.2835	2268
0	40865	0.283625	2269
0	40883	0.28375	2270
0	40901	0.283875	2271
0	40919	0.284	2272
0	40937	0.284125	2273
0	40955	0.28425	2274
0	40973	0.284375	2275
0	40991	0.2845	2276
0	41009	0.284625	2277
0	41027	0.28475	2278
0	41045	0.284875	2279
0	41063	0.285	2280
0	41081	0.285125	2281
0	41099	0.28525	2282
0	41117	0.285375	2283
0	41135	0.2855	2284
0	41153	0.285625	2285
0	41171	0.28575	2286
0	41189	0.285875	2287
0	41207	0.286	2288
0	41225	0.286125	2289
0	41243	0.28625	2290
0	41261	0.286375	2291
0	41279	0.2865	2292
0	41297	0.286625	2293
0	41315	0.28675	2294
0	41333	0.286875	2295
0	41351	0.287	2296
0	41369	0.287125	2297
0	41387	0.28725	2298
0	41405	0.287375	2299
0	41423	0.2875	2300
0	41441	0.287625	2301
0	41459	0.28775	2302
0	41477	0.287875	2303
0	41495	0.288	2304
0	41513	0.288125	2305
0	41531	0.28825	2306
0	41549	0.288375	2307
0	41567	0.2885	2308
0	41585	0.288625	2309
0	41603	0.28875	2310
0	41621	0.288875	2311
0	41639	0.289	2312
0	41657	0.289125	2313
0	41675	0.28925	2314
0	41693	0.289375	2315
0	41711	0.2895	2316
0	41729	0.289625	2317
0	41747	0.28975	2318
0	41765	0.289875	2319
0	41783	0.29	2320
0	41801	0.290125	2321
0	41819	0.29025	2322
0	41837	0.290375	2323
0	41855	0.2905	2324
0	41873	0.290625	2325
0	41891	0.29075	2326
0	41909	0.290875	2327
0	41927	0.291	2328
0	41945	0.291125	2329
0	41963	0.29125	2330
0	41981	0.291375	2331
0	41999	0.2915	2332
0	42017	0.291625	2333
0	42035	0.29175	2334
0	42053	0.291875	2335
0	42071	0.292	2336
0	42089	0.292125	2337
0	42107	0.29225	2338
0	42125	0.292375	2339
0	42143	0.2925	2340
0	42161	0.292625	2341
0	42179	0.29275	2342
0	42197	0.292875	2343
0	42215	0.293	2344
0	42233	0.293125	2345
0	42251	0.29325	2346
0	42269	0.293375	2347
0	42287	0.2935	2348
0	42305	0.293625	2349
0	42323	0.29375	2350
0	42341	0.293875	2351
0	42359	0.294	2352
0	42377	0.294125	2353
0	42395	0.29425	2354
0	42413	0.294375	2355
0	42431	0.2945	2356
0	42449	0.294625	2357
0	42467	0.29475	2358
0	42485	0.294875	2359
0	42503	0.295	2360
0	42521	0.295125	2361
0	42539	0.29525	2362
0	42557	0.295375	2363
0	42575	0.2955	2364
0	42593	0.295625	2365
0	42611	0.29575	2366
0	42629	0.295875	2367
0	42647	0.296	2368
0	42665	0.296125	2369
0	42683	0.29625	2370
0	42701	0.296375	2371
0	42719	0.2965	2372
0	42737	0.296625	2373
0	42755	0.29675	2374
0	42773	0.296875	2375
0	42791	0.297	2376
0	42809	0.297125	2377
0	42827	0.29725	2378
0	42849	0.297375	2379
0	42867	0.2975	2380
0	42885	0.297625	2381
0	42903	0.29775	2382
0	42921	0.297875	2383
0	42939	0.298	2384
0	42957	0.298125	2385
0	42975	0.29825	2386
0	42993	0.298375	2387
0	43011	0.2985	2388
0	43029	0.298625	2389
0	43047	0.29875	2390
0	43065	0.298875	2391
0	43083	0.299	2392
0	43101	0.299125	2393
0	43119	0.29925	2394
0	43137	0.299375	2395
0	43155	0.2995	2396
0	43173	0.299625	2397
0	43191	0.29975	2398
0	43209	0.299875	2399
0	43227	0.3	2400
0	43245	0.300125	2401
0	43263	0.30025	2402
0	43281	0.300375	2403
0	43299	0.3005	2404
0	43317	0.300625	2405
0	43335	0.30075	2406
0	43353	0.300875	2407
0	43371	0.301	2408
0	43389	0.301125	2409
0	43407	0.30125	2410
0	43425	0.301375	2411
0	43443	0.3015	2412
0	43461	0.301625	2413
0	43479	0.30175	2414
0	43497	0.301875	2415
0	43515	0.302	2416
0	43533	0.302125	2417
0	43551	0.30225	2418
0	43569	0.302375	2419
0	43587	0.3025	2420
0	43605	0.302625	2421
0	43623	0.30275	2422
0	43641	0.302875	2423
0	43659	0.303	2424
0	43677	0.303125	2425
0	43695	0.30325	2426
0	43713	0.303375	2427
0	43731	0.3035	2428
0	43749	0.303625	2429
0	43767	0.30375	2430
0	43785	0.303875	2431
0	43803	0.304	2432
0	43821	0.304125	2433
0	43839	0.30425	2434
0	43857	0.304375	2435
0	43875	0.3045	2436
0	43893	0.304625	2437
0	43911	0.30475	2438
0	43929	0.304875	2439
0	43947	0.305	2440
0	43965	0.305125	2441
0	43983	0.30525	2442
0	44001	0.305375	2443
0	44019	0.3055	2444
0	44037	0.305625	2445
0	44055	0.30575	2446
0	44073	0.305875	2447
0	44091	0.306	2448
0	44109	0.306125	2449
0	44127	0.30625	2450
0	44145	0.306375	2451
0	44163	0.3065	2452
0	44181	0.306625	2453
0	44199	0.30675	2454
0	44217	0.306875	2455
0	44235	0.307	2456
0	44253	0.307125	2457
0	44271	0.30725	2458
0	44289	0.307375	2459
0	44307	0.3075	2460
0	44325	0.307625	2461
0	44343	0.30775	2462
0	44361	0.307875	2463
0	44379	0.308	2464
0	44397	0.308125	2465
0	44415	0.30825	2466
0	44433	0.308375	2467
0	44451	0.3085	2468
0	44469	0.308625	2469
0	44487	0.30875	2470
0	44505	0.308875	2471
0	44523	0.309	2472
0	44541	0.309125	2473
0	44559	0.30925	2474
0	44577	0.309375	2475
0	44595	0.3095	2476
0	44613	0.309625	2477
0	44631	0.30975	2478
0	44649	0.309875	2479
0	44667	0.31	2480
0	44685	0.310125	2481
0	44703	0.31025	2482
0	44721	0.310375	2483
0	44739	0.3105	2484
0	44757	0.310625	2485
0	44775	0.31075	2486
0	44793	0.310875	2487
0	44811	0.311	2488
0	44829	0.311125	2489
0	44847	0.31125	2490
0	44865	0.311375	2491
0	44883	0.3115	2492
0	44901	0.311625	2493
0	44919	0.31175	2494
0	44937	0.311875	2495
0	44955	0.312	2496
0	44973	0.312125	2497
0	44991	0.31225	2498
0	45009	0.312375	2499
0	45027	0.3125	2500
0	45045	0.312625	2501
0	45063	0.31275	2502
0	45081	0.312875	2503
0	45099	0.313	2504
0	45117	0.313125	2505
0	45135	0.31325	2506
0	45153	0.313375	2507
0	45171	0.3135	2508
0	45189	0.313625	2509
0	45207	0.31375	2510
0	45225	0.313875	2511
0	45243	0.314	2512
0	45261	0.314125	2513
0	45279	0.31425	2514
0	45297	0.314375	2515
0	45315	0.3145	2516
0	45333	0.314625	2517
0	45351	0.31475	2518
0	45369	0.314875	2519
0	45387	0.315	2520
0	45405	0.315125	2521
0	45423	0.31525	2522
0	45441	0.315375	2523
0	45459	0.3155	2524
0	45477	0.315625	2525
0	45495	0.31575	2526
0	45513	0.315875	2527
0	45531	0.316	2528
0	45549	0.316125	2529
0	45567	0.31625	2530
0	45585	0.316375	2531
0	45603	0.3165	2532
0	45621	0.316625	2533
0	45639	0.31675	2534
0	45657	0.316875	2535
0	45675	0.317	2536
0	45693	0.317125	2537
0	45711	0.31725	2538
0	45729	0.317375	2539
0	45747	0.3175	2540
0	45765	0.317625	2541
0	45783	0.31775	2542
0	45801	0.317875	2543
0	45819	0.318	2544
0	45837	0.318125	2545
0	45855	0.31825	2546
0	45873	0.318375	2547
0	45891	0.3185	2548
0	45909	0.318625	2549
0	45927	0.31875	2550
0	45945	0.318875	2551
0	45963	0.319	2552
0	45981	0.319125	2553
0	45999	0.31925	2554
0	46017	0.319375	2555
0	46035	0.3195	2556
0	46053	0.319625	2557
0	46071	0.31975	2558
0	46089	0.319875	2559
0	46107	0.32	2560
0	46125	0.320125	2561
0	46143	0.32025	2562
0	46161	0.320375	2563
0	46179	0.3205	2564
0	46197	0.320625	2565
0	46215	0.32075	2566
0	46233	0.320875	2567
0	46251	0.321	2568
0	46269	0.321125	2569
0	46287	0.32125	2570
0	46305	0.321375	2571
0	46323	0.3215	2572
0	46341	0.321625	2573
0	46359	0.32175	2574
0	46377	0.321875	2575
0	46395	0.322	2576
0	46413	0.322125	2577
0	46431	0.32225	2578
0	46449	0.322375	2579
0	46467	0.3225	2580
0	46485	0.322625	2581
0	46503	0.32275	2582
0	46521	0.322875	2583
0	46539	0.323	2584
0	46557	0.323125	2585
0	46575	0.32325	2586
0	46593	0.323375	2587
0	46611	0.3235	2588
0	46629	0.323625	2589
0	46647	0.32375	2590
0	46665	0.323875	2591
0	46683	0.324	2592
0	46701	0.324125	2593
0	46719	0.32425	2594
0	46737	0.324375	2595
0	46755	0.3245	2596
0	46773	0.324625	2597
0	46791	0.32475	2598
0	46809	0.324875	2599
0	46827	0.325	2600
0	46845	0.325125	2601
0	46863	0.32525	2602
0	46881	0.325375	2603
0	46899	0.3255	2604
0	46917	0.325625	2605
0	46935	0.32575	2606
0	46953	0.325875	2607
0	46971	0.326	2608
0	46989	0.326125	2609
0	47007	0.32625	2610
0	47025	0.326375	2611
0	47043	0.3265	2612
0	47061	0.326625	2613
0	47079	0.32675	2614
0	47097	0.326875	2615
0	47115	0.327	2616
0	47133	0.327125	2617
0	47151	0.32725	2618
0	47169	0.327375	2619
0	47187	0.3275	2620
0	47205	0.327625	2621
0	47223	0.32775	2622
0	47241	0.327875	2623
0	47259	0.328	2624
0	47277	0.328125	2625
0	47295	0.32825	2626
0	47313	0.328375	2627
0	47331	0.3285	2628
0	47349	0.328625	2629
0	47367	0.32875	2630
0	47385	0.328875	2631
0	47403	0.329	2632
0	47421	0.329125	2633
0	47439	0.32925	2634
0	47457	0.329375	2635
0	47475	0.3295	2636
0	47493	0.329625	2637
0	47511	0.32975	2638
0	47529	0.329875	2639
0	47547	0.33	2640
0	47565	0.330125	2641
0	47583	0.33025	2642
0	47601	0.330375	2643
0	47619	0.3305	2644
0	47637	0.330625	2645
0	47655	0.33075	2646
0	47673	0.330875	2647
0	47691	0.331	2648
0	47709	0.331125	2649
0	47727	0.33125	2650
0	47745	0.331375	2651
0	47763	0.3315	2652
0	47781	0.331625	2653
0	47799	0.33175	2654
0	47817	0.331875	2655
0	47835	0.332	2656
0	47853	0.332125	2657
0	47871	0.33225	2658
0	47889	0.332375	2659
0	47907	0.3325	2660
0	47925	0.332625	2661
0	47943	0.33275	2662
0	47961	0.332875	2663
0	47979	0.333	2664
0	47997	0.333125	2665
0	48015	0.33325	2666
0	48033	0.333375	2667
0	48051	0.3335	2668
0	48069	0.333625	2669
0	48087	0.33375	2670
0	48105	0.333875	2671
0	48123	0.334	2672
0	48141	0.334125	2673
0	48159	0.33425	2674
0	48177	0.334375	2675
0	48199	0.3345	2676
0	48217	0.334625	2677
0	48235	0.33475	2678
0	48253	0.334875	2679
0	48271	0.335	2680
0	48289	0.335125	2681
0	48307	0.33525	2682
0	48325	0.335375	2683
0	48343	0.3355	2684
0	48361	0.335625	2685
0	48379	0.33575	2686
0	48397	0.335875	2687
0	48415	0.336	2688
0	48433	0.336125	2689
0	48451	0.33625	2690
0	48469	0.336375	2691
0	48487	0.3365	2692
0	48505	0.336625	2693
0	48523	0.33675	2694
0	48541	0.336875	2695
0	48559	0.337	2696
0	48577	0.337125	2697
0	48595	0.33725	2698
0	48613	0.337375	2699
0	48631	0.3375	2700
0	48649	0.337625	2701
0	48667	0.33775	2702
0	48685	0.337875	2703
0	48703	0.338	2704
0	48721	0.338125	2705
0	48739	0.33825	2706
0	48757	0.338375	2707
0	48775	0.3385	2708
0	48793	0.338625	2709
0	48811	0.33875	2710
0	48829	0.338875	2711
0	48847	0.339	2712
0	48865	0.339125	2713
0	48883	0.33925	2714
0	48901	0.339375	2715
0	48919	0.3395	2716
0	48937	0.339625	2717
0	48955	0.33975	2718
0	48973	0.339875	2719
0	48991	0.34	2720
0	49009	0.340125	2721
0	49027	0.34025	2722
0	49045	0.340375	2723
0	49063	0.3405	2724
0	49081	0.340625	2725
0	49099	0.34075	2726
0	49117	0.340875	2727
0	49135	0.341	2728
0	49153	0.341125	2729
0	49171	0.34125	2730
0	49189	0.341375	2731
0	49207	0.3415	2732
0	49225	0.341625	2733
0	49243	0.34175	2734
0	49261	0.341875	2735
0	49279	0.342	2736
0	49297	0.342125	2737
0	49315	0.34225	2738
0	49333	0.342375	2739
0	49351	0.3425	2740
0	49369	0.342625	2741
0	49387	0.34275	2742
0	49405	0.342875	2743
0	49423	0.343	2744
0	49441	0.343125	2745
0	49459	0.34325	2746
0	49477	0.343375	2747
0	49495	0.3435	2748
0	49513	0.343625	2749
0	49531	0.34375	2750
0	49549	0.343875	2751
0	49567	0.344	2752
0	49585	0.344125	2753
0	49603	0.34425	2754
0	49621	0.344375	2755
0	49639	0.3445	2756
0	49657	0.344625	2757
0	49675	0.34475	2758
0	49693	0.344875	2759
0	49711	0.345	2760
0	49729	0.345125	2761
0	49747	0.34525	2762
0	49765	0.345375	2763
0	49783	0.3455	2764
0	49801	0.345625	2765
0	49819	0.34575	2766
0	49837	0.345875	2767
0	49855	0.346	2768
0	49873	0.346125	2769
0	49891	0.34625	2770
0	49909	0.346375	2771
0	49927	0.3465	2772
0	49945	0.346625	2773
0	49963	0.34675	2774
0	49981	0.346875	2775
0	49999	0.347	2776
0	50017	0.347125	2777
0	50035	0.34725	2778
0	50053	0.347375	2779
0	50071	0.3475	2780
0	50089	0.347625	2781
0	50107	0.34775	2782
0	50125	0.347875	2783
0	50143	0.348	2784
0	50161	0.348125	2785
0	50179	0.34825	2786
0	50197	0.348375	2787
0	50215	0.3485	2788
0	50233	0.348625	2789
0	50251	0.34875	2790
0	50269	0.348875	2791
0	50287	0.349	2792
0	50305	0.349125	2793
0	50323	0.34925	2794
0	50341	0.349375	2795
0	50359	0.3495	2796
0	50377	0.349625	2797
0	50395	0.34975	2798
0	50413	0.349875	2799
0	50431	0.35	2800
0	50449	0.350125	2801
0	50467	0.35025	2802
0	50485	0.350375	2803
0	50503	0.3505	2804
0	50521	0.350625	2805
0	50539	0.35075	2806
0	50557	0.350875	2807
0	50575	0.351	2808
0	50593	0.351125	2809
0	50611	0.35125	2810
0	50629	0.351375	2811
0	50647	0.3515	2812
0	50665	0.351625	2813
0	50683	0.35175	2814
0	50701	0.351875	2815
0	50719	0.352	2816
0	50737	0.352125	2817
0	50755	0.35225	2818
0	50773	0.352375	2819
0	50791	0.3525	2820
0	50809	0.352625	2821
0	50827	0.35275	2822
0	50845	0.352875	2823
0	50863	0.353	2824
0	50881	0.353125	2825
0	50899	0.35325	2826
0	50917	0.353375	2827
0	50935	0.3535	2828
0	50953	0.353625	2829
0	50971	0.35375	2830
0	50989	0.353875	2831
0	51007	0.354	2832
0	51025	0.354125	2833
0	51043	0.35425	2834
0	51061	0.354375	2835
0	51079	0.3545	2836
0	51097	0.354625	2837
0	51115	0.35475	2838
0	51133	0.354875	2839
0	51151	0.355	2840
0	51169	0.355125	2841
0	51187	0.35525	2842
0	51205	0.355375	2843
0	51223	0.3555	2844
0	51241	0.355625	2845
0	51259	0.35575	2846
0	51277	0.355875	2847
0	51295	0.356	2848
0	51313	0.356125	2849
0	51331	0.35625	2850
0	51349	0.356375	2851
0	51367	0.3565	2852
0	51385	0.356625	2853
0	51403	0.35675	2854
0	51421	0.356875	2855
0	51439	0.357	2856
0	51457	0.357125	2857
0	51475	0.35725	2858
0	51493	0.357375	2859
0	51511	0.3575	2860
0	51529	0.357625	2861
0	51547	0.35775	2862
0	51565	0.357875	2863
0	51583	0.358	2864
0	51601	0.358125	2865
0	51619	0.35825	2866
0	51637	0.358375	2867
0	51655	0.3585	2868
0	51673	0.358625	2869
0	51691	0.35875	2870
0	51709	0.358875	2871
0	51727	0.359	2872
0	51745	0.359125	2873
0	51763	0.35925	2874
0	51781	0.359375	2875
0	51799	0.3595	2876
0	51817	0.359625	2877
0	51835	0.35975	2878
0	51853	0.359875	2879
0	51871	0.36	2880
0	51889	0.360125	2881
0	51907	0.36025	2882
0	51925	0.360375	2883
0	51943	0.3605	2884
0	51961	0.360625	2885
0	51979	0.36075	2886
0	51997	0.360875	2887
0	52015	0.361	2888
0	52033	0.361125	2889
0	52051	0.36125	2890
0	52069	0.361375	2891
0	52087	0.3615	2892
0	52105	0.361625	2893
0	52123	0.36175	2894
0	52141	0.361875	2895
0	52159	0.362	2896
0	52177	0.362125	2897
0	52195	0.36225	2898
0	52213	0.362375	2899
0	52231	0.3625	2900
0	52249	0.362625	2901
0	52267	0.36275	2902
0	52285	0.362875	2903
0	52303	0.363	2904
0	52321	0.363125	2905
0	52339	0.36325	2906
0	52357	0.363375	2907
0	52375	0.3635	2908
0	52393	0.363625	2909
0	52411	0.36375	2910
0	52429	0.363875	2911
0	52447	0.364	2912
0	52465	0.364125	2913
0	52483	0.36425	2914
0	52501	0.364375	2915
0	52519	0.3645	2916
0	52537	0.364625	2917
0	52555	0.36475	2918
0	52573	0.364875	2919
0	52591	0.365	2920
0	52609	0.365125	2921
0	52627	0.36525	2922
0	52645	0.365375	2923
0	52663	0.3655	2924
0	52681	0.365625	2925
0	52699	0.36575	2926
0	52717	0.365875	2927
0	52735	0.366	2928
0	52753	0.366125	2929
0	52771	0.36625	2930
0	52789	0.366375	2931
0	52807	0.3665	2932
0	52825	0.366625	2933
0	52843	0.36675	2934
0	52861	0.366875	2935
0	52879	0.367	2936
0	52897	0.367125	2937
0	52915	0.36725	2938
0	52933	0.367375	2939
0	52951	0.3675	2940
0	52969	0.367625	2941
0	52987	0.36775	2942
0	53005	0.367875	2943
0	53023	0.368	2944
0	53041	0.368125	2945
0	53059	0.36825	2946
0	53077	0.368375	2947
0	53095	0.3685	2948
0	53113	0.368625	2949
0	53131	0.36875	2950
0	53149	0.368875	2951
0	53167	0.369	2952
0	53185	0.369125	2953
0	53203	0.36925	2954
0	53221	0.369375	2955
0	53239	0.3695	2956
0	53257	0.369625	2957
0	53275	0.36975	2958
0	53293	0.369875	2959
0	53311	0.37	2960
0	53329	0.370125	2961
0	53347	0.37025	2962
0	53365	0.370375	2963
0	53383	0.3705	2964
0	53401	0.370625	2965
0	53419	0.37075	2966
0	53437	0.370875	2967
0	53455	0.371	2968
0	53473	0.371125	2969
0	53491	0.37125	2970
0	53509	0.371375	2971
0	53527	0.3715	2972
0	53549	0.371625	2973
0	53567	0.37175	2974
0	53585	0.371875	2975
0	53603	0.372	2976
0	53621	0.372125	2977
0	53639	0.37225	2978
0	53657	0.372375	2979
0	53675	0.3725	2980
0	53693	0.372625	2981
0	53711	0.37275	2982
0	53729	0.372875	2983
0	53747	0.373	2984
0	53765	0.373125	2985
0	53783	0.37325	2986
0	53801	0.373375	2987
0	53819	0.3735	2988
0	53837	0.373625	2989
0	53855	0.37375	2990
0	53873	0.373875	2991
0	53891	0.374	2992
0	53909	0.374125	2993
0	53927	0.37425	2994
0	53945	0.374375	2995
0	53963	0.3745	2996
0	53981	0.374625	2997
0	53999	0.37475	2998
0	54017	0.374875	2999
0	54035	0.375	3000
0	54053	0.375125	3001
0	54071	0.37525	3002
0	54089	0.375375	3003
0	54107	0.3755	3004
0	54125	0.375625	3005
0	54143	0.37575	3006
0	54161	0.375875	3007
0	54179	0.376	3008
0	54197	0.376125	3009
0	54215	0.37625	3010
0	54233	0.376375	3011
0	54251	0.3765	3012
0	54269	0.376625	3013
0	54287	0.37675	3014
0	54305	0.376875	3015
0	54323	0.377	3016
0	54341	0.377125	3017
0	54359	0.37725	3018
0	54377	0.377375	3019
0	54395	0.3775	3020
0	54413	0.377625	3021
0	54431	0.37775	3022
0	54449	0.377875	3023
0	54467	0.378	3024
0	54485	0.378125	3025
0	54503	0.37825	3026
0	54521	0.378375	3027
0	54539	0.3785	3028
0	54557	0.378625	3029
0	54575	0.37875	3030
0	54593	0.378875	3031
0	54611	0.379	3032
0	54629	0.379125	3033
0	54647	0.37925	3034
0	54665	0.379375	3035
0	54683	0.3795	3036
0	54701	0.379625	3037
0	54719	0.37975	3038
0	54737	0.379875	3039
0	54755	0.38	3040
0	54773	0.380125	3041
0	54791	0.38025	3042
0	54809	0.380375	3043
0	54827	0.3805	3044
0	54845	0.380625	3045
0	54863	0.38075	3046
0	54881	0.380875	3047
0	54899	0.381	3048
0	54917	0.381125	3049
0	54935	0.38125	3050
0	54953	0.381375	3051
0	54971	0.3815	3052
0	54989	0.381625	3053
0	55007	0.38175	3054
0	55025	0.381875	3055
0	55043	0.382	3056
0	55061	0.382125	3057
0	55079	0.38225	3058
0	55097	0.382375	3059
0	55115	0.3825	3060
0	55133	0.382625	3061
0	55151	0.38275	3062
0	55169	0.382875	3063
0	55187	0.383	3064
0	55205	0.383125	3065
0	55223	0.38325	3066
0	55241	0.383375	3067
0	55259	0.3835	3068
0	55277	0.383625	3069
0	55295	0.38375	3070
0	55313	0.383875	3071
0	55331	0.384	3072
0	55349	0.384125	3073
0	55367	0.38425	3074
0	55385	0.384375	3075
0	55403	0.3845	3076
0	55421	0.384625	3077
0	55439	0.38475	3078
0	55457	0.384875	3079
0	55475	0.385	3080
0	55493	0.385125	3081
0	55511	0.38525	3082
0	55529	0.385375	3083
0	55547	0.3855	3084
0	55565	0.385625	3085
0	55583	0.38575	3086
0	55601	0.385875	3087
0	55619	0.386	3088
0	55637	0.386125	3089
0	55655	0.38625	3090
0	55673	0.386375	3091
0	55691	0.3865	3092
0	55709	0.386625	3093
0	55727	0.38675	3094
0	55745	0.386875	3095
0	55763	0.387	3096
0	55781	0.387125	3097
0	55799	0.38725	3098
0	55817	0.387375	3099
0	55835	0.3875	3100
0	55853	0.387625	3101
0	55871	0.38775	3102
0	55889	0.387875	3103
0	55907	0.388	3104
0	55925	0.388125	3105
0	55943	0.38825	3106
0	55961	0.388375	3107
0	55979	0.3885	3108
0	55997	0.388625	3109
0	56015	0.38875	3110
0	56033	0.388875	3111
0	56051	0.389	3112
0	56069	0.389125	3113
0	56087	0.38925	3114
0	56105	0.389375	3115
0	56123	0.3895	3116
0	56141	0.389625	3117
0	56159	0.38975	3118
0	56177	0.389875	3119
0	56195	0.39	3120
0	56213	0.390125	3121
0	56231	0.39025	3122
0	56249	0.390375	3123
0	56267	0.3905	3124
0	56285	0.390625	3125
0	56303	0.39075	3126
0	56321	0.390875	3127
0	56339	0.391	3128
0	56357	0.391125	3129
0	56375	0.39125	3130
0	56393	0.391375	3131
0	56411	0.3915	3132
0	56429	0.391625	3133
0	56447	0.39175	3134
0	56465	0.391875	3135
0	56483	0.392	3136
0	56501	0.392125	3137
0	56519	0.39225	3138
0	56537	0.392375	3139
0	56555	0.3925	3140
0	56573	0.392625	3141
0	56591	0.39275	3142
0	56609	0.392875	3143
0	56627	0.393	3144
0	56645	0.393125	3145
0	56663	0.39325	3146
0	56681	0.393375	3147
0	56699	0.3935	3148
0	56717	0.393625	3149
0	56735	0.39375	3150
0	56753	0.393875	3151
0	56771	0.394	3152
0	56789	0.394125	3153
0	56807	0.39425	3154
0	56825	0.394375	3155
0	56843	0.3945	3156
0	56861	0.394625	3157
0	56879	0.39475	3158
0	56897	0.394875	3159
0	56915	0.395	3160
0	56933	0.395125	3161
0	56951	0.39525	3162
0	56969	0.395375	3163
0	56987	0.3955	3164
0	57005	0.395625	3165
0	57023	0.39575	3166
0	57041	0.395875	3167
0	57059	0.396	3168
0	57077	0.396125	3169
0	57095	0.39625	3170
0	57113	0.396375	3171
0	57131	0.3965	3172
0	57149	0.396625	3173
0	57167	0.39675	3174
0	57185	0.396875	3175
0	57203	0.397	3176
0	57221	0.397125	3177
0	57239	0.39725	3178
0	57257	0.397375	3179
0	57275	0.3975	3180
0	57293	0.397625	3181
0	57311	0.39775	3182
0	57329	0.397875	3183
0	57347	0.398	3184
0	57365	0.398125	3185
0	57383	0.39825	3186
0	57401	0.398375	3187
0	57419	0.3985	3188
0	57437	0.398625	3189
0	57455	0.39875	3190
0	57473	0.398875	3191
0	57491	0.399	3192
0	57509	0.399125	3193
0	57527	0.39925	3194
0	57545	0.399375	3195
0	57563	0.3995	3196
0	57581	0.399625	3197
0	57599	0.39975	3198
0	57617	0.399875	3199
0	57635	0.4	3200
0	57653	0.400125	3201
0	57671	0.40025	3202
0	57689	0.400375	3203
0	57707	0.4005	3204
0	57725	0.400625	3205
0	57743	0.40075	3206
0	57761	0.400875	3207
0	57779	0.401	3208
0	57797	0.401125	3209
0	57815	0.40125	3210
0	57833	0.401375	3211
0	57851	0.4015	3212
0	57869	0.401625	3213
0	57887	0.40175	3214
0	57905	0.401875	3215
0	57923	0.402	3216
0	57941	0.402125	3217
0	57959	0.40225	3218
0	57977	0.402375	3219
0	57995	0.4025	3220
0	58013	0.402625	3221
0	58031	0.40275	3222
0	58049	0.402875	3223
0	58067	0.403	3224
0	58085	0.403125	3225
0	58103	0.40325	3226
0	58121	0.403375	3227
0	58139	0.4035	3228
0	58157	0.403625	3229
0	58175	0.40375	3230
0	58193	0.403875	3231
0	58211	0.404	3232
0	58229	0.404125	3233
0	58247	0.40425	3234
0	58265	0.404375	3235
0	58283	0.4045	3236
0	58301	0.404625	3237
0	58319	0.40475	3238
0	58337	0.404875	3239
0	58355	0.405	3240
0	58373	0.405125	3241
0	58391	0.40525	3242
0	58409	0.405375	3243
0	58427	0.4055	3244
0	58445	0.405625	3245
0	58463	0.40575	3246
0	58481	0.405875	3247
0	58499	0.406	3248
0	58517	0.406125	3249
0	58535	0.40625	3250
0	58553	0.406375	3251
0	58571	0.4065	3252
0	58589	0.406625	3253
0	58607	0.40675	3254
0	58625	0.406875	3255
0	58643	0.407	3256
0	58661	0.407125	3257
0	58679	0.40725	3258
0	58697	0.407375	3259
0	58715	0.4075	3260
0	58733	0.407625	3261
0	58751	0.40775	3262
0	58769	0.407875	3263
0	58787	0.408	3264
0	58805	0.408125	3265
0	58823	0.40825	3266
0	58841	0.408375	3267
0	58859	0.4085	3268
0	58877	0.408625	3269
0	58895	0.40875	3270
0	58917	0.408875	3271
0	58935	0.409	3272
0	58953	0.409125	3273
0	58971	0.40925	3274
0	58989	0.409375	3275
0	59007	0.4095	3276
0	59025	0.409625	3277
0	59043	0.40975	3278
0	59061	0.409875	3279
0	59079	0.41	3280
0	59097	0.410125	3281
0	59115	0.41025	3282
0	59133	0.410375	3283
0	59151	0.4105	3284
0	59169	0.410625	3285
0	59187	0.41075	3286
0	59205	0.410875	3287
0	59223	0.411	3288
0	59241	0.411125	3289
0	59259	0.41125	3290
0	59277	0.411375	3291
0	59295	0.4115	3292
0	59313	0.411625	3293
0	59331	0.41175	3294
0	59349	0.411875	3295
0	59367	0.412	3296
0	59385	0.412125	3297
0	59403	0.41225	3298
0	59421	0.412375	3299
0	59439	0.4125	3300
0	59457	0.412625	3301
0	59475	0.41275	3302
0	59493	0.412875	3303
0	59511	0.413	3304
0	59529	0.413125	3305
0	59547	0.41325	3306
0	59565	0.413375	3307
0	59583	0.4135	3308
0	59601	0.413625	3309
0	59619	0.41375	3310
0	59637	0.413875	3311
0	59655	0.414	3312
0	59673	0.414125	3313
0	59691	0.41425	3314
0	59709	0.414375	3315
0	59727	0.4145	3316
0	59745	0.414625	3317
0	59763	0.41475	3318
0	59781	0.414875	3319
0	59799	0.415	3320
0	59817	0.415125	3321
0	59835	0.41525	3322
0	59853	0.415375	3323
0	59871	0.4155	3324
0	59889	0.415625	3325
0	59907	0.41575	3326
0	59925	0.415875	3327
0	59943	0.416	3328
0	59961	0.416125	3329
0	59979	0.41625	3330
0	59997	0.416375	3331
0	60015	0.4165	3332
0	60033	0.416625	3333
0	60051	0.41675	3334
0	60069	0.416875	3335
0	60087	0.417	3336
0	60105	0.417125	3337
0	60123	0.41725	3338
0	60141	0.417375	3339
0	60159	0.4175	3340
0	60177	0.417625	3341
0	60195	0.41775	3342
0	60213	0.417875	3343
0	60231	0.418	3344
0	60249	0.418125	3345
0	60267	0.41825	3346
0	60285	0.418375	3347
0	60303	0.4185	3348
0	60321	0.418625	3349
0	60339	0.41875	3350
0	60357	0.418875	3351
0	60375	0.419	3352
0	60393	0.419125	3353
0	60411	0.41925	3354
0	60429	0.419375	3355
0	60447	0.4195	3356
0	60465	0.419625	3357
0	60483	0.41975	3358
0	60501	0.419875	3359
0	60519	0.42	3360
0	60537	0.420125	3361
0	60555	0.42025	3362
0	60573	0.420375	3363
0	60591	0.4205	3364
0	60609	0.420625	3365
0	60627	0.42075	3366
0	60645	0.420875	3367
0	60663	0.421	3368
0	60681	0.421125	3369
0	60699	0.42125	3370
0	60717	0.421375	3371
0	60735	0.4215	3372
0	60753	0.421625	3373
0	60771	0.42175	3374
0	60789	0.421875	3375
0	60807	0.422	3376
0	60825	0.422125	3377
0	60843	0.42225	3378
0	60861	0.422375	3379
0	60879	0.4225	3380
0	60897	0.422625	3381
0	60915	0.42275	3382
0	60933	0.422875	3383
0	60951	0.423	3384
0	60969	0.423125	3385
0	60987	0.42325	3386
0	61005	0.423375	3387
0	61023	0.4235	3388
0	61041	0.423625	3389
0	61059	0.42375	3390
0	61077	0.423875	3391
0	61095	0.424	3392
0	61113	0.424125	3393
0	61131	0.42425	3394
0	61149	0.424375	3395
0	61167	0.4245	3396
0	61185	0.424625	3397
0	61203	0.42475	3398
0	61221	0.424875	3399
0	61239	0.425	3400
0	61257	0.425125	3401
0	61275	0.42525	3402
0	61293	0.425375	3403
0	61311	0.4255	3404
0	61329	0.425625	3405
0	61347	0.42575	3406
0	61365	0.425875	3407
0	61383	0.426	3408
0	61401	0.426125	3409
0	61419	0.42625	3410
0	61437	0.426375	3411
0	61455	0.4265	3412
0	61473	0.426625	3413
0	61491	0.42675	3414
0	61509	0.426875	3415
0	61527	0.427	3416
0	61545	0.427125	3417
0	61563	0.42725	3418
0	61581	0.427375	3419
0	61599	0.4275	3420
0	61617	0.427625	3421
0	61635	0.42775	3422
0	61653	0.427875	3423
0	61671	0.428	3424
0	61689	0.428125	3425
0	61707	0.42825	3426
0	61725	0.428375	3427
0	61743	0.4285	3428
0	61761	0.428625	3429
0	61779	0.42875	3430
0	61797	0.428875	3431
0	61815	0.429	3432
0	61833	0.429125	3433
0	61851	0.42925	3434
0	61869	0.429375	3435
0	61887	0.4295	3436
0	61905	0.429625	3437
0	61923	0.42975	3438
0	61941	0.429875	3439
0	61959	0.43	3440
0	61977	0.430125	3441
0	61995	0.43025	3442
0	62013	0.430375	3443
0	62031	0.4305	3444
0	62049	0.430625	3445
0	62067	0.43075	3446
0	62085	0.430875	3447
0	62103	0.431	3448
0	62121	0.431125	3449
0	62139	0.43125	3450
0	62157	0.431375	3451
0	62175	0.4315	3452
0	62193	0.431625	3453
0	62211	0.43175	3454
0	62229	0.431875	3455
0	62247	0.432	3456
0	62265	0.432125	3457
0	62283	0.43225	3458
0	62301	0.432375	3459
0	62319	0.4325	3460
0	62337	0.432625	3461
0	62355	0.43275	3462
0	62373	0.432875	3463
0	62391	0.433	3464
0	62409	0.433125	3465
0	62427	0.43325	3466
0	62445	0.433375	3467
0	62463	0.4335	3468
0	62481	0.433625	3469
0	62499	0.43375	3470
0	62517	0.433875	3471
0	62535	0.434	3472
0	62553	0.434125	3473
0	62571	0.43425	3474
0	62589	0.434375	3475
0	62607	0.4345	3476
0	62625	0.434625	3477
0	62643	0.43475	3478
0	62661	0.434875	3479
0	62679	0.435	3480
0	62697	0.435125	3481
0	62715	0.43525	3482
0	62733	0.435375	3483
0	62751	0.4355	3484
0	62769	0.435625	3485
0	62787	0.43575	3486
0	62805	0.435875	3487
0	62823	0.436	3488
0	62841	0.436125	3489
0	62859	0.43625	3490
0	62877	0.436375	3491
0	62895	0.4365	3492
0	62913	0.436625	3493
0	62931	0.43675	3494
0	62949	0.436875	3495
0	62967	0.437	3496
0	62985	0.437125	3497
0	63003	0.43725	3498
0	63021	0.437375	3499
0	63039	0.4375	3500
0	63057	0.437625	3501
0	63075	0.43775	3502
0	63093	0.437875	3503
0	63111	0.438	3504
0	63129	0.438125	3505
0	63147	0.43825	3506
0	63165	0.438375	3507
0	63183	0.4385	3508
0	63201	0.438625	3509
0	63219	0.43875	3510
0	63237	0.438875	3511
0	63255	0.439	3512
0	63273	0.439125	3513
0	63291	0.43925	3514
0	63309	0.439375	3515
0	63327	0.4395	3516
0	63345	0.439625	3517
0	63363	0.43975	3518
0	63381	0.439875	3519
0	63399	0.44	3520
0	63417	0.440125	3521
0	63435	0.44025	3522
0	63453	0.440375	3523
0	63471	0.4405	3524
0	63489	0.440625	3525
0	63507	0.44075	3526
0	63525	0.440875	3527
0	63543	0.441	3528
0	63561	0.441125	3529
0	63579	0.44125	3530
0	63597	0.441375	3531
0	63615	0.4415	3532
0	63633	0.441625	3533
0	63651	0.44175	3534
0	63669	0.441875	3535
0	63687	0.442	3536
0	63705	0.442125	3537
0	63723	0.44225	3538
0	63741	0.442375	3539
0	63759	0.4425	3540
0	63777	0.442625	3541
0	63795	0.44275	3542
0	63813	0.442875	3543
0	63831	0.443	3544
0	63849	0.443125	3545
0	63867	0.44325	3546
0	63885	0.443375	3547
0	63903	0.4435	3548
0	63921	0.443625	3549
0	63939	0.44375	3550
0	63957	0.443875	3551
0	63975	0.444	3552
0	63993	0.444125	3553
0	64011	0.44425	3554
0	64029	0.444375	3555
0	64047	0.4445	3556
0	64065	0.444625	3557
0	64083	0.44475	3558
0	64101	0.444875	3559
0	64119	0.445	3560
0	64137	0.445125	3561
0	64155	0.44525	3562
0	64173	0.445375	3563
0	64191	0.4455	3564
0	64209	0.445625	3565
0	64227	0.44575	3566
0	64245	0.445875	3567
0	64267	0.446	3568
0	64285	0.446125	3569
0	64303	0.44625	3570
0	64321	0.446375	3571
0	64339	0.4465	3572
0	64357	0.446625	3573
0	64375	0.44675	3574
0	64393	0.446875	3575
0	64411	0.447	3576
0	64429	0.447125	3577
0	64447	0.44725	3578
0	64465	0.447375	3579
0	64483	0.4475	3580
0	64501	0.447625	3581
0	64519	0.44775	3582
0	64537	0.447875	3583
0	64555	0.448	3584
0	64573	0.448125	3585
0	64591	0.44825	3586
0	64609	0.448375	3587
0	64627	0.4485	3588
0	64645	0.448625	3589
0	64663	0.44875	3590
0	64681	0.448875	3591
0	64699	0.449	3592
0	64717	0.449125	3593
0	64735	0.44925	3594
0	64753	0.449375	3595
0	64771	0.4495	3596
0	64789	0.449625	3597
0	64807	0.44975	3598
0	64825	0.449875	3599
0	64843	0.45	3600
0	64861	0.450125	3601
0	64879	0.45025	3602
0	64897	0.450375	3603
0	64915	0.4505	3604
0	64933	0.450625	3605
0	64951	0.45075	3606
0	64969	0.450875	3607
0	64987	0.451	3608
0	65005	0.451125	3609
0	65023	0.45125	3610
0	65041	0.451375	3611
0	65059	0.4515	3612
0	65077	0.451625	3613
0	65095	0.45175	3614
0	65113	0.451875	3615
0	65131	0.452	3616
0	65149	0.452125	3617
0	65167	0.45225	3618
0	65185	0.452375	3619
0	65203	0.4525	3620
0	65221	0.452625	3621
0	65239	0.45275	3622
0	65257	0.452875	3623
0	65275	0.453	3624
0	65293	0.453125	3625
0	65311	0.45325	3626
0	65329	0.453375	3627
0	65347	0.4535	3628
0	65365	0.453625	3629
0	65383	0.45375	3630
0	65401	0.453875	3631
0	65419	0.454	3632
0	65437	0.454125	3633
0	65455	0.45425	3634
0	65473	0.454375	3635
0	65491	0.4545	3636
0	65509	0.454625	3637
0	65527	0.45475	3638
0	65545	0.454875	3639
0	65563	0.455	3640
0	65581	0.455125	3641
0	65599	0.45525	3642
0	65617	0.455375	3643
0	65635	0.4555	3644
0	65653	0.455625	3645
0	65671	0.45575	3646
0	65689	0.455875	3647
0	65707	0.456	3648
0	65725	0.456125	3649
0	65743	0.45625	3650
0	65761	0.456375	3651
0	65779	0.4565	3652
0	65797	0.456625	3653
0	65815	0.45675	3654
0	65833	0.456875	3655
0	65851	0.457	3656
0	65869	0.457125	3657
0	65887	0.45725	3658
0	65905	0.457375	3659
0	65923	0.4575	3660
0	65941	0.457625	3661
0	65959	0.45775	3662
0	65977	0.457875	3663
0	65995	0.458	3664
0	66013	0.458125	3665
0	66031	0.45825	3666
0	66049	0.458375	3667
0	66067	0.4585	3668
0	66085	0.458625	3669
0	66103	0.45875	3670
0	66121	0.458875	3671
0	66139	0.459	3672
0	66157	0.459125	3673
0	66175	0.45925	3674
0	66193	0.459375	3675
0	66211	0.4595	3676
0	66229	0.459625	3677
0	66247	0.45975	3678
0	66265	0.459875	3679
0	66283	0.46	3680
0	66301	0.460125	3681
0	66319	0.46025	3682
0	66337	0.460375	3683
0	66355	0.4605	3684
0	66373	0.460625	3685
0	66391	0.46075	3686
0	66409	0.460875	3687
0	66427	0.461	3688
0	66445	0.461125	3689
0	66463	0.46125	3690
0	66481	0.461375	3691
0	66499	0.4615	3692
0	66517	0.461625	3693
0	66535	0.46175	3694
0	66553	0.461875	3695
0	66571	0.462	3696
0	66589	0.462125	3697
0	66607	0.46225	3698
0	66625	0.462375	3699
0	66643	0.4625	3700
0	66661	0.462625	3701
0	66679	0.46275	3702
0	66697	0.462875	3703
0	66715	0.463	3704
0	66733	0.463125	3705
0	66751	0.46325	3706
0	66769	0.463375	3707
0	66787	0.4635	3708
0	66805	0.463625	3709
0	66823	0.46375	3710
0	66841	0.463875	3711
0	66859	0.464	3712
0	66877	0.464125	3713
0	66895	0.46425	3714
0	66913	0.464375	3715
0	66931	0.4645	3716
0	66949	0.464625	3717
0	66967	0.46475	3718
0	66985	0.464875	3719
0	67003	0.465	3720
0	67021	0.465125	3721
0	67039	0.46525	3722
0	67057	0.465375	3723
0	67075	0.4655	3724
0	67093	0.465625	3725
0	67111	0.46575	3726
0	67129	0.465875	3727
0	67147	0.466	3728
0	67165	0.466125	3729
0	67183	0.46625	3730
0	67201	0.466375	3731
0	67219	0.4665	3732
0	67237	0.466625	3733
0	67255	0.46675	3734
0	67273	0.466875	3735
0	67291	0.467	3736
0	67309	0.467125	3737
0	67327	0.46725	3738
0	67345	0.467375	3739
0	67363	0.4675	3740
0	67381	0.467625	3741
0	67399	0.46775	3742
0	67417	0.467875	3743
0	67435	0.468	3744
0	67453	0.468125	3745
0	67471	0.46825	3746
0	67489	0.468375	3747
0	67507	0.4685	3748
0	67525	0.468625	3749
0	67543	0.46875	3750
0	67561	0.468875	3751
0	67579	0.469	3752
0	67597	0.469125	3753
0	67615	0.46925	3754
0	67633	0.469375	3755
0	67651	0.4695	3756
0	67669	0.469625	3757
0	67687	0.46975	3758
0	67705	0.469875	3759
0	67723	0.47	3760
0	67741	0.470125	3761
0	67759	0.47025	3762
0	67777	0.470375	3763
0	67795	0.4705	3764
0	67813	0.470625	3765
0	67831	0.47075	3766
0	67849	0.470875	3767
0	67867	0.471	3768
0	67885	0.471125	3769
0	67903	0.47125	3770
0	67921	0.471375	3771
0	67939	0.4715	3772
0	67957	0.471625	3773
0	67975	0.47175	3774
0	67993	0.471875	3775
0	68011	0.472	3776
0	68029	0.472125	3777
0	68047	0.47225	3778
0	68065	0.472375	3779
0	68083	0.4725	3780
0	68101	0.472625	3781
0	68119	0.47275	3782
0	68137	0.472875	3783
0	68155	0.473	3784
0	68173	0.473125	3785
0	68191	0.47325	3786
0	68209	0.473375	3787
0	68227	0.4735	3788
0	68245	0.473625	3789
0	68263	0.47375	3790
0	68281	0.473875	3791
0	68299	0.474	3792
0	68317	0.474125	3793
0	68335	0.47425	3794
0	68353	0.474375	3795
0	68371	0.4745	3796
0	68389	0.474625	3797
0	68407	0.47475	3798
0	68425	0.474875	3799
0	68443	0.475	3800
0	68461	0.475125	3801
0	68479	0.47525	3802
0	68497	0.475375	3803
0	68515	0.4755	3804
0	68533	0.475625	3805
0	68551	0.47575	3806
0	68569	0.475875	3807
0	68587	0.476	3808
0	68605	0.476125	3809
0	68623	0.47625	3810
0	68641	0.476375	3811
0	68659	0.4765	3812
0	68677	0.476625	3813
0	68695	0.47675	3814
0	68713	0.476875	3815
0	68731	0.477	3816
0	68749	0.477125	3817
0	68767	0.47725	3818
0	68785	0.477375	3819
0	68803	0.4775	3820
0	68821	0.477625	3821
0	68839	0.47775	3822
0	68857	0.477875	3823
0	68875	0.478	3824
0	68893	0.478125	3825
0	68911	0.47825	3826
0	68929	0.478375	3827
0	68947	0.4785	3828
0	68965	0.478625	3829
0	68983	0.47875	3830
0	69001	0.478875	3831
0	69019	0.479	3832
0	69037	0.479125	3833
0	69055	0.47925	3834
0	69073	0.479375	3835
0	69091	0.4795	3836
0	69109	0.479625	3837
0	69127	0.47975	3838
0	69145	0.479875	3839
0	69163	0.48	3840
0	69181	0.480125	3841
0	69199	0.48025	3842
0	69217	0.480375	3843
0	69235	0.4805	3844
0	69253	0.480625	3845
0	69271	0.48075	3846
0	69289	0.480875	3847
0	69307	0.481	3848
0	69325	0.481125	3849
0	69343	0.48125	3850
0	69361	0.481375	3851
0	69379	0.4815	3852
0	69397	0.481625	3853
0	69415	0.48175	3854
0	69433	0.481875	3855
0	69451	0.482	3856
0	69469	0.482125	3857
0	69487	0.48225	3858
0	69505	0.482375	3859
0	69523	0.4825	3860
0	69541	0.482625	3861
0	69559	0.48275	3862
0	69577	0.482875	3863
0	69595	0.483	3864
0	69617	0.483125	3865
0	69635	0.48325	3866
0	69653	0.483375	3867
0	69671	0.4835	3868
0	69689	0.483625	3869
0	69707	0.48375	3870
0	69725	0.483875	3871
0	69743	0.484	3872
0	69761	0.484125	3873
0	69779	0.48425	3874
0	69797	0.484375	3875
0	69815	0.4845	3876
0	69833	0.484625	3877
0	69851	0.48475	3878
0	69869	0.484875	3879
0	69887	0.485	3880
0	69905	0.485125	3881
0	69923	0.48525	3882
0	69941	0.485375	3883
0	69959	0.4855	3884
0	69977	0.485625	3885
0	69995	0.48575	3886
0	70013	0.485875	3887
0	70031	0.486	3888
0	70049	0.486125	3889
0	70067	0.48625	3890
0	70085	0.486375	3891
0	70103	0.4865	3892
0	70121	0.486625	3893
0	70139	0.48675	3894
0	70157	0.486875	3895
0	70175	0.487	3896
0	70193	0.487125	3897
0	70211	0.48725	3898
0	70229	0.487375	3899
0	70247	0.4875	3900
0	70265	0.487625	3901
0	70283	0.48775	3902
0	70301	0.487875	3903
0	70319	0.488	3904
0	70337	0.488125	3905
0	70355	0.48825	3906
0	70373	0.488375	3907
0	70391	0.4885	3908
0	70409	0.488625	3909
0	70427	0.48875	3910
0	70445	0.488875	3911
0	70463	0.489	3912
0	70481	0.489125	3913
0	70499	0.48925	3914
0	70517	0.489375	3915
0	70535	0.4895	3916
0	70553	0.489625	3917
0	70571	0.48975	3918
0	70589	0.489875	3919
0	70607	0.49	3920
0	70625	0.490125	3921
0	70643	0.49025	3922
0	70661	0.490375	3923
0	70679	0.4905	3924
0	70697	0.490625	3925
0	70715	0.49075	3926
0	70733	0.490875	3927
0	70751	0.491	3928
0	70769	0.491125	3929
0	70787	0.49125	3930
0	70805	0.491375	3931
0	70823	0.4915	3932
0	70841	0.491625	3933
0	70859	0.49175	3934
0	70877	0.491875	3935
0	70895	0.492	3936
0	70913	0.492125	3937
0	70931	0.49225	3938
0	70949	0.492375	3939
0	70967	0.4925	3940
0	70985	0.492625	3941
0	71003	0.49275	3942
0	71021	0.492875	3943
0	71039	0.493	3944
0	71057	0.493125	3945
0	71075	0.49325	3946
0	71093	0.493375	3947
0	71111	0.4935	3948
0	71129	0.493625	3949
0	71147	0.49375	3950
0	71165	0.493875	3951
0	71183	0.494	3952
0	71201	0.494125	3953
0	71219	0.49425	3954
0	71237	0.494375	3955
0	71255	0.4945	3956
0	71273	0.494625	3957
0	71291	0.49475	3958
0	71309	0.494875	3959
0	71327	0.495	3960
0	71345	0.495125	3961
0	71363	0.49525	3962
0	71381	0.495375	3963
0	71399	0.4955	3964
0	71417	0.495625	3965
0	71435	0.49575	3966
0	71453	0.495875	3967
0	71471	0.496	3968
0	71489	0.496125	3969
0	71507	0.49625	3970
0	71525	0.496375	3971
0	71543	0.4965	3972
0	71561	0.496625	3973
0	71579	0.49675	3974
0	71597	0.496875	3975
0	71615	0.497	3976
0	71633	0.497125	3977
0	71651	0.49725	3978
0	71669	0.497375	3979
0	71687	0.4975	3980
0	71705	0.497625	3981
0	71723	0.49775	3982
0	71741	0.497875	3983
0	71759	0.498	3984
0	71777	0.498125	3985
0	71795	0.49825	3986
0	71813	0.498375	3987
0	71831	0.4985	3988
0	71849	0.498625	3989
0	71867	0.49875	3990
0	71885	0.498875	3991
0	71903	0.499	3992
0	71921	0.499125	3993
0	71939	0.49925	3994
0	71957	0.499375	3995
0	71975	0.4995	3996
0	71993	0.499625	3997
0	72011	0.49975	3998
0	72029	0.499875	3999
0	72047	0.5	4000
0	72065	0.500125	4001
0	72083	0.50025	4002
0	72101	0.500375	4003
0	72119	0.5005	4004
0	72137	0.500625	4005
0	72155	0.50075	4006
0	72173	0.500875	4007
0	72191	0.501	4008
0	72209	0.501125	4009
0	72227	0.50125	4010
0	72245	0.501375	4011
0	72263	0.5015	4012
0	72281	0.501625	4013
0	72299	0.50175	4014
0	72317	0.501875	4015
0	72335	0.502	4016
0	72353	0.502125	4017
0	72371	0.50225	4018
0	72389	0.502375	4019
0	72407	0.5025	4020
0	72425	0.502625	4021
0	72443	0.50275	4022
0	72461	0.502875	4023
0	72479	0.503	4024
0	72497	0.503125	4025
0	72515	0.50325	4026
0	72533	0.503375	4027
0	72551	0.5035	4028
0	72569	0.503625	4029
0	72587	0.50375	4030
0	72605	0.503875	4031
0	72623	0.504	4032
0	72641	0.504125	4033
0	72659	0.50425	4034
0	72677	0.504375	4035
0	72695	0.5045	4036
0	72713	0.504625	4037
0	72731	0.50475	4038
0	72749	0.504875	4039
0	72767	0.505	4040
0	72785	0.505125	4041
0	72803	0.50525	4042
0	72821	0.505375	4043
0	72839	0.5055	4044
0	72857	0.505625	4045
0	72875	0.50575	4046
0	72893	0.505875	4047
0	72911	0.506	4048
0	72929	0.506125	4049
0	72947	0.50625	4050
0	72965	0.506375	4051
0	72983	0.5065	4052
0	73001	0.506625	4053
0	73019	0.50675	4054
0	73037	0.506875	4055
0	73055	0.507	4056
0	73073	0.507125	4057
0	73091	0.50725	4058
0	73109	0.507375	4059
0	73127	0.5075	4060
0	73145	0.507625	4061
0	73163	0.50775	4062
0	73181	0.507875	4063
0	73199	0.508	4064
0	73217	0.508125	4065
0	73235	0.50825	4066
0	73253	0.508375	4067
0	73271	0.5085	4068
0	73289	0.508625	4069
0	73307	0.50875	4070
0	73325	0.508875	4071
0	73343	0.509	4072
0	73361	0.509125	4073
0	73379	0.50925	4074
0	73397	0.509375	4075
0	73415	0.5095	4076
0	73433	0.509625	4077
0	73451	0.50975	4078
0	73469	0.509875	4079
0	73487	0.51	4080
0	73505	0.510125	4081
0	73523	0.51025	4082
0	73541	0.510375	4083
0	73559	0.5105	4084
0	73577	0.510625	4085
0	73595	0.51075	4086
0	73613	0.510875	4087
0	73631	0.511	4088
0	73649	0.511125	4089
0	73667	0.51125	4090
0	73685	0.511375	4091
0	73703	0.5115	4092
0	73721	0.511625	4093
0	73739	0.51175	4094
0	73757	0.511875	4095
0	73775	0.512	4096
0	73793	0.512125	4097
0	73811	0.51225	4098
0	73829	0.512375	4099
0	73847	0.5125	4100
0	73865	0.512625	4101
0	73883	0.51275	4102
0	73901	0.512875	4103
0	73919	0.513	4104
0	73937	0.513125	4105
0	73955	0.51325	4106
0	73973	0.513375	4107
0	73991	0.5135	4108
0	74009	0.513625	4109
0	74027	0.51375	4110
0	74045	0.513875	4111
0	74063	0.514	4112
0	74081	0.514125	4113
0	74099	0.51425	4114
0	74117	0.514375	4115
0	74135	0.5145	4116
0	74153	0.514625	4117
0	74171	0.51475	4118
0	74189	0.514875	4119
0	74207	0.515	4120
0	74225	0.515125	4121
0	74243	0.51525	4122
0	74261	0.515375	4123
0	74279	0.5155	4124
0	74297	0.515625	4125
0	74315	0.51575	4126
0	74333	0.515875	4127
0	74351	0.516	4128
0	74369	0.516125	4129
0	74387	0.51625	4130
0	74405	0.516375	4131
0	74423	0.5165	4132
0	74441	0.516625	4133
0	74459	0.51675	4134
0	74477	0.516875	4135
0	74495	0.517	4136
0	74513	0.517125	4137
0	74531	0.51725	4138
0	74549	0.517375	4139
0	74567	0.5175	4140
0	74585	0.517625	4141
0	74603	0.51775	4142
0	74621	0.517875	4143
0	74639	0.518	4144
0	74657	0.518125	4145
0	74675	0.51825	4146
0	74693	0.518375	4147
0	74711	0.5185	4148
0	74729	0.518625	4149
0	74747	0.51875	4150
0	74765	0.518875	4151
0	74783	0.519	4152
0	74801	0.519125	4153
0	74819	0.51925	4154
0	74837	0.519375	4155
0	74855	0.5195	4156
0	74873	0.519625	4157
0	74891	0.51975	4158
0	74909	0.519875	4159
0	74927	0.52	4160
0	74945	0.520125	4161
0	74963	0.52025	4162
0	74985	0.520375	4163
0	75003	0.5205	4164
0	75021	0.520625	4165
0	75039	0.52075	4166
0	75057	0.520875	4167
0	75075	0.521	4168
0	75093	0.521125	4169
0	75111	0.52125	4170
0	75129	0.521375	4171
0	75147	0.5215	4172
0	75165	0.521625	4173
0	75183	0.52175	4174
0	75201	0.521875	4175
0	75219	0.522	4176
0	75237	0.522125	4177
0	75255	0.52225	4178
0	75273	0.522375	4179
0	75291	0.5225	4180
0	75309	0.522625	4181
0	75327	0.52275	4182
0	75345	0.522875	4183
0	75363	0.523	4184
0	75381	0.523125	4185
0	75399	0.52325	4186
0	75417	0.523375	4187
0	75435	0.5235	4188
0	75453	0.523625	4189
0	75471	0.52375	4190
0	75489	0.523875	4191
0	75507	0.524	4192
0	75525	0.524125	4193
0	75543	0.52425	4194
0	75561	0.524375	4195
0	75579	0.5245	4196
0	75597	0.524625	4197
0	75615	0.52475	4198
0	75633	0.524875	4199
0	75651	0.525	4200
0	75669	0.525125	4201
0	75687	0.52525	4202
0	75705	0.525375	4203
0	75723	0.5255	4204
0	75741	0.525625	4205
0	75759	0.52575	4206
0	75777	0.525875	4207
0	75795	0.526	4208
0	75813	0.526125	4209
0	75831	0.52625	4210
0	75849	0.526375	4211
0	75867	0.5265	4212
0	75885	0.526625	4213
0	75903	0.52675	4214
0	75921	0.526875	4215
0	75939	0.527	4216
0	75957	0.527125	4217
0	75975	0.52725	4218
0	75993	0.527375	4219
0	76011	0.5275	4220
0	76029	0.527625	4221
0	76047	0.52775	4222
0	76065	0.527875	4223
0	76083	0.528	4224
0	76101	0.528125	4225
0	76119	0.52825	4226
0	76137	0.528375	4227
0	76155	0.5285	4228
0	76173	0.528625	4229
0	76191	0.52875	4230
0	76209	0.528875	4231
0	76227	0.529	4232
0	76245	0.529125	4233
0	76263	0.52925	4234
0	76281	0.529375	4235
0	76299	0.5295	4236
0	76317	0.529625	4237
0	76335	0.52975	4238
0	76353	0.529875	4239
0	76371	0.53	4240
0	76389	0.530125	4241
0	76407	0.53025	4242
0	76425	0.530375	4243
0	76443	0.5305	4244
0	76461	0.530625	4245
0	76479	0.53075	4246
0	76497	0.530875	4247
0	76515	0.531	4248
0	76533	0.531125	4249
0	76551	0.53125	4250
0	76569	0.531375	4251
0	76587	0.5315	4252
0	76605	0.531625	4253
0	76623	0.53175	4254
0	76641	0.531875	4255
0	76659	0.532	4256
0	76677	0.532125	4257
0	76695	0.53225	4258
0	76713	0.532375	4259
0	76731	0.5325	4260
0	76749	0.532625	4261
0	76767	0.53275	4262
0	76785	0.532875	4263
0	76803	0.533	4264
0	76821	0.533125	4265
0	76839	0.53325	4266
0	76857	0.533375	4267
0	76875	0.5335	4268
0	76893	0.533625	4269
0	76911	0.53375	4270
0	76929	0.533875	4271
0	76947	0.534	4272
0	76965	0.534125	4273
0	76983	0.53425	4274
0	77001	0.534375	4275
0	77019	0.5345	4276
0	77037	0.534625	4277
0	77055	0.53475	4278
0	77073	0.534875	4279
0	77091	0.535	4280
0	77109	0.535125	4281
0	77127	0.53525	4282
0	77145	0.535375	4283
0	77163	0.5355	4284
0	77181	0.535625	4285
0	77199	0.53575	4286
0	77217	0.535875	4287
0	77235	0.536	4288
0	77253	0.536125	4289
0	77271	0.53625	4290
0	77289	0.536375	4291
0	77307	0.5365	4292
0	77325	0.536625	4293
0	77343	0.53675	4294
0	77361	0.536875	4295
0	77379	0.537	4296
0	77397	0.537125	4297
0	77415	0.53725	4298
0	77433	0.537375	4299
0	77451	0.5375	4300
0	77469	0.537625	4301
0	77487	0.53775	4302
0	77505	0.537875	4303
0	77523	0.538	4304
0	77541	0.538125	4305
0	77559	0.53825	4306
0	77577	0.538375	4307
0	77595	0.5385	4308
0	77613	0.538625	4309
0	77631	0.53875	4310
0	77649	0.538875	4311
0	77667	0.539	4312
0	77685	0.539125	4313
0	77703	0.53925	4314
0	77721	0.539375	4315
0	77739	0.5395	4316
0	77757	0.539625	4317
0	77775	0.53975	4318
0	77793	0.539875	4319
0	77811	0.54	4320
0	77829	0.540125	4321
0	77847	0.54025	4322
0	77865	0.540375	4323
0	77883	0.5405	4324
0	77901	0.540625	4325
0	77919	0.54075	4326
0	77937	0.540875	4327
0	77955	0.541	4328
0	77973	0.541125	4329
0	77991	0.54125	4330
0	78009	0.541375	4331
0	78027	0.5415	4332
0	78045	0.541625	4333
0	78063	0.54175	4334
0	78081	0.541875	4335
0	78099	0.542	4336
0	78117	0.542125	4337
0	78135	0.54225	4338
0	78153	0.542375	4339
0	78171	0.5425	4340
0	78189	0.542625	4341
0	78207	0.54275	4342
0	78225	0.542875	4343
0	78243	0.543	4344
0	78261	0.543125	4345
0	78279	0.54325	4346
0	78297	0.543375	4347
0	78315	0.5435	4348
0	78333	0.543625	4349
0	78351	0.54375	4350
0	78369	0.543875	4351
0	78387	0.544	4352
0	78405	0.544125	4353
0	78423	0.54425	4354
0	78441	0.544375	4355
0	78459	0.5445	4356
0	78477	0.544625	4357
0	78495	0.54475	4358
0	78513	0.544875	4359
0	78531	0.545	4360
0	78549	0.545125	4361
0	78567	0.54525	4362
0	78585	0.545375	4363
0	78603	0.5455	4364
0	78621	0.545625	4365
0	78639	0.54575	4366
0	78657	0.545875	4367
0	78675	0.546	4368
0	78693	0.546125	4369
0	78711	0.54625	4370
0	78729	0.546375	4371
0	78747	0.5465	4372
0	78765	0.546625	4373
0	78783	0.54675	4374
0	78801	0.546875	4375
0	78819	0.547	4376
0	78837	0.547125	4377
0	78855	0.54725	4378
0	78873	0.547375	4379
0	78891	0.5475	4380
0	78909	0.547625	4381
0	78927	0.54775	4382
0	78945	0.547875	4383
0	78963	0.548	4384
0	78981	0.548125	4385
0	78999	0.54825	4386
0	79017	0.548375	4387
0	79035	0.5485	4388
0	79053	0.548625	4389
0	79071	0.54875	4390
0	79089	0.548875	4391
0	79107	0.549	4392
0	79125	0.549125	4393
0	79143	0.54925	4394
0	79161	0.549375	4395
0	79179	0.5495	4396
0	79197	0.549625	4397
0	79215	0.54975	4398
0	79233	0.549875	4399
0	79251	0.55	4400
0	79269	0.550125	4401
0	79287	0.55025	4402
0	79305	0.550375	4403
0	79323	0.5505	4404
0	79341	0.550625	4405
0	79359	0.55075	4406
0	79377	0.550875	4407
0	79395	0.551	4408
0	79413	0.551125	4409
0	79431	0.55125	4410
0	79449	0.551375	4411
0	79467	0.5515	4412
0	79485	0.551625	4413
0	79503	0.55175	4414
0	79521	0.551875	4415
0	79539	0.552	4416
0	79557	0.552125	4417
0	79575	0.55225	4418
0	79593	0.552375	4419
0	79611	0.5525	4420
0	79629	0.552625	4421
0	79647	0.55275	4422
0	79665	0.552875	4423
0	79683	0.553	4424
0	79701	0.553125	4425
0	79719	0.55325	4426
0	79737	0.553375	4427
0	79755	0.5535	4428
0	79773	0.553625	4429
0	79791	0.55375	4430
0	79809	0.553875	4431
0	79827	0.554	4432
0	79845	0.554125	4433
0	79863	0.55425	4434
0	79881	0.554375	4435
0	79899	0.5545	4436
0	79917	0.554625	4437
0	79935	0.55475	4438
0	79953	0.554875	4439
0	79971	0.555	4440
0	79989	0.555125	4441
0	80007	0.55525	4442
0	80025	0.555375	4443
0	80043	0.5555	4444
0	80061	0.555625	4445
0	80079	0.55575	4446
0	80097	0.555875	4447
0	80115	0.556	4448
0	80133	0.556125	4449
0	80151	0.55625	4450
0	80169	0.556375	4451
0	80187	0.5565	4452
0	80205	0.556625	4453
0	80223	0.55675	4454
0	80241	0.556875	4455
0	80259	0.557	4456
0	80277	0.557125	4457
0	80295	0.55725	4458
0	80313	0.557375	4459
0	80335	0.5575	4460
0	80353	0.557625	4461
0	80371	0.55775	4462
0	80389	0.557875	4463
0	80407	0.558	4464
0	80425	0.558125	4465
0	80443	0.55825	4466
0	80461	0.558375	4467
0	80479	0.5585	4468
0	80497	0.558625	4469
0	80515	0.55875	4470
0	80533	0.558875	4471
0	80551	0.559	4472
0	80569	0.559125	4473
0	80587	0.55925	4474
0	80605	0.559375	4475
0	80623	0.5595	4476
0	80641	0.559625	4477
0	80659	0.55975	4478
0	80677	0.559875	4479
0	80695	0.56	4480
0	80713	0.560125	4481
0	80731	0.56025	4482
0	80749	0.560375	4483
0	80767	0.5605	4484
0	80785	0.560625	4485
0	80803	0.56075	4486
0	80821	0.560875	4487
0	80839	0.561	4488
0	80857	0.561125	4489
0	80875	0.56125	4490
0	80893	0.561375	4491
0	80911	0.5615	4492
0	80929	0.561625	4493
0	80947	0.56175	4494
0	80965	0.561875	4495
0	80983	0.562	4496
0	81001	0.562125	4497
0	81019	0.56225	4498
0	81037	0.562375	4499
0	81055	0.5625	4500
0	81073	0.562625	4501
0	81091	0.56275	4502
0	81109	0.562875	4503
0	81127	0.563	4504
0	81145	0.563125	4505
0	81163	0.56325	4506
0	81181	0.563375	4507
0	81199	0.5635	4508
0	81217	0.563625	4509
0	81235	0.56375	4510
0	81253	0.563875	4511
0	81271	0.564	4512
0	81289	0.564125	4513
0	81307	0.56425	4514
0	81325	0.564375	4515
0	81343	0.5645	4516
0	81361	0.564625	4517
0	81379	0.56475	4518
0	81397	0.564875	4519
0	81415	0.565	4520
0	81433	0.565125	4521
0	81451	0.56525	4522
0	81469	0.565375	4523
0	81487	0.5655	4524
0	81505	0.565625	4525
0	81523	0.56575	4526
0	81541	0.565875	4527
0	81559	0.566	4528
0	81577	0.566125	4529
0	81595	0.56625	4530
0	81613	0.566375	4531
0	81631	0.5665	4532
0	81649	0.566625	4533
0	81667	0.56675	4534
0	81685	0.566875	4535
0	81703	0.567	4536
0	81721	0.567125	4537
0	81739	0.56725	4538
0	81757	0.567375	4539
0	81775	0.5675	4540
0	81793	0.567625	4541
0	81811	0.56775	4542
0	81829	0.567875	4543
0	81847	0.568	4544
0	81865	0.568125	4545
0	81883	0.56825	4546
0	81901	0.568375	4547
0	81919	0.5685	4548
0	81937	0.568625	4549
0	81955	0.56875	4550
0	81973	0.568875	4551
0	81991	0.569	4552
0	82009	0.569125	4553
0	82027	0.56925	4554
0	82045	0.569375	4555
0	82063	0.5695	4556
0	82081	0.569625	4557
0	82099	0.56975	4558
0	82117	0.569875	4559
0	82135	0.57	4560
0	82153	0.570125	4561
0	82171	0.57025	4562
0	82189	0.570375	4563
0	82207	0.5705	4564
0	82225	0.570625	4565
0	82243	0.57075	4566
0	82261	0.570875	4567
0	82279	0.571	4568
0	82297	0.571125	4569
0	82315	0.57125	4570
0	82333	0.571375	4571
0	82351	0.5715	4572
0	82369	0.571625	4573
0	82387	0.57175	4574
0	82405	0.571875	4575
0	82423	0.572	4576
0	82441	0.572125	4577
0	82459	0.57225	4578
0	82477	0.572375	4579
0	82495	0.5725	4580
0	82513	0.572625	4581
0	82531	0.57275	4582
0	82549	0.572875	4583
0	82567	0.573	4584
0	82585	0.573125	4585
0	82603	0.57325	4586
0	82621	0.573375	4587
0	82639	0.5735	4588
0	82657	0.573625	4589
0	82675	0.57375	4590
0	82693	0.573875	4591
0	82711	0.574	4592
0	82729	0.574125	4593
0	82747	0.57425	4594
0	82765	0.574375	4595
0	82783	0.5745	4596
0	82801	0.574625	4597
0	82819	0.57475	4598
0	82837	0.574875	4599
0	82855	0.575	4600
0	82873	0.575125	4601
0	82891	0.57525	4602
0	82909	0.575375	4603
0	82927	0.5755	4604
0	82945	0.575625	4605
0	82963	0.57575	4606
0	82981	0.575875	4607
0	82999	0.576	4608
0	83017	0.576125	4609
0	83035	0.57625	4610
0	83053	0.576375	4611
0	83071	0.5765	4612
0	83089	0.576625	4613
0	83107	0.57675	4614
0	83125	0.576875	4615
0	83143	0.577	4616
0	83161	0.577125	4617
0	83179	0.57725	4618
0	83197	0.577375	4619
0	83215	0.5775	4620
0	83233	0.577625	4621
0	83251	0.57775	4622
0	83269	0.577875	4623
0	83287	0.578	4624
0	83305	0.578125	4625
0	83323	0.57825	4626
0	83341	0.578375	4627
0	83359	0.5785	4628
0	83377	0.578625	4629
0	83395	0.57875	4630
0	83413	0.578875	4631
0	83431	0.579	4632
0	83449	0.579125	4633
0	83467	0.57925	4634
0	83485	0.579375	4635
0	83503	0.5795	4636
0	83521	0.579625	4637
0	83539	0.57975	4638
0	83557	0.579875	4639
0	83575	0.58	4640
0	83593	0.580125	4641
0	83611	0.58025	4642
0	83629	0.580375	4643
0	83647	0.5805	4644
0	83665	0.580625	4645
0	83683	0.58075	4646
0	83701	0.580875	4647
0	83719	0.581	4648
0	83737	0.581125	4649
0	83755	0.58125	4650
0	83773	0.581375	4651
0	83791	0.5815	4652
0	83809	0.581625	4653
0	83827	0.58175	4654
0	83845	0.581875	4655
0	83863	0.582	4656
0	83881	0.582125	4657
0	83899	0.58225	4658
0	83917	0.582375	4659
0	83935	0.5825	4660
0	83953	0.582625	4661
0	83971	0.58275	4662
0	83989	0.582875	4663
0	84007	0.583	4664
0	84025	0.583125	4665
0	84043	0.58325	4666
0	84061	0.583375	4667
0	84079	0.5835	4668
0	84097	0.583625	4669
0	84115	0.58375	4670
0	84133	0.583875	4671
0	84151	0.584	4672
0	84169	0.584125	4673
0	84187	0.58425	4674
0	84205	0.584375	4675
0	84223	0.5845	4676
0	84241	0.584625	4677
0	84259	0.58475	4678
0	84277	0.584875	4679
0	84295	0.585	4680
0	84313	0.585125	4681
0	84331	0.58525	4682
0	84349	0.585375	4683
0	84367	0.5855	4684
0	84385	0.585625	4685
0	84403	0.58575	4686
0	84421	0.585875	4687
0	84439	0.586	4688
0	84457	0.586125	4689
0	84475	0.58625	4690
0	84493	0.586375	4691
0	84511	0.5865	4692
0	84529	0.586625	4693
0	84547	0.58675	4694
0	84565	0.586875	4695
0	84583	0.587	4696
0	84601	0.587125	4697
0	84619	0.58725	4698
0	84637	0.587375	4699
0	84655	0.5875	4700
0	84673	0.587625	4701
0	84691	0.58775	4702
0	84709	0.587875	4703
0	84727	0.588	4704
0	84745	0.588125	4705
0	84763	0.58825	4706
0	84781	0.588375	4707
0	84799	0.5885	4708
0	84817	0.588625	4709
0	84835	0.58875	4710
0	84853	0.588875	4711
0	84871	0.589	4712
0	84889	0.589125	4713
0	84907	0.58925	4714
0	84925	0.589375	4715
0	84943	0.5895	4716
0	84961	0.589625	4717
0	84979	0.58975	4718
0	84997	0.589875	4719
0	85015	0.59	4720
0	85033	0.590125	4721
0	85051	0.59025	4722
0	85069	0.590375	4723
0	85087	0.5905	4724
0	85105	0.590625	4725
0	85123	0.59075	4726
0	85141	0.590875	4727
0	85159	0.591	4728
0	85177	0.591125	4729
0	85195	0.59125	4730
0	85213	0.591375	4731
0	85231	0.5915	4732
0	85249	0.591625	4733
0	85267	0.59175	4734
0	85285	0.591875	4735
0	85303	0.592	4736
0	85321	0.592125	4737
0	85339	0.59225	4738
0	85357	0.592375	4739
0	85375	0.5925	4740
0	85393	0.592625	4741
0	85411	0.59275	4742
0	85429	0.592875	4743
0	85447	0.593	4744
0	85465	0.593125	4745
0	85483	0.59325	4746
0	85501	0.593375	4747
0	85519	0.5935	4748
0	85537	0.593625	4749
0	85555	0.59375	4750
0	85573	0.593875	4751
0	85591	0.594	4752
0	85609	0.594125	4753
0	85627	0.59425	4754
0	85645	0.594375	4755
0	85663	0.5945	4756
0	85685	0.594625	4757
0	85703	0.59475	4758
0	85721	0.594875	4759
0	85739	0.595	4760
0	85757	0.595125	4761
0	85775	0.59525	4762
0	85793	0.595375	4763
0	85811	0.5955	4764
0	85829	0.595625	4765
0	85847	0.59575	4766
0	85865	0.595875	4767
0	85883	0.596	4768
0	85901	0.596125	4769
0	85919	0.59625	4770
0	85937	0.596375	4771
0	85955	0.5965	4772
0	85973	0.596625	4773
0	85991	0.59675	4774
0	86009	0.596875	4775
0	86027	0.597	4776
0	86045	0.597125	4777
0	86063	0.59725	4778
0	86081	0.597375	4779
0	86099	0.5975	4780
0	86117	0.597625	4781
0	86135	0.59775	4782
0	86153	0.597875	4783
0	86171	0.598	4784
0	86189	0.598125	4785
0	86207	0.59825	4786
0	86225	0.598375	4787
0	86243	0.5985	4788
0	86261	0.598625	4789
0	86279	0.59875	4790
0	86297	0.598875	4791
0	86315	0.599	4792
0	86333	0.599125	4793
0	86351	0.59925	4794
0	86369	0.599375	4795
0	86387	0.5995	4796
0	86405	0.599625	4797
0	86423	0.59975	4798
0	86441	0.599875	4799
0	86459	0.6	4800
0	86477	0.600125	4801
0	86495	0.60025	4802
0	86513	0.600375	4803
0	86531	0.6005	4804
0	86549	0.600625	4805
0	86567	0.60075	4806
0	86585	0.600875	4807
0	86603	0.601	4808
0	86621	0.601125	4809
0	86639	0.60125	4810
0	86657	0.601375	4811
0	86675	0.6015	4812
0	86693	0.601625	4813
0	86711	0.60175	4814
0	86729	0.601875	4815
0	86747	0.602	4816
0	86765	0.602125	4817
0	86783	0.60225	4818
0	86801	0.602375	4819
0	86819	0.6025	4820
0	86837	0.602625	4821
0	86855	0.60275	4822
0	86873	0.602875	4823
0	86891	0.603	4824
0	86909	0.603125	4825
0	86927	0.60325	4826
0	86945	0.603375	4827
0	86963	0.6035	4828
0	86981	0.603625	4829
0	86999	0.60375	4830
0	87017	0.603875	4831
0	87035	0.604	4832
0	87053	0.604125	4833
0	87071	0.60425	4834
0	87089	0.604375	4835
0	87107	0.6045	4836
0	87125	0.604625	4837
0	87143	0.60475	4838
0	87161	0.604875	4839
0	87179	0.605	4840
0	87197	0.605125	4841
0	87215	0.60525	4842
0	87233	0.605375	4843
0	87251	0.6055	4844
0	87269	0.605625	4845
0	87287	0.60575	4846
0	87305	0.605875	4847
0	87323	0.606	4848
0	87341	0.606125	4849
0	87359	0.60625	4850
0	87377	0.606375	4851
0	87395	0.6065	4852
0	87413	0.606625	4853
0	87431	0.60675	4854
0	87449	0.606875	4855
0	87467	0.607	4856
0	87485	0.607125	4857
0	87503	0.60725	4858
0	87521	0.607375	4859
0	87539	0.6075	4860
0	87557	0.607625	4861
0	87575	0.60775	4862
0	87593	0.607875	4863
0	87611	0.608	4864
0	87629	0.608125	4865
0	87647	0.60825	4866
0	87665	0.608375	4867
0	87683	0.6085	4868
0	87701	0.608625	4869
0	87719	0.60875	4870
0	87737	0.608875	4871
0	87755	0.609	4872
0	87773	0.609125	4873
0	87791	0.60925	4874
0	87809	0.609375	4875
0	87827	0.6095	4876
0	87845	0.609625	4877
0	87863	0.60975	4878
0	87881	0.609875	4879
0	87899	0.61	4880
0	87917	0.610125	4881
0	87935	0.61025	4882
0	87953	0.610375	4883
0	87971	0.6105	4884
0	87989	0.610625	4885
0	88007	0.61075	4886
0	88025	0.610875	4887
0	88043	0.611	4888
0	88061	0.611125	4889
0	88079	0.61125	4890
0	88097	0.611375	4891
0	88115	0.6115	4892
0	88133	0.611625	4893
0	88151	0.61175	4894
0	88169	0.611875	4895
0	88187	0.612	4896
0	88205	0.612125	4897
0	88223	0.61225	4898
0	88241	0.612375	4899
0	88259	0.6125	4900
0	88277	0.612625	4901
0	88295	0.61275	4902
0	88313	0.612875	4903
0	88331	0.613	4904
0	88349	0.613125	4905
0	88367	0.61325	4906
0	88385	0.613375	4907
0	88403	0.6135	4908
0	88421	0.613625	4909
0	88439	0.61375	4910
0	88457	0.613875	4911
0	88475	0.614	4912
0	88493	0.614125	4913
0	88511	0.61425	4914
0	88529	0.614375	4915
0	88547	0.6145	4916
0	88565	0.614625	4917
0	88583	0.61475	4918
0	88601	0.614875	4919
0	88619	0.615	4920
0	88637	0.615125	4921
0	88655	0.61525	4922
0	88673	0.615375	4923
0	88691	0.6155	4924
0	88709	0.615625	4925
0	88727	0.61575	4926
0	88745	0.615875	4927
0	88763	0.616	4928
0	88781	0.616125	4929
0	88799	0.61625	4930
0	88817	0.616375	4931
0	88835	0.6165	4932
0	88853	0.616625	4933
0	88871	0.61675	4934
0	88889	0.616875	4935
0	88907	0.617	4936
0	88925	0.617125	4937
0	88943	0.61725	4938
0	88961	0.617375	4939
0	88979	0.6175	4940
0	88997	0.617625	4941
0	89015	0.61775	4942
0	89033	0.617875	4943
0	89051	0.618	4944
0	89069	0.618125	4945
0	89087	0.61825	4946
0	89105	0.618375	4947
0	89123	0.6185	4948
0	89141	0.618625	4949
0	89159	0.61875	4950
0	89177	0.618875	4951
0	89195	0.619	4952
0	89213	0.619125	4953
0	89231	0.61925	4954
0	89249	0.619375	4955
0	89267	0.6195	4956
0	89285	0.619625	4957
0	89303	0.61975	4958
0	89321	0.619875	4959
0	89339	0.62	4960
0	89357	0.620125	4961
0	89375	0.62025	4962
0	89393	0.620375	4963
0	89411	0.6205	4964
0	89429	0.620625	4965
0	89447	0.62075	4966
0	89465	0.620875	4967
0	89483	0.621	4968
0	89501	0.621125	4969
0	89519	0.62125	4970
0	89537	0.621375	4971
0	89555	0.6215	4972
0	89573	0.621625	4973
0	89591	0.62175	4974
0	89609	0.621875	4975
0	89627	0.622	4976
0	89645	0.622125	4977
0	89663	0.62225	4978
0	89681	0.622375	4979
0	89699	0.6225	4980
0	89717	0.622625	4981
0	89735	0.62275	4982
0	89753	0.622875	4983
0	89771	0.623	4984
0	89789	0.623125	4985
0	89807	0.62325	4986
0	89825	0.623375	4987
0	89843	0.6235	4988
0	89861	0.623625	4989
0	89879	0.62375	4990
0	89897	0.623875	4991
0	89915	0.624	4992
0	89933	0.624125	4993
0	89951	0.62425	4994
0	89969	0.624375	4995
0	89987	0.6245	4996
0	90005	0.624625	4997
0	90023	0.62475	4998
0	90041	0.624875	4999
0	90059	0.625	5000
0	90077	0.625125	5001
0	90095	0.62525	5002
0	90113	0.625375	5003
0	90131	0.6255	5004
0	90149	0.625625	5005
0	90167	0.62575	5006
0	90185	0.625875	5007
0	90203	0.626	5008
0	90221	0.626125	5009
0	90239	0.62625	5010
0	90257	0.626375	5011
0	90275	0.6265	5012
0	90293	0.626625	5013
0	90311	0.62675	5014
0	90329	0.626875	5015
0	90347	0.627	5016
0	90365	0.627125	5017
0	90383	0.62725	5018
0	90401	0.627375	5019
0	90419	0.6275	5020
0	90437	0.627625	5021
0	90455	0.62775	5022
0	90473	0.627875	5023
0	90491	0.628	5024
0	90509	0.628125	5025
0	90527	0.62825	5026
0	90545	0.628375	5027
0	90563	0.6285	5028
0	90581	0.628625	5029
0	90599	0.62875	5030
0	90617	0.628875	5031
0	90635	0.629	5032
0	90653	0.629125	5033
0	90671	0.62925	5034
0	90689	0.629375	5035
0	90707	0.6295	5036
0	90725	0.629625	5037
0	90743	0.62975	5038
0	90761	0.629875	5039
0	90779	0.63	5040
0	90797	0.630125	5041
0	90815	0.63025	5042
0	90833	0.630375	5043
0	90851	0.6305	5044
0	90869	0.630625	5045
0	90887	0.63075	5046
0	90905	0.630875	5047
0	90923	0.631	5048
0	90941	0.631125	5049
0	90959	0.63125	5050
0	90977	0.631375	5051
0	90995	0.6315	5052
0	91013	0.631625	5053
0	91035	0.63175	5054
0	91053	0.631875	5055
0	91071	0.632	5056
0	91089	0.632125	5057
0	91107	0.63225	5058
0	91125	0.632375	5059
0	91143	0.6325	5060
0	91161	0.632625	5061
0	91179	0.63275	5062
0	91197	0.632875	5063
0	91215	0.633	5064
0	91233	0.633125	5065
0	91251	0.63325	5066
0	91269	0.633375	5067
0	91287	0.6335	5068
0	91305	0.633625	5069
0	91323	0.63375	5070
0	91341	0.633875	5071
0	91359	0.634	5072
0	91377	0.634125	5073
0	91395	0.63425	5074
0	91413	0.634375	5075
0	91431	0.6345	5076
0	91449	0.634625	5077
0	91467	0.63475	5078
0	91485	0.634875	5079
0	91503	0.635	5080
0	91521	0.635125	5081
0	91539	0.63525	5082
0	91557	0.635375	5083
0	91575	0.6355	5084
0	91593	0.635625	5085
0	91611	0.63575	5086
0	91629	0.635875	5087
0	91647	0.636	5088
0	91665	0.636125	5089
0	91683	0.63625	5090
0	91701	0.636375	5091
0	91719	0.6365	5092
0	91737	0.636625	5093
0	91755	0.63675	5094
0	91773	0.636875	5095
0	91791	0.637	5096
0	91809	0.637125	5097
0	91827	0.63725	5098
0	91845	0.637375	5099
0	91863	0.6375	5100
0	91881	0.637625	5101
0	91899	0.63775	5102
0	91917	0.637875	5103
0	91935	0.638	5104
0	91953	0.638125	5105
0	91971	0.63825	5106
0	91989	0.638375	5107
0	92007	0.6385	5108
0	92025	0.638625	5109
0	92043	0.63875	5110
0	92061	0.638875	5111
0	92079	0.639	5112
0	92097	0.639125	5113
0	92115	0.63925	5114
0	92133	0.639375	5115
0	92151	0.6395	5116
0	92169	0.639625	5117
0	92187	0.63975	5118
0	92205	0.639875	5119
0	92223	0.64	5120
0	92241	0.640125	5121
0	92259	0.64025	5122
0	92277	0.640375	5123
0	92295	0.6405	5124
0	92313	0.640625	5125
0	92331	0.64075	5126
0	92349	0.640875	5127
0	92367	0.641	5128
0	92385	0.641125	5129
0	92403	0.64125	5130
0	92421	0.641375	5131
0	92439	0.6415	5132
0	92457	0.641625	5133
0	92475	0.64175	5134
0	92493	0.641875	5135
0	92511	0.642	5136
0	92529	0.642125	5137
0	92547	0.64225	5138
0	92565	0.642375	5139
0	92583	0.6425	5140
0	92601	0.642625	5141
0	92619	0.64275	5142
0	92637	0.642875	5143
0	92655	0.643	5144
0	92673	0.643125	5145
0	92691	0.64325	5146
0	92709	0.643375	5147
0	92727	0.6435	5148
0	92745	0.643625	5149
0	92763	0.64375	5150
0	92781	0.643875	5151
0	92799	0.644	5152
0	92817	0.644125	5153
0	92835	0.64425	5154
0	92853	0.644375	5155
0	92871	0.6445	5156
0	92889	0.644625	5157
0	92907	0.64475	5158
0	92925	0.644875	5159
0	92943	0.645	5160
0	92961	0.645125	5161
0	92979	0.64525	5162
0	92997	0.645375	5163
0	93015	0.6455	5164
0	93033	0.645625	5165
0	93051	0.64575	5166
0	93069	0.645875	5167
0	93087	0.646	5168
0	93105	0.646125	5169
0	93123	0.64625	5170
0	93141	0.646375	5171
0	93159	0.6465	5172
0	93177	0.646625	5173
0	93195	0.64675	5174
0	93213	0.646875	5175
0	93231	0.647	5176
0	93249	0.647125	5177
0	93267	0.64725	5178
0	93285	0.647375	5179
0	93303	0.6475	5180
0	93321	0.647625	5181
0	93339	0.64775	5182
0	93357	0.647875	5183
0	93375	0.648	5184
0	93393	0.648125	5185
0	93411	0.64825	5186
0	93429	0.648375	5187
0	93447	0.6485	5188
0	93465	0.648625	5189
0	93483	0.64875	5190
0	93501	0.648875	5191
0	93519	0.649	5192
0	93537	0.649125	5193
0	93555	0.64925	5194
0	93573	0.649375	5195
0	93591	0.6495	5196
0	93609	0.649625	5197
0	93627	0.64975	5198
0	93645	0.649875	5199
0	93663	0.65	5200
0	93681	0.650125	5201
0	93699	0.65025	5202
0	93717	0.650375	5203
0	93735	0.6505	5204
0	93753	0.650625	5205
0	93771	0.65075	5206
0	93789	0.650875	5207
0	93807	0.651	5208
0	93825	0.651125	5209
0	93843	0.65125	5210
0	93861	0.651375	5211
0	93879	0.6515	5212
0	93897	0.651625	5213
0	93915	0.65175	5214
0	93933	0.651875	5215
0	93951	0.652	5216
0	93969	0.652125	5217
0	93987	0.65225	5218
0	94005	0.652375	5219
0	94023	0.6525	5220
0	94041	0.652625	5221
0	94059	0.65275	5222
0	94077	0.652875	5223
0	94095	0.653	5224
0	94113	0.653125	5225
0	94131	0.65325	5226
0	94149	0.653375	5227
0	94167	0.6535	5228
0	94185	0.653625	5229
0	94203	0.65375	5230
0	94221	0.653875	5231
0	94239	0.654	5232
0	94257	0.654125	5233
0	94275	0.65425	5234
0	94293	0.654375	5235
0	94311	0.6545	5236
0	94329	0.654625	5237
0	94347	0.65475	5238
0	94365	0.654875	5239
0	94383	0.655	5240
0	94401	0.655125	5241
0	94419	0.65525	5242
0	94437	0.655375	5243
0	94455	0.6555	5244
0	94473	0.655625	5245
0	94491	0.65575	5246
0	94509	0.655875	5247
0	94527	0.656	5248
0	94545	0.656125	5249
0	94563	0.65625	5250
0	94581	0.656375	5251
0	94599	0.6565	5252
0	94617	0.656625	5253
0	94635	0.65675	5254
0	94653	0.656875	5255
0	94671	0.657	5256
0	94689	0.657125	5257
0	94707	0.65725	5258
0	94725	0.657375	5259
0	94743	0.6575	5260
0	94761	0.657625	5261
0	94779	0.65775	5262
0	94797	0.657875	5263
0	94815	0.658	5264
0	94833	0.658125	5265
0	94851	0.65825	5266
0	94869	0.658375	5267
0	94887	0.6585	5268
0	94905	0.658625	5269
0	94923	0.65875	5270
0	94941	0.658875	5271
0	94959	0.659	5272
0	94977	0.659125	5273
0	94995	0.65925	5274
0	95013	0.659375	5275
0	95031	0.6595	5276
0	95049	0.659625	5277
0	95067	0.65975	5278
0	95085	0.659875	5279
0	95103	0.66	5280
0	95121	0.660125	5281
0	95139	0.66025	5282
0	95157	0.660375	5283
0	95175	0.6605	5284
0	95193	0.660625	5285
0	95211	0.66075	5286
0	95229	0.660875	5287
0	95247	0.661	5288
0	95265	0.661125	5289
0	95283	0.66125	5290
0	95301	0.661375	5291
0	95319	0.6615	5292
0	95337	0.661625	5293
0	95355	0.66175	5294
0	95373	0.661875	5295
0	95391	0.662	5296
0	95409	0.662125	5297
0	95427	0.66225	5298
0	95445	0.662375	5299
0	95463	0.6625	5300
0	95481	0.662625	5301
0	95499	0.66275	5302
0	95517	0.662875	5303
0	95535	0.663	5304
0	95553	0.663125	5305
0	95571	0.66325	5306
0	95589	0.663375	5307
0	95607	0.6635	5308
0	95625	0.663625	5309
0	95643	0.66375	5310
0	95661	0.663875	5311
0	95679	0.664	5312
0	95697	0.664125	5313
0	95715	0.66425	5314
0	95733	0.664375	5315
0	95751	0.6645	5316
0	95769	0.664625	5317
0	95787	0.66475	5318
0	95805	0.664875	5319
0	95823	0.665	5320
0	95841	0.665125	5321
0	95859	0.66525	5322
0	95877	0.665375	5323
0	95895	0.6655	5324
0	95913	0.665625	5325
0	95931	0.66575	5326
0	95949	0.665875	5327
0	95967	0.666	5328
0	95985	0.666125	5329
0	96003	0.66625	5330
0	96021	0.666375	5331
0	96039	0.6665	5332
0	96057	0.666625	5333
0	96075	0.66675	5334
0	96093	0.666875	5335
0	96111	0.667	5336
0	96129	0.667125	5337
0	96147	0.66725	5338
0	96165	0.667375	5339
0	96183	0.6675	5340
0	96201	0.667625	5341
0	96219	0.66775	5342
0	96237	0.667875	5343
0	96255	0.668	5344
0	96273	0.668125	5345
0	96291	0.66825	5346
0	96309	0.668375	5347
0	96327	0.6685	5348
0	96345	0.668625	5349
0	96363	0.66875	5350
0	96381	0.668875	5351
0	96403	0.669	5352
0	96421	0.669125	5353
0	96439	0.66925	5354
0	96457	0.669375	5355
0	96475	0.6695	5356
0	96493	0.669625	5357
0	96511	0.66975	5358
0	96529	0.669875	5359
0	96547	0.67	5360
0	96565	0.670125	5361
0	96583	0.67025	5362
0	96601	0.670375	5363
0	96619	0.6705	5364
0	96637	0.670625	5365
0	96655	0.67075	5366
0	96673	0.670875	5367
0	96691	0.671	5368
0	96709	0.671125	5369
0	96727	0.67125	5370
0	96745	0.671375	5371
0	96763	0.6715	5372
0	96781	0.671625	5373
0	96799	0.67175	5374
0	96817	0.671875	5375
0	96835	0.672	5376
0	96853	0.672125	5377
0	96871	0.67225	5378
0	96889	0.672375	5379
0	96907	0.6725	5380
0	96925	0.672625	5381
0	96943	0.67275	5382
0	96961	0.672875	5383
0	96979	0.673	5384
0	96997	0.673125	5385
0	97015	0.67325	5386
0	97033	0.673375	5387
0	97051	0.6735	5388
0	97069	0.673625	5389
0	97087	0.67375	5390
0	97105	0.673875	5391
0	97123	0.674	5392
0	97141	0.674125	5393
0	97159	0.67425	5394
0	97177	0.674375	5395
0	97195	0.6745	5396
0	97213	0.674625	5397
0	97231	0.67475	5398
0	97249	0.674875	5399
0	97267	0.675	5400
0	97285	0.675125	5401
0	97303	0.67525	5402
0	97321	0.675375	5403
0	97339	0.6755	5404
0	97357	0.675625	5405
0	97375	0.67575	5406
0	97393	0.675875	5407
0	97411	0.676	5408
0	97429	0.676125	5409
0	97447	0.67625	5410
0	97465	0.676375	5411
0	97483	0.6765	5412
0	97501	0.676625	5413
0	97519	0.67675	5414
0	97537	0.676875	5415
0	97555	0.677	5416
0	97573	0.677125	5417
0	97591	0.67725	5418
0	97609	0.677375	5419
0	97627	0.6775	5420
0	97645	0.677625	5421
0	97663	0.67775	5422
0	97681	0.677875	5423
0	97699	0.678	5424
0	97717	0.678125	5425
0	97735	0.67825	5426
0	97753	0.678375	5427
0	97771	0.6785	5428
0	97789	0.678625	5429
0	97807	0.67875	5430
0	97825	0.678875	5431
0	97843	0.679	5432
0	97861	0.679125	5433
0	97879	0.67925	5434
0	97897	0.679375	5435
0	97915	0.6795	5436
0	97933	0.679625	5437
0	97951	0.67975	5438
0	97969	0.679875	5439
0	97987	0.68	5440
0	98005	0.680125	5441
0	98023	0.68025	5442
0	98041	0.680375	5443
0	98059	0.6805	5444
0	98077	0.680625	5445
0	98095	0.68075	5446
0	98113	0.680875	5447
0	98131	0.681	5448
0	98149	0.681125	5449
0	98167	0.68125	5450
0	98185	0.681375	5451
0	98203	0.6815	5452
0	98221	0.681625	5453
0	98239	0.68175	5454
0	98257	0.681875	5455
0	98275	0.682	5456
0	98293	0.682125	5457
0	98311	0.68225	5458
0	98329	0.682375	5459
0	98347	0.6825	5460
0	98365	0.682625	5461
0	98383	0.68275	5462
0	98401	0.682875	5463
0	98419	0.683	5464
0	98437	0.683125	5465
0	98455	0.68325	5466
0	98473	0.683375	5467
0	98491	0.6835	5468
0	98509	0.683625	5469
0	98527	0.68375	5470
0	98545	0.683875	5471
0	98563	0.684	5472
0	98581	0.684125	5473
0	98599	0.68425	5474
0	98617	0.684375	5475
0	98635	0.6845	5476
0	98653	0.684625	5477
0	98671	0.68475	5478
0	98689	0.684875	5479
0	98707	0.685	5480
0	98725	0.685125	5481
0	98743	0.68525	5482
0	98761	0.685375	5483
0	98779	0.6855	5484
0	98797	0.685625	5485
0	98815	0.68575	5486
0	98833	0.685875	5487
0	98851	0.686	5488
0	98869	0.686125	5489
0	98887	0.68625	5490
0	98905	0.686375	5491
0	98923	0.6865	5492
0	98941	0.686625	5493
0	98959	0.68675	5494
0	98977	0.686875	5495
0	98995	0.687	5496
0	99013	0.687125	5497
0	99031	0.68725	5498
0	99049	0.687375	5499
0	99067	0.6875	5500
0	99085	0.687625	5501
0	99103	0.68775	5502
0	99121	0.687875	5503
0	99139	0.688	5504
0	99157	0.688125	5505
0	99175	0.68825	5506
0	99193	0.688375	5507
0	99211	0.6885	5508
0	99229	0.688625	5509
0	99247	0.68875	5510
0	99265	0.688875	5511
0	99283	0.689	5512
0	99301	0.689125	5513
0	99319	0.68925	5514
0	99337	0.689375	5515
0	99355	0.6895	5516
0	99373	0.689625	5517
0	99391	0.68975	5518
0	99409	0.689875	5519
0	99427	0.69	5520
0	99445	0.690125	5521
0	99463	0.69025	5522
0	99481	0.690375	5523
0	99499	0.6905	5524
0	99517	0.690625	5525
0	99535	0.69075	5526
0	99553	0.690875	5527
0	99571	0.691	5528
0	99589	0.691125	5529
0	99607	0.69125	5530
0	99625	0.691375	5531
0	99643	0.6915	5532
0	99661	0.691625	5533
0	99679	0.69175	5534
0	99697	0.691875	5535
0	99715	0.692	5536
0	99733	0.692125	5537
0	99751	0.69225	5538
0	99769	0.692375	5539
0	99787	0.6925	5540
0	99805	0.692625	5541
0	99823	0.69275	5542
0	99841	0.692875	5543
0	99859	0.693	5544
0	99877	0.693125	5545
0	99895	0.69325	5546
0	99913	0.693375	5547
0	99931	0.6935	5548
0	99949	0.693625	5549
0	99967	0.69375	5550
0	99985	0.693875	5551
0	100003	0.694	5552
0	100021	0.694125	5553
0	100039	0.69425	5554
0	100057	0.694375	5555
0	100075	0.6945	5556
0	100093	0.694625	5557
0	100111	0.69475	5558
0	100129	0.694875	5559
0	100147	0.695	5560
0	100165	0.695125	5561
0	100183	0.69525	5562
0	100201	0.695375	5563
0	100219	0.6955	5564
0	100237	0.695625	5565
0	100255	0.69575	5566
0	100273	0.695875	5567
0	100291	0.696	5568
0	100309	0.696125	5569
0	100327	0.69625	5570
0	100345	0.696375	5571
0	100363	0.6965	5572
0	100381	0.696625	5573
0	100399	0.69675	5574
0	100417	0.696875	5575
0	100435	0.697	5576
0	100453	0.697125	5577
0	100471	0.69725	5578
0	100489	0.697375	5579
0	100507	0.6975	5580
0	100525	0.697625	5581
0	100543	0.69775	5582
0	100561	0.697875	5583
0	100579	0.698	5584
0	100597	0.698125	5585
0	100615	0.69825	5586
0	100633	0.698375	5587
0	100651	0.6985	5588
0	100669	0.698625	5589
0	100687	0.69875	5590
0	100705	0.698875	5591
0	100723	0.699	5592
0	100741	0.699125	5593
0	100759	0.69925	5594
0	100777	0.699375	5595
0	100795	0.6995	5596
0	100813	0.699625	5597
0	100831	0.69975	5598
0	100849	0.699875	5599
0	100867	0.7	5600
0	100885	0.700125	5601
0	100903	0.70025	5602
0	100921	0.700375	5603
0	100939	0.7005	5604
0	100957	0.700625	5605
0	100975	0.70075	5606
0	100993	0.700875	5607
0	101011	0.701	5608
0	101029	0.701125	5609
0	101047	0.70125	5610
0	101065	0.701375	5611
0	101083	0.7015	5612
0	101101	0.701625	5613
0	101119	0.70175	5614
0	101137	0.701875	5615
0	101155	0.702	5616
0	101173	0.702125	5617
0	101191	0.70225	5618
0	101209	0.702375	5619
0	101227	0.7025	5620
0	101245	0.702625	5621
0	101263	0.70275	5622
0	101281	0.702875	5623
0	101299	0.703	5624
0	101317	0.703125	5625
0	101335	0.70325	5626
0	101353	0.703375	5627
0	101371	0.7035	5628
0	101389	0.703625	5629
0	101407	0.70375	5630
0	101425	0.703875	5631
0	101443	0.704	5632
0	101461	0.704125	5633
0	101479	0.70425	5634
0	101497	0.704375	5635
0	101515	0.7045	5636
0	101533	0.704625	5637
0	101551	0.70475	5638
0	101569	0.704875	5639
0	101587	0.705	5640
0	101605	0.705125	5641
0	101623	0.70525	5642
0	101641	0.705375	5643
0	101659	0.7055	5644
0	101677	0.705625	5645
0	101695	0.70575	5646
0	101713	0.705875	5647
0	101731	0.706	5648
0	101753	0.706125	5649
0	101771	0.70625	5650
0	101789	0.706375	5651
0	101807	0.7065	5652
0	101825	0.706625	5653
0	101843	0.70675	5654
0	101861	0.706875	5655
0	101879	0.707	5656
0	101897	0.707125	5657
0	101915	0.70725	5658
0	101933	0.707375	5659
0	101951	0.7075	5660
0	101969	0.707625	5661
0	101987	0.70775	5662
0	102005	0.707875	5663
0	102023	0.708	5664
0	102041	0.708125	5665
0	102059	0.70825	5666
0	102077	0.708375	5667
0	102095	0.7085	5668
0	102113	0.708625	5669
0	102131	0.70875	5670
0	102149	0.708875	5671
0	102167	0.709	5672
0	102185	0.709125	5673
0	102203	0.70925	5674
0	102221	0.709375	5675
0	102239	0.7095	5676
0	102257	0.709625	5677
0	102275	0.70975	5678
0	102293	0.709875	5679
0	102311	0.71	5680
0	102329	0.710125	5681
0	102347	0.71025	5682
0	102365	0.710375	5683
0	102383	0.7105	5684
0	102401	0.710625	5685
0	102419	0.71075	5686
0	102437	0.710875	5687
0	102455	0.711	5688
0	102473	0.711125	5689
0	102491	0.71125	5690
0	102509	0.711375	5691
0	102527	0.7115	5692
0	102545	0.711625	5693
0	102563	0.71175	5694
0	102581	0.711875	5695
0	102599	0.712	5696
0	102617	0.712125	5697
0	102635	0.71225	5698
0	102653	0.712375	5699
0	102671	0.7125	5700
0	102689	0.712625	5701
0	102707	0.71275	5702
0	102725	0.712875	5703
0	102743	0.713	5704
0	102761	0.713125	5705
0	102779	0.71325	5706
0	102797	0.713375	5707
0	102815	0.7135	5708
0	102833	0.713625	5709
0	102851	0.71375	5710
0	102869	0.713875	5711
0	102887	0.714	5712
0	102905	0.714125	5713
0	102923	0.71425	5714
0	102941	0.714375	5715
0	102959	0.7145	5716
0	102977	0.714625	5717
0	102995	0.71475	5718
0	103013	0.714875	5719
0	103031	0.715	5720
0	103049	0.715125	5721
0	103067	0.71525	5722
0	103085	0.715375	5723
0	103103	0.7155	5724
0	103121	0.715625	5725
0	103139	0.71575	5726
0	103157	0.715875	5727
0	103175	0.716	5728
0	103193	0.716125	5729
0	103211	0.71625	5730
0	103229	0.716375	5731
0	103247	0.7165	5732
0	103265	0.716625	5733
0	103283	0.71675	5734
0	103301	0.716875	5735
0	103319	0.717	5736
0	103337	0.717125	5737
0	103355	0.71725	5738
0	103373	0.717375	5739
0	103391	0.7175	5740
0	103409	0.717625	5741
0	103427	0.71775	5742
0	103445	0.717875	5743
0	103463	0.718	5744
0	103481	0.718125	5745
0	103499	0.71825	5746
0	103517	0.718375	5747
0	103535	0.7185	5748
0	103553	0.718625	5749
0	103571	0.71875	5750
0	103589	0.718875	5751
0	103607	0.719	5752
0	103625	0.719125	5753
0	103643	0.71925	5754
0	103661	0.719375	5755
0	103679	0.7195	5756
0	103697	0.719625	5757
0	103715	0.71975	5758
0	103733	0.719875	5759
0	103751	0.72	5760
0	103769	0.720125	5761
0	103787	0.72025	5762
0	103805	0.720375	5763
0	103823	0.7205	5764
0	103841	0.720625	5765
0	103859	0.72075	5766
0	103877	0.720875	5767
0	103895	0.721	5768
0	103913	0.721125	5769
0	103931	0.72125	5770
0	103949	0.721375	5771
0	103967	0.7215	5772
0	103985	0.721625	5773
0	104003	0.72175	5774
0	104021	0.721875	5775
0	104039	0.722	5776
0	104057	0.722125	5777
0	104075	0.72225	5778
0	104093	0.722375	5779
0	104111	0.7225	5780
0	104129	0.722625	5781
0	104147	0.72275	5782
0	104165	0.722875	5783
0	104183	0.723	5784
0	104201	0.723125	5785
0	104219	0.72325	5786
0	104237	0.723375	5787
0	104255	0.7235	5788
0	104273	0.723625	5789
0	104291	0.72375	5790
0	104309	0.723875	5791
0	104327	0.724	5792
0	104345	0.724125	5793
0	104363	0.72425	5794
0	104381	0.724375	5795
0	104399	0.7245	5796
0	104417	0.724625	5797
0	104435	0.72475	5798
0	104453	0.724875	5799
0	104471	0.725	5800
0	104489	0.725125	5801
0	104507	0.72525	5802
0	104525	0.725375	5803
0	104543	0.7255	5804
0	104561	0.725625	5805
0	104579	0.72575	5806
0	104597	0.725875	5807
0	104615	0.726	5808
0	104633	0.726125	5809
0	104651	0.72625	5810
0	104669	0.726375	5811
0	104687	0.7265	5812
0	104705	0.726625	5813
0	104723	0.72675	5814
0	104741	0.726875	5815
0	104759	0.727	5816
0	104777	0.727125	5817
0	104795	0.72725	5818
0	104813	0.727375	5819
0	104831	0.7275	5820
0	104849	0.727625	5821
0	104867	0.72775	5822
0	104885	0.727875	5823
0	104903	0.728	5824
0	104921	0.728125	5825
0	104939	0.72825	5826
0	104957	0.728375	5827
0	104975	0.7285	5828
0	104993	0.728625	5829
0	105011	0.72875	5830
0	105029	0.728875	5831
0	105047	0.729	5832
0	105065	0.729125	5833
0	105083	0.72925	5834
0	105101	0.729375	5835
0	105119	0.7295	5836
0	105137	0.729625	5837
0	105155	0.72975	5838
0	105173	0.729875	5839
0	105191	0.73	5840
0	105209	0.730125	5841
0	105227	0.73025	5842
0	105245	0.730375	5843
0	105263	0.7305	5844
0	105281	0.730625	5845
0	105299	0.73075	5846
0	105317	0.730875	5847
0	105335	0.731	5848
0	105353	0.731125	5849
0	105371	0.73125	5850
0	105389	0.731375	5851
0	105407	0.7315	5852
0	105425	0.731625	5853
0	105443	0.73175	5854
0	105461	0.731875	5855
0	105479	0.732	5856
0	105497	0.732125	5857
0	105515	0.73225	5858
0	105533	0.732375	5859
0	105551	0.7325	5860
0	105569	0.732625	5861
0	105587	0.73275	5862
0	105605	0.732875	5863
0	105623	0.733	5864
0	105641	0.733125	5865
0	105659	0.73325	5866
0	105677	0.733375	5867
0	105695	0.7335	5868
0	105713	0.733625	5869
0	105731	0.73375	5870
0	105749	0.733875	5871
0	105767	0.734	5872
0	105785	0.734125	5873
0	105803	0.73425	5874
0	105821	0.734375	5875
0	105839	0.7345	5876
0	105857	0.734625	5877
0	105875	0.73475	5878
0	105893	0.734875	5879
0	105911	0.735	5880
0	105929	0.735125	5881
0	105947	0.73525	5882
0	105965	0.735375	5883
0	105983	0.7355	5884
0	106001	0.735625	5885
0	106019	0.73575	5886
0	106037	0.735875	5887
0	106055	0.736	5888
0	106073	0.736125	5889
0	106091	0.73625	5890
0	106109	0.736375	5891
0	106127	0.7365	5892
0	106145	0.736625	5893
0	106163	0.73675	5894
0	106181	0.736875	5895
0	106199	0.737	5896
0	106217	0.737125	5897
0	106235	0.73725	5898
0	106253	0.737375	5899
0	106271	0.7375	5900
0	106289	0.737625	5901
0	106307	0.73775	5902
0	106325	0.737875	5903
0	106343	0.738	5904
0	106361	0.738125	5905
0	106379	0.73825	5906
0	106397	0.738375	5907
0	106415	0.7385	5908
0	106433	0.738625	5909
0	106451	0.73875	5910
0	106469	0.738875	5911
0	106487	0.739	5912
0	106505	0.739125	5913
0	106523	0.73925	5914
0	106541	0.739375	5915
0	106559	0.7395	5916
0	106577	0.739625	5917
0	106595	0.73975	5918
0	106613	0.739875	5919
0	106631	0.74	5920
0	106649	0.740125	5921
0	106667	0.74025	5922
0	106685	0.740375	5923
0	106703	0.7405	5924
0	106721	0.740625	5925
0	106739	0.74075	5926
0	106757	0.740875	5927
0	106775	0.741	5928
0	106793	0.741125	5929
0	106811	0.74125	5930
0	106829	0.741375	5931
0	106847	0.7415	5932
0	106865	0.741625	5933
0	106883	0.74175	5934
0	106901	0.741875	5935
0	106919	0.742	5936
0	106937	0.742125	5937
0	106955	0.74225	5938
0	106973	0.742375	5939
0	106991	0.7425	5940
0	107009	0.742625	5941
0	107027	0.74275	5942
0	107045	0.742875	5943
0	107063	0.743	5944
0	107081	0.743125	5945
0	107103	0.74325	5946
0	107121	0.743375	5947
0	107139	0.7435	5948
0	107157	0.743625	5949
0	107175	0.74375	5950
0	107193	0.743875	5951
0	107211	0.744	5952
0	107229	0.744125	5953
0	107247	0.74425	5954
0	107265	0.744375	5955
0	107283	0.7445	5956
0	107301	0.744625	5957
0	107319	0.74475	5958
0	107337	0.744875	5959
0	107355	0.745	5960
0	107373	0.745125	5961
0	107391	0.74525	5962
0	107409	0.745375	5963
0	107427	0.7455	5964
0	107445	0.745625	5965
0	107463	0.74575	5966
0	107481	0.745875	5967
0	107499	0.746	5968
0	107517	0.746125	5969
0	107535	0.74625	5970
0	107553	0.746375	5971
0	107571	0.7465	5972
0	107589	0.746625	5973
0	107607	0.74675	5974
0	107625	0.746875	5975
0	107643	0.747	5976
0	107661	0.747125	5977
0	107679	0.74725	5978
0	107697	0.747375	5979
0	107715	0.7475	5980
0	107733	0.747625	5981
0	107751	0.74775	5982
0	107769	0.747875	5983
0	107787	0.748	5984
0	107805	0.748125	5985
0	107823	0.74825	5986
0	107841	0.748375	5987
0	107859	0.7485	5988
0	107877	0.748625	5989
0	107895	0.74875	5990
0	107913	0.748875	5991
0	107931	0.749	5992
0	107949	0.749125	5993
0	107967	0.74925	5994
0	107985	0.749375	5995
0	108003	0.7495	5996
0	108021	0.749625	5997
0	108039	0.74975	5998
0	108057	0.749875	5999
0	108075	0.75	6000
0	108093	0.750125	6001
0	108111	0.75025	6002
0	108129	0.750375	6003
0	108147	0.7505	6004
0	108165	0.750625	6005
0	108183	0.75075	6006
0	108201	0.750875	6007
0	108219	0.751	6008
0	108237	0.751125	6009
0	108255	0.75125	6010
0	108273	0.751375	6011
0	108291	0.7515	6012
0	108309	0.751625	6013
0	108327	0.75175	6014
0	108345	0.751875	6015
0	108363	0.752	6016
0	108381	0.752125	6017
0	108399	0.75225	6018
0	108417	0.752375	6019
0	108435	0.7525	6020
0	108453	0.752625	6021
0	108471	0.75275	6022
0	108489	0.752875	6023
0	108507	0.753	6024
0	108525	0.753125	6025
0	108543	0.75325	6026
0	108561	0.753375	6027
0	108579	0.7535	6028
0	108597	0.753625	6029
0	108615	0.75375	6030
0	108633	0.753875	6031
0	108651	0.754	6032
0	108669	0.754125	6033
0	108687	0.75425	6034
0	108705	0.754375	6035
0	108723	0.7545	6036
0	108741	0.754625	6037
0	108759	0.75475	6038
0	108777	0.754875	6039
0	108795	0.755	6040
0	108813	0.755125	6041
0	108831	0.75525	6042
0	108849	0.755375	6043
0	108867	0.7555	6044
0	108885	0.755625	6045
0	108903	0.75575	6046
0	108921	0.755875	6047
0	108939	0.756	6048
0	108957	0.756125	6049
0	108975	0.75625	6050
0	108993	0.756375	6051
0	109011	0.7565	6052
0	109029	0.756625	6053
0	109047	0.75675	6054
0	109065	0.756875	6055
0	109083	0.757	6056
0	109101	0.757125	6057
0	109119	0.75725	6058
0	109137	0.757375	6059
0	109155	0.7575	6060
0	109173	0.757625	6061
0	109191	0.75775	6062
0	109209	0.757875	6063
0	109227	0.758	6064
0	109245	0.758125	6065
0	109263	0.75825	6066
0	109281	0.758375	6067
0	109299	0.7585	6068
0	109317	0.758625	6069
0	109335	0.75875	6070
0	109353	0.758875	6071
0	109371	0.759	6072
0	109389	0.759125	6073
0	109407	0.75925	6074
0	109425	0.759375	6075
0	109443	0.7595	6076
0	109461	0.759625	6077
0	109479	0.75975	6078
0	109497	0.759875	6079
0	109515	0.76	6080
0	109533	0.760125	6081
0	109551	0.76025	6082
0	109569	0.760375	6083
0	109587	0.7605	6084
0	109605	0.760625	6085
0	109623	0.76075	6086
0	109641	0.760875	6087
0	109659	0.761	6088
0	109677	0.761125	6089
0	109695	0.76125	6090
0	109713	0.761375	6091
0	109731	0.7615	6092
0	109749	0.761625	6093
0	109767	0.76175	6094
0	109785	0.761875	6095
0	109803	0.762	6096
0	109821	0.762125	6097
0	109839	0.76225	6098
0	109857	0.762375	6099
0	109875	0.7625	6100
0	109893	0.762625	6101
0	109911	0.76275	6102
0	109929	0.762875	6103
0	109947	0.763	6104
0	109965	0.763125	6105
0	109983	0.76325	6106
0	110001	0.763375	6107
0	110019	0.7635	6108
0	110037	0.763625	6109
0	110055	0.76375	6110
0	110073	0.763875	6111
0	110091	0.764	6112
0	110109	0.764125	6113
0	110127	0.76425	6114
0	110145	0.764375	6115
0	110163	0.7645	6116
0	110181	0.764625	6117
0	110199	0.76475	6118
0	110217	0.764875	6119
0	110235	0.765	6120
0	110253	0.765125	6121
0	110271	0.76525	6122
0	110289	0.765375	6123
0	110307	0.7655	6124
0	110325	0.765625	6125
0	110343	0.76575	6126
0	110361	0.765875	6127
0	110379	0.766	6128
0	110397	0.766125	6129
0	110415	0.76625	6130
0	110433	0.766375	6131
0	110451	0.7665	6132
0	110469	0.766625	6133
0	110487	0.76675	6134
0	110505	0.766875	6135
0	110523	0.767	6136
0	110541	0.767125	6137
0	110559	0.76725	6138
0	110577	0.767375	6139
0	110595	0.7675	6140
0	110613	0.767625	6141
0	110631	0.76775	6142
0	110649	0.767875	6143
0	110667	0.768	6144
0	110685	0.768125	6145
0	110703	0.76825	6146
0	110721	0.768375	6147
0	110739	0.7685	6148
0	110757	0.768625	6149
0	110775	0.76875	6150
0	110793	0.768875	6151
0	110811	0.769	6152
0	110829	0.769125	6153
0	110847	0.76925	6154
0	110865	0.769375	6155
0	110883	0.7695	6156
0	110901	0.769625	6157
0	110919	0.76975	6158
0	110937	0.769875	6159
0	110955	0.77	6160
0	110973	0.770125	6161
0	110991	0.77025	6162
0	111009	0.770375	6163
0	111027	0.7705	6164
0	111045	0.770625	6165
0	111063	0.77075	6166
0	111081	0.770875	6167
0	111099	0.771	6168
0	111117	0.771125	6169
0	111135	0.77125	6170
0	111153	0.771375	6171
0	111171	0.7715	6172
0	111189	0.771625	6173
0	111207	0.77175	6174
0	111225	0.771875	6175
0	111243	0.772	6176
0	111261	0.772125	6177
0	111279	0.77225	6178
0	111297	0.772375	6179
0	111315	0.7725	6180
0	111333	0.772625	6181
0	111351	0.77275	6182
0	111369	0.772875	6183
0	111387	0.773	6184
0	111405	0.773125	6185
0	111423	0.77325	6186
0	111441	0.773375	6187
0	111459	0.7735	6188
0	111477	0.773625	6189
0	111495	0.77375	6190
0	111513	0.773875	6191
0	111531	0.774	6192
0	111549	0.774125	6193
0	111567	0.77425	6194
0	111585	0.774375	6195
0	111603	0.7745	6196
0	111621	0.774625	6197
0	111639	0.77475	6198
0	111657	0.774875	6199
0	111675	0.775	6200
0	111693	0.775125	6201
0	111711	0.77525	6202
0	111729	0.775375	6203
0	111747	0.7755	6204
0	111765	0.775625	6205
0	111783	0.77575	6206
0	111801	0.775875	6207
0	111819	0.776	6208
0	111837	0.776125	6209
0	111855	0.77625	6210
0	111873	0.776375	6211
0	111891	0.7765	6212
0	111909	0.776625	6213
0	111927	0.77675	6214
0	111945	0.776875	6215
0	111963	0.777	6216
0	111981	0.777125	6217
0	111999	0.77725	6218
0	112017	0.777375	6219
0	112035	0.7775	6220
0	112053	0.777625	6221
0	112071	0.77775	6222
0	112089	0.777875	6223
0	112107	0.778	6224
0	112125	0.778125	6225
0	112143	0.77825	6226
0	112161	0.778375	6227
0	112179	0.7785	6228
0	112197	0.778625	6229
0	112215	0.77875	6230
0	112233	0.778875	6231
0	112251	0.779	6232
0	112269	0.779125	6233
0	112287	0.77925	6234
0	112305	0.779375	6235
0	112323	0.7795	6236
0	112341	0.779625	6237
0	112359	0.77975	6238
0	112377	0.779875	6239
0	112395	0.78	6240
0	112413	0.780125	6241
0	112431	0.78025	6242
0	112449	0.780375	6243
0	112471	0.7805	6244
0	112489	0.780625	6245
0	112507	0.78075	6246
0	112525	0.780875	6247
0	112543	0.781	6248
0	112561	0.781125	6249
0	112579	0.78125	6250
0	112597	0.781375	6251
0	112615	0.7815	6252
0	112633	0.781625	6253
0	112651	0.78175	6254
0	112669	0.781875	6255
0	112687	0.782	6256
0	112705	0.782125	6257
0	112723	0.78225	6258
0	112741	0.782375	6259
0	112759	0.7825	6260
0	112777	0.782625	6261
0	112795	0.78275	6262
0	112813	0.782875	6263
0	112831	0.783	6264
0	112849	0.783125	6265
0	112867	0.78325	6266
0	112885	0.783375	6267
0	112903	0.7835	6268
0	112921	0.783625	6269
0	112939	0.78375	6270
0	112957	0.783875	6271
0	112975	0.784	6272
0	112993	0.784125	6273
0	113011	0.78425	6274
0	113029	0.784375	6275
0	113047	0.7845	6276
0	113065	0.784625	6277
0	113083	0.78475	6278
0	113101	0.784875	6279
0	113119	0.785	6280
0	113137	0.785125	6281
0	113155	0.78525	6282
0	113173	0.785375	6283
0	113191	0.7855	6284
0	113209	0.785625	6285
0	113227	0.78575	6286
0	113245	0.785875	6287
0	113263	0.786	6288
0	113281	0.786125	6289
0	113299	0.78625	6290
0	113317	0.786375	6291
0	113335	0.7865	6292
0	113353	0.786625	6293
0	113371	0.78675	6294
0	113389	0.786875	6295
0	113407	0.787	6296
0	113425	0.787125	6297
0	113443	0.78725	6298
0	113461	0.787375	6299
0	113479	0.7875	6300
0	113497	0.787625	6301
0	113515	0.78775	6302
0	113533	0.787875	6303
0	113551	0.788	6304
0	113569	0.788125	6305
0	113587	0.78825	6306
0	113605	0.788375	6307
0	113623	0.7885	6308
0	113641	0.788625	6309
0	113659	0.78875	6310
0	113677	0.788875	6311
0	113695	0.789	6312
0	113713	0.789125	6313
0	113731	0.78925	6314
0	113749	0.789375	6315
0	113767	0.7895	6316
0	113785	0.789625	6317
0	113803	0.78975	6318
0	113821	0.789875	6319
0	113839	0.79	6320
0	113857	0.790125	6321
0	113875	0.79025	6322
0	113893	0.790375	6323
0	113911	0.7905	6324
0	113929	0.790625	6325
0	113947	0.79075	6326
0	113965	0.790875	6327
0	113983	0.791	6328
0	114001	0.791125	6329
0	114019	0.79125	6330
0	114037	0.791375	6331
0	114055	0.7915	6332
0	114073	0.791625	6333
0	114091	0.79175	6334
0	114109	0.791875	6335
0	114127	0.792	6336
0	114145	0.792125	6337
0	114163	0.79225	6338
0	114181	0.792375	6339
0	114199	0.7925	6340
0	114217	0.792625	6341
0	114235	0.79275	6342
0	114253	0.792875	6343
0	114271	0.793	6344
0	114289	0.793125	6345
0	114307	0.79325	6346
0	114325	0.793375	6347
0	114343	0.7935	6348
0	114361	0.793625	6349
0	114379	0.79375	6350
0	114397	0.793875	6351
0	114415	0.794	6352
0	114433	0.794125	6353
0	114451	0.79425	6354
0	114469	0.794375	6355
0	114487	0.7945	6356
0	114505	0.794625	6357
0	114523	0.79475	6358
0	114541	0.794875	6359
0	114559	0.795	6360
0	114577	0.795125	6361
0	114595	0.79525	6362
0	114613	0.795375	6363
0	114631	0.7955	6364
0	114649	0.795625	6365
0	114667	0.79575	6366
0	114685	0.795875	6367
0	114703	0.796	6368
0	114721	0.796125	6369
0	114739	0.79625	6370
0	114757	0.796375	6371
0	114775	0.7965	6372
0	114793	0.796625	6373
0	114811	0.79675	6374
0	114829	0.796875	6375
0	114847	0.797	6376
0	114865	0.797125	6377
0	114883	0.79725	6378
0	114901	0.797375	6379
0	114919	0.7975	6380
0	114937	0.797625	6381
0	114955	0.79775	6382
0	114973	0.797875	6383
0	114991	0.798	6384
0	115009	0.798125	6385
0	115027	0.79825	6386
0	115045	0.798375	6387
0	115063	0.7985	6388
0	115081	0.798625	6389
0	115099	0.79875	6390
0	115117	0.798875	6391
0	115135	0.799	6392
0	115153	0.799125	6393
0	115171	0.79925	6394
0	115189	0.799375	6395
0	115207	0.7995	6396
0	115225	0.799625	6397
0	115243	0.79975	6398
0	115261	0.799875	6399
0	115279	0.8	6400
0	115297	0.800125	6401
0	115315	0.80025	6402
0	115333	0.800375	6403
0	115351	0.8005	6404
0	115369	0.800625	6405
0	115387	0.80075	6406
0	115405	0.800875	6407
0	115423	0.801	6408
0	115441	0.801125	6409
0	115459	0.80125	6410
0	115477	0.801375	6411
0	115495	0.8015	6412
0	115513	0.801625	6413
0	115531	0.80175	6414
0	115549	0.801875	6415
0	115567	0.802	6416
0	115585	0.802125	6417
0	115603	0.80225	6418
0	115621	0.802375	6419
0	115639	0.8025	6420
0	115657	0.802625	6421
0	115675	0.80275	6422
0	115693	0.802875	6423
0	115711	0.803	6424
0	115729	0.803125	6425
0	115747	0.80325	6426
0	115765	0.803375	6427
0	115783	0.8035	6428
0	115801	0.803625	6429
0	115819	0.80375	6430
0	115837	0.803875	6431
0	115855	0.804	6432
0	115873	0.804125	6433
0	115891	0.80425	6434
0	115909	0.804375	6435
0	115927	0.8045	6436
0	115945	0.804625	6437
0	115963	0.80475	6438
0	115981	0.804875	6439
0	115999	0.805	6440
0	116017	0.805125	6441
0	116035	0.80525	6442
0	116053	0.805375	6443
0	116071	0.8055	6444
0	116089	0.805625	6445
0	116107	0.80575	6446
0	116125	0.805875	6447
0	116143	0.806	6448
0	116161	0.806125	6449
0	116179	0.80625	6450
0	116197	0.806375	6451
0	116215	0.8065	6452
0	116233	0.806625	6453
0	116251	0.80675	6454
0	116269	0.806875	6455
0	116287	0.807	6456
0	116305	0.807125	6457
0	116323	0.80725	6458
0	116341	0.807375	6459
0	116359	0.8075	6460
0	116377	0.807625	6461
0	116395	0.80775	6462
0	116413	0.807875	6463
0	116431	0.808	6464
0	116449	0.808125	6465
0	116467	0.80825	6466
0	116485	0.808375	6467
0	116503	0.8085	6468
0	116521	0.808625	6469
0	116539	0.80875	6470
0	116557	0.808875	6471
0	116575	0.809	6472
0	116593	0.809125	6473
0	116611	0.80925	6474
0	116629	0.809375	6475
0	116647	0.8095	6476
0	116665	0.809625	6477
0	116683	0.80975	6478
0	116701	0.809875	6479
0	116719	0.81	6480
0	116737	0.810125	6481
0	116755	0.81025	6482
0	116773	0.810375	6483
0	116791	0.8105	6484
0	116809	0.810625	6485
0	116827	0.81075	6486
0	116845	0.810875	6487
0	116863	0.811	6488
0	116881	0.811125	6489
0	116899	0.81125	6490
0	116917	0.811375	6491
0	116935	0.8115	6492
0	116953	0.811625	6493
0	116971	0.81175	6494
0	116989	0.811875	6495
0	117007	0.812	6496
0	117025	0.812125	6497
0	117043	0.81225	6498
0	117061	0.812375	6499
0	117079	0.8125	6500
0	117097	0.812625	6501
0	117115	0.81275	6502
0	117133	0.812875	6503
0	117151	0.813	6504
0	117169	0.813125	6505
0	117187	0.81325	6506
0	117205	0.813375	6507
0	117223	0.8135	6508
0	117241	0.813625	6509
0	117259	0.81375	6510
0	117277	0.813875	6511
0	117295	0.814	6512
0	117313	0.814125	6513
0	117331	0.81425	6514
0	117349	0.814375	6515
0	117367	0.8145	6516
0	117385	0.814625	6517
0	117403	0.81475	6518
0	117421	0.814875	6519
0	117439	0.815	6520
0	117457	0.815125	6521
0	117475	0.81525	6522
0	117493	0.815375	6523
0	117511	0.8155	6524
0	117529	0.815625	6525
0	117547	0.81575	6526
0	117565	0.815875	6527
0	117583	0.816	6528
0	117601	0.816125	6529
0	117619	0.81625	6530
0	117637	0.816375	6531
0	117655	0.8165	6532
0	117673	0.816625	6533
0	117691	0.81675	6534
0	117709	0.816875	6535
0	117727	0.817	6536
0	117745	0.817125	6537
0	117763	0.81725	6538
0	117781	0.817375	6539
0	117799	0.8175	6540
0	117821	0.817625	6541
0	117839	0.81775	6542
0	117857	0.817875	6543
0	117875	0.818	6544
0	117893	0.818125	6545
0	117911	0.81825	6546
0	117929	0.818375	6547
0	117947	0.8185	6548
0	117965	0.818625	6549
0	117983	0.81875	6550
0	118001	0.818875	6551
0	118019	0.819	6552
0	118037	0.819125	6553
0	118055	0.81925	6554
0	118073	0.819375	6555
0	118091	0.8195	6556
0	118109	0.819625	6557
0	118127	0.81975	6558
0	118145	0.819875	6559
0	118163	0.82	6560
0	118181	0.820125	6561
0	118199	0.82025	6562
0	118217	0.820375	6563
0	118235	0.8205	6564
0	118253	0.820625	6565
0	118271	0.82075	6566
0	118289	0.820875	6567
0	118307	0.821	6568
0	118325	0.821125	6569
0	118343	0.82125	6570
0	118361	0.821375	6571
0	118379	0.8215	6572
0	118397	0.821625	6573
0	118415	0.82175	6574
0	118433	0.821875	6575
0	118451	0.822	6576
0	118469	0.822125	6577
0	118487	0.82225	6578
0	118505	0.822375	6579
0	118523	0.8225	6580
0	118541	0.822625	6581
0	118559	0.82275	6582
0	118577	0.822875	6583
0	118595	0.823	6584
0	118613	0.823125	6585
0	118631	0.82325	6586
0	118649	0.823375	6587
0	118667	0.8235	6588
0	118685	0.823625	6589
0	118703	0.82375	6590
0	118721	0.823875	6591
0	118739	0.824	6592
0	118757	0.824125	6593
0	118775	0.82425	6594
0	118793	0.824375	6595
0	118811	0.8245	6596
0	118829	0.824625	6597
0	118847	0.82475	6598
0	118865	0.824875	6599
0	118883	0.825	6600
0	118901	0.825125	6601
0	118919	0.82525	6602
0	118937	0.825375	6603
0	118955	0.8255	6604
0	118973	0.825625	6605
0	118991	0.82575	6606
0	119009	0.825875	6607
0	119027	0.826	6608
0	119045	0.826125	6609
0	119063	0.82625	6610
0	119081	0.826375	6611
0	119099	0.8265	6612
0	119117	0.826625	6613
0	119135	0.82675	6614
0	119153	0.826875	6615
0	119171	0.827	6616
0	119189	0.827125	6617
0	119207	0.82725	6618
0	119225	0.827375	6619
0	119243	0.8275	6620
0	119261	0.827625	6621
0	119279	0.82775	6622
0	119297	0.827875	6623
0	119315	0.828	6624
0	119333	0.828125	6625
0	119351	0.82825	6626
0	119369	0.828375	6627
0	119387	0.8285	6628
0	119405	0.828625	6629
0	119423	0.82875	6630
0	119441	0.828875	6631
0	119459	0.829	6632
0	119477	0.829125	6633
0	119495	0.82925	6634
0	119513	0.829375	6635
0	119531	0.8295	6636
0	119549	0.829625	6637
0	119567	0.82975	6638
0	119585	0.829875	6639
0	119603	0.83	6640
0	119621	0.830125	6641
0	119639	0.83025	6642
0	119657	0.830375	6643
0	119675	0.8305	6644
0	119693	0.830625	6645
0	119711	0.83075	6646
0	119729	0.830875	6647
0	119747	0.831	6648
0	119765	0.831125	6649
0	119783	0.83125	6650
0	119801	0.831375	6651
0	119819	0.8315	6652
0	119837	0.831625	6653
0	119855	0.83175	6654
0	119873	0.831875	6655
0	119891	0.832	6656
0	119909	0.832125	6657
0	119927	0.83225	6658
0	119945	0.832375	6659
0	119963	0.8325	6660
0	119981	0.832625	6661
0	119999	0.83275	6662
0	120017	0.832875	6663
0	120035	0.833	6664
0	120053	0.833125	6665
0	120071	0.83325	6666
0	120089	0.833375	6667
0	120107	0.8335	6668
0	120125	0.833625	6669
0	120143	0.83375	6670
0	120161	0.833875	6671
0	120179	0.834	6672
0	120197	0.834125	6673
0	120215	0.83425	6674
0	120233	0.834375	6675
0	120251	0.8345	6676
0	120269	0.834625	6677
0	120287	0.83475	6678
0	120305	0.834875	6679
0	120323	0.835	6680
0	120341	0.835125	6681
0	120359	0.83525	6682
0	120377	0.835375	6683
0	120395	0.8355	6684
0	120413	0.835625	6685
0	120431	0.83575	6686
0	120449	0.835875	6687
0	120467	0.836	6688
0	120485	0.836125	6689
0	120503	0.83625	6690
0	120521	0.836375	6691
0	120539	0.8365	6692
0	120557	0.836625	6693
0	120575	0.83675	6694
0	120593	0.836875	6695
0	120611	0.837	6696
0	120629	0.837125	6697
0	120647	0.83725	6698
0	120665	0.837375	6699
0	120683	0.8375	6700
0	120701	0.837625	6701
0	120719	0.83775	6702
0	120737	0.837875	6703
0	120755	0.838	6704
0	120773	0.838125	6705
0	120791	0.83825	6706
0	120809	0.838375	6707
0	120827	0.8385	6708
0	120845	0.838625	6709
0	120863	0.83875	6710
0	120881	0.838875	6711
0	120899	0.839	6712
0	120917	0.839125	6713
0	120935	0.83925	6714
0	120953	0.839375	6715
0	120971	0.8395	6716
0	120989	0.839625	6717
0	121007	0.83975	6718
0	121025	0.839875	6719
0	121043	0.84	6720
0	121061	0.840125	6721
0	121079	0.84025	6722
0	121097	0.840375	6723
0	121115	0.8405	6724
0	121133	0.840625	6725
0	121151	0.84075	6726
0	121169	0.840875	6727
0	121187	0.841	6728
0	121205	0.841125	6729
0	121223	0.84125	6730
0	121241	0.841375	6731
0	121259	0.8415	6732
0	121277	0.841625	6733
0	121295	0.84175	6734
0	121313	0.841875	6735
0	121331	0.842	6736
0	121349	0.842125	6737
0	121367	0.84225	6738
0	121385	0.842375	6739
0	121403	0.8425	6740
0	121421	0.842625	6741
0	121439	0.84275	6742
0	121457	0.842875	6743
0	121475	0.843	6744
0	121493	0.843125	6745
0	121511	0.84325	6746
0	121529	0.843375	6747
0	121547	0.8435	6748
0	121565	0.843625	6749
0	121583	0.84375	6750
0	121601	0.843875	6751
0	121619	0.844	6752
0	121637	0.844125	6753
0	121655	0.84425	6754
0	121673	0.844375	6755
0	121691	0.8445	6756
0	121709	0.844625	6757
0	121727	0.84475	6758
0	121745	0.844875	6759
0	121763	0.845	6760
0	121781	0.845125	6761
0	121799	0.84525	6762
0	121817	0.845375	6763
0	121835	0.8455	6764
0	121853	0.845625	6765
0	121871	0.84575	6766
0	121889	0.845875	6767
0	121907	0.846	6768
0	121925	0.846125	6769
0	121943	0.84625	6770
0	121961	0.846375	6771
0	121979	0.8465	6772
0	121997	0.846625	6773
0	122015	0.84675	6774
0	122033	0.846875	6775
0	122051	0.847	6776
0	122069	0.847125	6777
0	122087	0.84725	6778
0	122105	0.847375	6779
0	122123	0.8475	6780
0	122141	0.847625	6781
0	122159	0.84775	6782
0	122177	0.847875	6783
0	122195	0.848	6784
0	122213	0.848125	6785
0	122231	0.84825	6786
0	122249	0.848375	6787
0	122267	0.8485	6788
0	122285	0.848625	6789
0	122303	0.84875	6790
0	122321	0.848875	6791
0	122339	0.849	6792
0	122357	0.849125	6793
0	122375	0.84925	6794
0	122393	0.849375	6795
0	122411	0.8495	6796
0	122429	0.849625	6797
0	122447	0.84975	6798
0	122465	0.849875	6799
0	122483	0.85	6800
0	122501	0.850125	6801
0	122519	0.85025	6802
0	122537	0.850375	6803
0	122555	0.8505	6804
0	122573	0.850625	6805
0	122591	0.85075	6806
0	122609	0.850875	6807
0	122627	0.851	6808
0	122645	0.851125	6809
0	122663	0.85125	6810
0	122681	0.851375	6811
0	122699	0.8515	6812
0	122717	0.851625	6813
0	122735	0.85175	6814
0	122753	0.851875	6815
0	122771	0.852	6816
0	122789	0.852125	6817
0	122807	0.85225	6818
0	122825	0.852375	6819
0	122843	0.8525	6820
0	122861	0.852625	6821
0	122879	0.85275	6822
0	122897	0.852875	6823
0	122915	0.853	6824
0	122933	0.853125	6825
0	122951	0.85325	6826
0	122969	0.853375	6827
0	122987	0.8535	6828
0	123005	0.853625	6829
0	123023	0.85375	6830
0	123041	0.853875	6831
0	123059	0.854	6832
0	123077	0.854125	6833
0	123095	0.85425	6834
0	123113	0.854375	6835
0	123131	0.8545	6836
0	123149	0.854625	6837
0	123171	0.85475	6838
0	123189	0.854875	6839
0	123207	0.855	6840
0	123225	0.855125	6841
0	123243	0.85525	6842
0	123261	0.855375	6843
0	123279	0.8555	6844
0	123297	0.855625	6845
0	123315	0.85575	6846
0	123333	0.855875	6847
0	123351	0.856	6848
0	123369	0.856125	6849
0	123387	0.85625	6850
0	123405	0.856375	6851
0	123423	0.8565	6852
0	123441	0.856625	6853
0	123459	0.85675	6854
0	123477	0.856875	6855
0	123495	0.857	6856
0	123513	0.857125	6857
0	123531	0.85725	6858
0	123549	0.857375	6859
0	123567	0.8575	6860
0	123585	0.857625	6861
0	123603	0.85775	6862
0	123621	0.857875	6863
0	123639	0.858	6864
0	123657	0.858125	6865
0	123675	0.85825	6866
0	123693	0.858375	6867
0	123711	0.8585	6868
0	123729	0.858625	6869
0	123747	0.85875	6870
0	123765	0.858875	6871
0	123783	0.859	6872
0	123801	0.859125	6873
0	123819	0.85925	6874
0	123837	0.859375	6875
0	123855	0.8595	6876
0	123873	0.859625	6877
0	123891	0.85975	6878
0	123909	0.859875	6879
0	123927	0.86	6880
0	123945	0.860125	6881
0	123963	0.86025	6882
0	123981	0.860375	6883
0	123999	0.8605	6884
0	124017	0.860625	6885
0	124035	0.86075	6886
0	124053	0.860875	6887
0	124071	0.861	6888
0	124089	0.861125	6889
0	124107	0.86125	6890
0	124125	0.861375	6891
0	124143	0.8615	6892
0	124161	0.861625	6893
0	124179	0.86175	6894
0	124197	0.861875	6895
0	124215	0.862	6896
0	124233	0.862125	6897
0	124251	0.86225	6898
0	124269	0.862375	6899
0	124287	0.8625	6900
0	124305	0.862625	6901
0	124323	0.86275	6902
0	124341	0.862875	6903
0	124359	0.863	6904
0	124377	0.863125	6905
0	124395	0.86325	6906
0	124413	0.863375	6907
0	124431	0.8635	6908
0	124449	0.863625	6909
0	124467	0.86375	6910
0	124485	0.863875	6911
0	124503	0.864	6912
0	124521	0.864125	6913
0	124539	0.86425	6914
0	124557	0.864375	6915
0	124575	0.8645	6916
0	124593	0.864625	6917
0	124611	0.86475	6918
0	124629	0.864875	6919
0	124647	0.865	6920
0	124665	0.865125	6921
0	124683	0.86525	6922
0	124701	0.865375	6923
0	124719	0.8655	6924
0	124737	0.865625	6925
0	124755	0.86575	6926
0	124773	0.865875	6927
0	124791	0.866	6928
0	124809	0.866125	6929
0	124827	0.86625	6930
0	124845	0.866375	6931
0	124863	0.8665	6932
0	124881	0.866625	6933
0	124899	0.86675	6934
0	124917	0.866875	6935
0	124935	0.867	6936
0	124953	0.867125	6937
0	124971	0.86725	6938
0	124989	0.867375	6939
0	125007	0.8675	6940
0	125025	0.867625	6941
0	125043	0.86775	6942
0	125061	0.867875	6943
0	125079	0.868	6944
0	125097	0.868125	6945
0	125115	0.86825	6946
0	125133	0.868375	6947
0	125151	0.8685	6948
0	125169	0.868625	6949
0	125187	0.86875	6950
0	125205	0.868875	6951
0	125223	0.869	6952
0	125241	0.869125	6953
0	125259	0.86925	6954
0	125277	0.869375	6955
0	125295	0.8695	6956
0	125313	0.869625	6957
0	125331	0.86975	6958
0	125349	0.869875	6959
0	125367	0.87	6960
0	125385	0.870125	6961
0	125403	0.87025	6962
0	125421	0.870375	6963
0	125439	0.8705	6964
0	125457	0.870625	6965
0	125475	0.87075	6966
0	125493	0.870875	6967
0	125511	0.871	6968
0	125529	0.871125	6969
0	125547	0.87125	6970
0	125565	0.871375	6971
0	125583	0.8715	6972
0	125601	0.871625	6973
0	125619	0.87175	6974
0	125637	0.871875	6975
0	125655	0.872	6976
0	125673	0.872125	6977
0	125691	0.87225	6978
0	125709	0.872375	6979
0	125727	0.8725	6980
0	125745	0.872625	6981
0	125763	0.87275	6982
0	125781	0.872875	6983
0	125799	0.873	6984
0	125817	0.873125	6985
0	125835	0.87325	6986
0	125853	0.873375	6987
0	125871	0.8735	6988
0	125889	0.873625	6989
0	125907	0.87375	6990
0	125925	0.873875	6991
0	125943	0.874	6992
0	125961	0.874125	6993
0	125979	0.87425	6994
0	125997	0.874375	6995
0	126015	0.8745	6996
0	126033	0.874625	6997
0	126051	0.87475	6998
0	126069	0.874875	6999
0	126087	0.875	7000
0	126105	0.875125	7001
0	126123	0.87525	7002
0	126141	0.875375	7003
0	126159	0.8755	7004
0	126177	0.875625	7005
0	126195	0.87575	7006
0	126213	0.875875	7007
0	126231	0.876	7008
0	126249	0.876125	7009
0	126267	0.87625	7010
0	126285	0.876375	7011
0	126303	0.8765	7012
0	126321	0.876625	7013
0	126339	0.87675	7014
0	126357	0.876875	7015
0	126375	0.877	7016
0	126393	0.877125	7017
0	126411	0.87725	7018
0	126429	0.877375	7019
0	126447	0.8775	7020
0	126465	0.877625	7021
0	126483	0.87775	7022
0	126501	0.877875	7023
0	126519	0.878	7024
0	126537	0.878125	7025
0	126555	0.87825	7026
0	126573	0.878375	7027
0	126591	0.8785	7028
0	126609	0.878625	7029
0	126627	0.87875	7030
0	126645	0.878875	7031
0	126663	0.879	7032
0	126681	0.879125	7033
0	126699	0.87925	7034
0	126717	0.879375	7035
0	126735	0.8795	7036
0	126753	0.879625	7037
0	126771	0.87975	7038
0	126789	0.879875	7039
0	126807	0.88	7040
0	126825	0.880125	7041
0	126843	0.88025	7042
0	126861	0.880375	7043
0	126879	0.8805	7044
0	126897	0.880625	7045
0	126915	0.88075	7046
0	126933	0.880875	7047
0	126951	0.881	7048
0	126969	0.881125	7049
0	126987	0.88125	7050
0	127005	0.881375	7051
0	127023	0.8815	7052
0	127041	0.881625	7053
0	127059	0.88175	7054
0	127077	0.881875	7055
0	127095	0.882	7056
0	127113	0.882125	7057
0	127131	0.88225	7058
0	127149	0.882375	7059
0	127167	0.8825	7060
0	127185	0.882625	7061
0	127203	0.88275	7062
0	127221	0.882875	7063
0	127239	0.883	7064
0	127257	0.883125	7065
0	127275	0.88325	7066
0	127293	0.883375	7067
0	127311	0.8835	7068
0	127329	0.883625	7069
0	127347	0.88375	7070
0	127365	0.883875	7071
0	127383	0.884	7072
0	127401	0.884125	7073
0	127419	0.88425	7074
0	127437	0.884375	7075
0	127455	0.8845	7076
0	127473	0.884625	7077
0	127491	0.88475	7078
0	127509	0.884875	7079
0	127527	0.885	7080
0	127545	0.885125	7081
0	127563	0.88525	7082
0	127581	0.885375	7083
0	127599	0.8855	7084
0	127617	0.885625	7085
0	127635	0.88575	7086
0	127653	0.885875	7087
0	127671	0.886	7088
0	127689	0.886125	7089
0	127707	0.88625	7090
0	127725	0.886375	7091
0	127743	0.8865	7092
0	127761	0.886625	7093
0	127779	0.88675	7094
0	127797	0.886875	7095
0	127815	0.887	7096
0	127833	0.887125	7097
0	127851	0.88725	7098
0	127869	0.887375	7099
0	127887	0.8875	7100
0	127905	0.887625	7101
0	127923	0.88775	7102
0	127941	0.887875	7103
0	127959	0.888	7104
0	127977	0.888125	7105
0	127995	0.88825	7106
0	128013	0.888375	7107
0	128031	0.8885	7108
0	128049	0.888625	7109
0	128067	0.88875	7110
0	128085	0.888875	7111
0	128103	0.889	7112
0	128121	0.889125	7113
0	128139	0.88925	7114
0	128157	0.889375	7115
0	128175	0.8895	7116
0	128193	0.889625	7117
0	128211	0.88975	7118
0	128229	0.889875	7119
0	128247	0.89	7120
0	128265	0.890125	7121
0	128283	0.89025	7122
0	128301	0.890375	7123
0	128319	0.8905	7124
0	128337	0.890625	7125
0	128355	0.89075	7126
0	128373	0.890875	7127
0	128391	0.891	7128
0	128409	0.891125	7129
0	128427	0.89125	7130
0	128445	0.891375	7131
0	128463	0.8915	7132
0	128481	0.891625	7133
0	128499	0.89175	7134
0	128521	0.891875	7135
0	128539	0.892	7136
0	128557	0.892125	7137
0	128575	0.89225	7138
0	128593	0.892375	7139
0	128611	0.8925	7140
0	128629	0.892625	7141
0	128647	0.89275	7142
0	128665	0.892875	7143
0	128683	0.893	7144
0	128701	0.893125	7145
0	128719	0.89325	7146
0	128737	0.893375	7147
0	128755	0.8935	7148
0	128773	0.893625	7149
0	128791	0.89375	7150
0	128809	0.893875	7151
0	128827	0.894	7152
0	128845	0.894125	7153
0	128863	0.89425	7154
0	128881	0.894375	7155
0	128899	0.8945	7156
0	128917	0.894625	7157
0	128935	0.89475	7158
0	128953	0.894875	7159
0	128971	0.895	7160
0	128989	0.895125	7161
0	129007	0.89525	7162
0	129025	0.895375	7163
0	129043	0.8955	7164
0	129061	0.895625	7165
0	129079	0.89575	7166
0	129097	0.895875	7167
0	129115	0.896	7168
0	129133	0.896125	7169
0	129151	0.89625	7170
0	129169	0.896375	7171
0	129187	0.8965	7172
0	129205	0.896625	7173
0	129223	0.89675	7174
0	129241	0.896875	7175
0	129259	0.897	7176
0	129277	0.897125	7177
0	129295	0.89725	7178
0	129313	0.897375	7179
0	129331	0.8975	7180
0	129349	0.897625	7181
0	129367	0.89775	7182
0	129385	0.897875	7183
0	129403	0.898	7184
0	129421	0.898125	7185
0	129439	0.89825	7186
0	129457	0.898375	7187
0	129475	0.8985	7188
0	129493	0.898625	7189
0	129511	0.89875	7190
0	129529	0.898875	7191
0	129547	0.899	7192
0	129565	0.899125	7193
0	129583	0.89925	7194
0	129601	0.899375	7195
0	129619	0.8995	7196
0	129637	0.899625	7197
0	129655	0.89975	7198
0	129673	0.899875	7199
0	129691	0.9	7200
0	129709	0.900125	7201
0	129727	0.90025	7202
0	129745	0.900375	7203
0	129763	0.9005	7204
0	129781	0.900625	7205
0	129799	0.90075	7206
0	129817	0.900875	7207
0	129835	0.901	7208
0	129853	0.901125	7209
0	129871	0.90125	7210
0	129889	0.901375	7211
0	129907	0.9015	7212
0	129925	0.901625	7213
0	129943	0.90175	7214
0	129961	0.901875	7215
0	129979	0.902	7216
0	129997	0.902125	7217
0	130015	0.90225	7218
0	130033	0.902375	7219
0	130051	0.9025	7220
0	130069	0.902625	7221
0	130087	0.90275	7222
0	130105	0.902875	7223
0	130123	0.903	7224
0	130141	0.903125	7225
0	130159	0.90325	7226
0	130177	0.903375	7227
0	130195	0.9035	7228
0	130213	0.903625	7229
0	130231	0.90375	7230
0	130249	0.903875	7231
0	130267	0.904	7232
0	130285	0.904125	7233
0	130303	0.90425	7234
0	130321	0.904375	7235
0	130339	0.9045	7236
0	130357	0.904625	7237
0	130375	0.90475	7238
0	130393	0.904875	7239
0	130411	0.905	7240
0	130429	0.905125	7241
0	130447	0.90525	7242
0	130465	0.905375	7243
0	130483	0.9055	7244
0	130501	0.905625	7245
0	130519	0.90575	7246
0	130537	0.905875	7247
0	130555	0.906	7248
0	130573	0.906125	7249
0	130591	0.90625	7250
0	130609	0.906375	7251
0	130627	0.9065	7252
0	130645	0.906625	7253
0	130663	0.90675	7254
0	130681	0.906875	7255
0	130699	0.907	7256
0	130717	0.907125	7257
0	130735	0.90725	7258
0	130753	0.907375	7259
0	130771	0.9075	7260
0	130789	0.907625	7261
0	130807	0.90775	7262
0	130825	0.907875	7263
0	130843	0.908	7264
0	130861	0.908125	7265
0	130879	0.90825	7266
0	130897	0.908375	7267
0	130915	0.9085	7268
0	130933	0.908625	7269
0	130951	0.90875	7270
0	130969	0.908875	7271
0	130987	0.909	7272
0	131005	0.909125	7273
0	131023	0.90925	7274
0	131041	0.909375	7275
0	131059	0.9095	7276
0	131077	0.909625	7277
0	131095	0.90975	7278
0	131113	0.909875	7279
0	131131	0.91	7280
0	131149	0.910125	7281
0	131167	0.91025	7282
0	131185	0.910375	7283
0	131203	0.9105	7284
0	131221	0.910625	7285
0	131239	0.91075	7286
0	131257	0.910875	7287
0	131275	0.911	7288
0	131293	0.911125	7289
0	131311	0.91125	7290
0	131329	0.911375	7291
0	131347	0.9115	7292
0	131365	0.911625	7293
0	131383	0.91175	7294
0	131401	0.911875	7295
0	131419	0.912	7296
0	131437	0.912125	7297
0	131455	0.91225	7298
0	131473	0.912375	7299
0	131491	0.9125	7300
0	131509	0.912625	7301
0	131527	0.91275	7302
0	131545	0.912875	7303
0	131563	0.913	7304
0	131581	0.913125	7305
0	131599	0.91325	7306
0	131617	0.913375	7307
0	131635	0.9135	7308
0	131653	0.913625	7309
0	131671	0.91375	7310
0	131689	0.913875	7311
0	131707	0.914	7312
0	131725	0.914125	7313
0	131743	0.91425	7314
0	131761	0.914375	7315
0	131779	0.9145	7316
0	131797	0.914625	7317
0	131815	0.91475	7318
0	131833	0.914875	7319
0	131851	0.915	7320
0	131869	0.915125	7321
0	131887	0.91525	7322
0	131905	0.915375	7323
0	131923	0.9155	7324
0	131941	0.915625	7325
0	131959	0.91575	7326
0	131977	0.915875	7327
0	131995	0.916	7328
0	132013	0.916125	7329
0	132031	0.91625	7330
0	132049	0.916375	7331
0	132067	0.9165	7332
0	132085	0.916625	7333
0	132103	0.91675	7334
0	132121	0.916875	7335
0	132139	0.917	7336
0	132157	0.917125	7337
0	132175	0.91725	7338
0	132193	0.917375	7339
0	132211	0.9175	7340
0	132229	0.917625	7341
0	132247	0.91775	7342
0	132265	0.917875	7343
0	132283	0.918	7344
0	132301	0.918125	7345
0	132319	0.91825	7346
0	132337	0.918375	7347
0	132355	0.9185	7348
0	132373	0.918625	7349
0	132391	0.91875	7350
0	132409	0.918875	7351
0	132427	0.919	7352
0	132445	0.919125	7353
0	132463	0.91925	7354
0	132481	0.919375	7355
0	132499	0.9195	7356
0	132517	0.919625	7357
0	132535	0.91975	7358
0	132553	0.919875	7359
0	132571	0.92	7360
0	132589	0.920125	7361
0	132607	0.92025	7362
0	132625	0.920375	7363
0	132643	0.9205	7364
0	132661	0.920625	7365
0	132679	0.92075	7366
0	132697	0.920875	7367
0	132715	0.921	7368
0	132733	0.921125	7369
0	132751	0.92125	7370
0	132769	0.921375	7371
0	132787	0.9215	7372
0	132805	0.921625	7373
0	132823	0.92175	7374
0	132841	0.921875	7375
0	132859	0.922	7376
0	132877	0.922125	7377
0	132895	0.92225	7378
0	132913	0.922375	7379
0	132931	0.9225	7380
0	132949	0.922625	7381
0	132967	0.92275	7382
0	132985	0.922875	7383
0	133003	0.923	7384
0	133021	0.923125	7385
0	133039	0.92325	7386
0	133057	0.923375	7387
0	133075	0.9235	7388
0	133093	0.923625	7389
0	133111	0.92375	7390
0	133129	0.923875	7391
0	133147	0.924	7392
0	133165	0.924125	7393
0	133183	0.92425	7394
0	133201	0.924375	7395
0	133219	0.9245	7396
0	133237	0.924625	7397
0	133255	0.92475	7398
0	133273	0.924875	7399
0	133291	0.925	7400
0	133309	0.925125	7401
0	133327	0.92525	7402
0	133345	0.925375	7403
0	133363	0.9255	7404
0	133381	0.925625	7405
0	133399	0.92575	7406
0	133417	0.925875	7407
0	133435	0.926	7408
0	133453	0.926125	7409
0	133471	0.92625	7410
0	133489	0.926375	7411
0	133507	0.9265	7412
0	133525	0.926625	7413
0	133543	0.92675	7414
0	133561	0.926875	7415
0	133579	0.927	7416
0	133597	0.927125	7417
0	133615	0.92725	7418
0	133633	0.927375	7419
0	133651	0.9275	7420
0	133669	0.927625	7421
0	133687	0.92775	7422
0	133705	0.927875	7423
0	133723	0.928	7424
0	133741	0.928125	7425
0	133759	0.92825	7426
0	133777	0.928375	7427
0	133795	0.9285	7428
0	133813	0.928625	7429
0	133831	0.92875	7430
0	133849	0.928875	7431
0	133867	0.929	7432
0	133889	0.929125	7433
0	133907	0.92925	7434
0	133925	0.929375	7435
0	133943	0.9295	7436
0	133961	0.929625	7437
0	133979	0.92975	7438
0	133997	0.929875	7439
0	134015	0.93	7440
0	134033	0.930125	7441
0	134051	0.93025	7442
0	134069	0.930375	7443
0	134087	0.9305	7444
0	134105	0.930625	7445
0	134123	0.93075	7446
0	134141	0.930875	7447
0	134159	0.931	7448
0	134177	0.931125	7449
0	134195	0.93125	7450
0	134213	0.931375	7451
0	134231	0.9315	7452
0	134249	0.931625	7453
0	134267	0.93175	7454
0	134285	0.931875	7455
0	134303	0.932	7456
0	134321	0.932125	7457
0	134339	0.93225	7458
0	134357	0.932375	7459
0	134375	0.9325	7460
0	134393	0.932625	7461
0	134411	0.93275	7462
0	134429	0.932875	7463
0	134447	0.933	7464
0	134465	0.933125	7465
0	134483	0.93325	7466
0	134501	0.933375	7467
0	134519	0.9335	7468
0	134537	0.933625	7469
0	134555	0.93375	7470
0	134573	0.933875	7471
0	134591	0.934	7472
0	134609	0.934125	7473
0	134627	0.93425	7474
0	134645	0.934375	7475
0	134663	0.9345	7476
0	134681	0.934625	7477
0	134699	0.93475	7478
0	134717	0.934875	7479
0	134735	0.935	7480
0	134753	0.935125	7481
0	134771	0.93525	7482
0	134789	0.935375	7483
0	134807	0.9355	7484
0	134825	0.935625	7485
0	134843	0.93575	7486
0	134861	0.935875	7487
0	134879	0.936	7488
0	134897	0.936125	7489
0	134915	0.93625	7490
0	134933	0.936375	7491
0	134951	0.9365	7492
0	134969	0.936625	7493
0	134987	0.93675	7494
0	135005	0.936875	7495
0	135023	0.937	7496
0	135041	0.937125	7497
0	135059	0.93725	7498
0	135077	0.937375	7499
0	135095	0.9375	7500
0	135113	0.937625	7501
0	135131	0.93775	7502
0	135149	0.937875	7503
0	135167	0.938	7504
0	135185	0.938125	7505
0	135203	0.93825	7506
0	135221	0.938375	7507
0	135239	0.9385	7508
0	135257	0.938625	7509
0	135275	0.93875	7510
0	135293	0.938875	7511
0	135311	0.939	7512
0	135329	0.939125	7513
0	135347	0.93925	7514
0	135365	0.939375	7515
0	135383	0.9395	7516
0	135401	0.939625	7517
0	135419	0.93975	7518
0	135437	0.939875	7519
0	135455	0.94	7520
0	135473	0.940125	7521
0	135491	0.94025	7522
0	135509	0.940375	7523
0	135527	0.9405	7524
0	135545	0.940625	7525
0	135563	0.94075	7526
0	135581	0.940875	7527
0	135599	0.941	7528
0	135617	0.941125	7529
0	135635	0.94125	7530
0	135653	0.941375	7531
0	135671	0.9415	7532
0	135689	0.941625	7533
0	135707	0.94175	7534
0	135725	0.941875	7535
0	135743	0.942	7536
0	135761	0.942125	7537
0	135779	0.94225	7538
0	135797	0.942375	7539
0	135815	0.9425	7540
0	135833	0.942625	7541
0	135851	0.94275	7542
0	135869	0.942875	7543
0	135887	0.943	7544
0	135905	0.943125	7545
0	135923	0.94325	7546
0	135941	0.943375	7547
0	135959	0.9435	7548
0	135977	0.943625	7549
0	135995	0.94375	7550
0	136013	0.943875	7551
0	136031	0.944	7552
0	136049	0.944125	7553
0	136067	0.94425	7554
0	136085	0.944375	7555
0	136103	0.9445	7556
0	136121	0.944625	7557
0	136139	0.94475	7558
0	136157	0.944875	7559
0	136175	0.945	7560
0	136193	0.945125	7561
0	136211	0.94525	7562
0	136229	0.945375	7563
0	136247	0.9455	7564
0	136265	0.945625	7565
0	136283	0.94575	7566
0	136301	0.945875	7567
0	136319	0.946	7568
0	136337	0.946125	7569
0	136355	0.94625	7570
0	136373	0.946375	7571
0	136391	0.9465	7572
0	136409	0.946625	7573
0	136427	0.94675	7574
0	136445	0.946875	7575
0	136463	0.947	7576
0	136481	0.947125	7577
0	136499	0.94725	7578
0	136517	0.947375	7579
0	136535	0.9475	7580
0	136553	0.947625	7581
0	136571	0.94775	7582
0	136589	0.947875	7583
0	136607	0.948	7584
0	136625	0.948125	7585
0	136643	0.94825	7586
0	136661	0.948375	7587
0	136679	0.9485	7588
0	136697	0.948625	7589
0	136715	0.94875	7590
0	136733	0.948875	7591
0	136751	0.949	7592
0	136769	0.949125	7593
0	136787	0.94925	7594
0	136805	0.949375	7595
0	136823	0.9495	7596
0	136841	0.949625	7597
0	136859	0.94975	7598
0	136877	0.949875	7599
0	136895	0.95	7600
0	136913	0.950125	7601
0	136931	0.95025	7602
0	136949	0.950375	7603
0	136967	0.9505	7604
0	136985	0.950625	7605
0	137003	0.95075	7606
0	137021	0.950875	7607
0	137039	0.951	7608
0	137057	0.951125	7609
0	137075	0.95125	7610
0	137093	0.951375	7611
0	137111	0.9515	7612
0	137129	0.951625	7613
0	137147	0.95175	7614
0	137165	0.951875	7615
0	137183	0.952	7616
0	137201	0.952125	7617
0	137219	0.95225	7618
0	137237	0.952375	7619
0	137255	0.9525	7620
0	137273	0.952625	7621
0	137291	0.95275	7622
0	137309	0.952875	7623
0	137327	0.953	7624
0	137345	0.953125	7625
0	137363	0.95325	7626
0	137381	0.953375	7627
0	137399	0.9535	7628
0	137417	0.953625	7629
0	137435	0.95375	7630
0	137453	0.953875	7631
0	137471	0.954	7632
0	137489	0.954125	7633
0	137507	0.95425	7634
0	137525	0.954375	7635
0	137543	0.9545	7636
0	137561	0.954625	7637
0	137579	0.95475	7638
0	137597	0.954875	7639
0	137615	0.955	7640
0	137633	0.955125	7641
0	137651	0.95525	7642
0	137669	0.955375	7643
0	137687	0.9555	7644
0	137705	0.955625	7645
0	137723	0.95575	7646
0	137741	0.955875	7647
0	137759	0.956	7648
0	137777	0.956125	7649
0	137795	0.95625	7650
0	137813	0.956375	7651
0	137831	0.9565	7652
0	137849	0.956625	7653
0	137867	0.95675	7654
0	137885	0.956875	7655
0	137903	0.957	7656
0	137921	0.957125	7657
0	137939	0.95725	7658
0	137957	0.957375	7659
0	137975	0.9575	7660
0	137993	0.957625	7661
0	138011	0.95775	7662
0	138029	0.957875	7663
0	138047	0.958	7664
0	138065	0.958125	7665
0	138083	0.95825	7666
0	138101	0.958375	7667
0	138119	0.9585	7668
0	138137	0.958625	7669
0	138155	0.95875	7670
0	138173	0.958875	7671
0	138191	0.959	7672
0	138209	0.959125	7673
0	138227	0.95925	7674
0	138245	0.959375	7675
0	138263	0.9595	7676
0	138281	0.959625	7677
0	138299	0.95975	7678
0	138317	0.959875	7679
0	138335	0.96	7680
0	138353	0.960125	7681
0	138371	0.96025	7682
0	138389	0.960375	7683
0	138407	0.9605	7684
0	138425	0.960625	7685
0	138443	0.96075	7686
0	138461	0.960875	7687
0	138479	0.961	7688
0	138497	0.961125	7689
0	138515	0.96125	7690
0	138533	0.961375	7691
0	138551	0.9615	7692
0	138569	0.961625	7693
0	138587	0.96175	7694
0	138605	0.961875	7695
0	138623	0.962	7696
0	138641	0.962125	7697
0	138659	0.96225	7698
0	138677	0.962375	7699
0	138695	0.9625	7700
0	138713	0.962625	7701
0	138731	0.96275	7702
0	138749	0.962875	7703
0	138767	0.963	7704
0	138785	0.963125	7705
0	138803	0.96325	7706
0	138821	0.963375	7707
0	138839	0.9635	7708
0	138857	0.963625	7709
0	138875	0.96375	7710
0	138893	0.963875	7711
0	138911	0.964	7712
0	138929	0.964125	7713
0	138947	0.96425	7714
0	138965	0.964375	7715
0	138983	0.9645	7716
0	139001	0.964625	7717
0	139019	0.96475	7718
0	139037	0.964875	7719
0	139055	0.965	7720
0	139073	0.965125	7721
0	139091	0.96525	7722
0	139109	0.965375	7723
0	139127	0.9655	7724
0	139145	0.965625	7725
0	139163	0.96575	7726
0	139181	0.965875	7727
0	139199	0.966	7728
0	139217	0.966125	7729
0	139239	0.96625	7730
0	139257	0.966375	7731
0	139275	0.9665	7732
0	139293	0.966625	7733
0	139311	0.96675	7734
0	139329	0.966875	7735
0	139347	0.967	7736
0	139365	0.967125	7737
0	139383	0.96725	7738
0	139401	0.967375	7739
0	139419	0.9675	7740
0	139437	0.967625	7741
0	139455	0.96775	7742
0	139473	0.967875	7743
0	139491	0.968	7744
0	139509	0.968125	7745
0	139527	0.96825	7746
0	139545	0.968375	7747
0	139563	0.9685	7748
0	139581	0.968625	7749
0	139599	0.96875	7750
0	139617	0.968875	7751
0	139635	0.969	7752
0	139653	0.969125	7753
0	139671	0.96925	7754
0	139689	0.969375	7755
0	139707	0.9695	7756
0	139725	0.969625	7757
0	139743	0.96975	7758
0	139761	0.969875	7759
0	139779	0.97	7760
0	139797	0.970125	7761
0	139815	0.97025	7762
0	139833	0.970375	7763
0	139851	0.9705	7764
0	139869	0.970625	7765
0	139887	0.97075	7766
0	139905	0.970875	7767
0	139923	0.971	7768
0	139941	0.971125	7769
0	139959	0.97125	7770
0	139977	0.971375	7771
0	139995	0.9715	7772
0	140013	0.971625	7773
0	140031	0.97175	7774
0	140049	0.971875	7775
0	140067	0.972	7776
0	140085	0.972125	7777
0	140103	0.97225	7778
0	140121	0.972375	7779
0	140139	0.9725	7780
0	140157	0.972625	7781
0	140175	0.97275	7782
0	140193	0.972875	7783
0	140211	0.973	7784
0	140229	0.973125	7785
0	140247	0.97325	7786
0	140265	0.973375	7787
0	140283	0.9735	7788
0	140301	0.973625	7789
0	140319	0.97375	7790
0	140337	0.973875	7791
0	140355	0.974	7792
0	140373	0.974125	7793
0	140391	0.97425	7794
0	140409	0.974375	7795
0	140427	0.9745	7796
0	140445	0.974625	7797
0	140463	0.97475	7798
0	140481	0.974875	7799
0	140499	0.975	7800
0	140517	0.975125	7801
0	140535	0.97525	7802
0	140553	0.975375	7803
0	140571	0.9755	7804
0	140589	0.975625	7805
0	140607	0.97575	7806
0	140625	0.975875	7807
0	140643	0.976	7808
0	140661	0.976125	7809
0	140679	0.97625	7810
0	140697	0.976375	7811
0	140715	0.9765	7812
0	140733	0.976625	7813
0	140751	0.97675	7814
0	140769	0.976875	7815
0	140787	0.977	7816
0	140805	0.977125	7817
0	140823	0.97725	7818
0	140841	0.977375	7819
0	140859	0.9775	7820
0	140877	0.977625	7821
0	140895	0.97775	7822
0	140913	0.977875	7823
0	140931	0.978	7824
0	140949	0.978125	7825
0	140967	0.97825	7826
0	140985	0.978375	7827
0	141003	0.9785	7828
0	141021	0.978625	7829
0	141039	0.97875	7830
0	141057	0.978875	7831
0	141075	0.979	7832
0	141093	0.979125	7833
0	141111	0.97925	7834
0	141129	0.979375	7835
0	141147	0.9795	7836
0	141165	0.979625	7837
0	141183	0.97975	7838
0	141201	0.979875	7839
0	141219	0.98	7840
0	141237	0.980125	7841
0	141255	0.98025	7842
0	141273	0.980375	7843
0	141291	0.9805	7844
0	141309	0.980625	7845
0	141327	0.98075	7846
0	141345	0.980875	7847
0	141363	0.981	7848
0	141381	0.981125	7849
0	141399	0.98125	7850
0	141417	0.981375	7851
0	141435	0.9815	7852
0	141453	0.981625	7853
0	141471	0.98175	7854
0	141489	0.981875	7855
0	141507	0.982	7856
0	141525	0.982125	7857
0	141543	0.98225	7858
0	141561	0.982375	7859
0	141579	0.9825	7860
0	141597	0.982625	7861
0	141615	0.98275	7862
0	141633	0.982875	7863
0	141651	0.983	7864
0	141669	0.983125	7865
0	141687	0.98325	7866
0	141705	0.983375	7867
0	141723	0.9835	7868
0	141741	0.983625	7869
0	141759	0.98375	7870
0	141777	0.983875	7871
0	141795	0.984	7872
0	141813	0.984125	7873
0	141831	0.98425	7874
0	141849	0.984375	7875
0	141867	0.9845	7876
0	141885	0.984625	7877
0	141903	0.98475	7878
0	141921	0.984875	7879
0	141939	0.985	7880
0	141957	0.985125	7881
0	141975	0.98525	7882
0	141993	0.985375	7883
0	142011	0.9855	7884
0	142029	0.985625	7885
0	142047	0.98575	7886
0	142065	0.985875	7887
0	142083	0.986	7888
0	142101	0.986125	7889
0	142119	0.98625	7890
0	142137	0.986375	7891
0	142155	0.9865	7892
0	142173	0.986625	7893
0	142191	0.98675	7894
0	142209	0.986875	7895
0	142227	0.987	7896
0	142245	0.987125	7897
0	142263	0.98725	7898
0	142281	0.987375	7899
0	142299	0.9875	7900
0	142317	0.987625	7901
0	142335	0.98775	7902
0	142353	0.987875	7903
0	142371	0.988	7904
0	142389	0.988125	7905
0	142407	0.98825	7906
0	142425	0.988375	7907
0	142443	0.9885	7908
0	142461	0.988625	7909
0	142479	0.98875	7910
0	142497	0.988875	7911
0	142515	0.989	7912
0	142533	0.989125	7913
0	142551	0.98925	7914
0	142569	0.989375	7915
0	142587	0.9895	7916
0	142605	0.989625	7917
0	142623	0.98975	7918
0	142641	0.989875	7919
0	142659	0.99	7920
0	142677	0.990125	7921
0	142695	0.99025	7922
0	142713	0.990375	7923
0	142731	0.9905	7924
0	142749	0.990625	7925
0	142767	0.99075	7926
0	142785	0.990875	7927
0	142803	0.991	7928
0	142821	0.991125	7929
0	142839	0.99125	7930
0	142857	0.991375	7931
0	142875	0.9915	7932
0	142893	0.991625	7933
0	142911	0.99175	7934
0	142929	0.991875	7935
0	142947	0.992	7936
0	142965	0.992125	7937
0	142983	0.99225	7938
0	143001	0.992375	7939
0	143019	0.9925	7940
0	143037	0.992625	7941
0	143055	0.99275	7942
0	143073	0.992875	7943
0	143091	0.993	7944
0	143109	0.993125	7945
0	143127	0.99325	7946
0	143145	0.993375	7947
0	143163	0.9935	7948
0	143181	0.993625	7949
0	143199	0.99375	7950
0	143217	0.993875	7951
0	143235	0.994	7952
0	143253	0.994125	7953
0	143271	0.99425	7954
0	143289	0.994375	7955
0	143307	0.9945	7956
0	143325	0.994625	7957
0	143343	0.99475	7958
0	143361	0.994875	7959
0	143379	0.995	7960
0	143397	0.995125	7961
0	143415	0.99525	7962
0	143433	0.995375	7963
0	143451	0.9955	7964
0	143469	0.995625	7965
0	143487	0.99575	7966
0	143505	0.995875	7967
0	143523	0.996	7968
0	143541	0.996125	7969
0	143559	0.99625	7970
0	143577	0.996375	7971
0	143595	0.9965	7972
0	143613	0.996625	7973
0	143631	0.99675	7974
0	143649	0.996875	7975
0	143667	0.997	7976
0	143685	0.997125	7977
0	143703	0.99725	7978
0	143721	0.997375	7979
0	143739	0.9975	7980
0	143757	0.997625	7981
0	143775	0.99775	7982
0	143793	0.997875	7983
0	143811	0.998	7984
0	143829	0.998125	7985
0	143847	0.99825	7986
0	143865	0.998375	7987
0	143883	0.9985	7988
0	143901	0.998625	7989
0	143919	0.99875	7990
0	143937	0.998875	7991
0	143955	0.999	7992
0	143973	0.999125	7993
0	143991	0.99925	7994
0	144009	0.999375	7995
0	144027	0.9995	7996
0	144045	0.999625	7997
0	144063	0.99975	7998
0	144081	0.999875	7999
0	144099	1	8000
1	14	0.000125	1
1	32	0.00025	2
1	50	0.000375	3
1	68	0.0005	4
1	86	0.000625	5
1	104	0.00075	6
1	122	0.000875	7
1	140	0.001	8
1	158	0.001125	9
1	176	0.00125	10
1	194	0.001375	11
1	212	0.0015	12
1	230	0.001625	13
1	248	0.00175	14
1	266	0.001875	15
1	284	0.002	16
1	302	0.002125	17
1	320	0.00225	18
1	338	0.002375	19
1	356	0.0025	20
1	374	0.002625	21
1	392	0.00275	22
1	410	0.002875	23
1	428	0.003	24
1	446	0.003125	25
1	464	0.00325	26
1	482	0.003375	27
1	500	0.0035	28
1	518	0.003625	29
1	536	0.00375	30
1	554	0.003875	31
1	572	0.004	32
1	590	0.004125	33
1	608	0.00425	34
1	626	0.004375	35
1	644	0.0045	36
1	662	0.004625	37
1	680	0.00475	38
1	698	0.004875	39
1	716	0.005	40
1	734	0.005125	41
1	752	0.00525	42
1	770	0.005375	43
1	788	0.0055	44
1	806	0.005625	45
1	824	0.00575	46
1	842	0.005875	47
1	860	0.006	48
1	878	0.006125	49
1	896	0.00625	50
1	914	0.006375	51
1	932	0.0065	52
1	950	0.006625	53
1	968	0.00675	54
1	986	0.006875	55
1	1004	0.007	56
1	1022	0.007125	57
1	1040	0.00725	58
1	1058	0.007375	59
1	1076	0.0075	60
1	1094	0.007625	61
1	1112	0.00775	62
1	1130	0.007875	63
1	1148	0.008	64
1	1166	0.008125	65
1	1184	0.00825	66
1	1202	0.008375	67
1	1220	0.0085	68
1	1238	0.008625	69
1	1256	0.00875	70
1	1274	0.008875	71
1	1292	0.009	72
1	1310	0.009125	73
1	1328	0.00925	74
1	1346	0.009375	75
1	1364	0.0095	76
1	1382	0.009625	77
1	1400	0.00975	78
1	1418	0.009875	79
1	1436	0.01	80
1	1454	0.010125	81
1	1472	0.01025	82
1	1490	0.010375	83
1	1508	0.0105	84
1	1526	0.010625	85
1	1544	0.01075	86
1	1562	0.010875	87
1	1580	0.011	88
1	1598	0.011125	89
1	1616	0.01125	90
1	1634	0.011375	91
1	1652	0.0115	92
1	1670	0.011625	93
1	1688	0.01175	94
1	1706	0.011875	95
1	1724	0.012	96
1	1742	0.012125	97
1	1760	0.01225	98
1	1778	0.012375	99
1	1796	0.0125	100
1	1814	0.012625	101
1	1832	0.01275	102
1	1850	0.012875	103
1	1868	0.013	104
1	1886	0.013125	105
1	1904	0.01325	106
1	1922	0.013375	107
1	1940	0.0135	108
1	1958	0.013625	109
1	1976	0.01375	110
1	1994	0.013875	111
1	2012	0.014	112
1	2030	0.014125	113
1	2048	0.01425	114
1	2066	0.014375	115
1	2084	0.0145	116
1	2102	0.014625	117
1	2120	0.01475	118
1	2138	0.014875	119
1	2156	0.015	120
1	2174	0.015125	121
1	2192	0.01525	122
1	2210	0.015375	123
1	2228	0.0155	124
1	2246	0.015625	125
1	2264	0.01575	126
1	2282	0.015875	127
1	2300	0.016	128
1	2318	0.016125	129
1	2336	0.01625	130
1	2354	0.016375	131
1	2372	0.0165	132
1	2390	0.016625	133
1	2408	0.01675	134
1	2426	0.016875	135
1	2444	0.017	136
1	2462	0.017125	137
1	2480	0.01725	138
1	2498	0.017375	139
1	2516	0.0175	140
1	2534	0.017625	141
1	2552	0.01775	142
1	2570	0.017875	143
1	2588	0.018	144
1	2606	0.018125	145
1	2624	0.01825	146
1	2642	0.018375	147
1	2660	0.0185	148
1	2678	0.018625	149
1	2696	0.01875	150
1	2714	0.018875	151
1	2732	0.019	152
1	2750	0.019125	153
1	2768	0.01925	154
1	2786	0.019375	155
1	2804	0.0195	156
1	2822	0.019625	157
1	2840	0.01975	158
1	2858	0.019875	159
1	2876	0.02	160
1	2894	0.020125	161
1	2912	0.02025	162
1	2930	0.020375	163
1	2948	0.0205	164
1	2966	0.020625	165
1	2984	0.02075	166
1	3002	0.020875	167
1	3020	0.021	168
1	3038	0.021125	169
1	3056	0.02125	170
1	3074	0.021375	171
1	3092	0.0215	172
1	3110	0.021625	173
1	3128	0.02175	174
1	3146	0.021875	175
1	3164	0.022	176
1	3182	0.022125	177
1	3200	0.02225	178
1	3218	0.022375	179
1	3236	0.0225	180
1	3254	0.022625	181
1	3272	0.02275	182
1	3290	0.022875	183
1	3308	0.023	184
1	3326	0.023125	185
1	3344	0.02325	186
1	3362	0.023375	187
1	3380	0.0235	188
1	3398	0.023625	189
1	3416	0.02375	190
1	3434	0.023875	191
1	3452	0.024	192
1	3470	0.024125	193
1	3488	0.02425	194
1	3506	0.024375	195
1	3524	0.0245	196
1	3542	0.024625	197
1	3560	0.02475	198
1	3578	0.024875	199
1	3596	0.025	200
1	3614	0.025125	201
1	3632	0.02525	202
1	3650	0.025375	203
1	3668	0.0255	204
1	3686	0.025625	205
1	3704	0.02575	206
1	3722	0.025875	207
1	3740	0.026	208
1	3758	0.026125	209
1	3776	0.02625	210
1	3794	0.026375	211
1	3812	0.0265	212
1	3830	0.026625	213
1	3848	0.02675	214
1	3866	0.026875	215
1	3884	0.027	216
1	3902	0.027125	217
1	3920	0.02725	218
1	3938	0.027375	219
1	3956	0.0275	220
1	3974	0.027625	221
1	3992	0.02775	222
1	4010	0.027875	223
1	4028	0.028	224
1	4046	0.028125	225
1	4064	0.02825	226
1	4082	0.028375	227
1	4100	0.0285	228
1	4118	0.028625	229
1	4136	0.02875	230
1	4154	0.028875	231
1	4172	0.029	232
1	4190	0.029125	233
1	4208	0.02925	234
1	4226	0.029375	235
1	4244	0.0295	236
1	4262	0.029625	237
1	4280	0.02975	238
1	4298	0.029875	239
1	4316	0.03	240
1	4334	0.030125	241
1	4352	0.03025	242
1	4370	0.030375	243
1	4388	0.0305	244
1	4406	0.030625	245
1	4424	0.03075	246
1	4442	0.030875	247
1	4460	0.031	248
1	4478	0.031125	249
1	4496	0.03125	250
1	4514	0.031375	251
1	4532	0.0315	252
1	4550	0.031625	253
1	4568	0.03175	254
1	4586	0.031875	255
1	4604	0.032	256
1	4622	0.032125	257
1	4640	0.03225	258
1	4658	0.032375	259
1	4676	0.0325	260
1	4694	0.032625	261
1	4712	0.03275	262
1	4730	0.032875	263
1	4748	0.033	264
1	4766	0.033125	265
1	4784	0.03325	266
1	4802	0.033375	267
1	4820	0.0335	268
1	4838	0.033625	269
1	4856	0.03375	270
1	4874	0.033875	271
1	4892	0.034	272
1	4910	0.034125	273
1	4928	0.03425	274
1	4946	0.034375	275
1	4964	0.0345	276
1	4982	0.034625	277
1	5000	0.03475	278
1	5018	0.034875	279
1	5036	0.035	280
1	5054	0.035125	281
1	5072	0.03525	282
1	5090	0.035375	283
1	5108	0.0355	284
1	5126	0.035625	285
1	5144	0.03575	286
1	5162	0.035875	287
1	5180	0.036	288
1	5198	0.036125	289
1	5216	0.03625	290
1	5234	0.036375	291
1	5252	0.0365	292
1	5270	0.036625	293
1	5288	0.03675	294
1	5306	0.036875	295
1	5324	0.037	296
1	5342	0.037125	297
1	5364	0.03725	298
1	5382	0.037375	299
1	5400	0.0375	300
1	5418	0.037625	301
1	5436	0.03775	302
1	5454	0.037875	303
1	5472	0.038	304
1	5490	0.038125	305
1	5508	0.03825	306
1	5526	0.038375	307
1	5544	0.0385	308
1	5562	0.038625	309
1	5580	0.03875	310
1	5598	0.038875	311
1	5616	0.039	312
1	5634	0.039125	313
1	5652	0.03925	314
1	5670	0.039375	315
1	5688	0.0395	316
1	5706	0.039625	317
1	5724	0.03975	318
1	5742	0.039875	319
1	5760	0.04	320
1	5778	0.040125	321
1	5796	0.04025	322
1	5814	0.040375	323
1	5832	0.0405	324
1	5850	0.040625	325
1	5868	0.04075	326
1	5886	0.040875	327
1	5904	0.041	328
1	5922	0.041125	329
1	5940	0.04125	330
1	5958	0.041375	331
1	5976	0.0415	332
1	5994	0.041625	333
1	6012	0.04175	334
1	6030	0.041875	335
1	6048	0.042	336
1	6066	0.042125	337
1	6084	0.04225	338
1	6102	0.042375	339
1	6120	0.0425	340
1	6138	0.042625	341
1	6156	0.04275	342
1	6174	0.042875	343
1	6192	0.043	344
1	6210	0.043125	345
1	6228	0.04325	346
1	6246	0.043375	347
1	6264	0.0435	348
1	6282	0.043625	349
1	6300	0.04375	350
1	6318	0.043875	351
1	6336	0.044	352
1	6354	0.044125	353
1	6372	0.04425	354
1	6390	0.044375	355
1	6408	0.0445	356
1	6426	0.044625	357
1	6444	0.04475	358
1	6462	0.044875	359
1	6480	0.045	360
1	6498	0.045125	361
1	6516	0.04525	362
1	6534	0.045375	363
1	6552	0.0455	364
1	6570	0.045625	365
1	6588	0.04575	366
1	6606	0.045875	367
1	6624	0.046	368
1	6642	0.046125	369
1	6660	0.04625	370
1	6678	0.046375	371
1	6696	0.0465	372
1	6714	0.046625	373
1	6732	0.04675	374
1	6750	0.046875	375
1	6768	0.047	376
1	6786	0.047125	377
1	6804	0.04725	378
1	6822	0.047375	379
1	6840	0.0475	380
1	6858	0.047625	381
1	6876	0.04775	382
1	6894	0.047875	383
1	6912	0.048	384
1	6930	0.048125	385
1	6948	0.04825	386
1	6966	0.048375	387
1	6984	0.0485	388
1	7002	0.048625	389
1	7020	0.04875	390
1	7038	0.048875	391
1	7056	0.049	392
1	7074	0.049125	393
1	7092	0.04925	394
1	7110	0.049375	395
1	7128	0.0495	396
1	7146	0.049625	397
1	7164	0.04975	398
1	7182	0.049875	399
1	7200	0.05	400
1	7218	0.050125	401
1	7236	0.05025	402
1	7254	0.050375	403
1	7272	0.0505	404
1	7290	0.050625	405
1	7308	0.05075	406
1	7326	0.050875	407
1	7344	0.051	408
1	7362	0.051125	409
1	7380	0.05125	410
1	7398	0.051375	411
1	7416	0.0515	412
1	7434	0.051625	413
1	7452	0.05175	414
1	7470	0.051875	415
1	7488	0.052	416
1	7506	0.052125	417
1	7524	0.05225	418
1	7542	0.052375	419
1	7560	0.0525	420
1	7578	0.052625	421
1	7596	0.05275	422
1	7614	0.052875	423
1	7632	0.053	424
1	7650	0.053125	425
1	7668	0.05325	426
1	7686	0.053375	427
1	7704	0.0535	428
1	7722	0.053625	429
1	7740	0.05375	430
1	7758	0.053875	431
1	7776	0.054	432
1	7794	0.054125	433
1	7812	0.05425	434
1	7830	0.054375	435
1	7848	0.0545	436
1	7866	0.054625	437
1	7884	0.05475	438
1	7902	0.054875	439
1	7920	0.055	440
1	7938	0.055125	441
1	7956	0.05525	442
1	7974	0.055375	443
1	7992	0.0555	444
1	8010	0.055625	445
1	8028	0.05575	446
1	8046	0.055875	447
1	8064	0.056	448
1	8082	0.056125	449
1	8100	0.05625	450
1	8118	0.056375	451
1	8136	0.0565	452
1	8154	0.056625	453
1	8172	0.05675	454
1	8190	0.056875	455
1	8208	0.057	456
1	8226	0.057125	457
1	8244	0.05725	458
1	8262	0.057375	459
1	8280	0.0575	460
1	8298	0.057625	461
1	8316	0.05775	462
1	8334	0.057875	463
1	8352	0.058	464
1	8370	0.058125	465
1	8388	0.05825	466
1	8406	0.058375	467
1	8424	0.0585	468
1	8442	0.058625	469
1	8460	0.05875	470
1	8478	0.058875	471
1	8496	0.059	472
1	8514	0.059125	473
1	8532	0.05925	474
1	8550	0.059375	475
1	8568	0.0595	476
1	8586	0.059625	477
1	8604	0.05975	478
1	8622	0.059875	479
1	8640	0.06	480
1	8658	0.060125	481
1	8676	0.06025	482
1	8694	0.060375	483
1	8712	0.0605	484
1	8730	0.060625	485
1	8748	0.06075	486
1	8766	0.060875	487
1	8784	0.061	488
1	8802	0.061125	489
1	8820	0.06125	490
1	8838	0.061375	491
1	8856	0.0615	492
1	8874	0.061625	493
1	8892	0.06175	494
1	8910	0.061875	495
1	8928	0.062	496
1	8946	0.062125	497
1	8964	0.06225	498
1	8982	0.062375	499
1	9000	0.0625	500
1	9018	0.062625	501
1	9036	0.06275	502
1	9054	0.062875	503
1	9072	0.063	504
1	9090	0.063125	505
1	9108	0.06325	506
1	9126	0.063375	507
1	9144	0.0635	508
1	9162	0.063625	509
1	9180	0.06375	510
1	9198	0.063875	511
1	9216	0.064	512
1	9234	0.064125	513
1	9252	0.06425	514
1	9270	0.064375	515
1	9288	0.0645	516
1	9306	0.064625	517
1	9324	0.06475	518
1	9342	0.064875	519
1	9360	0.065	520
1	9378	0.065125	521
1	9396	0.06525	522
1	9414	0.065375	523
1	9432	0.0655	524
1	9450	0.065625	525
1	9468	0.06575	526
1	9486	0.065875	527
1	9504	0.066	528
1	9522	0.066125	529
1	9540	0.06625	530
1	9558	0.066375	531
1	9576	0.0665	532
1	9594	0.066625	533
1	9612	0.06675	534
1	9630	0.066875	535
1	9648	0.067	536
1	9666	0.067125	537
1	9684	0.06725	538
1	9702	0.067375	539
1	9720	0.0675	540
1	9738	0.067625	541
1	9756	0.06775	542
1	9774	0.067875	543
1	9792	0.068	544
1	9810	0.068125	545
1	9828	0.06825	546
1	9846	0.068375	547
1	9864	0.0685	548
1	9882	0.068625	549
1	9900	0.06875	550
1	9918	0.068875	551
1	9936	0.069	552
1	9954	0.069125	553
1	9972	0.06925	554
1	9990	0.069375	555
1	10008	0.0695	556
1	10026	0.069625	557
1	10044	0.06975	558
1	10062	0.069875	559
1	10080	0.07	560
1	10098	0.070125	561
1	10116	0.07025	562
1	10134	0.070375	563
1	10152	0.0705	564
1	10170	0.070625	565
1	10188	0.07075	566
1	10206	0.070875	567
1	10224	0.071	568
1	10242	0.071125	569
1	10260	0.07125	570
1	10278	0.071375	571
1	10296	0.0715	572
1	10314	0.071625	573
1	10332	0.07175	574
1	10350	0.071875	575
1	10368	0.072	576
1	10386	0.072125	577
1	10404	0.07225	578
1	10422	0.072375	579
1	10440	0.0725	580
1	10458	0.072625	581
1	10476	0.07275	582
1	10494	0.072875	583
1	10512	0.073	584
1	10530	0.073125	585
1	10548	0.07325	586
1	10566	0.073375	587
1	10584	0.0735	588
1	10602	0.073625	589
1	10620	0.07375	590
1	10638	0.073875	591
1	10656	0.074	592
1	10674	0.074125	593
1	10692	0.07425	594
1	10714	0.074375	595
1	10732	0.0745	596
1	10750	0.074625	597
1	10768	0.07475	598
1	10786	0.074875	599
1	10804	0.075	600
1	10822	0.075125	601
1	10840	0.07525	602
1	10858	0.075375	603
1	10876	0.0755	604
1	10894	0.075625	605
1	10912	0.07575	606
1	10930	0.075875	607
1	10948	0.076	608
1	10966	0.076125	609
1	10984	0.07625	610
1	11002	0.076375	611
1	11020	0.0765	612
1	11038	0.076625	613
1	11056	0.07675	614
1	11074	0.076875	615
1	11092	0.077	616
1	11110	0.077125	617
1	11128	0.07725	618
1	11146	0.077375	619
1	11164	0.0775	620
1	11182	0.077625	621
1	11200	0.07775	622
1	11218	0.077875	623
1	11236	0.078	624
1	11254	0.078125	625
1	11272	0.07825	626
1	11290	0.078375	627
1	11308	0.0785	628
1	11326	0.078625	629
1	11344	0.07875	630
1	11362	0.078875	631
1	11380	0.079	632
1	11398	0.079125	633
1	11416	0.07925	634
1	11434	0.079375	635
1	11452	0.0795	636
1	11470	0.079625	637
1	11488	0.07975	638
1	11506	0.079875	639
1	11524	0.08	640
1	11542	0.080125	641
1	11560	0.08025	642
1	11578	0.080375	643
1	11596	0.0805	644
1	11614	0.080625	645
1	11632	0.08075	646
1	11650	0.080875	647
1	11668	0.081	648
1	11686	0.081125	649
1	11704	0.08125	650
1	11722	0.081375	651
1	11740	0.0815	652
1	11758	0.081625	653
1	11776	0.08175	654
1	11794	0.081875	655
1	11812	0.082	656
1	11830	0.082125	657
1	11848	0.08225	658
1	11866	0.082375	659
1	11884	0.0825	660
1	11902	0.082625	661
1	11920	0.08275	662
1	11938	0.082875	663
1	11956	0.083	664
1	11974	0.083125	665
1	11992	0.08325	666
1	12010	0.083375	667
1	12028	0.0835	668
1	12046	0.083625	669
1	12064	0.08375	670
1	12082	0.083875	671
1	12100	0.084	672
1	12118	0.084125	673
1	12136	0.08425	674
1	12154	0.084375	675
1	12172	0.0845	676
1	12190	0.084625	677
1	12208	0.08475	678
1	12226	0.084875	679
1	12244	0.085	680
1	12262	0.085125	681
1	12280	0.08525	682
1	12298	0.085375	683
1	12316	0.0855	684
1	12334	0.085625	685
1	12352	0.08575	686
1	12370	0.085875	687
1	12388	0.086	688
1	12406	0.086125	689
1	12424	0.08625	690
1	12442	0.086375	691
1	12460	0.0865	692
1	12478	0.086625	693
1	12496	0.08675	694
1	12514	0.086875	695
1	12532	0.087	696
1	12550	0.087125	697
1	12568	0.08725	698
1	12586	0.087375	699
1	12604	0.0875	700
1	12622	0.087625	701
1	12640	0.08775	702
1	12658	0.087875	703
1	12676	0.088	704
1	12694	0.088125	705
1	12712	0.08825	706
1	12730	0.088375	707
1	12748	0.0885	708
1	12766	0.088625	709
1	12784	0.08875	710
1	12802	0.088875	711
1	12820	0.089	712
1	12838	0.089125	713
1	12856	0.08925	714
1	12874	0.089375	715
1	12892	0.0895	716
1	12910	0.089625	717
1	12928	0.08975	718
1	12946	0.089875	719
1	12964	0.09	720
1	12982	0.090125	721
1	13000	0.09025	722
1	13018	0.090375	723
1	13036	0.0905	724
1	13054	0.090625	725
1	13072	0.09075	726
1	13090	0.090875	727
1	13108	0.091	728
1	13126	0.091125	729
1	13144	0.09125	730
1	13162	0.091375	731
1	13180	0.0915	732
1	13198	0.091625	733
1	13216	0.09175	734
1	13234	0.091875	735
1	13252	0.092	736
1	13270	0.092125	737
1	13288	0.09225	738
1	13306	0.092375	739
1	13324	0.0925	740
1	13342	0.092625	741
1	13360	0.09275	742
1	13378	0.092875	743
1	13396	0.093	744
1	13414	0.093125	745
1	13432	0.09325	746
1	13450	0.093375	747
1	13468	0.0935	748
1	13486	0.093625	749
1	13504	0.09375	750
1	13522	0.093875	751
1	13540	0.094	752
1	13558	0.094125	753
1	13576	0.09425	754
1	13594	0.094375	755
1	13612	0.0945	756
1	13630	0.094625	757
1	13648	0.09475	758
1	13666	0.094875	759
1	13684	0.095	760
1	13702	0.095125	761
1	13720	0.09525	762
1	13738	0.095375	763
1	13756	0.0955	764
1	13774	0.095625	765
1	13792	0.09575	766
1	13810	0.095875	767
1	13828	0.096	768
1	13846	0.096125	769
1	13864	0.09625	770
1	13882	0.096375	771
1	13900	0.0965	772
1	13918	0.096625	773
1	13936	0.09675	774
1	13954	0.096875	775
1	13972	0.097	776
1	13990	0.097125	777
1	14008	0.09725	778
1	14026	0.097375	779
1	14044	0.0975	780
1	14062	0.097625	781
1	14080	0.09775	782
1	14098	0.097875	783
1	14116	0.098	784
1	14134	0.098125	785
1	14152	0.09825	786
1	14170	0.098375	787
1	14188	0.0985	788
1	14206	0.098625	789
1	14224	0.09875	790
1	14242	0.098875	791
1	14260	0.099	792
1	14278	0.099125	793
1	14296	0.09925	794
1	14314	0.099375	795
1	14332	0.0995	796
1	14350	0.099625	797
1	14368	0.09975	798
1	14386	0.099875	799
1	14404	0.1	800
1	14422	0.100125	801
1	14440	0.10025	802
1	14458	0.100375	803
1	14476	0.1005	804
1	14494	0.100625	805
1	14512	0.10075	806
1	14530	0.100875	807
1	14548	0.101	808
1	14566	0.101125	809
1	14584	0.10125	810
1	14602	0.101375	811
1	14620	0.1015	812
1	14638	0.101625	813
1	14656	0.10175	814
1	14674	0.101875	815
1	14692	0.102	816
1	14710	0.102125	817
1	14728	0.10225	818
1	14746	0.102375	819
1	14764	0.1025	820
1	14782	0.102625	821
1	14800	0.10275	822
1	14818	0.102875	823
1	14836	0.103	824
1	14854	0.103125	825
1	14872	0.10325	826
1	14890	0.103375	827
1	14908	0.1035	828
1	14926	0.103625	829
1	14944	0.10375	830
1	14962	0.103875	831
1	14980	0.104	832
1	14998	0.104125	833
1	15016	0.10425	834
1	15034	0.104375	835
1	15052	0.1045	836
1	15070	0.104625	837
1	15088	0.10475	838
1	15106	0.104875	839
1	15124	0.105	840
1	15142	0.105125	841
1	15160	0.10525	842
1	15178	0.105375	843
1	15196	0.1055	844
1	15214	0.105625	845
1	15232	0.10575	846
1	15250	0.105875	847
1	15268	0.106	848
1	15286	0.106125	849
1	15304	0.10625	850
1	15322	0.106375	851
1	15340	0.1065	852
1	15358	0.106625	853
1	15376	0.10675	854
1	15394	0.106875	855
1	15412	0.107	856
1	15430	0.107125	857
1	15448	0.10725	858
1	15466	0.107375	859
1	15484	0.1075	860
1	15502	0.107625	861
1	15520	0.10775	862
1	15538	0.107875	863
1	15556	0.108	864
1	15574	0.108125	865
1	15592	0.10825	866
1	15610	0.108375	867
1	15628	0.1085	868
1	15646	0.108625	869
1	15664	0.10875	870
1	15682	0.108875	871
1	15700	0.109	872
1	15718	0.109125	873
1	15736	0.10925	874
1	15754	0.109375	875
1	15772	0.1095	876
1	15790	0.109625	877
1	15808	0.10975	878
1	15826	0.109875	879
1	15844	0.11	880
1	15862	0.110125	881
1	15880	0.11025	882
1	15898	0.110375	883
1	15916	0.1105	884
1	15934	0.110625	885
1	15952	0.11075	886
1	15970	0.110875	887
1	15988	0.111	888
1	16006	0.111125	889
1	16024	0.11125	890
1	16042	0.111375	891
1	16064	0.1115	892
1	16082	0.111625	893
1	16100	0.11175	894
1	16118	0.111875	895
1	16136	0.112	896
1	16154	0.112125	897
1	16172	0.11225	898
1	16190	0.112375	899
1	16208	0.1125	900
1	16226	0.112625	901
1	16244	0.11275	902
1	16262	0.112875	903
1	16280	0.113	904
1	16298	0.113125	905
1	16316	0.11325	906
1	16334	0.113375	907
1	16352	0.1135	908
1	16370	0.113625	909
1	16388	0.11375	910
1	16406	0.113875	911
1	16424	0.114	912
1	16442	0.114125	913
1	16460	0.11425	914
1	16478	0.114375	915
1	16496	0.1145	916
1	16514	0.114625	917
1	16532	0.11475	918
1	16550	0.114875	919
1	16568	0.115	920
1	16586	0.115125	921
1	16604	0.11525	922
1	16622	0.115375	923
1	16640	0.1155	924
1	16658	0.115625	925
1	16676	0.11575	926
1	16694	0.115875	927
1	16712	0.116	928
1	16730	0.116125	929
1	16748	0.11625	930
1	16766	0.116375	931
1	16784	0.1165	932
1	16802	0.116625	933
1	16820	0.11675	934
1	16838	0.116875	935
1	16856	0.117	936
1	16874	0.117125	937
1	16892	0.11725	938
1	16910	0.117375	939
1	16928	0.1175	940
1	16946	0.117625	941
1	16964	0.11775	942
1	16982	0.117875	943
1	17000	0.118	944
1	17018	0.118125	945
1	17036	0.11825	946
1	17054	0.118375	947
1	17072	0.1185	948
1	17090	0.118625	949
1	17108	0.11875	950
1	17126	0.118875	951
1	17144	0.119	952
1	17162	0.119125	953
1	17180	0.11925	954
1	17198	0.119375	955
1	17216	0.1195	956
1	17234	0.119625	957
1	17252	0.11975	958
1	17270	0.119875	959
1	17288	0.12	960
1	17306	0.120125	961
1	17324	0.12025	962
1	17342	0.120375	963
1	17360	0.1205	964
1	17378	0.120625	965
1	17396	0.12075	966
1	17414	0.120875	967
1	17432	0.121	968
1	17450	0.121125	969
1	17468	0.12125	970
1	17486	0.121375	971
1	17504	0.1215	972
1	17522	0.121625	973
1	17540	0.12175	974
1	17558	0.121875	975
1	17576	0.122	976
1	17594	0.122125	977
1	17612	0.12225	978
1	17630	0.122375	979
1	17648	0.1225	980
1	17666	0.122625	981
1	17684	0.12275	982
1	17702	0.122875	983
1	17720	0.123	984
1	17738	0.123125	985
1	17756	0.12325	986
1	17774	0.123375	987
1	17792	0.1235	988
1	17810	0.123625	989
1	17828	0.12375	990
1	17846	0.123875	991
1	17864	0.124	992
1	17882	0.124125	993
1	17900	0.12425	994
1	17918	0.124375	995
1	17936	0.1245	996
1	17954	0.124625	997
1	17972	0.12475	998
1	17990	0.124875	999
1	18008	0.125	1000
1	18026	0.125125	1001
1	18044	0.12525	1002
1	18062	0.125375	1003
1	18080	0.1255	1004
1	18098	0.125625	1005
1	18116	0.12575	1006
1	18134	0.125875	1007
1	18152	0.126	1008
1	18170	0.126125	1009
1	18188	0.12625	1010
1	18206	0.126375	1011
1	18224	0.1265	1012
1	18242	0.126625	1013
1	18260	0.12675	1014
1	18278	0.126875	1015
1	18296	0.127	1016
1	18314	0.127125	1017
1	18332	0.12725	1018
1	18350	0.127375	1019
1	18368	0.1275	1020
1	18386	0.127625	1021
1	18404	0.12775	1022
1	18422	0.127875	1023
1	18440	0.128	1024
1	18458	0.128125	1025
1	18476	0.12825	1026
1	18494	0.128375	1027
1	18512	0.1285	1028
1	18530	0.128625	1029
1	18548	0.12875	1030
1	18566	0.128875	1031
1	18584	0.129	1032
1	18602	0.129125	1033
1	18620	0.12925	1034
1	18638	0.129375	1035
1	18656	0.1295	1036
1	18674	0.129625	1037
1	18692	0.12975	1038
1	18710	0.129875	1039
1	18728	0.13	1040
1	18746	0.130125	1041
1	18764	0.13025	1042
1	18782	0.130375	1043
1	18800	0.1305	1044
1	18818	0.130625	1045
1	18836	0.13075	1046
1	18854	0.130875	1047
1	18872	0.131	1048
1	18890	0.131125	1049
1	18908	0.13125	1050
1	18926	0.131375	1051
1	18944	0.1315	1052
1	18962	0.131625	1053
1	18980	0.13175	1054
1	18998	0.131875	1055
1	19016	0.132	1056
1	19034	0.132125	1057
1	19052	0.13225	1058
1	19070	0.132375	1059
1	19088	0.1325	1060
1	19106	0.132625	1061
1	19124	0.13275	1062
1	19142	0.132875	1063
1	19160	0.133	1064
1	19178	0.133125	1065
1	19196	0.13325	1066
1	19214	0.133375	1067
1	19232	0.1335	1068
1	19250	0.133625	1069
1	19268	0.13375	1070
1	19286	0.133875	1071
1	19304	0.134	1072
1	19322	0.134125	1073
1	19340	0.13425	1074
1	19358	0.134375	1075
1	19376	0.1345	1076
1	19394	0.134625	1077
1	19412	0.13475	1078
1	19430	0.134875	1079
1	19448	0.135	1080
1	19466	0.135125	1081
1	19484	0.13525	1082
1	19502	0.135375	1083
1	19520	0.1355	1084
1	19538	0.135625	1085
1	19556	0.13575	1086
1	19574	0.135875	1087
1	19592	0.136	1088
1	19610	0.136125	1089
1	19628	0.13625	1090
1	19646	0.136375	1091
1	19664	0.1365	1092
1	19682	0.136625	1093
1	19700	0.13675	1094
1	19718	0.136875	1095
1	19736	0.137	1096
1	19754	0.137125	1097
1	19772	0.13725	1098
1	19790	0.137375	1099
1	19808	0.1375	1100
1	19826	0.137625	1101
1	19844	0.13775	1102
1	19862	0.137875	1103
1	19880	0.138	1104
1	19898	0.138125	1105
1	19916	0.13825	1106
1	19934	0.138375	1107
1	19952	0.1385	1108
1	19970	0.138625	1109
1	19988	0.13875	1110
1	20006	0.138875	1111
1	20024	0.139	1112
1	20042	0.139125	1113
1	20060	0.13925	1114
1	20078	0.139375	1115
1	20096	0.1395	1116
1	20114	0.139625	1117
1	20132	0.13975	1118
1	20150	0.139875	1119
1	20168	0.14	1120
1	20186	0.140125	1121
1	20204	0.14025	1122
1	20222	0.140375	1123
1	20240	0.1405	1124
1	20258	0.140625	1125
1	20276	0.14075	1126
1	20294	0.140875	1127
1	20312	0.141	1128
1	20330	0.141125	1129
1	20348	0.14125	1130
1	20366	0.141375	1131
1	20384	0.1415	1132
1	20402	0.141625	1133
1	20420	0.14175	1134
1	20438	0.141875	1135
1	20456	0.142	1136
1	20474	0.142125	1137
1	20492	0.14225	1138
1	20510	0.142375	1139
1	20528	0.1425	1140
1	20546	0.142625	1141
1	20564	0.14275	1142
1	20582	0.142875	1143
1	20600	0.143	1144
1	20618	0.143125	1145
1	20636	0.14325	1146
1	20654	0.143375	1147
1	20672	0.1435	1148
1	20690	0.143625	1149
1	20708	0.14375	1150
1	20726	0.143875	1151
1	20744	0.144	1152
1	20762	0.144125	1153
1	20780	0.14425	1154
1	20798	0.144375	1155
1	20816	0.1445	1156
1	20834	0.144625	1157
1	20852	0.14475	1158
1	20870	0.144875	1159
1	20888	0.145	1160
1	20906	0.145125	1161
1	20924	0.14525	1162
1	20942	0.145375	1163
1	20960	0.1455	1164
1	20978	0.145625	1165
1	20996	0.14575	1166
1	21014	0.145875	1167
1	21032	0.146	1168
1	21050	0.146125	1169
1	21068	0.14625	1170
1	21086	0.146375	1171
1	21104	0.1465	1172
1	21122	0.146625	1173
1	21140	0.14675	1174
1	21158	0.146875	1175
1	21176	0.147	1176
1	21194	0.147125	1177
1	21212	0.14725	1178
1	21230	0.147375	1179
1	21248	0.1475	1180
1	21266	0.147625	1181
1	21284	0.14775	1182
1	21302	0.147875	1183
1	21320	0.148	1184
1	21338	0.148125	1185
1	21356	0.14825	1186
1	21374	0.148375	1187
1	21392	0.1485	1188
1	21410	0.148625	1189
1	21432	0.14875	1190
1	21450	0.148875	1191
1	21468	0.149	1192
1	21486	0.149125	1193
1	21504	0.14925	1194
1	21522	0.149375	1195
1	21540	0.1495	1196
1	21558	0.149625	1197
1	21576	0.14975	1198
1	21594	0.149875	1199
1	21612	0.15	1200
1	21630	0.150125	1201
1	21648	0.15025	1202
1	21666	0.150375	1203
1	21684	0.1505	1204
1	21702	0.150625	1205
1	21720	0.15075	1206
1	21738	0.150875	1207
1	21756	0.151	1208
1	21774	0.151125	1209
1	21792	0.15125	1210
1	21810	0.151375	1211
1	21828	0.1515	1212
1	21846	0.151625	1213
1	21864	0.15175	1214
1	21882	0.151875	1215
1	21900	0.152	1216
1	21918	0.152125	1217
1	21936	0.15225	1218
1	21954	0.152375	1219
1	21972	0.1525	1220
1	21990	0.152625	1221
1	22008	0.15275	1222
1	22026	0.152875	1223
1	22044	0.153	1224
1	22062	0.153125	1225
1	22080	0.15325	1226
1	22098	0.153375	1227
1	22116	0.1535	1228
1	22134	0.153625	1229
1	22152	0.15375	1230
1	22170	0.153875	1231
1	22188	0.154	1232
1	22206	0.154125	1233
1	22224	0.15425	1234
1	22242	0.154375	1235
1	22260	0.1545	1236
1	22278	0.154625	1237
1	22296	0.15475	1238
1	22314	0.154875	1239
1	22332	0.155	1240
1	22350	0.155125	1241
1	22368	0.15525	1242
1	22386	0.155375	1243
1	22404	0.1555	1244
1	22422	0.155625	1245
1	22440	0.15575	1246
1	22458	0.155875	1247
1	22476	0.156	1248
1	22494	0.156125	1249
1	22512	0.15625	1250
1	22530	0.156375	1251
1	22548	0.1565	1252
1	22566	0.156625	1253
1	22584	0.15675	1254
1	22602	0.156875	1255
1	22620	0.157	1256
1	22638	0.157125	1257
1	22656	0.15725	1258
1	22674	0.157375	1259
1	22692	0.1575	1260
1	22710	0.157625	1261
1	22728	0.15775	1262
1	22746	0.157875	1263
1	22764	0.158	1264
1	22782	0.158125	1265
1	22800	0.15825	1266
1	22818	0.158375	1267
1	22836	0.1585	1268
1	22854	0.158625	1269
1	22872	0.15875	1270
1	22890	0.158875	1271
1	22908	0.159	1272
1	22926	0.159125	1273
1	22944	0.15925	1274
1	22962	0.159375	1275
1	22980	0.1595	1276
1	22998	0.159625	1277
1	23016	0.15975	1278
1	23034	0.159875	1279
1	23052	0.16	1280
1	23070	0.160125	1281
1	23088	0.16025	1282
1	23106	0.160375	1283
1	23124	0.1605	1284
1	23142	0.160625	1285
1	23160	0.16075	1286
1	23178	0.160875	1287
1	23196	0.161	1288
1	23214	0.161125	1289
1	23232	0.16125	1290
1	23250	0.161375	1291
1	23268	0.1615	1292
1	23286	0.161625	1293
1	23304	0.16175	1294
1	23322	0.161875	1295
1	23340	0.162	1296
1	23358	0.162125	1297
1	23376	0.16225	1298
1	23394	0.162375	1299
1	23412	0.1625	1300
1	23430	0.162625	1301
1	23448	0.16275	1302
1	23466	0.162875	1303
1	23484	0.163	1304
1	23502	0.163125	1305
1	23520	0.16325	1306
1	23538	0.163375	1307
1	23556	0.1635	1308
1	23574	0.163625	1309
1	23592	0.16375	1310
1	23610	0.163875	1311
1	23628	0.164	1312
1	23646	0.164125	1313
1	23664	0.16425	1314
1	23682	0.164375	1315
1	23700	0.1645	1316
1	23718	0.164625	1317
1	23736	0.16475	1318
1	23754	0.164875	1319
1	23772	0.165	1320
1	23790	0.165125	1321
1	23808	0.16525	1322
1	23826	0.165375	1323
1	23844	0.1655	1324
1	23862	0.165625	1325
1	23880	0.16575	1326
1	23898	0.165875	1327
1	23916	0.166	1328
1	23934	0.166125	1329
1	23952	0.16625	1330
1	23970	0.166375	1331
1	23988	0.1665	1332
1	24006	0.166625	1333
1	24024	0.16675	1334
1	24042	0.166875	1335
1	24060	0.167	1336
1	24078	0.167125	1337
1	24096	0.16725	1338
1	24114	0.167375	1339
1	24132	0.1675	1340
1	24150	0.167625	1341
1	24168	0.16775	1342
1	24186	0.167875	1343
1	24204	0.168	1344
1	24222	0.168125	1345
1	24240	0.16825	1346
1	24258	0.168375	1347
1	24276	0.1685	1348
1	24294	0.168625	1349
1	24312	0.16875	1350
1	24330	0.168875	1351
1	24348	0.169	1352
1	24366	0.169125	1353
1	24384	0.16925	1354
1	24402	0.169375	1355
1	24420	0.1695	1356
1	24438	0.169625	1357
1	24456	0.16975	1358
1	24474	0.169875	1359
1	24492	0.17	1360
1	24510	0.170125	1361
1	24528	0.17025	1362
1	24546	0.170375	1363
1	24564	0.1705	1364
1	24582	0.170625	1365
1	24600	0.17075	1366
1	24618	0.170875	1367
1	24636	0.171	1368
1	24654	0.171125	1369
1	24672	0.17125	1370
1	24690	0.171375	1371
1	24708	0.1715	1372
1	24726	0.171625	1373
1	24744	0.17175	1374
1	24762	0.171875	1375
1	24780	0.172	1376
1	24798	0.172125	1377
1	24816	0.17225	1378
1	24834	0.172375	1379
1	24852	0.1725	1380
1	24870	0.172625	1381
1	24888	0.17275	1382
1	24906	0.172875	1383
1	24924	0.173	1384
1	24942	0.173125	1385
1	24960	0.17325	1386
1	24978	0.173375	1387
1	24996	0.1735	1388
1	25014	0.173625	1389
1	25032	0.17375	1390
1	25050	0.173875	1391
1	25068	0.174	1392
1	25086	0.174125	1393
1	25104	0.17425	1394
1	25122	0.174375	1395
1	25140	0.1745	1396
1	25158	0.174625	1397
1	25176	0.17475	1398
1	25194	0.174875	1399
1	25212	0.175	1400
1	25230	0.175125	1401
1	25248	0.17525	1402
1	25266	0.175375	1403
1	25284	0.1755	1404
1	25302	0.175625	1405
1	25320	0.17575	1406
1	25338	0.175875	1407
1	25356	0.176	1408
1	25374	0.176125	1409
1	25392	0.17625	1410
1	25410	0.176375	1411
1	25428	0.1765	1412
1	25446	0.176625	1413
1	25464	0.17675	1414
1	25482	0.176875	1415
1	25500	0.177	1416
1	25518	0.177125	1417
1	25536	0.17725	1418
1	25554	0.177375	1419
1	25572	0.1775	1420
1	25590	0.177625	1421
1	25608	0.17775	1422
1	25626	0.177875	1423
1	25644	0.178	1424
1	25662	0.178125	1425
1	25680	0.17825	1426
1	25698	0.178375	1427
1	25716	0.1785	1428
1	25734	0.178625	1429
1	25752	0.17875	1430
1	25770	0.178875	1431
1	25788	0.179	1432
1	25806	0.179125	1433
1	25824	0.17925	1434
1	25842	0.179375	1435
1	25860	0.1795	1436
1	25878	0.179625	1437
1	25896	0.17975	1438
1	25914	0.179875	1439
1	25932	0.18	1440
1	25950	0.180125	1441
1	25968	0.18025	1442
1	25986	0.180375	1443
1	26004	0.1805	1444
1	26022	0.180625	1445
1	26040	0.18075	1446
1	26058	0.180875	1447
1	26076	0.181	1448
1	26094	0.181125	1449
1	26112	0.18125	1450
1	26130	0.181375	1451
1	26148	0.1815	1452
1	26166	0.181625	1453
1	26184	0.18175	1454
1	26202	0.181875	1455
1	26220	0.182	1456
1	26238	0.182125	1457
1	26256	0.18225	1458
1	26274	0.182375	1459
1	26292	0.1825	1460
1	26310	0.182625	1461
1	26328	0.18275	1462
1	26346	0.182875	1463
1	26364	0.183	1464
1	26382	0.183125	1465
1	26400	0.18325	1466
1	26418	0.183375	1467
1	26436	0.1835	1468
1	26454	0.183625	1469
1	26472	0.18375	1470
1	26490	0.183875	1471
1	26508	0.184	1472
1	26526	0.184125	1473
1	26544	0.18425	1474
1	26562	0.184375	1475
1	26580	0.1845	1476
1	26598	0.184625	1477
1	26616	0.18475	1478
1	26634	0.184875	1479
1	26652	0.185	1480
1	26670	0.185125	1481
1	26688	0.18525	1482
1	26706	0.185375	1483
1	26724	0.1855	1484
1	26742	0.185625	1485
1	26760	0.18575	1486
1	26782	0.185875	1487
1	26800	0.186	1488
1	26818	0.186125	1489
1	26836	0.18625	1490
1	26854	0.186375	1491
1	26872	0.1865	1492
1	26890	0.186625	1493
1	26908	0.18675	1494
1	26926	0.186875	1495
1	26944	0.187	1496
1	26962	0.187125	1497
1	26980	0.18725	1498
1	26998	0.187375	1499
1	27016	0.1875	1500
1	27034	0.187625	1501
1	27052	0.18775	1502
1	27070	0.187875	1503
1	27088	0.188	1504
1	27106	0.188125	1505
1	27124	0.18825	1506
1	27142	0.188375	1507
1	27160	0.1885	1508
1	27178	0.188625	1509
1	27196	0.18875	1510
1	27214	0.188875	1511
1	27232	0.189	1512
1	27250	0.189125	1513
1	27268	0.18925	1514
1	27286	0.189375	1515
1	27304	0.1895	1516
1	27322	0.189625	1517
1	27340	0.18975	1518
1	27358	0.189875	1519
1	27376	0.19	1520
1	27394	0.190125	1521
1	27412	0.19025	1522
1	27430	0.190375	1523
1	27448	0.1905	1524
1	27466	0.190625	1525
1	27484	0.19075	1526
1	27502	0.190875	1527
1	27520	0.191	1528
1	27538	0.191125	1529
1	27556	0.19125	1530
1	27574	0.191375	1531
1	27592	0.1915	1532
1	27610	0.191625	1533
1	27628	0.19175	1534
1	27646	0.191875	1535
1	27664	0.192	1536
1	27682	0.192125	1537
1	27700	0.19225	1538
1	27718	0.192375	1539
1	27736	0.1925	1540
1	27754	0.192625	1541
1	27772	0.19275	1542
1	27790	0.192875	1543
1	27808	0.193	1544
1	27826	0.193125	1545
1	27844	0.19325	1546
1	27862	0.193375	1547
1	27880	0.1935	1548
1	27898	0.193625	1549
1	27916	0.19375	1550
1	27934	0.193875	1551
1	27952	0.194	1552
1	27970	0.194125	1553
1	27988	0.19425	1554
1	28006	0.194375	1555
1	28024	0.1945	1556
1	28042	0.194625	1557
1	28060	0.19475	1558
1	28078	0.194875	1559
1	28096	0.195	1560
1	28114	0.195125	1561
1	28132	0.19525	1562
1	28150	0.195375	1563
1	28168	0.1955	1564
1	28186	0.195625	1565
1	28204	0.19575	1566
1	28222	0.195875	1567
1	28240	0.196	1568
1	28258	0.196125	1569
1	28276	0.19625	1570
1	28294	0.196375	1571
1	28312	0.1965	1572
1	28330	0.196625	1573
1	28348	0.19675	1574
1	28366	0.196875	1575
1	28384	0.197	1576
1	28402	0.197125	1577
1	28420	0.19725	1578
1	28438	0.197375	1579
1	28456	0.1975	1580
1	28474	0.197625	1581
1	28492	0.19775	1582
1	28510	0.197875	1583
1	28528	0.198	1584
1	28546	0.198125	1585
1	28564	0.19825	1586
1	28582	0.198375	1587
1	28600	0.1985	1588
1	28618	0.198625	1589
1	28636	0.19875	1590
1	28654	0.198875	1591
1	28672	0.199	1592
1	28690	0.199125	1593
1	28708	0.19925	1594
1	28726	0.199375	1595
1	28744	0.1995	1596
1	28762	0.199625	1597
1	28780	0.19975	1598
1	28798	0.199875	1599
1	28816	0.2	1600
1	28834	0.200125	1601
1	28852	0.20025	1602
1	28870	0.200375	1603
1	28888	0.2005	1604
1	28906	0.200625	1605
1	28924	0.20075	1606
1	28942	0.200875	1607
1	28960	0.201	1608
1	28978	0.201125	1609
1	28996	0.20125	1610
1	29014	0.201375	1611
1	29032	0.2015	1612
1	29050	0.201625	1613
1	29068	0.20175	1614
1	29086	0.201875	1615
1	29104	0.202	1616
1	29122	0.202125	1617
1	29140	0.20225	1618
1	29158	0.202375	1619
1	29176	0.2025	1620
1	29194	0.202625	1621
1	29212	0.20275	1622
1	29230	0.202875	1623
1	29248	0.203	1624
1	29266	0.203125	1625
1	29284	0.20325	1626
1	29302	0.203375	1627
1	29320	0.2035	1628
1	29338	0.203625	1629
1	29356	0.20375	1630
1	29374	0.203875	1631
1	29392	0.204	1632
1	29410	0.204125	1633
1	29428	0.20425	1634
1	29446	0.204375	1635
1	29464	0.2045	1636
1	29482	0.204625	1637
1	29500	0.20475	1638
1	29518	0.204875	1639
1	29536	0.205	1640
1	29554	0.205125	1641
1	29572	0.20525	1642
1	29590	0.205375	1643
1	29608	0.2055	1644
1	29626	0.205625	1645
1	29644	0.20575	1646
1	29662	0.205875	1647
1	29680	0.206	1648
1	29698	0.206125	1649
1	29716	0.20625	1650
1	29734	0.206375	1651
1	29752	0.2065	1652
1	29770	0.206625	1653
1	29788	0.20675	1654
1	29806	0.206875	1655
1	29824	0.207	1656
1	29842	0.207125	1657
1	29860	0.20725	1658
1	29878	0.207375	1659
1	29896	0.2075	1660
1	29914	0.207625	1661
1	29932	0.20775	1662
1	29950	0.207875	1663
1	29968	0.208	1664
1	29986	0.208125	1665
1	30004	0.20825	1666
1	30022	0.208375	1667
1	30040	0.2085	1668
1	30058	0.208625	1669
1	30076	0.20875	1670
1	30094	0.208875	1671
1	30112	0.209	1672
1	30130	0.209125	1673
1	30148	0.20925	1674
1	30166	0.209375	1675
1	30184	0.2095	1676
1	30202	0.209625	1677
1	30220	0.20975	1678
1	30238	0.209875	1679
1	30256	0.21	1680
1	30274	0.210125	1681
1	30292	0.21025	1682
1	30310	0.210375	1683
1	30328	0.2105	1684
1	30346	0.210625	1685
1	30364	0.21075	1686
1	30382	0.210875	1687
1	30400	0.211	1688
1	30418	0.211125	1689
1	30436	0.21125	1690
1	30454	0.211375	1691
1	30472	0.2115	1692
1	30490	0.211625	1693
1	30508	0.21175	1694
1	30526	0.211875	1695
1	30544	0.212	1696
1	30562	0.212125	1697
1	30580	0.21225	1698
1	30598	0.212375	1699
1	30616	0.2125	1700
1	30634	0.212625	1701
1	30652	0.21275	1702
1	30670	0.212875	1703
1	30688	0.213	1704
1	30706	0.213125	1705
1	30724	0.21325	1706
1	30742	0.213375	1707
1	30760	0.2135	1708
1	30778	0.213625	1709
1	30796	0.21375	1710
1	30814	0.213875	1711
1	30832	0.214	1712
1	30850	0.214125	1713
1	30868	0.21425	1714
1	30886	0.214375	1715
1	30904	0.2145	1716
1	30922	0.214625	1717
1	30940	0.21475	1718
1	30958	0.214875	1719
1	30976	0.215	1720
1	30994	0.215125	1721
1	31012	0.21525	1722
1	31030	0.215375	1723
1	31048	0.2155	1724
1	31066	0.215625	1725
1	31084	0.21575	1726
1	31102	0.215875	1727
1	31120	0.216	1728
1	31138	0.216125	1729
1	31156	0.21625	1730
1	31174	0.216375	1731
1	31192	0.2165	1732
1	31210	0.216625	1733
1	31228	0.21675	1734
1	31246	0.216875	1735
1	31264	0.217	1736
1	31282	0.217125	1737
1	31300	0.21725	1738
1	31318	0.217375	1739
1	31336	0.2175	1740
1	31354	0.217625	1741
1	31372	0.21775	1742
1	31390	0.217875	1743
1	31408	0.218	1744
1	31426	0.218125	1745
1	31444	0.21825	1746
1	31462	0.218375	1747
1	31480	0.2185	1748
1	31498	0.218625	1749
1	31516	0.21875	1750
1	31534	0.218875	1751
1	31552	0.219	1752
1	31570	0.219125	1753
1	31588	0.21925	1754
1	31606	0.219375	1755
1	31624	0.2195	1756
1	31642	0.219625	1757
1	31660	0.21975	1758
1	31678	0.219875	1759
1	31696	0.22	1760
1	31714	0.220125	1761
1	31732	0.22025	1762
1	31750	0.220375	1763
1	31768	0.2205	1764
1	31786	0.220625	1765
1	31804	0.22075	1766
1	31822	0.220875	1767
1	31840	0.221	1768
1	31858	0.221125	1769
1	31876	0.22125	1770
1	31894	0.221375	1771
1	31912	0.2215	1772
1	31930	0.221625	1773
1	31948	0.22175	1774
1	31966	0.221875	1775
1	31984	0.222	1776
1	32002	0.222125	1777
1	32020	0.22225	1778
1	32038	0.222375	1779
1	32056	0.2225	1780
1	32074	0.222625	1781
1	32092	0.22275	1782
1	32110	0.222875	1783
1	32132	0.223	1784
1	32150	0.223125	1785
1	32168	0.22325	1786
1	32186	0.223375	1787
1	32204	0.2235	1788
1	32222	0.223625	1789
1	32240	0.22375	1790
1	32258	0.223875	1791
1	32276	0.224	1792
1	32294	0.224125	1793
1	32312	0.22425	1794
1	32330	0.224375	1795
1	32348	0.2245	1796
1	32366	0.224625	1797
1	32384	0.22475	1798
1	32402	0.224875	1799
1	32420	0.225	1800
1	32438	0.225125	1801
1	32456	0.22525	1802
1	32474	0.225375	1803
1	32492	0.2255	1804
1	32510	0.225625	1805
1	32528	0.22575	1806
1	32546	0.225875	1807
1	32564	0.226	1808
1	32582	0.226125	1809
1	32600	0.22625	1810
1	32618	0.226375	1811
1	32636	0.2265	1812
1	32654	0.226625	1813
1	32672	0.22675	1814
1	32690	0.226875	1815
1	32708	0.227	1816
1	32726	0.227125	1817
1	32744	0.22725	1818
1	32762	0.227375	1819
1	32780	0.2275	1820
1	32798	0.227625	1821
1	32816	0.22775	1822
1	32834	0.227875	1823
1	32852	0.228	1824
1	32870	0.228125	1825
1	32888	0.22825	1826
1	32906	0.228375	1827
1	32924	0.2285	1828
1	32942	0.228625	1829
1	32960	0.22875	1830
1	32978	0.228875	1831
1	32996	0.229	1832
1	33014	0.229125	1833
1	33032	0.22925	1834
1	33050	0.229375	1835
1	33068	0.2295	1836
1	33086	0.229625	1837
1	33104	0.22975	1838
1	33122	0.229875	1839
1	33140	0.23	1840
1	33158	0.230125	1841
1	33176	0.23025	1842
1	33194	0.230375	1843
1	33212	0.2305	1844
1	33230	0.230625	1845
1	33248	0.23075	1846
1	33266	0.230875	1847
1	33284	0.231	1848
1	33302	0.231125	1849
1	33320	0.23125	1850
1	33338	0.231375	1851
1	33356	0.2315	1852
1	33374	0.231625	1853
1	33392	0.23175	1854
1	33410	0.231875	1855
1	33428	0.232	1856
1	33446	0.232125	1857
1	33464	0.23225	1858
1	33482	0.232375	1859
1	33500	0.2325	1860
1	33518	0.232625	1861
1	33536	0.23275	1862
1	33554	0.232875	1863
1	33572	0.233	1864
1	33590	0.233125	1865
1	33608	0.23325	1866
1	33626	0.233375	1867
1	33644	0.2335	1868
1	33662	0.233625	1869
1	33680	0.23375	1870
1	33698	0.233875	1871
1	33716	0.234	1872
1	33734	0.234125	1873
1	33752	0.23425	1874
1	33770	0.234375	1875
1	33788	0.2345	1876
1	33806	0.234625	1877
1	33824	0.23475	1878
1	33842	0.234875	1879
1	33860	0.235	1880
1	33878	0.235125	1881
1	33896	0.23525	1882
1	33914	0.235375	1883
1	33932	0.2355	1884
1	33950	0.235625	1885
1	33968	0.23575	1886
1	33986	0.235875	1887
1	34004	0.236	1888
1	34022	0.236125	1889
1	34040	0.23625	1890
1	34058	0.236375	1891
1	34076	0.2365	1892
1	34094	0.236625	1893
1	34112	0.23675	1894
1	34130	0.236875	1895
1	34148	0.237	1896
1	34166	0.237125	1897
1	34184	0.23725	1898
1	34202	0.237375	1899
1	34220	0.2375	1900
1	34238	0.237625	1901
1	34256	0.23775	1902
1	34274	0.237875	1903
1	34292	0.238	1904
1	34310	0.238125	1905
1	34328	0.23825	1906
1	34346	0.238375	1907
1	34364	0.2385	1908
1	34382	0.238625	1909
1	34400	0.23875	1910
1	34418	0.238875	1911
1	34436	0.239	1912
1	34454	0.239125	1913
1	34472	0.23925	1914
1	34490	0.239375	1915
1	34508	0.2395	1916
1	34526	0.239625	1917
1	34544	0.23975	1918
1	34562	0.239875	1919
1	34580	0.24	1920
1	34598	0.240125	1921
1	34616	0.24025	1922
1	34634	0.240375	1923
1	34652	0.2405	1924
1	34670	0.240625	1925
1	34688	0.24075	1926
1	34706	0.240875	1927
1	34724	0.241	1928
1	34742	0.241125	1929
1	34760	0.24125	1930
1	34778	0.241375	1931
1	34796	0.2415	1932
1	34814	0.241625	1933
1	34832	0.24175	1934
1	34850	0.241875	1935
1	34868	0.242	1936
1	34886	0.242125	1937
1	34904	0.24225	1938
1	34922	0.242375	1939
1	34940	0.2425	1940
1	34958	0.242625	1941
1	34976	0.24275	1942
1	34994	0.242875	1943
1	35012	0.243	1944
1	35030	0.243125	1945
1	35048	0.24325	1946
1	35066	0.243375	1947
1	35084	0.2435	1948
1	35102	0.243625	1949
1	35120	0.24375	1950
1	35138	0.243875	1951
1	35156	0.244	1952
1	35174	0.244125	1953
1	35192	0.24425	1954
1	35210	0.244375	1955
1	35228	0.2445	1956
1	35246	0.244625	1957
1	35264	0.24475	1958
1	35282	0.244875	1959
1	35300	0.245	1960
1	35318	0.245125	1961
1	35336	0.24525	1962
1	35354	0.245375	1963
1	35372	0.2455	1964
1	35390	0.245625	1965
1	35408	0.24575	1966
1	35426	0.245875	1967
1	35444	0.246	1968
1	35462	0.246125	1969
1	35480	0.24625	1970
1	35498	0.246375	1971
1	35516	0.2465	1972
1	35534	0.246625	1973
1	35552	0.24675	1974
1	35570	0.246875	1975
1	35588	0.247	1976
1	35606	0.247125	1977
1	35624	0.24725	1978
1	35642	0.247375	1979
1	35660	0.2475	1980
1	35678	0.247625	1981
1	35696	0.24775	1982
1	35714	0.247875	1983
1	35732	0.248	1984
1	35750	0.248125	1985
1	35768	0.24825	1986
1	35786	0.248375	1987
1	35804	0.2485	1988
1	35822	0.248625	1989
1	35840	0.24875	1990
1	35858	0.248875	1991
1	35876	0.249	1992
1	35894	0.249125	1993
1	35912	0.24925	1994
1	35930	0.249375	1995
1	35948	0.2495	1996
1	35966	0.249625	1997
1	35984	0.24975	1998
1	36002	0.249875	1999
1	36020	0.25	2000
1	36038	0.250125	2001
1	36056	0.25025	2002
1	36074	0.250375	2003
1	36092	0.2505	2004
1	36110	0.250625	2005
1	36128	0.25075	2006
1	36146	0.250875	2007
1	36164	0.251	2008
1	36182	0.251125	2009
1	36200	0.25125	2010
1	36218	0.251375	2011
1	36236	0.2515	2012
1	36254	0.251625	2013
1	36272	0.25175	2014
1	36290	0.251875	2015
1	36308	0.252	2016
1	36326	0.252125	2017
1	36344	0.25225	2018
1	36362	0.252375	2019
1	36380	0.2525	2020
1	36398	0.252625	2021
1	36416	0.25275	2022
1	36434	0.252875	2023
1	36452	0.253	2024
1	36470	0.253125	2025
1	36488	0.25325	2026
1	36506	0.253375	2027
1	36524	0.2535	2028
1	36542	0.253625	2029
1	36560	0.25375	2030
1	36578	0.253875	2031
1	36596	0.254	2032
1	36614	0.254125	2033
1	36632	0.25425	2034
1	36650	0.254375	2035
1	36668	0.2545	2036
1	36686	0.254625	2037
1	36704	0.25475	2038
1	36722	0.254875	2039
1	36740	0.255	2040
1	36758	0.255125	2041
1	36776	0.25525	2042
1	36794	0.255375	2043
1	36812	0.2555	2044
1	36830	0.255625	2045
1	36848	0.25575	2046
1	36866	0.255875	2047
1	36884	0.256	2048
1	36902	0.256125	2049
1	36920	0.25625	2050
1	36938	0.256375	2051
1	36956	0.2565	2052
1	36974	0.256625	2053
1	36992	0.25675	2054
1	37010	0.256875	2055
1	37028	0.257	2056
1	37046	0.257125	2057
1	37064	0.25725	2058
1	37082	0.257375	2059
1	37100	0.2575	2060
1	37118	0.257625	2061
1	37136	0.25775	2062
1	37154	0.257875	2063
1	37172	0.258	2064
1	37190	0.258125	2065
1	37208	0.25825	2066
1	37226	0.258375	2067
1	37244	0.2585	2068
1	37262	0.258625	2069
1	37280	0.25875	2070
1	37298	0.258875	2071
1	37316	0.259	2072
1	37334	0.259125	2073
1	37352	0.25925	2074
1	37370	0.259375	2075
1	37388	0.2595	2076
1	37406	0.259625	2077
1	37424	0.25975	2078
1	37442	0.259875	2079
1	37460	0.26	2080
1	37478	0.260125	2081
1	37500	0.26025	2082
1	37518	0.260375	2083
1	37536	0.2605	2084
1	37554	0.260625	2085
1	37572	0.26075	2086
1	37590	0.260875	2087
1	37608	0.261	2088
1	37626	0.261125	2089
1	37644	0.26125	2090
1	37662	0.261375	2091
1	37680	0.2615	2092
1	37698	0.261625	2093
1	37716	0.26175	2094
1	37734	0.261875	2095
1	37752	0.262	2096
1	37770	0.262125	2097
1	37788	0.26225	2098
1	37806	0.262375	2099
1	37824	0.2625	2100
1	37842	0.262625	2101
1	37860	0.26275	2102
1	37878	0.262875	2103
1	37896	0.263	2104
1	37914	0.263125	2105
1	37932	0.26325	2106
1	37950	0.263375	2107
1	37968	0.2635	2108
1	37986	0.263625	2109
1	38004	0.26375	2110
1	38022	0.263875	2111
1	38040	0.264	2112
1	38058	0.264125	2113
1	38076	0.26425	2114
1	38094	0.264375	2115
1	38112	0.2645	2116
1	38130	0.264625	2117
1	38148	0.26475	2118
1	38166	0.264875	2119
1	38184	0.265	2120
1	38202	0.265125	2121
1	38220	0.26525	2122
1	38238	0.265375	2123
1	38256	0.2655	2124
1	38274	0.265625	2125
1	38292	0.26575	2126
1	38310	0.265875	2127
1	38328	0.266	2128
1	38346	0.266125	2129
1	38364	0.26625	2130
1	38382	0.266375	2131
1	38400	0.2665	2132
1	38418	0.266625	2133
1	38436	0.26675	2134
1	38454	0.266875	2135
1	38472	0.267	2136
1	38490	0.267125	2137
1	38508	0.26725	2138
1	38526	0.267375	2139
1	38544	0.2675	2140
1	38562	0.267625	2141
1	38580	0.26775	2142
1	38598	0.267875	2143
1	38616	0.268	2144
1	38634	0.268125	2145
1	38652	0.26825	2146
1	38670	0.268375	2147
1	38688	0.2685	2148
1	38706	0.268625	2149
1	38724	0.26875	2150
1	38742	0.268875	2151
1	38760	0.269	2152
1	38778	0.269125	2153
1	38796	0.26925	2154
1	38814	0.269375	2155
1	38832	0.2695	2156
1	38850	0.269625	2157
1	38868	0.26975	2158
1	38886	0.269875	2159
1	38904	0.27	2160
1	38922	0.270125	2161
1	38940	0.27025	2162
1	38958	0.270375	2163
1	38976	0.2705	2164
1	38994	0.270625	2165
1	39012	0.27075	2166
1	39030	0.270875	2167
1	39048	0.271	2168
1	39066	0.271125	2169
1	39084	0.27125	2170
1	39102	0.271375	2171
1	39120	0.2715	2172
1	39138	0.271625	2173
1	39156	0.27175	2174
1	39174	0.271875	2175
1	39192	0.272	2176
1	39210	0.272125	2177
1	39228	0.27225	2178
1	39246	0.272375	2179
1	39264	0.2725	2180
1	39282	0.272625	2181
1	39300	0.27275	2182
1	39318	0.272875	2183
1	39336	0.273	2184
1	39354	0.273125	2185
1	39372	0.27325	2186
1	39390	0.273375	2187
1	39408	0.2735	2188
1	39426	0.273625	2189
1	39444	0.27375	2190
1	39462	0.273875	2191
1	39480	0.274	2192
1	39498	0.274125	2193
1	39516	0.27425	2194
1	39534	0.274375	2195
1	39552	0.2745	2196
1	39570	0.274625	2197
1	39588	0.27475	2198
1	39606	0.274875	2199
1	39624	0.275	2200
1	39642	0.275125	2201
1	39660	0.27525	2202
1	39678	0.275375	2203
1	39696	0.2755	2204
1	39714	0.275625	2205
1	39732	0.27575	2206
1	39750	0.275875	2207
1	39768	0.276	2208
1	39786	0.276125	2209
1	39804	0.27625	2210
1	39822	0.276375	2211
1	39840	0.2765	2212
1	39858	0.276625	2213
1	39876	0.27675	2214
1	39894	0.276875	2215
1	39912	0.277	2216
1	39930	0.277125	2217
1	39948	0.27725	2218
1	39966	0.277375	2219
1	39984	0.2775	2220
1	40002	0.277625	2221
1	40020	0.27775	2222
1	40038	0.277875	2223
1	40056	0.278	2224
1	40074	0.278125	2225
1	40092	0.27825	2226
1	40110	0.278375	2227
1	40128	0.2785	2228
1	40146	0.278625	2229
1	40164	0.27875	2230
1	40182	0.278875	2231
1	40200	0.279	2232
1	40218	0.279125	2233
1	40236	0.27925	2234
1	40254	0.279375	2235
1	40272	0.2795	2236
1	40290	0.279625	2237
1	40308	0.27975	2238
1	40326	0.279875	2239
1	40344	0.28	2240
1	40362	0.280125	2241
1	40380	0.28025	2242
1	40398	0.280375	2243
1	40416	0.2805	2244
1	40434	0.280625	2245
1	40452	0.28075	2246
1	40470	0.280875	2247
1	40488	0.281	2248
1	40506	0.281125	2249
1	40524	0.28125	2250
1	40542	0.281375	2251
1	40560	0.2815	2252
1	40578	0.281625	2253
1	40596	0.28175	2254
1	40614	0.281875	2255
1	40632	0.282	2256
1	40650	0.282125	2257
1	40668	0.28225	2258
1	40686	0.282375	2259
1	40704	0.2825	2260
1	40722	0.282625	2261
1	40740	0.28275	2262
1	40758	0.282875	2263
1	40776	0.283	2264
1	40794	0.283125	2265
1	40812	0.28325	2266
1	40830	0.283375	2267
1	40848	0.2835	2268
1	40866	0.283625	2269
1	40884	0.28375	2270
1	40902	0.283875	2271
1	40920	0.284	2272
1	40938	0.284125	2273
1	40956	0.28425	2274
1	40974	0.284375	2275
1	40992	0.2845	2276
1	41010	0.284625	2277
1	41028	0.28475	2278
1	41046	0.284875	2279
1	41064	0.285	2280
1	41082	0.285125	2281
1	41100	0.28525	2282
1	41118	0.285375	2283
1	41136	0.2855	2284
1	41154	0.285625	2285
1	41172	0.28575	2286
1	41190	0.285875	2287
1	41208	0.286	2288
1	41226	0.286125	2289
1	41244	0.28625	2290
1	41262	0.286375	2291
1	41280	0.2865	2292
1	41298	0.286625	2293
1	41316	0.28675	2294
1	41334	0.286875	2295
1	41352	0.287	2296
1	41370	0.287125	2297
1	41388	0.28725	2298
1	41406	0.287375	2299
1	41424	0.2875	2300
1	41442	0.287625	2301
1	41460	0.28775	2302
1	41478	0.287875	2303
1	41496	0.288	2304
1	41514	0.288125	2305
1	41532	0.28825	2306
1	41550	0.288375	2307
1	41568	0.2885	2308
1	41586	0.288625	2309
1	41604	0.28875	2310
1	41622	0.288875	2311
1	41640	0.289	2312
1	41658	0.289125	2313
1	41676	0.28925	2314
1	41694	0.289375	2315
1	41712	0.2895	2316
1	41730	0.289625	2317
1	41748	0.28975	2318
1	41766	0.289875	2319
1	41784	0.29	2320
1	41802	0.290125	2321
1	41820	0.29025	2322
1	41838	0.290375	2323
1	41856	0.2905	2324
1	41874	0.290625	2325
1	41892	0.29075	2326
1	41910	0.290875	2327
1	41928	0.291	2328
1	41946	0.291125	2329
1	41964	0.29125	2330
1	41982	0.291375	2331
1	42000	0.2915	2332
1	42018	0.291625	2333
1	42036	0.29175	2334
1	42054	0.291875	2335
1	42072	0.292	2336
1	42090	0.292125	2337
1	42108	0.29225	2338
1	42126	0.292375	2339
1	42144	0.2925	2340
1	42162	0.292625	2341
1	42180	0.29275	2342
1	42198	0.292875	2343
1	42216	0.293	2344
1	42234	0.293125	2345
1	42252	0.29325	2346
1	42270	0.293375	2347
1	42288	0.2935	2348
1	42306	0.293625	2349
1	42324	0.29375	2350
1	42342	0.293875	2351
1	42360	0.294	2352
1	42378	0.294125	2353
1	42396	0.29425	2354
1	42414	0.294375	2355
1	42432	0.2945	2356
1	42450	0.294625	2357
1	42468	0.29475	2358
1	42486	0.294875	2359
1	42504	0.295	2360
1	42522	0.295125	2361
1	42540	0.29525	2362
1	42558	0.295375	2363
1	42576	0.2955	2364
1	42594	0.295625	2365
1	42612	0.29575	2366
1	42630	0.295875	2367
1	42648	0.296	2368
1	42666	0.296125	2369
1	42684	0.29625	2370
1	42702	0.296375	2371
1	42720	0.2965	2372
1	42738	0.296625	2373
1	42756	0.29675	2374
1	42774	0.296875	2375
1	42792	0.297	2376
1	42810	0.297125	2377
1	42828	0.29725	2378
1	42850	0.297375	2379
1	42868	0.2975	2380
1	42886	0.297625	2381
1	42904	0.29775	2382
1	42922	0.297875	2383
1	42940	0.298	2384
1	42958	0.298125	2385
1	42976	0.29825	2386
1	42994	0.298375	2387
1	43012	0.2985	2388
1	43030	0.298625	2389
1	43048	0.29875	2390
1	43066	0.298875	2391
1	43084	0.299	2392
1	43102	0.299125	2393
1	43120	0.29925	2394
1	43138	0.299375	2395
1	43156	0.2995	2396
1	43174	0.299625	2397
1	43192	0.29975	2398
1	43210	0.299875	2399
1	43228	0.3	2400
1	43246	0.300125	2401
1	43264	0.30025	2402
1	43282	0.300375	2403
1	43300	0.3005	2404
1	43318	0.300625	2405
1	43336	0.30075	2406
1	43354	0.300875	2407
1	43372	0.301	2408
1	43390	0.301125	2409
1	43408	0.30125	2410
1	43426	0.301375	2411
1	43444	0.3015	2412
1	43462	0.301625	2413
1	43480	0.30175	2414
1	43498	0.301875	2415
1	43516	0.302	2416
1	43534	0.302125	2417
1	43552	0.30225	2418
1	43570	0.302375	2419
1	43588	0.3025	2420
1	43606	0.302625	2421
1	43624	0.30275	2422
1	43642	0.302875	2423
1	43660	0.303	2424
1	43678	0.303125	2425
1	43696	0.30325	2426
1	43714	0.303375	2427
1	43732	0.3035	2428
1	43750	0.303625	2429
1	43768	0.30375	2430
1	43786	0.303875	2431
1	43804	0.304	2432
1	43822	0.304125	2433
1	43840	0.30425	2434
1	43858	0.304375	2435
1	43876	0.3045	2436
1	43894	0.304625	2437
1	43912	0.30475	2438
1	43930	0.304875	2439
1	43948	0.305	2440
1	43966	0.305125	2441
1	43984	0.30525	2442
1	44002	0.305375	2443
1	44020	0.3055	2444
1	44038	0.305625	2445
1	44056	0.30575	2446
1	44074	0.305875	2447
1	44092	0.306	2448
1	44110	0.306125	2449
1	44128	0.30625	2450
1	44146	0.306375	2451
1	44164	0.3065	2452
1	44182	0.306625	2453
1	44200	0.30675	2454
1	44218	0.306875	2455
1	44236	0.307	2456
1	44254	0.307125	2457
1	44272	0.30725	2458
1	44290	0.307375	2459
1	44308	0.3075	2460
1	44326	0.307625	2461
1	44344	0.30775	2462
1	44362	0.307875	2463
1	44380	0.308	2464
1	44398	0.308125	2465
1	44416	0.30825	2466
1	44434	0.308375	2467
1	44452	0.3085	2468
1	44470	0.308625	2469
1	44488	0.30875	2470
1	44506	0.308875	2471
1	44524	0.309	2472
1	44542	0.309125	2473
1	44560	0.30925	2474
1	44578	0.309375	2475
1	44596	0.3095	2476
1	44614	0.309625	2477
1	44632	0.30975	2478
1	44650	0.309875	2479
1	44668	0.31	2480
1	44686	0.310125	2481
1	44704	0.31025	2482
1	44722	0.310375	2483
1	44740	0.3105	2484
1	44758	0.310625	2485
1	44776	0.31075	2486
1	44794	0.310875	2487
1	44812	0.311	2488
1	44830	0.311125	2489
1	44848	0.31125	2490
1	44866	0.311375	2491
1	44884	0.3115	2492
1	44902	0.311625	2493
1	44920	0.31175	2494
1	44938	0.311875	2495
1	44956	0.312	2496
1	44974	0.312125	2497
1	44992	0.31225	2498
1	45010	0.312375	2499
1	45028	0.3125	2500
1	45046	0.312625	2501
1	45064	0.31275	2502
1	45082	0.312875	2503
1	45100	0.313	2504
1	45118	0.313125	2505
1	45136	0.31325	2506
1	45154	0.313375	2507
1	45172	0.3135	2508
1	45190	0.313625	2509
1	45208	0.31375	2510
1	45226	0.313875	2511
1	45244	0.314	2512
1	45262	0.314125	2513
1	45280	0.31425	2514
1	45298	0.314375	2515
1	45316	0.3145	2516
1	45334	0.314625	2517
1	45352	0.31475	2518
1	45370	0.314875	2519
1	45388	0.315	2520
1	45406	0.315125	2521
1	45424	0.31525	2522
1	45442	0.315375	2523
1	45460	0.3155	2524
1	45478	0.315625	2525
1	45496	0.31575	2526
1	45514	0.315875	2527
1	45532	0.316	2528
1	45550	0.316125	2529
1	45568	0.31625	2530
1	45586	0.316375	2531
1	45604	0.3165	2532
1	45622	0.316625	2533
1	45640	0.31675	2534
1	45658	0.316875	2535
1	45676	0.317	2536
1	45694	0.317125	2537
1	45712	0.31725	2538
1	45730	0.317375	2539
1	45748	0.3175	2540
1	45766	0.317625	2541
1	45784	0.31775	2542
1	45802	0.317875	2543
1	45820	0.318	2544
1	45838	0.318125	2545
1	45856	0.31825	2546
1	45874	0.318375	2547
1	45892	0.3185	2548
1	45910	0.318625	2549
1	45928	0.31875	2550
1	45946	0.318875	2551
1	45964	0.319	2552
1	45982	0.319125	2553
1	46000	0.31925	2554
1	46018	0.319375	2555
1	46036	0.3195	2556
1	46054	0.319625	2557
1	46072	0.31975	2558
1	46090	0.319875	2559
1	46108	0.32	2560
1	46126	0.320125	2561
1	46144	0.32025	2562
1	46162	0.320375	2563
1	46180	0.3205	2564
1	46198	0.320625	2565
1	46216	0.32075	2566
1	46234	0.320875	2567
1	46252	0.321	2568
1	46270	0.321125	2569
1	46288	0.32125	2570
1	46306	0.321375	2571
1	46324	0.3215	2572
1	46342	0.321625	2573
1	46360	0.32175	2574
1	46378	0.321875	2575
1	46396	0.322	2576
1	46414	0.322125	2577
1	46432	0.32225	2578
1	46450	0.322375	2579
1	46468	0.3225	2580
1	46486	0.322625	2581
1	46504	0.32275	2582
1	46522	0.322875	2583
1	46540	0.323	2584
1	46558	0.323125	2585
1	46576	0.32325	2586
1	46594	0.323375	2587
1	46612	0.3235	2588
1	46630	0.323625	2589
1	46648	0.32375	2590
1	46666	0.323875	2591
1	46684	0.324	2592
1	46702	0.324125	2593
1	46720	0.32425	2594
1	46738	0.324375	2595
1	46756	0.3245	2596
1	46774	0.324625	2597
1	46792	0.32475	2598
1	46810	0.324875	2599
1	46828	0.325	2600
1	46846	0.325125	2601
1	46864	0.32525	2602
1	46882	0.325375	2603
1	46900	0.3255	2604
1	46918	0.325625	2605
1	46936	0.32575	2606
1	46954	0.325875	2607
1	46972	0.326	2608
1	46990	0.326125	2609
1	47008	0.32625	2610
1	47026	0.326375	2611
1	47044	0.3265	2612
1	47062	0.326625	2613
1	47080	0.32675	2614
1	47098	0.326875	2615
1	47116	0.327	2616
1	47134	0.327125	2617
1	47152	0.32725	2618
1	47170	0.327375	2619
1	47188	0.3275	2620
1	47206	0.327625	2621
1	47224	0.32775	2622
1	47242	0.327875	2623
1	47260	0.328	2624
1	47278	0.328125	2625
1	47296	0.32825	2626
1	47314	0.328375	2627
1	47332	0.3285	2628
1	47350	0.328625	2629
1	47368	0.32875	2630
1	47386	0.328875	2631
1	47404	0.329	2632
1	47422	0.329125	2633
1	47440	0.32925	2634
1	47458	0.329375	2635
1	47476	0.3295	2636
1	47494	0.329625	2637
1	47512	0.32975	2638
1	47530	0.329875	2639
1	47548	0.33	2640
1	47566	0.330125	2641
1	47584	0.33025	2642
1	47602	0.330375	2643
1	47620	0.3305	2644
1	47638	0.330625	2645
1	47656	0.33075	2646
1	47674	0.330875	2647
1	47692	0.331	2648
1	47710	0.331125	2649
1	47728	0.33125	2650
1	47746	0.331375	2651
1	47764	0.3315	2652
1	47782	0.331625	2653
1	47800	0.33175	2654
1	47818	0.331875	2655
1	47836	0.332	2656
1	47854	0.332125	2657
1	47872	0.33225	2658
1	47890	0.332375	2659
1	47908	0.3325	2660
1	47926	0.332625	2661
1	47944	0.33275	2662
1	47962	0.332875	2663
1	47980	0.333	2664
1	47998	0.333125	2665
1	48016	0.33325	2666
1	48034	0.333375	2667
1	48052	0.3335	2668
1	48070	0.333625	2669
1	48088	0.33375	2670
1	48106	0.333875	2671
1	48124	0.334	2672
1	48142	0.334125	2673
1	48160	0.33425	2674
1	48178	0.334375	2675
1	48200	0.3345	2676
1	48218	0.334625	2677
1	48236	0.33475	2678
1	48254	0.334875	2679
1	48272	0.335	2680
1	48290	0.335125	2681
1	48308	0.33525	2682
1	48326	0.335375	2683
1	48344	0.3355	2684
1	48362	0.335625	2685
1	48380	0.33575	2686
1	48398	0.335875	2687
1	48416	0.336	2688
1	48434	0.336125	2689
1	48452	0.33625	2690
1	48470	0.336375	2691
1	48488	0.3365	2692
1	48506	0.336625	2693
1	48524	0.33675	2694
1	48542	0.336875	2695
1	48560	0.337	2696
1	48578	0.337125	2697
1	48596	0.33725	2698
1	48614	0.337375	2699
1	48632	0.3375	2700
1	48650	0.337625	2701
1	48668	0.33775	2702
1	48686	0.337875	2703
1	48704	0.338	2704
1	48722	0.338125	2705
1	48740	0.33825	2706
1	48758	0.338375	2707
1	48776	0.3385	2708
1	48794	0.338625	2709
1	48812	0.33875	2710
1	48830	0.338875	2711
1	48848	0.339	2712
1	48866	0.339125	2713
1	48884	0.33925	2714
1	48902	0.339375	2715
1	48920	0.3395	2716
1	48938	0.339625	2717
1	48956	0.33975	2718
1	48974	0.339875	2719
1	48992	0.34	2720
1	49010	0.340125	2721
1	49028	0.34025	2722
1	49046	0.340375	2723
1	49064	0.3405	2724
1	49082	0.340625	2725
1	49100	0.34075	2726
1	49118	0.340875	2727
1	49136	0.341	2728
1	49154	0.341125	2729
1	49172	0.34125	2730
1	49190	0.341375	2731
1	49208	0.3415	2732
1	49226	0.341625	2733
1	49244	0.34175	2734
1	49262	0.341875	2735
1	49280	0.342	2736
1	49298	0.342125	2737
1	49316	0.34225	2738
1	49334	0.342375	2739
1	49352	0.3425	2740
1	49370	0.342625	2741
1	49388	0.34275	2742
1	49406	0.342875	2743
1	49424	0.343	2744
1	49442	0.343125	2745
1	49460	0.34325	2746
1	49478	0.343375	2747
1	49496	0.3435	2748
1	49514	0.343625	2749
1	49532	0.34375	2750
1	49550	0.343875	2751
1	49568	0.344	2752
1	49586	0.344125	2753
1	49604	0.34425	2754
1	49622	0.344375	2755
1	49640	0.3445	2756
1	49658	0.344625	2757
1	49676	0.34475	2758
1	49694	0.344875	2759
1	49712	0.345	2760
1	49730	0.345125	2761
1	49748	0.34525	2762
1	49766	0.345375	2763
1	49784	0.3455	2764
1	49802	0.345625	2765
1	49820	0.34575	2766
1	49838	0.345875	2767
1	49856	0.346	2768
1	49874	0.346125	2769
1	49892	0.34625	2770
1	49910	0.346375	2771
1	49928	0.3465	2772
1	49946	0.346625	2773
1	49964	0.34675	2774
1	49982	0.346875	2775
1	50000	0.347	2776
1	50018	0.347125	2777
1	50036	0.34725	2778
1	50054	0.347375	2779
1	50072	0.3475	2780
1	50090	0.347625	2781
1	50108	0.34775	2782
1	50126	0.347875	2783
1	50144	0.348	2784
1	50162	0.348125	2785
1	50180	0.34825	2786
1	50198	0.348375	2787
1	50216	0.3485	2788
1	50234	0.348625	2789
1	50252	0.34875	2790
1	50270	0.348875	2791
1	50288	0.349	2792
1	50306	0.349125	2793
1	50324	0.34925	2794
1	50342	0.349375	2795
1	50360	0.3495	2796
1	50378	0.349625	2797
1	50396	0.34975	2798
1	50414	0.349875	2799
1	50432	0.35	2800
1	50450	0.350125	2801
1	50468	0.35025	2802
1	50486	0.350375	2803
1	50504	0.3505	2804
1	50522	0.350625	2805
1	50540	0.35075	2806
1	50558	0.350875	2807
1	50576	0.351	2808
1	50594	0.351125	2809
1	50612	0.35125	2810
1	50630	0.351375	2811
1	50648	0.3515	2812
1	50666	0.351625	2813
1	50684	0.35175	2814
1	50702	0.351875	2815
1	50720	0.352	2816
1	50738	0.352125	2817
1	50756	0.35225	2818
1	50774	0.352375	2819
1	50792	0.3525	2820
1	50810	0.352625	2821
1	50828	0.35275	2822
1	50846	0.352875	2823
1	50864	0.353	2824
1	50882	0.353125	2825
1	50900	0.35325	2826
1	50918	0.353375	2827
1	50936	0.3535	2828
1	50954	0.353625	2829
1	50972	0.35375	2830
1	50990	0.353875	2831
1	51008	0.354	2832
1	51026	0.354125	2833
1	51044	0.35425	2834
1	51062	0.354375	2835
1	51080	0.3545	2836
1	51098	0.354625	2837
1	51116	0.35475	2838
1	51134	0.354875	2839
1	51152	0.355	2840
1	51170	0.355125	2841
1	51188	0.35525	2842
1	51206	0.355375	2843
1	51224	0.3555	2844
1	51242	0.355625	2845
1	51260	0.35575	2846
1	51278	0.355875	2847
1	51296	0.356	2848
1	51314	0.356125	2849
1	51332	0.35625	2850
1	51350	0.356375	2851
1	51368	0.3565	2852
1	51386	0.356625	2853
1	51404	0.35675	2854
1	51422	0.356875	2855
1	51440	0.357	2856
1	51458	0.357125	2857
1	51476	0.35725	2858
1	51494	0.357375	2859
1	51512	0.3575	2860
1	51530	0.357625	2861
1	51548	0.35775	2862
1	51566	0.357875	2863
1	51584	0.358	2864
1	51602	0.358125	2865
1	51620	0.35825	2866
1	51638	0.358375	2867
1	51656	0.3585	2868
1	51674	0.358625	2869
1	51692	0.35875	2870
1	51710	0.358875	2871
1	51728	0.359	2872
1	51746	0.359125	2873
1	51764	0.35925	2874
1	51782	0.359375	2875
1	51800	0.3595	2876
1	51818	0.359625	2877
1	51836	0.35975	2878
1	51854	0.359875	2879
1	51872	0.36	2880
1	51890	0.360125	2881
1	51908	0.36025	2882
1	51926	0.360375	2883
1	51944	0.3605	2884
1	51962	0.360625	2885
1	51980	0.36075	2886
1	51998	0.360875	2887
1	52016	0.361	2888
1	52034	0.361125	2889
1	52052	0.36125	2890
1	52070	0.361375	2891
1	52088	0.3615	2892
1	52106	0.361625	2893
1	52124	0.36175	2894
1	52142	0.361875	2895
1	52160	0.362	2896
1	52178	0.362125	2897
1	52196	0.36225	2898
1	52214	0.362375	2899
1	52232	0.3625	2900
1	52250	0.362625	2901
1	52268	0.36275	2902
1	52286	0.362875	2903
1	52304	0.363	2904
1	52322	0.363125	2905
1	52340	0.36325	2906
1	52358	0.363375	2907
1	52376	0.3635	2908
1	52394	0.363625	2909
1	52412	0.36375	2910
1	52430	0.363875	2911
1	52448	0.364	2912
1	52466	0.364125	2913
1	52484	0.36425	2914
1	52502	0.364375	2915
1	52520	0.3645	2916
1	52538	0.364625	2917
1	52556	0.36475	2918
1	52574	0.364875	2919
1	52592	0.365	2920
1	52610	0.365125	2921
1	52628	0.36525	2922
1	52646	0.365375	2923
1	52664	0.3655	2924
1	52682	0.365625	2925
1	52700	0.36575	2926
1	52718	0.365875	2927
1	52736	0.366	2928
1	52754	0.366125	2929
1	52772	0.36625	2930
1	52790	0.366375	2931
1	52808	0.3665	2932
1	52826	0.366625	2933
1	52844	0.36675	2934
1	52862	0.366875	2935
1	52880	0.367	2936
1	52898	0.367125	2937
1	52916	0.36725	2938
1	52934	0.367375	2939
1	52952	0.3675	2940
1	52970	0.367625	2941
1	52988	0.36775	2942
1	53006	0.367875	2943
1	53024	0.368	2944
1	53042	0.368125	2945
1	53060	0.36825	2946
1	53078	0.368375	2947
1	53096	0.3685	2948
1	53114	0.368625	2949
1	53132	0.36875	2950
1	53150	0.368875	2951
1	53168	0.369	2952
1	53186	0.369125	2953
1	53204	0.36925	2954
1	53222	0.369375	2955
1	53240	0.3695	2956
1	53258	0.369625	2957
1	53276	0.36975	2958
1	53294	0.369875	2959
1	53312	0.37	2960
1	53330	0.370125	2961
1	53348	0.37025	2962
1	53366	0.370375	2963
1	53384	0.3705	2964
1	53402	0.370625	2965
1	53420	0.37075	2966
1	53438	0.370875	2967
1	53456	0.371	2968
1	53474	0.371125	2969
1	53492	0.37125	2970
1	53510	0.371375	2971
1	53528	0.3715	2972
1	53550	0.371625	2973
1	53568	0.37175	2974
1	53586	0.371875	2975
1	53604	0.372	2976
1	53622	0.372125	2977
1	53640	0.37225	2978
1	53658	0.372375	2979
1	53676	0.3725	2980
1	53694	0.372625	2981
1	53712	0.37275	2982
1	53730	0.372875	2983
1	53748	0.373	2984
1	53766	0.373125	2985
1	53784	0.37325	2986
1	53802	0.373375	2987
1	53820	0.3735	2988
1	53838	0.373625	2989
1	53856	0.37375	2990
1	53874	0.373875	2991
1	53892	0.374	2992
1	53910	0.374125	2993
1	53928	0.37425	2994
1	53946	0.374375	2995
1	53964	0.3745	2996
1	53982	0.374625	2997
1	54000	0.37475	2998
1	54018	0.374875	2999
1	54036	0.375	3000
1	54054	0.375125	3001
1	54072	0.37525	3002
1	54090	0.375375	3003
1	54108	0.3755	3004
1	54126	0.375625	3005
1	54144	0.37575	3006
1	54162	0.375875	3007
1	54180	0.376	3008
1	54198	0.376125	3009
1	54216	0.37625	3010
1	54234	0.376375	3011
1	54252	0.3765	3012
1	54270	0.376625	3013
1	54288	0.37675	3014
1	54306	0.376875	3015
1	54324	0.377	3016
1	54342	0.377125	3017
1	54360	0.37725	3018
1	54378	0.377375	3019
1	54396	0.3775	3020
1	54414	0.377625	3021
1	54432	0.37775	3022
1	54450	0.377875	3023
1	54468	0.378	3024
1	54486	0.378125	3025
1	54504	0.37825	3026
1	54522	0.378375	3027
1	54540	0.3785	3028
1	54558	0.378625	3029
1	54576	0.37875	3030
1	54594	0.378875	3031
1	54612	0.379	3032
1	54630	0.379125	3033
1	54648	0.37925	3034
1	54666	0.379375	3035
1	54684	0.3795	3036
1	54702	0.379625	3037
1	54720	0.37975	3038
1	54738	0.379875	3039
1	54756	0.38	3040
1	54774	0.380125	3041
1	54792	0.38025	3042
1	54810	0.380375	3043
1	54828	0.3805	3044
1	54846	0.380625	3045
1	54864	0.38075	3046
1	54882	0.380875	3047
1	54900	0.381	3048
1	54918	0.381125	3049
1	54936	0.38125	3050
1	54954	0.381375	3051
1	54972	0.3815	3052
1	54990	0.381625	3053
1	55008	0.38175	3054
1	55026	0.381875	3055
1	55044	0.382	3056
1	55062	0.382125	3057
1	55080	0.38225	3058
1	55098	0.382375	3059
1	55116	0.3825	3060
1	55134	0.382625	3061
1	55152	0.38275	3062
1	55170	0.382875	3063
1	55188	0.383	3064
1	55206	0.383125	3065
1	55224	0.38325	3066
1	55242	0.383375	3067
1	55260	0.3835	3068
1	55278	0.383625	3069
1	55296	0.38375	3070
1	55314	0.383875	3071
1	55332	0.384	3072
1	55350	0.384125	3073
1	55368	0.38425	3074
1	55386	0.384375	3075
1	55404	0.3845	3076
1	55422	0.384625	3077
1	55440	0.38475	3078
1	55458	0.384875	3079
1	55476	0.385	3080
1	55494	0.385125	3081
1	55512	0.38525	3082
1	55530	0.385375	3083
1	55548	0.3855	3084
1	55566	0.385625	3085
1	55584	0.38575	3086
1	55602	0.385875	3087
1	55620	0.386	3088
1	55638	0.386125	3089
1	55656	0.38625	3090
1	55674	0.386375	3091
1	55692	0.3865	3092
1	55710	0.386625	3093
1	55728	0.38675	3094
1	55746	0.386875	3095
1	55764	0.387	3096
1	55782	0.387125	3097
1	55800	0.38725	3098
1	55818	0.387375	3099
1	55836	0.3875	3100
1	55854	0.387625	3101
1	55872	0.38775	3102
1	55890	0.387875	3103
1	55908	0.388	3104
1	55926	0.388125	3105
1	55944	0.38825	3106
1	55962	0.388375	3107
1	55980	0.3885	3108
1	55998	0.388625	3109
1	56016	0.38875	3110
1	56034	0.388875	3111
1	56052	0.389	3112
1	56070	0.389125	3113
1	56088	0.38925	3114
1	56106	0.389375	3115
1	56124	0.3895	3116
1	56142	0.389625	3117
1	56160	0.38975	3118
1	56178	0.389875	3119
1	56196	0.39	3120
1	56214	0.390125	3121
1	56232	0.39025	3122
1	56250	0.390375	3123
1	56268	0.3905	3124
1	56286	0.390625	3125
1	56304	0.39075	3126
1	56322	0.390875	3127
1	56340	0.391	3128
1	56358	0.391125	3129
1	56376	0.39125	3130
1	56394	0.391375	3131
1	56412	0.3915	3132
1	56430	0.391625	3133
1	56448	0.39175	3134
1	56466	0.391875	3135
1	56484	0.392	3136
1	56502	0.392125	3137
1	56520	0.39225	3138
1	56538	0.392375	3139
1	56556	0.3925	3140
1	56574	0.392625	3141
1	56592	0.39275	3142
1	56610	0.392875	3143
1	56628	0.393	3144
1	56646	0.393125	3145
1	56664	0.39325	3146
1	56682	0.393375	3147
1	56700	0.3935	3148
1	56718	0.393625	3149
1	56736	0.39375	3150
1	56754	0.393875	3151
1	56772	0.394	3152
1	56790	0.394125	3153
1	56808	0.39425	3154
1	56826	0.394375	3155
1	56844	0.3945	3156
1	56862	0.394625	3157
1	56880	0.39475	3158
1	56898	0.394875	3159
1	56916	0.395	3160
1	56934	0.395125	3161
1	56952	0.39525	3162
1	56970	0.395375	3163
1	56988	0.3955	3164
1	57006	0.395625	3165
1	57024	0.39575	3166
1	57042	0.395875	3167
1	57060	0.396	3168
1	57078	0.396125	3169
1	57096	0.39625	3170
1	57114	0.396375	3171
1	57132	0.3965	3172
1	57150	0.396625	3173
1	57168	0.39675	3174
1	57186	0.396875	3175
1	57204	0.397	3176
1	57222	0.397125	3177
1	57240	0.39725	3178
1	57258	0.397375	3179
1	57276	0.3975	3180
1	57294	0.397625	3181
1	57312	0.39775	3182
1	57330	0.397875	3183
1	57348	0.398	3184
1	57366	0.398125	3185
1	57384	0.39825	3186
1	57402	0.398375	3187
1	57420	0.3985	3188
1	57438	0.398625	3189
1	57456	0.39875	3190
1	57474	0.398875	3191
1	57492	0.399	3192
1	57510	0.399125	3193
1	57528	0.39925	3194
1	57546	0.399375	3195
1	57564	0.3995	3196
1	57582	0.399625	3197
1	57600	0.39975	3198
1	57618	0.399875	3199
1	57636	0.4	3200
1	57654	0.400125	3201
1	57672	0.40025	3202
1	57690	0.400375	3203
1	57708	0.4005	3204
1	57726	0.400625	3205
1	57744	0.40075	3206
1	57762	0.400875	3207
1	57780	0.401	3208
1	57798	0.401125	3209
1	57816	0.40125	3210
1	57834	0.401375	3211
1	57852	0.4015	3212
1	57870	0.401625	3213
1	57888	0.40175	3214
1	57906	0.401875	3215
1	57924	0.402	3216
1	57942	0.402125	3217
1	57960	0.40225	3218
1	57978	0.402375	3219
1	57996	0.4025	3220
1	58014	0.402625	3221
1	58032	0.40275	3222
1	58050	0.402875	3223
1	58068	0.403	3224
1	58086	0.403125	3225
1	58104	0.40325	3226
1	58122	0.403375	3227
1	58140	0.4035	3228
1	58158	0.403625	3229
1	58176	0.40375	3230
1	58194	0.403875	3231
1	58212	0.404	3232
1	58230	0.404125	3233
1	58248	0.40425	3234
1	58266	0.404375	3235
1	58284	0.4045	3236
1	58302	0.404625	3237
1	58320	0.40475	3238
1	58338	0.404875	3239
1	58356	0.405	3240
1	58374	0.405125	3241
1	58392	0.40525	3242
1	58410	0.405375	3243
1	58428	0.4055	3244
1	58446	0.405625	3245
1	58464	0.40575	3246
1	58482	0.405875	3247
1	58500	0.406	3248
1	58518	0.406125	3249
1	58536	0.40625	3250
1	58554	0.406375	3251
1	58572	0.4065	3252
1	58590	0.406625	3253
1	58608	0.40675	3254
1	58626	0.406875	3255
1	58644	0.407	3256
1	58662	0.407125	3257
1	58680	0.40725	3258
1	58698	0.407375	3259
1	58716	0.4075	3260
1	58734	0.407625	3261
1	58752	0.40775	3262
1	58770	0.407875	3263
1	58788	0.408	3264
1	58806	0.408125	3265
1	58824	0.40825	3266
1	58842	0.408375	3267
1	58860	0.4085	3268
1	58878	0.408625	3269
1	58896	0.40875	3270
1	58918	0.408875	3271
1	58936	0.409	3272
1	58954	0.409125	3273
1	58972	0.40925	3274
1	58990	0.409375	3275
1	59008	0.4095	3276
1	59026	0.409625	3277
1	59044	0.40975	3278
1	59062	0.409875	3279
1	59080	0.41	3280
1	59098	0.410125	3281
1	59116	0.41025	3282
1	59134	0.410375	3283
1	59152	0.4105	3284
1	59170	0.410625	3285
1	59188	0.41075	3286
1	59206	0.410875	3287
1	59224	0.411	3288
1	59242	0.411125	3289
1	59260	0.41125	3290
1	59278	0.411375	3291
1	59296	0.4115	3292
1	59314	0.411625	3293
1	59332	0.41175	3294
1	59350	0.411875	3295
1	59368	0.412	3296
1	59386	0.412125	3297
1	59404	0.41225	3298
1	59422	0.412375	3299
1	59440	0.4125	3300
1	59458	0.412625	3301
1	59476	0.41275	3302
1	59494	0.412875	3303
1	59512	0.413	3304
1	59530	0.413125	3305
1	59548	0.41325	3306
1	59566	0.413375	3307
1	59584	0.4135	3308
1	59602	0.413625	3309
1	59620	0.41375	3310
1	59638	0.413875	3311
1	59656	0.414	3312
1	59674	0.414125	3313
1	59692	0.41425	3314
1	59710	0.414375	3315
1	59728	0.4145	3316
1	59746	0.414625	3317
1	59764	0.41475	3318
1	59782	0.414875	3319
1	59800	0.415	3320
1	59818	0.415125	3321
1	59836	0.41525	3322
1	59854	0.415375	3323
1	59872	0.4155	3324
1	59890	0.415625	3325
1	59908	0.41575	3326
1	59926	0.415875	3327
1	59944	0.416	3328
1	59962	0.416125	3329
1	59980	0.41625	3330
1	59998	0.416375	3331
1	60016	0.4165	3332
1	60034	0.416625	3333
1	60052	0.41675	3334
1	60070	0.416875	3335
1	60088	0.417	3336
1	60106	0.417125	3337
1	60124	0.41725	3338
1	60142	0.417375	3339
1	60160	0.4175	3340
1	60178	0.417625	3341
1	60196	0.41775	3342
1	60214	0.417875	3343
1	60232	0.418	3344
1	60250	0.418125	3345
1	60268	0.41825	3346
1	60286	0.418375	3347
1	60304	0.4185	3348
1	60322	0.418625	3349
1	60340	0.41875	3350
1	60358	0.418875	3351
1	60376	0.419	3352
1	60394	0.419125	3353
1	60412	0.41925	3354
1	60430	0.419375	3355
1	60448	0.4195	3356
1	60466	0.419625	3357
1	60484	0.41975	3358
1	60502	0.419875	3359
1	60520	0.42	3360
1	60538	0.420125	3361
1	60556	0.42025	3362
1	60574	0.420375	3363
1	60592	0.4205	3364
1	60610	0.420625	3365
1	60628	0.42075	3366
1	60646	0.420875	3367
1	60664	0.421	3368
1	60682	0.421125	3369
1	60700	0.42125	3370
1	60718	0.421375	3371
1	60736	0.4215	3372
1	60754	0.421625	3373
1	60772	0.42175	3374
1	60790	0.421875	3375
1	60808	0.422	3376
1	60826	0.422125	3377
1	60844	0.42225	3378
1	60862	0.422375	3379
1	60880	0.4225	3380
1	60898	0.422625	3381
1	60916	0.42275	3382
1	60934	0.422875	3383
1	60952	0.423	3384
1	60970	0.423125	3385
1	60988	0.42325	3386
1	61006	0.423375	3387
1	61024	0.4235	3388
1	61042	0.423625	3389
1	61060	0.42375	3390
1	61078	0.423875	3391
1	61096	0.424	3392
1	61114	0.424125	3393
1	61132	0.42425	3394
1	61150	0.424375	3395
1	61168	0.4245	3396
1	61186	0.424625	3397
1	61204	0.42475	3398
1	61222	0.424875	3399
1	61240	0.425	3400
1	61258	0.425125	3401
1	61276	0.42525	3402
1	61294	0.425375	3403
1	61312	0.4255	3404
1	61330	0.425625	3405
1	61348	0.42575	3406
1	61366	0.425875	3407
1	61384	0.426	3408
1	61402	0.426125	3409
1	61420	0.42625	3410
1	61438	0.426375	3411
1	61456	0.4265	3412
1	61474	0.426625	3413
1	61492	0.42675	3414
1	61510	0.426875	3415
1	61528	0.427	3416
1	61546	0.427125	3417
1	61564	0.42725	3418
1	61582	0.427375	3419
1	61600	0.4275	3420
1	61618	0.427625	3421
1	61636	0.42775	3422
1	61654	0.427875	3423
1	61672	0.428	3424
1	61690	0.428125	3425
1	61708	0.42825	3426
1	61726	0.428375	3427
1	61744	0.4285	3428
1	61762	0.428625	3429
1	61780	0.42875	3430
1	61798	0.428875	3431
1	61816	0.429	3432
1	61834	0.429125	3433
1	61852	0.42925	3434
1	61870	0.429375	3435
1	61888	0.4295	3436
1	61906	0.429625	3437
1	61924	0.42975	3438
1	61942	0.429875	3439
1	61960	0.43	3440
1	61978	0.430125	3441
1	61996	0.43025	3442
1	62014	0.430375	3443
1	62032	0.4305	3444
1	62050	0.430625	3445
1	62068	0.43075	3446
1	62086	0.430875	3447
1	62104	0.431	3448
1	62122	0.431125	3449
1	62140	0.43125	3450
1	62158	0.431375	3451
1	62176	0.4315	3452
1	62194	0.431625	3453
1	62212	0.43175	3454
1	62230	0.431875	3455
1	62248	0.432	3456
1	62266	0.432125	3457
1	62284	0.43225	3458
1	62302	0.432375	3459
1	62320	0.4325	3460
1	62338	0.432625	3461
1	62356	0.43275	3462
1	62374	0.432875	3463
1	62392	0.433	3464
1	62410	0.433125	3465
1	62428	0.43325	3466
1	62446	0.433375	3467
1	62464	0.4335	3468
1	62482	0.433625	3469
1	62500	0.43375	3470
1	62518	0.433875	3471
1	62536	0.434	3472
1	62554	0.434125	3473
1	62572	0.43425	3474
1	62590	0.434375	3475
1	62608	0.4345	3476
1	62626	0.434625	3477
1	62644	0.43475	3478
1	62662	0.434875	3479
1	62680	0.435	3480
1	62698	0.435125	3481
1	62716	0.43525	3482
1	62734	0.435375	3483
1	62752	0.4355	3484
1	62770	0.435625	3485
1	62788	0.43575	3486
1	62806	0.435875	3487
1	62824	0.436	3488
1	62842	0.436125	3489
1	62860	0.43625	3490
1	62878	0.436375	3491
1	62896	0.4365	3492
1	62914	0.436625	3493
1	62932	0.43675	3494
1	62950	0.436875	3495
1	62968	0.437	3496
1	62986	0.437125	3497
1	63004	0.43725	3498
1	63022	0.437375	3499
1	63040	0.4375	3500
1	63058	0.437625	3501
1	63076	0.43775	3502
1	63094	0.437875	3503
1	63112	0.438	3504
1	63130	0.438125	3505
1	63148	0.43825	3506
1	63166	0.438375	3507
1	63184	0.4385	3508
1	63202	0.438625	3509
1	63220	0.43875	3510
1	63238	0.438875	3511
1	63256	0.439	3512
1	63274	0.439125	3513
1	63292	0.43925	3514
1	63310	0.439375	3515
1	63328	0.4395	3516
1	63346	0.439625	3517
1	63364	0.43975	3518
1	63382	0.439875	3519
1	63400	0.44	3520
1	63418	0.440125	3521
1	63436	0.44025	3522
1	63454	0.440375	3523
1	63472	0.4405	3524
1	63490	0.440625	3525
1	63508	0.44075	3526
1	63526	0.440875	3527
1	63544	0.441	3528
1	63562	0.441125	3529
1	63580	0.44125	3530
1	63598	0.441375	3531
1	63616	0.4415	3532
1	63634	0.441625	3533
1	63652	0.44175	3534
1	63670	0.441875	3535
1	63688	0.442	3536
1	63706	0.442125	3537
1	63724	0.44225	3538
1	63742	0.442375	3539
1	63760	0.4425	3540
1	63778	0.442625	3541
1	63796	0.44275	3542
1	63814	0.442875	3543
1	63832	0.443	3544
1	63850	0.443125	3545
1	63868	0.44325	3546
1	63886	0.443375	3547
1	63904	0.4435	3548
1	63922	0.443625	3549
1	63940	0.44375	3550
1	63958	0.443875	3551
1	63976	0.444	3552
1	63994	0.444125	3553
1	64012	0.44425	3554
1	64030	0.444375	3555
1	64048	0.4445	3556
1	64066	0.444625	3557
1	64084	0.44475	3558
1	64102	0.444875	3559
1	64120	0.445	3560
1	64138	0.445125	3561
1	64156	0.44525	3562
1	64174	0.445375	3563
1	64192	0.4455	3564
1	64210	0.445625	3565
1	64228	0.44575	3566
1	64246	0.445875	3567
1	64268	0.446	3568
1	64286	0.446125	3569
1	64304	0.44625	3570
1	64322	0.446375	3571
1	64340	0.4465	3572
1	64358	0.446625	3573
1	64376	0.44675	3574
1	64394	0.446875	3575
1	64412	0.447	3576
1	64430	0.447125	3577
1	64448	0.44725	3578
1	64466	0.447375	3579
1	64484	0.4475	3580
1	64502	0.447625	3581
1	64520	0.44775	3582
1	64538	0.447875	3583
1	64556	0.448	3584
1	64574	0.448125	3585
1	64592	0.44825	3586
1	64610	0.448375	3587
1	64628	0.4485	3588
1	64646	0.448625	3589
1	64664	0.44875	3590
1	64682	0.448875	3591
1	64700	0.449	3592
1	64718	0.449125	3593
1	64736	0.44925	3594
1	64754	0.449375	3595
1	64772	0.4495	3596
1	64790	0.449625	3597
1	64808	0.44975	3598
1	64826	0.449875	3599
1	64844	0.45	3600
1	64862	0.450125	3601
1	64880	0.45025	3602
1	64898	0.450375	3603
1	64916	0.4505	3604
1	64934	0.450625	3605
1	64952	0.45075	3606
1	64970	0.450875	3607
1	64988	0.451	3608
1	65006	0.451125	3609
1	65024	0.45125	3610
1	65042	0.451375	3611
1	65060	0.4515	3612
1	65078	0.451625	3613
1	65096	0.45175	3614
1	65114	0.451875	3615
1	65132	0.452	3616
1	65150	0.452125	3617
1	65168	0.45225	3618
1	65186	0.452375	3619
1	65204	0.4525	3620
1	65222	0.452625	3621
1	65240	0.45275	3622
1	65258	0.452875	3623
1	65276	0.453	3624
1	65294	0.453125	3625
1	65312	0.45325	3626
1	65330	0.453375	3627
1	65348	0.4535	3628
1	65366	0.453625	3629
1	65384	0.45375	3630
1	65402	0.453875	3631
1	65420	0.454	3632
1	65438	0.454125	3633
1	65456	0.45425	3634
1	65474	0.454375	3635
1	65492	0.4545	3636
1	65510	0.454625	3637
1	65528	0.45475	3638
1	65546	0.454875	3639
1	65564	0.455	3640
1	65582	0.455125	3641
1	65600	0.45525	3642
1	65618	0.455375	3643
1	65636	0.4555	3644
1	65654	0.455625	3645
1	65672	0.45575	3646
1	65690	0.455875	3647
1	65708	0.456	3648
1	65726	0.456125	3649
1	65744	0.45625	3650
1	65762	0.456375	3651
1	65780	0.4565	3652
1	65798	0.456625	3653
1	65816	0.45675	3654
1	65834	0.456875	3655
1	65852	0.457	3656
1	65870	0.457125	3657
1	65888	0.45725	3658
1	65906	0.457375	3659
1	65924	0.4575	3660
1	65942	0.457625	3661
1	65960	0.45775	3662
1	65978	0.457875	3663
1	65996	0.458	3664
1	66014	0.458125	3665
1	66032	0.45825	3666
1	66050	0.458375	3667
1	66068	0.4585	3668
1	66086	0.458625	3669
1	66104	0.45875	3670
1	66122	0.458875	3671
1	66140	0.459	3672
1	66158	0.459125	3673
1	66176	0.45925	3674
1	66194	0.459375	3675
1	66212	0.4595	3676
1	66230	0.459625	3677
1	66248	0.45975	3678
1	66266	0.459875	3679
1	66284	0.46	3680
1	66302	0.460125	3681
1	66320	0.46025	3682
1	66338	0.460375	3683
1	66356	0.4605	3684
1	66374	0.460625	3685
1	66392	0.46075	3686
1	66410	0.460875	3687
1	66428	0.461	3688
1	66446	0.461125	3689
1	66464	0.46125	3690
1	66482	0.461375	3691
1	66500	0.4615	3692
1	66518	0.461625	3693
1	66536	0.46175	3694
1	66554	0.461875	3695
1	66572	0.462	3696
1	66590	0.462125	3697
1	66608	0.46225	3698
1	66626	0.462375	3699
1	66644	0.4625	3700
1	66662	0.462625	3701
1	66680	0.46275	3702
1	66698	0.462875	3703
1	66716	0.463	3704
1	66734	0.463125	3705
1	66752	0.46325	3706
1	66770	0.463375	3707
1	66788	0.4635	3708
1	66806	0.463625	3709
1	66824	0.46375	3710
1	66842	0.463875	3711
1	66860	0.464	3712
1	66878	0.464125	3713
1	66896	0.46425	3714
1	66914	0.464375	3715
1	66932	0.4645	3716
1	66950	0.464625	3717
1	66968	0.46475	3718
1	66986	0.464875	3719
1	67004	0.465	3720
1	67022	0.465125	3721
1	67040	0.46525	3722
1	67058	0.465375	3723
1	67076	0.4655	3724
1	67094	0.465625	3725
1	67112	0.46575	3726
1	67130	0.465875	3727
1	67148	0.466	3728
1	67166	0.466125	3729
1	67184	0.46625	3730
1	67202	0.466375	3731
1	67220	0.4665	3732
1	67238	0.466625	3733
1	67256	0.46675	3734
1	67274	0.466875	3735
1	67292	0.467	3736
1	67310	0.467125	3737
1	67328	0.46725	3738
1	67346	0.467375	3739
1	67364	0.4675	3740
1	67382	0.467625	3741
1	67400	0.46775	3742
1	67418	0.467875	3743
1	67436	0.468	3744
1	67454	0.468125	3745
1	67472	0.46825	3746
1	67490	0.468375	3747
1	67508	0.4685	3748
1	67526	0.468625	3749
1	67544	0.46875	3750
1	67562	0.468875	3751
1	67580	0.469	3752
1	67598	0.469125	3753
1	67616	0.46925	3754
1	67634	0.469375	3755
1	67652	0.4695	3756
1	67670	0.469625	3757
1	67688	0.46975	3758
1	67706	0.469875	3759
1	67724	0.47	3760
1	67742	0.470125	3761
1	67760	0.47025	3762
1	67778	0.470375	3763
1	67796	0.4705	3764
1	67814	0.470625	3765
1	67832	0.47075	3766
1	67850	0.470875	3767
1	67868	0.471	3768
1	67886	0.471125	3769
1	67904	0.47125	3770
1	67922	0.471375	3771
1	67940	0.4715	3772
1	67958	0.471625	3773
1	67976	0.47175	3774
1	67994	0.471875	3775
1	68012	0.472	3776
1	68030	0.472125	3777
1	68048	0.47225	3778
1	68066	0.472375	3779
1	68084	0.4725	3780
1	68102	0.472625	3781
1	68120	0.47275	3782
1	68138	0.472875	3783
1	68156	0.473	3784
1	68174	0.473125	3785
1	68192	0.47325	3786
1	68210	0.473375	3787
1	68228	0.4735	3788
1	68246	0.473625	3789
1	68264	0.47375	3790
1	68282	0.473875	3791
1	68300	0.474	3792
1	68318	0.474125	3793
1	68336	0.47425	3794
1	68354	0.474375	3795
1	68372	0.4745	3796
1	68390	0.474625	3797
1	68408	0.47475	3798
1	68426	0.474875	3799
1	68444	0.475	3800
1	68462	0.475125	3801
1	68480	0.47525	3802
1	68498	0.475375	3803
1	68516	0.4755	3804
1	68534	0.475625	3805
1	68552	0.47575	3806
1	68570	0.475875	3807
1	68588	0.476	3808
1	68606	0.476125	3809
1	68624	0.47625	3810
1	68642	0.476375	3811
1	68660	0.4765	3812
1	68678	0.476625	3813
1	68696	0.47675	3814
1	68714	0.476875	3815
1	68732	0.477	3816
1	68750	0.477125	3817
1	68768	0.47725	3818
1	68786	0.477375	3819
1	68804	0.4775	3820
1	68822	0.477625	3821
1	68840	0.47775	3822
1	68858	0.477875	3823
1	68876	0.478	3824
1	68894	0.478125	3825
1	68912	0.47825	3826
1	68930	0.478375	3827
1	68948	0.4785	3828
1	68966	0.478625	3829
1	68984	0.47875	3830
1	69002	0.478875	3831
1	69020	0.479	3832
1	69038	0.479125	3833
1	69056	0.47925	3834
1	69074	0.479375	3835
1	69092	0.4795	3836
1	69110	0.479625	3837
1	69128	0.47975	3838
1	69146	0.479875	3839
1	69164	0.48	3840
1	69182	0.480125	3841
1	69200	0.48025	3842
1	69218	0.480375	3843
1	69236	0.4805	3844
1	69254	0.480625	3845
1	69272	0.48075	3846
1	69290	0.480875	3847
1	69308	0.481	3848
1	69326	0.481125	3849
1	69344	0.48125	3850
1	69362	0.481375	3851
1	69380	0.4815	3852
1	69398	0.481625	3853
1	69416	0.48175	3854
1	69434	0.481875	3855
1	69452	0.482	3856
1	69470	0.482125	3857
1	69488	0.48225	3858
1	69506	0.482375	3859
1	69524	0.4825	3860
1	69542	0.482625	3861
1	69560	0.48275	3862
1	69578	0.482875	3863
1	69596	0.483	3864
1	69618	0.483125	3865
1	69636	0.48325	3866
1	69654	0.483375	3867
1	69672	0.4835	3868
1	69690	0.483625	3869
1	69708	0.48375	3870
1	69726	0.483875	3871
1	69744	0.484	3872
1	69762	0.484125	3873
1	69780	0.48425	3874
1	69798	0.484375	3875
1	69816	0.4845	3876
1	69834	0.484625	3877
1	69852	0.48475	3878
1	69870	0.484875	3879
1	69888	0.485	3880
1	69906	0.485125	3881
1	69924	0.48525	3882
1	69942	0.485375	3883
1	69960	0.4855	3884
1	69978	0.485625	3885
1	69996	0.48575	3886
1	70014	0.485875	3887
1	70032	0.486	3888
1	70050	0.486125	3889
1	70068	0.48625	3890
1	70086	0.486375	3891
1	70104	0.4865	3892
1	70122	0.486625	3893
1	70140	0.48675	3894
1	70158	0.486875	3895
1	70176	0.487	3896
1	70194	0.487125	3897
1	70212	0.48725	3898
1	70230	0.487375	3899
1	70248	0.4875	3900
1	70266	0.487625	3901
1	70284	0.48775	3902
1	70302	0.487875	3903
1	70320	0.488	3904
1	70338	0.488125	3905
1	70356	0.48825	3906
1	70374	0.488375	3907
1	70392	0.4885	3908
1	70410	0.488625	3909
1	70428	0.48875	3910
1	70446	0.488875	3911
1	70464	0.489	3912
1	70482	0.489125	3913
1	70500	0.48925	3914
1	70518	0.489375	3915
1	70536	0.4895	3916
1	70554	0.489625	3917
1	70572	0.48975	3918
1	70590	0.489875	3919
1	70608	0.49	3920
1	70626	0.490125	3921
1	70644	0.49025	3922
1	70662	0.490375	3923
1	70680	0.4905	3924
1	70698	0.490625	3925
1	70716	0.49075	3926
1	70734	0.490875	3927
1	70752	0.491	3928
1	70770	0.491125	3929
1	70788	0.49125	3930
1	70806	0.491375	3931
1	70824	0.4915	3932
1	70842	0.491625	3933
1	70860	0.49175	3934
1	70878	0.491875	3935
1	70896	0.492	3936
1	70914	0.492125	3937
1	70932	0.49225	3938
1	70950	0.492375	3939
1	70968	0.4925	3940
1	70986	0.492625	3941
1	71004	0.49275	3942
1	71022	0.492875	3943
1	71040	0.493	3944
1	71058	0.493125	3945
1	71076	0.49325	3946
1	71094	0.493375	3947
1	71112	0.4935	3948
1	71130	0.493625	3949
1	71148	0.49375	3950
1	71166	0.493875	3951
1	71184	0.494	3952
1	71202	0.494125	3953
1	71220	0.49425	3954
1	71238	0.494375	3955
1	71256	0.4945	3956
1	71274	0.494625	3957
1	71292	0.49475	3958
1	71310	0.494875	3959
1	71328	0.495	3960
1	71346	0.495125	3961
1	71364	0.49525	3962
1	71382	0.495375	3963
1	71400	0.4955	3964
1	71418	0.495625	3965
1	71436	0.49575	3966
1	71454	0.495875	3967
1	71472	0.496	3968
1	71490	0.496125	3969
1	71508	0.49625	3970
1	71526	0.496375	3971
1	71544	0.4965	3972
1	71562	0.496625	3973
1	71580	0.49675	3974
1	71598	0.496875	3975
1	71616	0.497	3976
1	71634	0.497125	3977
1	71652	0.49725	3978
1	71670	0.497375	3979
1	71688	0.4975	3980
1	71706	0.497625	3981
1	71724	0.49775	3982
1	71742	0.497875	3983
1	71760	0.498	3984
1	71778	0.498125	3985
1	71796	0.49825	3986
1	71814	0.498375	3987
1	71832	0.4985	3988
1	71850	0.498625	3989
1	71868	0.49875	3990
1	71886	0.498875	3991
1	71904	0.499	3992
1	71922	0.499125	3993
1	71940	0.49925	3994
1	71958	0.499375	3995
1	71976	0.4995	3996
1	71994	0.499625	3997
1	72012	0.49975	3998
1	72030	0.499875	3999
1	72048	0.5	4000
1	72066	0.500125	4001
1	72084	0.50025	4002
1	72102	0.500375	4003
1	72120	0.5005	4004
1	72138	0.500625	4005
1	72156	0.50075	4006
1	72174	0.500875	4007
1	72192	0.501	4008
1	72210	0.501125	4009
1	72228	0.50125	4010
1	72246	0.501375	4011
1	72264	0.5015	4012
1	72282	0.501625	4013
1	72300	0.50175	4014
1	72318	0.501875	4015
1	72336	0.502	4016
1	72354	0.502125	4017
1	72372	0.50225	4018
1	72390	0.502375	4019
1	72408	0.5025	4020
1	72426	0.502625	4021
1	72444	0.50275	4022
1	72462	0.502875	4023
1	72480	0.503	4024
1	72498	0.503125	4025
1	72516	0.50325	4026
1	72534	0.503375	4027
1	72552	0.5035	4028
1	72570	0.503625	4029
1	72588	0.50375	4030
1	72606	0.503875	4031
1	72624	0.504	4032
1	72642	0.504125	4033
1	72660	0.50425	4034
1	72678	0.504375	4035
1	72696	0.5045	4036
1	72714	0.504625	4037
1	72732	0.50475	4038
1	72750	0.504875	4039
1	72768	0.505	4040
1	72786	0.505125	4041
1	72804	0.50525	4042
1	72822	0.505375	4043
1	72840	0.5055	4044
1	72858	0.505625	4045
1	72876	0.50575	4046
1	72894	0.505875	4047
1	72912	0.506	4048
1	72930	0.506125	4049
1	72948	0.50625	4050
1	72966	0.506375	4051
1	72984	0.5065	4052
1	73002	0.506625	4053
1	73020	0.50675	4054
1	73038	0.506875	4055
1	73056	0.507	4056
1	73074	0.507125	4057
1	73092	0.50725	4058
1	73110	0.507375	4059
1	73128	0.5075	4060
1	73146	0.507625	4061
1	73164	0.50775	4062
1	73182	0.507875	4063
1	73200	0.508	4064
1	73218	0.508125	4065
1	73236	0.50825	4066
1	73254	0.508375	4067
1	73272	0.5085	4068
1	73290	0.508625	4069
1	73308	0.50875	4070
1	73326	0.508875	4071
1	73344	0.509	4072
1	73362	0.509125	4073
1	73380	0.50925	4074
1	73398	0.509375	4075
1	73416	0.5095	4076
1	73434	0.509625	4077
1	73452	0.50975	4078
1	73470	0.509875	4079
1	73488	0.51	4080
1	73506	0.510125	4081
1	73524	0.51025	4082
1	73542	0.510375	4083
1	73560	0.5105	4084
1	73578	0.510625	4085
1	73596	0.51075	4086
1	73614	0.510875	4087
1	73632	0.511	4088
1	73650	0.511125	4089
1	73668	0.51125	4090
1	73686	0.511375	4091
1	73704	0.5115	4092
1	73722	0.511625	4093
1	73740	0.51175	4094
1	73758	0.511875	4095
1	73776	0.512	4096
1	73794	0.512125	4097
1	73812	0.51225	4098
1	73830	0.512375	4099
1	73848	0.5125	4100
1	73866	0.512625	4101
1	73884	0.51275	4102
1	73902	0.512875	4103
1	73920	0.513	4104
1	73938	0.513125	4105
1	73956	0.51325	4106
1	73974	0.513375	4107
1	73992	0.5135	4108
1	74010	0.513625	4109
1	74028	0.51375	4110
1	74046	0.513875	4111
1	74064	0.514	4112
1	74082	0.514125	4113
1	74100	0.51425	4114
1	74118	0.514375	4115
1	74136	0.5145	4116
1	74154	0.514625	4117
1	74172	0.51475	4118
1	74190	0.514875	4119
1	74208	0.515	4120
1	74226	0.515125	4121
1	74244	0.51525	4122
1	74262	0.515375	4123
1	74280	0.5155	4124
1	74298	0.515625	4125
1	74316	0.51575	4126
1	74334	0.515875	4127
1	74352	0.516	4128
1	74370	0.516125	4129
1	74388	0.51625	4130
1	74406	0.516375	4131
1	74424	0.5165	4132
1	74442	0.516625	4133
1	74460	0.51675	4134
1	74478	0.516875	4135
1	74496	0.517	4136
1	74514	0.517125	4137
1	74532	0.51725	4138
1	74550	0.517375	4139
1	74568	0.5175	4140
1	74586	0.517625	4141
1	74604	0.51775	4142
1	74622	0.517875	4143
1	74640	0.518	4144
1	74658	0.518125	4145
1	74676	0.51825	4146
1	74694	0.518375	4147
1	74712	0.5185	4148
1	74730	0.518625	4149
1	74748	0.51875	4150
1	74766	0.518875	4151
1	74784	0.519	4152
1	74802	0.519125	4153
1	74820	0.51925	4154
1	74838	0.519375	4155
1	74856	0.5195	4156
1	74874	0.519625	4157
1	74892	0.51975	4158
1	74910	0.519875	4159
1	74928	0.52	4160
1	74946	0.520125	4161
1	74964	0.52025	4162
1	74986	0.520375	4163
1	75004	0.5205	4164
1	75022	0.520625	4165
1	75040	0.52075	4166
1	75058	0.520875	4167
1	75076	0.521	4168
1	75094	0.521125	4169
1	75112	0.52125	4170
1	75130	0.521375	4171
1	75148	0.5215	4172
1	75166	0.521625	4173
1	75184	0.52175	4174
1	75202	0.521875	4175
1	75220	0.522	4176
1	75238	0.522125	4177
1	75256	0.52225	4178
1	75274	0.522375	4179
1	75292	0.5225	4180
1	75310	0.522625	4181
1	75328	0.52275	4182
1	75346	0.522875	4183
1	75364	0.523	4184
1	75382	0.523125	4185
1	75400	0.52325	4186
1	75418	0.523375	4187
1	75436	0.5235	4188
1	75454	0.523625	4189
1	75472	0.52375	4190
1	75490	0.523875	4191
1	75508	0.524	4192
1	75526	0.524125	4193
1	75544	0.52425	4194
1	75562	0.524375	4195
1	75580	0.5245	4196
1	75598	0.524625	4197
1	75616	0.52475	4198
1	75634	0.524875	4199
1	75652	0.525	4200
1	75670	0.525125	4201
1	75688	0.52525	4202
1	75706	0.525375	4203
1	75724	0.5255	4204
1	75742	0.525625	4205
1	75760	0.52575	4206
1	75778	0.525875	4207
1	75796	0.526	4208
1	75814	0.526125	4209
1	75832	0.52625	4210
1	75850	0.526375	4211
1	75868	0.5265	4212
1	75886	0.526625	4213
1	75904	0.52675	4214
1	75922	0.526875	4215
1	75940	0.527	4216
1	75958	0.527125	4217
1	75976	0.52725	4218
1	75994	0.527375	4219
1	76012	0.5275	4220
1	76030	0.527625	4221
1	76048	0.52775	4222
1	76066	0.527875	4223
1	76084	0.528	4224
1	76102	0.528125	4225
1	76120	0.52825	4226
1	76138	0.528375	4227
1	76156	0.5285	4228
1	76174	0.528625	4229
1	76192	0.52875	4230
1	76210	0.528875	4231
1	76228	0.529	4232
1	76246	0.529125	4233
1	76264	0.52925	4234
1	76282	0.529375	4235
1	76300	0.5295	4236
1	76318	0.529625	4237
1	76336	0.52975	4238
1	76354	0.529875	4239
1	76372	0.53	4240
1	76390	0.530125	4241
1	76408	0.53025	4242
1	76426	0.530375	4243
1	76444	0.5305	4244
1	76462	0.530625	4245
1	76480	0.53075	4246
1	76498	0.530875	4247
1	76516	0.531	4248
1	76534	0.531125	4249
1	76552	0.53125	4250
1	76570	0.531375	4251
1	76588	0.5315	4252
1	76606	0.531625	4253
1	76624	0.53175	4254
1	76642	0.531875	4255
1	76660	0.532	4256
1	76678	0.532125	4257
1	76696	0.53225	4258
1	76714	0.532375	4259
1	76732	0.5325	4260
1	76750	0.532625	4261
1	76768	0.53275	4262
1	76786	0.532875	4263
1	76804	0.533	4264
1	76822	0.533125	4265
1	76840	0.53325	4266
1	76858	0.533375	4267
1	76876	0.5335	4268
1	76894	0.533625	4269
1	76912	0.53375	4270
1	76930	0.533875	4271
1	76948	0.534	4272
1	76966	0.534125	4273
1	76984	0.53425	4274
1	77002	0.534375	4275
1	77020	0.5345	4276
1	77038	0.534625	4277
1	77056	0.53475	4278
1	77074	0.534875	4279
1	77092	0.535	4280
1	77110	0.535125	4281
1	77128	0.53525	4282
1	77146	0.535375	4283
1	77164	0.5355	4284
1	77182	0.535625	4285
1	77200	0.53575	4286
1	77218	0.535875	4287
1	77236	0.536	4288
1	77254	0.536125	4289
1	77272	0.53625	4290
1	77290	0.536375	4291
1	77308	0.5365	4292
1	77326	0.536625	4293
1	77344	0.53675	4294
1	77362	0.536875	4295
1	77380	0.537	4296
1	77398	0.537125	4297
1	77416	0.53725	4298
1	77434	0.537375	4299
1	77452	0.5375	4300
1	77470	0.537625	4301
1	77488	0.53775	4302
1	77506	0.537875	4303
1	77524	0.538	4304
1	77542	0.538125	4305
1	77560	0.53825	4306
1	77578	0.538375	4307
1	77596	0.5385	4308
1	77614	0.538625	4309
1	77632	0.53875	4310
1	77650	0.538875	4311
1	77668	0.539	4312
1	77686	0.539125	4313
1	77704	0.53925	4314
1	77722	0.539375	4315
1	77740	0.5395	4316
1	77758	0.539625	4317
1	77776	0.53975	4318
1	77794	0.539875	4319
1	77812	0.54	4320
1	77830	0.540125	4321
1	77848	0.54025	4322
1	77866	0.540375	4323
1	77884	0.5405	4324
1	77902	0.540625	4325
1	77920	0.54075	4326
1	77938	0.540875	4327
1	77956	0.541	4328
1	77974	0.541125	4329
1	77992	0.54125	4330
1	78010	0.541375	4331
1	78028	0.5415	4332
1	78046	0.541625	4333
1	78064	0.54175	4334
1	78082	0.541875	4335
1	78100	0.542	4336
1	78118	0.542125	4337
1	78136	0.54225	4338
1	78154	0.542375	4339
1	78172	0.5425	4340
1	78190	0.542625	4341
1	78208	0.54275	4342
1	78226	0.542875	4343
1	78244	0.543	4344
1	78262	0.543125	4345
1	78280	0.54325	4346
1	78298	0.543375	4347
1	78316	0.5435	4348
1	78334	0.543625	4349
1	78352	0.54375	4350
1	78370	0.543875	4351
1	78388	0.544	4352
1	78406	0.544125	4353
1	78424	0.54425	4354
1	78442	0.544375	4355
1	78460	0.5445	4356
1	78478	0.544625	4357
1	78496	0.54475	4358
1	78514	0.544875	4359
1	78532	0.545	4360
1	78550	0.545125	4361
1	78568	0.54525	4362
1	78586	0.545375	4363
1	78604	0.5455	4364
1	78622	0.545625	4365
1	78640	0.54575	4366
1	78658	0.545875	4367
1	78676	0.546	4368
1	78694	0.546125	4369
1	78712	0.54625	4370
1	78730	0.546375	4371
1	78748	0.5465	4372
1	78766	0.546625	4373
1	78784	0.54675	4374
1	78802	0.546875	4375
1	78820	0.547	4376
1	78838	0.547125	4377
1	78856	0.54725	4378
1	78874	0.547375	4379
1	78892	0.5475	4380
1	78910	0.547625	4381
1	78928	0.54775	4382
1	78946	0.547875	4383
1	78964	0.548	4384
1	78982	0.548125	4385
1	79000	0.54825	4386
1	79018	0.548375	4387
1	79036	0.5485	4388
1	79054	0.548625	4389
1	79072	0.54875	4390
1	79090	0.548875	4391
1	79108	0.549	4392
1	79126	0.549125	4393
1	79144	0.54925	4394
1	79162	0.549375	4395
1	79180	0.5495	4396
1	79198	0.549625	4397
1	79216	0.54975	4398
1	79234	0.549875	4399
1	79252	0.55	4400
1	79270	0.550125	4401
1	79288	0.55025	4402
1	79306	0.550375	4403
1	79324	0.5505	4404
1	79342	0.550625	4405
1	79360	0.55075	4406
1	79378	0.550875	4407
1	79396	0.551	4408
1	79414	0.551125	4409
1	79432	0.55125	4410
1	79450	0.551375	4411
1	79468	0.5515	4412
1	79486	0.551625	4413
1	79504	0.55175	4414
1	79522	0.551875	4415
1	79540	0.552	4416
1	79558	0.552125	4417
1	79576	0.55225	4418
1	79594	0.552375	4419
1	79612	0.5525	4420
1	79630	0.552625	4421
1	79648	0.55275	4422
1	79666	0.552875	4423
1	79684	0.553	4424
1	79702	0.553125	4425
1	79720	0.55325	4426
1	79738	0.553375	4427
1	79756	0.5535	4428
1	79774	0.553625	4429
1	79792	0.55375	4430
1	79810	0.553875	4431
1	79828	0.554	4432
1	79846	0.554125	4433
1	79864	0.55425	4434
1	79882	0.554375	4435
1	79900	0.5545	4436
1	79918	0.554625	4437
1	79936	0.55475	4438
1	79954	0.554875	4439
1	79972	0.555	4440
1	79990	0.555125	4441
1	80008	0.55525	4442
1	80026	0.555375	4443
1	80044	0.5555	4444
1	80062	0.555625	4445
1	80080	0.55575	4446
1	80098	0.555875	4447
1	80116	0.556	4448
1	80134	0.556125	4449
1	80152	0.55625	4450
1	80170	0.556375	4451
1	80188	0.5565	4452
1	80206	0.556625	4453
1	80224	0.55675	4454
1	80242	0.556875	4455
1	80260	0.557	4456
1	80278	0.557125	4457
1	80296	0.55725	4458
1	80314	0.557375	4459
1	80336	0.5575	4460
1	80354	0.557625	4461
1	80372	0.55775	4462
1	80390	0.557875	4463
1	80408	0.558	4464
1	80426	0.558125	4465
1	80444	0.55825	4466
1	80462	0.558375	4467
1	80480	0.5585	4468
1	80498	0.558625	4469
1	80516	0.55875	4470
1	80534	0.558875	4471
1	80552	0.559	4472
1	80570	0.559125	4473
1	80588	0.55925	4474
1	80606	0.559375	4475
1	80624	0.5595	4476
1	80642	0.559625	4477
1	80660	0.55975	4478
1	80678	0.559875	4479
1	80696	0.56	4480
1	80714	0.560125	4481
1	80732	0.56025	4482
1	80750	0.560375	4483
1	80768	0.5605	4484
1	80786	0.560625	4485
1	80804	0.56075	4486
1	80822	0.560875	4487
1	80840	0.561	4488
1	80858	0.561125	4489
1	80876	0.56125	4490
1	80894	0.561375	4491
1	80912	0.5615	4492
1	80930	0.561625	4493
1	80948	0.56175	4494
1	80966	0.561875	4495
1	80984	0.562	4496
1	81002	0.562125	4497
1	81020	0.56225	4498
1	81038	0.562375	4499
1	81056	0.5625	4500
1	81074	0.562625	4501
1	81092	0.56275	4502
1	81110	0.562875	4503
1	81128	0.563	4504
1	81146	0.563125	4505
1	81164	0.56325	4506
1	81182	0.563375	4507
1	81200	0.5635	4508
1	81218	0.563625	4509
1	81236	0.56375	4510
1	81254	0.563875	4511
1	81272	0.564	4512
1	81290	0.564125	4513
1	81308	0.56425	4514
1	81326	0.564375	4515
1	81344	0.5645	4516
1	81362	0.564625	4517
1	81380	0.56475	4518
1	81398	0.564875	4519
1	81416	0.565	4520
1	81434	0.565125	4521
1	81452	0.56525	4522
1	81470	0.565375	4523
1	81488	0.5655	4524
1	81506	0.565625	4525
1	81524	0.56575	4526
1	81542	0.565875	4527
1	81560	0.566	4528
1	81578	0.566125	4529
1	81596	0.56625	4530
1	81614	0.566375	4531
1	81632	0.5665	4532
1	81650	0.566625	4533
1	81668	0.56675	4534
1	81686	0.566875	4535
1	81704	0.567	4536
1	81722	0.567125	4537
1	81740	0.56725	4538
1	81758	0.567375	4539
1	81776	0.5675	4540
1	81794	0.567625	4541
1	81812	0.56775	4542
1	81830	0.567875	4543
1	81848	0.568	4544
1	81866	0.568125	4545
1	81884	0.56825	4546
1	81902	0.568375	4547
1	81920	0.5685	4548
1	81938	0.568625	4549
1	81956	0.56875	4550
1	81974	0.568875	4551
1	81992	0.569	4552
1	82010	0.569125	4553
1	82028	0.56925	4554
1	82046	0.569375	4555
1	82064	0.5695	4556
1	82082	0.569625	4557
1	82100	0.56975	4558
1	82118	0.569875	4559
1	82136	0.57	4560
1	82154	0.570125	4561
1	82172	0.57025	4562
1	82190	0.570375	4563
1	82208	0.5705	4564
1	82226	0.570625	4565
1	82244	0.57075	4566
1	82262	0.570875	4567
1	82280	0.571	4568
1	82298	0.571125	4569
1	82316	0.57125	4570
1	82334	0.571375	4571
1	82352	0.5715	4572
1	82370	0.571625	4573
1	82388	0.57175	4574
1	82406	0.571875	4575
1	82424	0.572	4576
1	82442	0.572125	4577
1	82460	0.57225	4578
1	82478	0.572375	4579
1	82496	0.5725	4580
1	82514	0.572625	4581
1	82532	0.57275	4582
1	82550	0.572875	4583
1	82568	0.573	4584
1	82586	0.573125	4585
1	82604	0.57325	4586
1	82622	0.573375	4587
1	82640	0.5735	4588
1	82658	0.573625	4589
1	82676	0.57375	4590
1	82694	0.573875	4591
1	82712	0.574	4592
1	82730	0.574125	4593
1	82748	0.57425	4594
1	82766	0.574375	4595
1	82784	0.5745	4596
1	82802	0.574625	4597
1	82820	0.57475	4598
1	82838	0.574875	4599
1	82856	0.575	4600
1	82874	0.575125	4601
1	82892	0.57525	4602
1	82910	0.575375	4603
1	82928	0.5755	4604
1	82946	0.575625	4605
1	82964	0.57575	4606
1	82982	0.575875	4607
1	83000	0.576	4608
1	83018	0.576125	4609
1	83036	0.57625	4610
1	83054	0.576375	4611
1	83072	0.5765	4612
1	83090	0.576625	4613
1	83108	0.57675	4614
1	83126	0.576875	4615
1	83144	0.577	4616
1	83162	0.577125	4617
1	83180	0.57725	4618
1	83198	0.577375	4619
1	83216	0.5775	4620
1	83234	0.577625	4621
1	83252	0.57775	4622
1	83270	0.577875	4623
1	83288	0.578	4624
1	83306	0.578125	4625
1	83324	0.57825	4626
1	83342	0.578375	4627
1	83360	0.5785	4628
1	83378	0.578625	4629
1	83396	0.57875	4630
1	83414	0.578875	4631
1	83432	0.579	4632
1	83450	0.579125	4633
1	83468	0.57925	4634
1	83486	0.579375	4635
1	83504	0.5795	4636
1	83522	0.579625	4637
1	83540	0.57975	4638
1	83558	0.579875	4639
1	83576	0.58	4640
1	83594	0.580125	4641
1	83612	0.58025	4642
1	83630	0.580375	4643
1	83648	0.5805	4644
1	83666	0.580625	4645
1	83684	0.58075	4646
1	83702	0.580875	4647
1	83720	0.581	4648
1	83738	0.581125	4649
1	83756	0.58125	4650
1	83774	0.581375	4651
1	83792	0.5815	4652
1	83810	0.581625	4653
1	83828	0.58175	4654
1	83846	0.581875	4655
1	83864	0.582	4656
1	83882	0.582125	4657
1	83900	0.58225	4658
1	83918	0.582375	4659
1	83936	0.5825	4660
1	83954	0.582625	4661
1	83972	0.58275	4662
1	83990	0.582875	4663
1	84008	0.583	4664
1	84026	0.583125	4665
1	84044	0.58325	4666
1	84062	0.583375	4667
1	84080	0.5835	4668
1	84098	0.583625	4669
1	84116	0.58375	4670
1	84134	0.583875	4671
1	84152	0.584	4672
1	84170	0.584125	4673
1	84188	0.58425	4674
1	84206	0.584375	4675
1	84224	0.5845	4676
1	84242	0.584625	4677
1	84260	0.58475	4678
1	84278	0.584875	4679
1	84296	0.585	4680
1	84314	0.585125	4681
1	84332	0.58525	4682
1	84350	0.585375	4683
1	84368	0.5855	4684
1	84386	0.585625	4685
1	84404	0.58575	4686
1	84422	0.585875	4687
1	84440	0.586	4688
1	84458	0.586125	4689
1	84476	0.58625	4690
1	84494	0.586375	4691
1	84512	0.5865	4692
1	84530	0.586625	4693
1	84548	0.58675	4694
1	84566	0.586875	4695
1	84584	0.587	4696
1	84602	0.587125	4697
1	84620	0.58725	4698
1	84638	0.587375	4699
1	84656	0.5875	4700
1	84674	0.587625	4701
1	84692	0.58775	4702
1	84710	0.587875	4703
1	84728	0.588	4704
1	84746	0.588125	4705
1	84764	0.58825	4706
1	84782	0.588375	4707
1	84800	0.5885	4708
1	84818	0.588625	4709
1	84836	0.58875	4710
1	84854	0.588875	4711
1	84872	0.589	4712
1	84890	0.589125	4713
1	84908	0.58925	4714
1	84926	0.589375	4715
1	84944	0.5895	4716
1	84962	0.589625	4717
1	84980	0.58975	4718
1	84998	0.589875	4719
1	85016	0.59	4720
1	85034	0.590125	4721
1	85052	0.59025	4722
1	85070	0.590375	4723
1	85088	0.5905	4724
1	85106	0.590625	4725
1	85124	0.59075	4726
1	85142	0.590875	4727
1	85160	0.591	4728
1	85178	0.591125	4729
1	85196	0.59125	4730
1	85214	0.591375	4731
1	85232	0.5915	4732
1	85250	0.591625	4733
1	85268	0.59175	4734
1	85286	0.591875	4735
1	85304	0.592	4736
1	85322	0.592125	4737
1	85340	0.59225	4738
1	85358	0.592375	4739
1	85376	0.5925	4740
1	85394	0.592625	4741
1	85412	0.59275	4742
1	85430	0.592875	4743
1	85448	0.593	4744
1	85466	0.593125	4745
1	85484	0.59325	4746
1	85502	0.593375	4747
1	85520	0.5935	4748
1	85538	0.593625	4749
1	85556	0.59375	4750
1	85574	0.593875	4751
1	85592	0.594	4752
1	85610	0.594125	4753
1	85628	0.59425	4754
1	85646	0.594375	4755
1	85664	0.5945	4756
1	85686	0.594625	4757
1	85704	0.59475	4758
1	85722	0.594875	4759
1	85740	0.595	4760
1	85758	0.595125	4761
1	85776	0.59525	4762
1	85794	0.595375	4763
1	85812	0.5955	4764
1	85830	0.595625	4765
1	85848	0.59575	4766
1	85866	0.595875	4767
1	85884	0.596	4768
1	85902	0.596125	4769
1	85920	0.59625	4770
1	85938	0.596375	4771
1	85956	0.5965	4772
1	85974	0.596625	4773
1	85992	0.59675	4774
1	86010	0.596875	4775
1	86028	0.597	4776
1	86046	0.597125	4777
1	86064	0.59725	4778
1	86082	0.597375	4779
1	86100	0.5975	4780
1	86118	0.597625	4781
1	86136	0.59775	4782
1	86154	0.597875	4783
1	86172	0.598	4784
1	86190	0.598125	4785
1	86208	0.59825	4786
1	86226	0.598375	4787
1	86244	0.5985	4788
1	86262	0.598625	4789
1	86280	0.59875	4790
1	86298	0.598875	4791
1	86316	0.599	4792
1	86334	0.599125	4793
1	86352	0.59925	4794
1	86370	0.599375	4795
1	86388	0.5995	4796
1	86406	0.599625	4797
1	86424	0.59975	4798
1	86442	0.599875	4799
1	86460	0.6	4800
1	86478	0.600125	4801
1	86496	0.60025	4802
1	86514	0.600375	4803
1	86532	0.6005	4804
1	86550	0.600625	4805
1	86568	0.60075	4806
1	86586	0.600875	4807
1	86604	0.601	4808
1	86622	0.601125	4809
1	86640	0.60125	4810
1	86658	0.601375	4811
1	86676	0.6015	4812
1	86694	0.601625	4813
1	86712	0.60175	4814
1	86730	0.601875	4815
1	86748	0.602	4816
1	86766	0.602125	4817
1	86784	0.60225	4818
1	86802	0.602375	4819
1	86820	0.6025	4820
1	86838	0.602625	4821
1	86856	0.60275	4822
1	86874	0.602875	4823
1	86892	0.603	4824
1	86910	0.603125	4825
1	86928	0.60325	4826
1	86946	0.603375	4827
1	86964	0.6035	4828
1	86982	0.603625	4829
1	87000	0.60375	4830
1	87018	0.603875	4831
1	87036	0.604	4832
1	87054	0.604125	4833
1	87072	0.60425	4834
1	87090	0.604375	4835
1	87108	0.6045	4836
1	87126	0.604625	4837
1	87144	0.60475	4838
1	87162	0.604875	4839
1	87180	0.605	4840
1	87198	0.605125	4841
1	87216	0.60525	4842
1	87234	0.605375	4843
1	87252	0.6055	4844
1	87270	0.605625	4845
1	87288	0.60575	4846
1	87306	0.605875	4847
1	87324	0.606	4848
1	87342	0.606125	4849
1	87360	0.60625	4850
1	87378	0.606375	4851
1	87396	0.6065	4852
1	87414	0.606625	4853
1	87432	0.60675	4854
1	87450	0.606875	4855
1	87468	0.607	4856
1	87486	0.607125	4857
1	87504	0.60725	4858
1	87522	0.607375	4859
1	87540	0.6075	4860
1	87558	0.607625	4861
1	87576	0.60775	4862
1	87594	0.607875	4863
1	87612	0.608	4864
1	87630	0.608125	4865
1	87648	0.60825	4866
1	87666	0.608375	4867
1	87684	0.6085	4868
1	87702	0.608625	4869
1	87720	0.60875	4870
1	87738	0.608875	4871
1	87756	0.609	4872
1	87774	0.609125	4873
1	87792	0.60925	4874
1	87810	0.609375	4875
1	87828	0.6095	4876
1	87846	0.609625	4877
1	87864	0.60975	4878
1	87882	0.609875	4879
1	87900	0.61	4880
1	87918	0.610125	4881
1	87936	0.61025	4882
1	87954	0.610375	4883
1	87972	0.6105	4884
1	87990	0.610625	4885
1	88008	0.61075	4886
1	88026	0.610875	4887
1	88044	0.611	4888
1	88062	0.611125	4889
1	88080	0.61125	4890
1	88098	0.611375	4891
1	88116	0.6115	4892
1	88134	0.611625	4893
1	88152	0.61175	4894
1	88170	0.611875	4895
1	88188	0.612	4896
1	88206	0.612125	4897
1	88224	0.61225	4898
1	88242	0.612375	4899
1	88260	0.6125	4900
1	88278	0.612625	4901
1	88296	0.61275	4902
1	88314	0.612875	4903
1	88332	0.613	4904
1	88350	0.613125	4905
1	88368	0.61325	4906
1	88386	0.613375	4907
1	88404	0.6135	4908
1	88422	0.613625	4909
1	88440	0.61375	4910
1	88458	0.613875	4911
1	88476	0.614	4912
1	88494	0.614125	4913
1	88512	0.61425	4914
1	88530	0.614375	4915
1	88548	0.6145	4916
1	88566	0.614625	4917
1	88584	0.61475	4918
1	88602	0.614875	4919
1	88620	0.615	4920
1	88638	0.615125	4921
1	88656	0.61525	4922
1	88674	0.615375	4923
1	88692	0.6155	4924
1	88710	0.615625	4925
1	88728	0.61575	4926
1	88746	0.615875	4927
1	88764	0.616	4928
1	88782	0.616125	4929
1	88800	0.61625	4930
1	88818	0.616375	4931
1	88836	0.6165	4932
1	88854	0.616625	4933
1	88872	0.61675	4934
1	88890	0.616875	4935
1	88908	0.617	4936
1	88926	0.617125	4937
1	88944	0.61725	4938
1	88962	0.617375	4939
1	88980	0.6175	4940
1	88998	0.617625	4941
1	89016	0.61775	4942
1	89034	0.617875	4943
1	89052	0.618	4944
1	89070	0.618125	4945
1	89088	0.61825	4946
1	89106	0.618375	4947
1	89124	0.6185	4948
1	89142	0.618625	4949
1	89160	0.61875	4950
1	89178	0.618875	4951
1	89196	0.619	4952
1	89214	0.619125	4953
1	89232	0.61925	4954
1	89250	0.619375	4955
1	89268	0.6195	4956
1	89286	0.619625	4957
1	89304	0.61975	4958
1	89322	0.619875	4959
1	89340	0.62	4960
1	89358	0.620125	4961
1	89376	0.62025	4962
1	89394	0.620375	4963
1	89412	0.6205	4964
1	89430	0.620625	4965
1	89448	0.62075	4966
1	89466	0.620875	4967
1	89484	0.621	4968
1	89502	0.621125	4969
1	89520	0.62125	4970
1	89538	0.621375	4971
1	89556	0.6215	4972
1	89574	0.621625	4973
1	89592	0.62175	4974
1	89610	0.621875	4975
1	89628	0.622	4976
1	89646	0.622125	4977
1	89664	0.62225	4978
1	89682	0.622375	4979
1	89700	0.6225	4980
1	89718	0.622625	4981
1	89736	0.62275	4982
1	89754	0.622875	4983
1	89772	0.623	4984
1	89790	0.623125	4985
1	89808	0.62325	4986
1	89826	0.623375	4987
1	89844	0.6235	4988
1	89862	0.623625	4989
1	89880	0.62375	4990
1	89898	0.623875	4991
1	89916	0.624	4992
1	89934	0.624125	4993
1	89952	0.62425	4994
1	89970	0.624375	4995
1	89988	0.6245	4996
1	90006	0.624625	4997
1	90024	0.62475	4998
1	90042	0.624875	4999
1	90060	0.625	5000
1	90078	0.625125	5001
1	90096	0.62525	5002
1	90114	0.625375	5003
1	90132	0.6255	5004
1	90150	0.625625	5005
1	90168	0.62575	5006
1	90186	0.625875	5007
1	90204	0.626	5008
1	90222	0.626125	5009
1	90240	0.62625	5010
1	90258	0.626375	5011
1	90276	0.6265	5012
1	90294	0.626625	5013
1	90312	0.62675	5014
1	90330	0.626875	5015
1	90348	0.627	5016
1	90366	0.627125	5017
1	90384	0.62725	5018
1	90402	0.627375	5019
1	90420	0.6275	5020
1	90438	0.627625	5021
1	90456	0.62775	5022
1	90474	0.627875	5023
1	90492	0.628	5024
1	90510	0.628125	5025
1	90528	0.62825	5026
1	90546	0.628375	5027
1	90564	0.6285	5028
1	90582	0.628625	5029
1	90600	0.62875	5030
1	90618	0.628875	5031
1	90636	0.629	5032
1	90654	0.629125	5033
1	90672	0.62925	5034
1	90690	0.629375	5035
1	90708	0.6295	5036
1	90726	0.629625	5037
1	90744	0.62975	5038
1	90762	0.629875	5039
1	90780	0.63	5040
1	90798	0.630125	5041
1	90816	0.63025	5042
1	90834	0.630375	5043
1	90852	0.6305	5044
1	90870	0.630625	5045
1	90888	0.63075	5046
1	90906	0.630875	5047
1	90924	0.631	5048
1	90942	0.631125	5049
1	90960	0.63125	5050
1	90978	0.631375	5051
1	90996	0.6315	5052
1	91014	0.631625	5053
1	91036	0.63175	5054
1	91054	0.631875	5055
1	91072	0.632	5056
1	91090	0.632125	5057
1	91108	0.63225	5058
1	91126	0.632375	5059
1	91144	0.6325	5060
1	91162	0.632625	5061
1	91180	0.63275	5062
1	91198	0.632875	5063
1	91216	0.633	5064
1	91234	0.633125	5065
1	91252	0.63325	5066
1	91270	0.633375	5067
1	91288	0.6335	5068
1	91306	0.633625	5069
1	91324	0.63375	5070
1	91342	0.633875	5071
1	91360	0.634	5072
1	91378	0.634125	5073
1	91396	0.63425	5074
1	91414	0.634375	5075
1	91432	0.6345	5076
1	91450	0.634625	5077
1	91468	0.63475	5078
1	91486	0.634875	5079
1	91504	0.635	5080
1	91522	0.635125	5081
1	91540	0.63525	5082
1	91558	0.635375	5083
1	91576	0.6355	5084
1	91594	0.635625	5085
1	91612	0.63575	5086
1	91630	0.635875	5087
1	91648	0.636	5088
1	91666	0.636125	5089
1	91684	0.63625	5090
1	91702	0.636375	5091
1	91720	0.6365	5092
1	91738	0.636625	5093
1	91756	0.63675	5094
1	91774	0.636875	5095
1	91792	0.637	5096
1	91810	0.637125	5097
1	91828	0.63725	5098
1	91846	0.637375	5099
1	91864	0.6375	5100
1	91882	0.637625	5101
1	91900	0.63775	5102
1	91918	0.637875	5103
1	91936	0.638	5104
1	91954	0.638125	5105
1	91972	0.63825	5106
1	91990	0.638375	5107
1	92008	0.6385	5108
1	92026	0.638625	5109
1	92044	0.63875	5110
1	92062	0.638875	5111
1	92080	0.639	5112
1	92098	0.639125	5113
1	92116	0.63925	5114
1	92134	0.639375	5115
1	92152	0.6395	5116
1	92170	0.639625	5117
1	92188	0.63975	5118
1	92206	0.639875	5119
1	92224	0.64	5120
1	92242	0.640125	5121
1	92260	0.64025	5122
1	92278	0.640375	5123
1	92296	0.6405	5124
1	92314	0.640625	5125
1	92332	0.64075	5126
1	92350	0.640875	5127
1	92368	0.641	5128
1	92386	0.641125	5129
1	92404	0.64125	5130
1	92422	0.641375	5131
1	92440	0.6415	5132
1	92458	0.641625	5133
1	92476	0.64175	5134
1	92494	0.641875	5135
1	92512	0.642	5136
1	92530	0.642125	5137
1	92548	0.64225	5138
1	92566	0.642375	5139
1	92584	0.6425	5140
1	92602	0.642625	5141
1	92620	0.64275	5142
1	92638	0.642875	5143
1	92656	0.643	5144
1	92674	0.643125	5145
1	92692	0.64325	5146
1	92710	0.643375	5147
1	92728	0.6435	5148
1	92746	0.643625	5149
1	92764	0.64375	5150
1	92782	0.643875	5151
1	92800	0.644	5152
1	92818	0.644125	5153
1	92836	0.64425	5154
1	92854	0.644375	5155
1	92872	0.6445	5156
1	92890	0.644625	5157
1	92908	0.64475	5158
1	92926	0.644875	5159
1	92944	0.645	5160
1	92962	0.645125	5161
1	92980	0.64525	5162
1	92998	0.645375	5163
1	93016	0.6455	5164
1	93034	0.645625	5165
1	93052	0.64575	5166
1	93070	0.645875	5167
1	93088	0.646	5168
1	93106	0.646125	5169
1	93124	0.64625	5170
1	93142	0.646375	5171
1	93160	0.6465	5172
1	93178	0.646625	5173
1	93196	0.64675	5174
1	93214	0.646875	5175
1	93232	0.647	5176
1	93250	0.647125	5177
1	93268	0.64725	5178
1	93286	0.647375	5179
1	93304	0.6475	5180
1	93322	0.647625	5181
1	93340	0.64775	5182
1	93358	0.647875	5183
1	93376	0.648	5184
1	93394	0.648125	5185
1	93412	0.64825	5186
1	93430	0.648375	5187
1	93448	0.6485	5188
1	93466	0.648625	5189
1	93484	0.64875	5190
1	93502	0.648875	5191
1	93520	0.649	5192
1	93538	0.649125	5193
1	93556	0.64925	5194
1	93574	0.649375	5195
1	93592	0.6495	5196
1	93610	0.649625	5197
1	93628	0.64975	5198
1	93646	0.649875	5199
1	93664	0.65	5200
1	93682	0.650125	5201
1	93700	0.65025	5202
1	93718	0.650375	5203
1	93736	0.6505	5204
1	93754	0.650625	5205
1	93772	0.65075	5206
1	93790	0.650875	5207
1	93808	0.651	5208
1	93826	0.651125	5209
1	93844	0.65125	5210
1	93862	0.651375	5211
1	93880	0.6515	5212
1	93898	0.651625	5213
1	93916	0.65175	5214
1	93934	0.651875	5215
1	93952	0.652	5216
1	93970	0.652125	5217
1	93988	0.65225	5218
1	94006	0.652375	5219
1	94024	0.6525	5220
1	94042	0.652625	5221
1	94060	0.65275	5222
1	94078	0.652875	5223
1	94096	0.653	5224
1	94114	0.653125	5225
1	94132	0.65325	5226
1	94150	0.653375	5227
1	94168	0.6535	5228
1	94186	0.653625	5229
1	94204	0.65375	5230
1	94222	0.653875	5231
1	94240	0.654	5232
1	94258	0.654125	5233
1	94276	0.65425	5234
1	94294	0.654375	5235
1	94312	0.6545	5236
1	94330	0.654625	5237
1	94348	0.65475	5238
1	94366	0.654875	5239
1	94384	0.655	5240
1	94402	0.655125	5241
1	94420	0.65525	5242
1	94438	0.655375	5243
1	94456	0.6555	5244
1	94474	0.655625	5245
1	94492	0.65575	5246
1	94510	0.655875	5247
1	94528	0.656	5248
1	94546	0.656125	5249
1	94564	0.65625	5250
1	94582	0.656375	5251
1	94600	0.6565	5252
1	94618	0.656625	5253
1	94636	0.65675	5254
1	94654	0.656875	5255
1	94672	0.657	5256
1	94690	0.657125	5257
1	94708	0.65725	5258
1	94726	0.657375	5259
1	94744	0.6575	5260
1	94762	0.657625	5261
1	94780	0.65775	5262
1	94798	0.657875	5263
1	94816	0.658	5264
1	94834	0.658125	5265
1	94852	0.65825	5266
1	94870	0.658375	5267
1	94888	0.6585	5268
1	94906	0.658625	5269
1	94924	0.65875	5270
1	94942	0.658875	5271
1	94960	0.659	5272
1	94978	0.659125	5273
1	94996	0.65925	5274
1	95014	0.659375	5275
1	95032	0.6595	5276
1	95050	0.659625	5277
1	95068	0.65975	5278
1	95086	0.659875	5279
1	95104	0.66	5280
1	95122	0.660125	5281
1	95140	0.66025	5282
1	95158	0.660375	5283
1	95176	0.6605	5284
1	95194	0.660625	5285
1	95212	0.66075	5286
1	95230	0.660875	5287
1	95248	0.661	5288
1	95266	0.661125	5289
1	95284	0.66125	5290
1	95302	0.661375	5291
1	95320	0.6615	5292
1	95338	0.661625	5293
1	95356	0.66175	5294
1	95374	0.661875	5295
1	95392	0.662	5296
1	95410	0.662125	5297
1	95428	0.66225	5298
1	95446	0.662375	5299
1	95464	0.6625	5300
1	95482	0.662625	5301
1	95500	0.66275	5302
1	95518	0.662875	5303
1	95536	0.663	5304
1	95554	0.663125	5305
1	95572	0.66325	5306
1	95590	0.663375	5307
1	95608	0.6635	5308
1	95626	0.663625	5309
1	95644	0.66375	5310
1	95662	0.663875	5311
1	95680	0.664	5312
1	95698	0.664125	5313
1	95716	0.66425	5314
1	95734	0.664375	5315
1	95752	0.6645	5316
1	95770	0.664625	5317
1	95788	0.66475	5318
1	95806	0.664875	5319
1	95824	0.665	5320
1	95842	0.665125	5321
1	95860	0.66525	5322
1	95878	0.665375	5323
1	95896	0.6655	5324
1	95914	0.665625	5325
1	95932	0.66575	5326
1	95950	0.665875	5327
1	95968	0.666	5328
1	95986	0.666125	5329
1	96004	0.66625	5330
1	96022	0.666375	5331
1	96040	0.6665	5332
1	96058	0.666625	5333
1	96076	0.66675	5334
1	96094	0.666875	5335
1	96112	0.667	5336
1	96130	0.667125	5337
1	96148	0.66725	5338
1	96166	0.667375	5339
1	96184	0.6675	5340
1	96202	0.667625	5341
1	96220	0.66775	5342
1	96238	0.667875	5343
1	96256	0.668	5344
1	96274	0.668125	5345
1	96292	0.66825	5346
1	96310	0.668375	5347
1	96328	0.6685	5348
1	96346	0.668625	5349
1	96364	0.66875	5350
1	96382	0.668875	5351
1	96404	0.669	5352
1	96422	0.669125	5353
1	96440	0.66925	5354
1	96458	0.669375	5355
1	96476	0.6695	5356
1	96494	0.669625	5357
1	96512	0.66975	5358
1	96530	0.669875	5359
1	96548	0.67	5360
1	96566	0.670125	5361
1	96584	0.67025	5362
1	96602	0.670375	5363
1	96620	0.6705	5364
1	96638	0.670625	5365
1	96656	0.67075	5366
1	96674	0.670875	5367
1	96692	0.671	5368
1	96710	0.671125	5369
1	96728	0.67125	5370
1	96746	0.671375	5371
1	96764	0.6715	5372
1	96782	0.671625	5373
1	96800	0.67175	5374
1	96818	0.671875	5375
1	96836	0.672	5376
1	96854	0.672125	5377
1	96872	0.67225	5378
1	96890	0.672375	5379
1	96908	0.6725	5380
1	96926	0.672625	5381
1	96944	0.67275	5382
1	96962	0.672875	5383
1	96980	0.673	5384
1	96998	0.673125	5385
1	97016	0.67325	5386
1	97034	0.673375	5387
1	97052	0.6735	5388
1	97070	0.673625	5389
1	97088	0.67375	5390
1	97106	0.673875	5391
1	97124	0.674	5392
1	97142	0.674125	5393
1	97160	0.67425	5394
1	97178	0.674375	5395
1	97196	0.6745	5396
1	97214	0.674625	5397
1	97232	0.67475	5398
1	97250	0.674875	5399
1	97268	0.675	5400
1	97286	0.675125	5401
1	97304	0.67525	5402
1	97322	0.675375	5403
1	97340	0.6755	5404
1	97358	0.675625	5405
1	97376	0.67575	5406
1	97394	0.675875	5407
1	97412	0.676	5408
1	97430	0.676125	5409
1	97448	0.67625	5410
1	97466	0.676375	5411
1	97484	0.6765	5412
1	97502	0.676625	5413
1	97520	0.67675	5414
1	97538	0.676875	5415
1	97556	0.677	5416
1	97574	0.677125	5417
1	97592	0.67725	5418
1	97610	0.677375	5419
1	97628	0.6775	5420
1	97646	0.677625	5421
1	97664	0.67775	5422
1	97682	0.677875	5423
1	97700	0.678	5424
1	97718	0.678125	5425
1	97736	0.67825	5426
1	97754	0.678375	5427
1	97772	0.6785	5428
1	97790	0.678625	5429
1	97808	0.67875	5430
1	97826	0.678875	5431
1	97844	0.679	5432
1	97862	0.679125	5433
1	97880	0.67925	5434
1	97898	0.679375	5435
1	97916	0.6795	5436
1	97934	0.679625	5437
1	97952	0.67975	5438
1	97970	0.679875	5439
1	97988	0.68	5440
1	98006	0.680125	5441
1	98024	0.68025	5442
1	98042	0.680375	5443
1	98060	0.6805	5444
1	98078	0.680625	5445
1	98096	0.68075	5446
1	98114	0.680875	5447
1	98132	0.681	5448
1	98150	0.681125	5449
1	98168	0.68125	5450
1	98186	0.681375	5451
1	98204	0.6815	5452
1	98222	0.681625	5453
1	98240	0.68175	5454
1	98258	0.681875	5455
1	98276	0.682	5456
1	98294	0.682125	5457
1	98312	0.68225	5458
1	98330	0.682375	5459
1	98348	0.6825	5460
1	98366	0.682625	5461
1	98384	0.68275	5462
1	98402	0.682875	5463
1	98420	0.683	5464
1	98438	0.683125	5465
1	98456	0.68325	5466
1	98474	0.683375	5467
1	98492	0.6835	5468
1	98510	0.683625	5469
1	98528	0.68375	5470
1	98546	0.683875	5471
1	98564	0.684	5472
1	98582	0.684125	5473
1	98600	0.68425	5474
1	98618	0.684375	5475
1	98636	0.6845	5476
1	98654	0.684625	5477
1	98672	0.68475	5478
1	98690	0.684875	5479
1	98708	0.685	5480
1	98726	0.685125	5481
1	98744	0.68525	5482
1	98762	0.685375	5483
1	98780	0.6855	5484
1	98798	0.685625	5485
1	98816	0.68575	5486
1	98834	0.685875	5487
1	98852	0.686	5488
1	98870	0.686125	5489
1	98888	0.68625	5490
1	98906	0.686375	5491
1	98924	0.6865	5492
1	98942	0.686625	5493
1	98960	0.68675	5494
1	98978	0.686875	5495
1	98996	0.687	5496
1	99014	0.687125	5497
1	99032	0.68725	5498
1	99050	0.687375	5499
1	99068	0.6875	5500
1	99086	0.687625	5501
1	99104	0.68775	5502
1	99122	0.687875	5503
1	99140	0.688	5504
1	99158	0.688125	5505
1	99176	0.68825	5506
1	99194	0.688375	5507
1	99212	0.6885	5508
1	99230	0.688625	5509
1	99248	0.68875	5510
1	99266	0.688875	5511
1	99284	0.689	5512
1	99302	0.689125	5513
1	99320	0.68925	5514
1	99338	0.689375	5515
1	99356	0.6895	5516
1	99374	0.689625	5517
1	99392	0.68975	5518
1	99410	0.689875	5519
1	99428	0.69	5520
1	99446	0.690125	5521
1	99464	0.69025	5522
1	99482	0.690375	5523
1	99500	0.6905	5524
1	99518	0.690625	5525
1	99536	0.69075	5526
1	99554	0.690875	5527
1	99572	0.691	5528
1	99590	0.691125	5529
1	99608	0.69125	5530
1	99626	0.691375	5531
1	99644	0.6915	5532
1	99662	0.691625	5533
1	99680	0.69175	5534
1	99698	0.691875	5535
1	99716	0.692	5536
1	99734	0.692125	5537
1	99752	0.69225	5538
1	99770	0.692375	5539
1	99788	0.6925	5540
1	99806	0.692625	5541
1	99824	0.69275	5542
1	99842	0.692875	5543
1	99860	0.693	5544
1	99878	0.693125	5545
1	99896	0.69325	5546
1	99914	0.693375	5547
1	99932	0.6935	5548
1	99950	0.693625	5549
1	99968	0.69375	5550
1	99986	0.693875	5551
1	100004	0.694	5552
1	100022	0.694125	5553
1	100040	0.69425	5554
1	100058	0.694375	5555
1	100076	0.6945	5556
1	100094	0.694625	5557
1	100112	0.69475	5558
1	100130	0.694875	5559
1	100148	0.695	5560
1	100166	0.695125	5561
1	100184	0.69525	5562
1	100202	0.695375	5563
1	100220	0.6955	5564
1	100238	0.695625	5565
1	100256	0.69575	5566
1	100274	0.695875	5567
1	100292	0.696	5568
1	100310	0.696125	5569
1	100328	0.69625	5570
1	100346	0.696375	5571
1	100364	0.6965	5572
1	100382	0.696625	5573
1	100400	0.69675	5574
1	100418	0.696875	5575
1	100436	0.697	5576
1	100454	0.697125	5577
1	100472	0.69725	5578
1	100490	0.697375	5579
1	100508	0.6975	5580
1	100526	0.697625	5581
1	100544	0.69775	5582
1	100562	0.697875	5583
1	100580	0.698	5584
1	100598	0.698125	5585
1	100616	0.69825	5586
1	100634	0.698375	5587
1	100652	0.6985	5588
1	100670	0.698625	5589
1	100688	0.69875	5590
1	100706	0.698875	5591
1	100724	0.699	5592
1	100742	0.699125	5593
1	100760	0.69925	5594
1	100778	0.699375	5595
1	100796	0.6995	5596
1	100814	0.699625	5597
1	100832	0.69975	5598
1	100850	0.699875	5599
1	100868	0.7	5600
1	100886	0.700125	5601
1	100904	0.70025	5602
1	100922	0.700375	5603
1	100940	0.7005	5604
1	100958	0.700625	5605
1	100976	0.70075	5606
1	100994	0.700875	5607
1	101012	0.701	5608
1	101030	0.701125	5609
1	101048	0.70125	5610
1	101066	0.701375	5611
1	101084	0.7015	5612
1	101102	0.701625	5613
1	101120	0.70175	5614
1	101138	0.701875	5615
1	101156	0.702	5616
1	101174	0.702125	5617
1	101192	0.70225	5618
1	101210	0.702375	5619
1	101228	0.7025	5620
1	101246	0.702625	5621
1	101264	0.70275	5622
1	101282	0.702875	5623
1	101300	0.703	5624
1	101318	0.703125	5625
1	101336	0.70325	5626
1	101354	0.703375	5627
1	101372	0.7035	5628
1	101390	0.703625	5629
1	101408	0.70375	5630
1	101426	0.703875	5631
1	101444	0.704	5632
1	101462	0.704125	5633
1	101480	0.70425	5634
1	101498	0.704375	5635
1	101516	0.7045	5636
1	101534	0.704625	5637
1	101552	0.70475	5638
1	101570	0.704875	5639
1	101588	0.705	5640
1	101606	0.705125	5641
1	101624	0.70525	5642
1	101642	0.705375	5643
1	101660	0.7055	5644
1	101678	0.705625	5645
1	101696	0.70575	5646
1	101714	0.705875	5647
1	101732	0.706	5648
1	101754	0.706125	5649
1	101772	0.70625	5650
1	101790	0.706375	5651
1	101808	0.7065	5652
1	101826	0.706625	5653
1	101844	0.70675	5654
1	101862	0.706875	5655
1	101880	0.707	5656
1	101898	0.707125	5657
1	101916	0.70725	5658
1	101934	0.707375	5659
1	101952	0.7075	5660
1	101970	0.707625	5661
1	101988	0.70775	5662
1	102006	0.707875	5663
1	102024	0.708	5664
1	102042	0.708125	5665
1	102060	0.70825	5666
1	102078	0.708375	5667
1	102096	0.7085	5668
1	102114	0.708625	5669
1	102132	0.70875	5670
1	102150	0.708875	5671
1	102168	0.709	5672
1	102186	0.709125	5673
1	102204	0.70925	5674
1	102222	0.709375	5675
1	102240	0.7095	5676
1	102258	0.709625	5677
1	102276	0.70975	5678
1	102294	0.709875	5679
1	102312	0.71	5680
1	102330	0.710125	5681
1	102348	0.71025	5682
1	102366	0.710375	5683
1	102384	0.7105	5684
1	102402	0.710625	5685
1	102420	0.71075	5686
1	102438	0.710875	5687
1	102456	0.711	5688
1	102474	0.711125	5689
1	102492	0.71125	5690
1	102510	0.711375	5691
1	102528	0.7115	5692
1	102546	0.711625	5693
1	102564	0.71175	5694
1	102582	0.711875	5695
1	102600	0.712	5696
1	102618	0.712125	5697
1	102636	0.71225	5698
1	102654	0.712375	5699
1	102672	0.7125	5700
1	102690	0.712625	5701
1	102708	0.71275	5702
1	102726	0.712875	5703
1	102744	0.713	5704
1	102762	0.713125	5705
1	102780	0.71325	5706
1	102798	0.713375	5707
1	102816	0.7135	5708
1	102834	0.713625	5709
1	102852	0.71375	5710
1	102870	0.713875	5711
1	102888	0.714	5712
1	102906	0.714125	5713
1	102924	0.71425	5714
1	102942	0.714375	5715
1	102960	0.7145	5716
1	102978	0.714625	5717
1	102996	0.71475	5718
1	103014	0.714875	5719
1	103032	0.715	5720
1	103050	0.715125	5721
1	103068	0.71525	5722
1	103086	0.715375	5723
1	103104	0.7155	5724
1	103122	0.715625	5725
1	103140	0.71575	5726
1	103158	0.715875	5727
1	103176	0.716	5728
1	103194	0.716125	5729
1	103212	0.71625	5730
1	103230	0.716375	5731
1	103248	0.7165	5732
1	103266	0.716625	5733
1	103284	0.71675	5734
1	103302	0.716875	5735
1	103320	0.717	5736
1	103338	0.717125	5737
1	103356	0.71725	5738
1	103374	0.717375	5739
1	103392	0.7175	5740
1	103410	0.717625	5741
1	103428	0.71775	5742
1	103446	0.717875	5743
1	103464	0.718	5744
1	103482	0.718125	5745
1	103500	0.71825	5746
1	103518	0.718375	5747
1	103536	0.7185	5748
1	103554	0.718625	5749
1	103572	0.71875	5750
1	103590	0.718875	5751
1	103608	0.719	5752
1	103626	0.719125	5753
1	103644	0.71925	5754
1	103662	0.719375	5755
1	103680	0.7195	5756
1	103698	0.719625	5757
1	103716	0.71975	5758
1	103734	0.719875	5759
1	103752	0.72	5760
1	103770	0.720125	5761
1	103788	0.72025	5762
1	103806	0.720375	5763
1	103824	0.7205	5764
1	103842	0.720625	5765
1	103860	0.72075	5766
1	103878	0.720875	5767
1	103896	0.721	5768
1	103914	0.721125	5769
1	103932	0.72125	5770
1	103950	0.721375	5771
1	103968	0.7215	5772
1	103986	0.721625	5773
1	104004	0.72175	5774
1	104022	0.721875	5775
1	104040	0.722	5776
1	104058	0.722125	5777
1	104076	0.72225	5778
1	104094	0.722375	5779
1	104112	0.7225	5780
1	104130	0.722625	5781
1	104148	0.72275	5782
1	104166	0.722875	5783
1	104184	0.723	5784
1	104202	0.723125	5785
1	104220	0.72325	5786
1	104238	0.723375	5787
1	104256	0.7235	5788
1	104274	0.723625	5789
1	104292	0.72375	5790
1	104310	0.723875	5791
1	104328	0.724	5792
1	104346	0.724125	5793
1	104364	0.72425	5794
1	104382	0.724375	5795
1	104400	0.7245	5796
1	104418	0.724625	5797
1	104436	0.72475	5798
1	104454	0.724875	5799
1	104472	0.725	5800
1	104490	0.725125	5801
1	104508	0.72525	5802
1	104526	0.725375	5803
1	104544	0.7255	5804
1	104562	0.725625	5805
1	104580	0.72575	5806
1	104598	0.725875	5807
1	104616	0.726	5808
1	104634	0.726125	5809
1	104652	0.72625	5810
1	104670	0.726375	5811
1	104688	0.7265	5812
1	104706	0.726625	5813
1	104724	0.72675	5814
1	104742	0.726875	5815
1	104760	0.727	5816
1	104778	0.727125	5817
1	104796	0.72725	5818
1	104814	0.727375	5819
1	104832	0.7275	5820
1	104850	0.727625	5821
1	104868	0.72775	5822
1	104886	0.727875	5823
1	104904	0.728	5824
1	104922	0.728125	5825
1	104940	0.72825	5826
1	104958	0.728375	5827
1	104976	0.7285	5828
1	104994	0.728625	5829
1	105012	0.72875	5830
1	105030	0.728875	5831
1	105048	0.729	5832
1	105066	0.729125	5833
1	105084	0.72925	5834
1	105102	0.729375	5835
1	105120	0.7295	5836
1	105138	0.729625	5837
1	105156	0.72975	5838
1	105174	0.729875	5839
1	105192	0.73	5840
1	105210	0.730125	5841
1	105228	0.73025	5842
1	105246	0.730375	5843
1	105264	0.7305	5844
1	105282	0.730625	5845
1	105300	0.73075	5846
1	105318	0.730875	5847
1	105336	0.731	5848
1	105354	0.731125	5849
1	105372	0.73125	5850
1	105390	0.731375	5851
1	105408	0.7315	5852
1	105426	0.731625	5853
1	105444	0.73175	5854
1	105462	0.731875	5855
1	105480	0.732	5856
1	105498	0.732125	5857
1	105516	0.73225	5858
1	105534	0.732375	5859
1	105552	0.7325	5860
1	105570	0.732625	5861
1	105588	0.73275	5862
1	105606	0.732875	5863
1	105624	0.733	5864
1	105642	0.733125	5865
1	105660	0.73325	5866
1	105678	0.733375	5867
1	105696	0.7335	5868
1	105714	0.733625	5869
1	105732	0.73375	5870
1	105750	0.733875	5871
1	105768	0.734	5872
1	105786	0.734125	5873
1	105804	0.73425	5874
1	105822	0.734375	5875
1	105840	0.7345	5876
1	105858	0.734625	5877
1	105876	0.73475	5878
1	105894	0.734875	5879
1	105912	0.735	5880
1	105930	0.735125	5881
1	105948	0.73525	5882
1	105966	0.735375	5883
1	105984	0.7355	5884
1	106002	0.735625	5885
1	106020	0.73575	5886
1	106038	0.735875	5887
1	106056	0.736	5888
1	106074	0.736125	5889
1	106092	0.73625	5890
1	106110	0.736375	5891
1	106128	0.7365	5892
1	106146	0.736625	5893
1	106164	0.73675	5894
1	106182	0.736875	5895
1	106200	0.737	5896
1	106218	0.737125	5897
1	106236	0.73725	5898
1	106254	0.737375	5899
1	106272	0.7375	5900
1	106290	0.737625	5901
1	106308	0.73775	5902
1	106326	0.737875	5903
1	106344	0.738	5904
1	106362	0.738125	5905
1	106380	0.73825	5906
1	106398	0.738375	5907
1	106416	0.7385	5908
1	106434	0.738625	5909
1	106452	0.73875	5910
1	106470	0.738875	5911
1	106488	0.739	5912
1	106506	0.739125	5913
1	106524	0.73925	5914
1	106542	0.739375	5915
1	106560	0.7395	5916
1	106578	0.739625	5917
1	106596	0.73975	5918
1	106614	0.739875	5919
1	106632	0.74	5920
1	106650	0.740125	5921
1	106668	0.74025	5922
1	106686	0.740375	5923
1	106704	0.7405	5924
1	106722	0.740625	5925
1	106740	0.74075	5926
1	106758	0.740875	5927
1	106776	0.741	5928
1	106794	0.741125	5929
1	106812	0.74125	5930
1	106830	0.741375	5931
1	106848	0.7415	5932
1	106866	0.741625	5933
1	106884	0.74175	5934
1	106902	0.741875	5935
1	106920	0.742	5936
1	106938	0.742125	5937
1	106956	0.74225	5938
1	106974	0.742375	5939
1	106992	0.7425	5940
1	107010	0.742625	5941
1	107028	0.74275	5942
1	107046	0.742875	5943
1	107064	0.743	5944
1	107082	0.743125	5945
1	107104	0.74325	5946
1	107122	0.743375	5947
1	107140	0.7435	5948
1	107158	0.743625	5949
1	107176	0.74375	5950
1	107194	0.743875	5951
1	107212	0.744	5952
1	107230	0.744125	5953
1	107248	0.74425	5954
1	107266	0.744375	5955
1	107284	0.7445	5956
1	107302	0.744625	5957
1	107320	0.74475	5958
1	107338	0.744875	5959
1	107356	0.745	5960
1	107374	0.745125	5961
1	107392	0.74525	5962
1	107410	0.745375	5963
1	107428	0.7455	5964
1	107446	0.745625	5965
1	107464	0.74575	5966
1	107482	0.745875	5967
1	107500	0.746	5968
1	107518	0.746125	5969
1	107536	0.74625	5970
1	107554	0.746375	5971
1	107572	0.7465	5972
1	107590	0.746625	5973
1	107608	0.74675	5974
1	107626	0.746875	5975
1	107644	0.747	5976
1	107662	0.747125	5977
1	107680	0.74725	5978
1	107698	0.747375	5979
1	107716	0.7475	5980
1	107734	0.747625	5981
1	107752	0.74775	5982
1	107770	0.747875	5983
1	107788	0.748	5984
1	107806	0.748125	5985
1	107824	0.74825	5986
1	107842	0.748375	5987
1	107860	0.7485	5988
1	107878	0.748625	5989
1	107896	0.74875	5990
1	107914	0.748875	5991
1	107932	0.749	5992
1	107950	0.749125	5993
1	107968	0.74925	5994
1	107986	0.749375	5995
1	108004	0.7495	5996
1	108022	0.749625	5997
1	108040	0.74975	5998
1	108058	0.749875	5999
1	108076	0.75	6000
1	108094	0.750125	6001
1	108112	0.75025	6002
1	108130	0.750375	6003
1	108148	0.7505	6004
1	108166	0.750625	6005
1	108184	0.75075	6006
1	108202	0.750875	6007
1	108220	0.751	6008
1	108238	0.751125	6009
1	108256	0.75125	6010
1	108274	0.751375	6011
1	108292	0.7515	6012
1	108310	0.751625	6013
1	108328	0.75175	6014
1	108346	0.751875	6015
1	108364	0.752	6016
1	108382	0.752125	6017
1	108400	0.75225	6018
1	108418	0.752375	6019
1	108436	0.7525	6020
1	108454	0.752625	6021
1	108472	0.75275	6022
1	108490	0.752875	6023
1	108508	0.753	6024
1	108526	0.753125	6025
1	108544	0.75325	6026
1	108562	0.753375	6027
1	108580	0.7535	6028
1	108598	0.753625	6029
1	108616	0.75375	6030
1	108634	0.753875	6031
1	108652	0.754	6032
1	108670	0.754125	6033
1	108688	0.75425	6034
1	108706	0.754375	6035
1	108724	0.7545	6036
1	108742	0.754625	6037
1	108760	0.75475	6038
1	108778	0.754875	6039
1	108796	0.755	6040
1	108814	0.755125	6041
1	108832	0.75525	6042
1	108850	0.755375	6043
1	108868	0.7555	6044
1	108886	0.755625	6045
1	108904	0.75575	6046
1	108922	0.755875	6047
1	108940	0.756	6048
1	108958	0.756125	6049
1	108976	0.75625	6050
1	108994	0.756375	6051
1	109012	0.7565	6052
1	109030	0.756625	6053
1	109048	0.75675	6054
1	109066	0.756875	6055
1	109084	0.757	6056
1	109102	0.757125	6057
1	109120	0.75725	6058
1	109138	0.757375	6059
1	109156	0.7575	6060
1	109174	0.757625	6061
1	109192	0.75775	6062
1	109210	0.757875	6063
1	109228	0.758	6064
1	109246	0.758125	6065
1	109264	0.75825	6066
1	109282	0.758375	6067
1	109300	0.7585	6068
1	109318	0.758625	6069
1	109336	0.75875	6070
1	109354	0.758875	6071
1	109372	0.759	6072
1	109390	0.759125	6073
1	109408	0.75925	6074
1	109426	0.759375	6075
1	109444	0.7595	6076
1	109462	0.759625	6077
1	109480	0.75975	6078
1	109498	0.759875	6079
1	109516	0.76	6080
1	109534	0.760125	6081
1	109552	0.76025	6082
1	109570	0.760375	6083
1	109588	0.7605	6084
1	109606	0.760625	6085
1	109624	0.76075	6086
1	109642	0.760875	6087
1	109660	0.761	6088
1	109678	0.761125	6089
1	109696	0.76125	6090
1	109714	0.761375	6091
1	109732	0.7615	6092
1	109750	0.761625	6093
1	109768	0.76175	6094
1	109786	0.761875	6095
1	109804	0.762	6096
1	109822	0.762125	6097
1	109840	0.76225	6098
1	109858	0.762375	6099
1	109876	0.7625	6100
1	109894	0.762625	6101
1	109912	0.76275	6102
1	109930	0.762875	6103
1	109948	0.763	6104
1	109966	0.763125	6105
1	109984	0.76325	6106
1	110002	0.763375	6107
1	110020	0.7635	6108
1	110038	0.763625	6109
1	110056	0.76375	6110
1	110074	0.763875	6111
1	110092	0.764	6112
1	110110	0.764125	6113
1	110128	0.76425	6114
1	110146	0.764375	6115
1	110164	0.7645	6116
1	110182	0.764625	6117
1	110200	0.76475	6118
1	110218	0.764875	6119
1	110236	0.765	6120
1	110254	0.765125	6121
1	110272	0.76525	6122
1	110290	0.765375	6123
1	110308	0.7655	6124
1	110326	0.765625	6125
1	110344	0.76575	6126
1	110362	0.765875	6127
1	110380	0.766	6128
1	110398	0.766125	6129
1	110416	0.76625	6130
1	110434	0.766375	6131
1	110452	0.7665	6132
1	110470	0.766625	6133
1	110488	0.76675	6134
1	110506	0.766875	6135
1	110524	0.767	6136
1	110542	0.767125	6137
1	110560	0.76725	6138
1	110578	0.767375	6139
1	110596	0.7675	6140
1	110614	0.767625	6141
1	110632	0.76775	6142
1	110650	0.767875	6143
1	110668	0.768	6144
1	110686	0.768125	6145
1	110704	0.76825	6146
1	110722	0.768375	6147
1	110740	0.7685	6148
1	110758	0.768625	6149
1	110776	0.76875	6150
1	110794	0.768875	6151
1	110812	0.769	6152
1	110830	0.769125	6153
1	110848	0.76925	6154
1	110866	0.769375	6155
1	110884	0.7695	6156
1	110902	0.769625	6157
1	110920	0.76975	6158
1	110938	0.769875	6159
1	110956	0.77	6160
1	110974	0.770125	6161
1	110992	0.77025	6162
1	111010	0.770375	6163
1	111028	0.7705	6164
1	111046	0.770625	6165
1	111064	0.77075	6166
1	111082	0.770875	6167
1	111100	0.771	6168
1	111118	0.771125	6169
1	111136	0.77125	6170
1	111154	0.771375	6171
1	111172	0.7715	6172
1	111190	0.771625	6173
1	111208	0.77175	6174
1	111226	0.771875	6175
1	111244	0.772	6176
1	111262	0.772125	6177
1	111280	0.77225	6178
1	111298	0.772375	6179
1	111316	0.7725	6180
1	111334	0.772625	6181
1	111352	0.77275	6182
1	111370	0.772875	6183
1	111388	0.773	6184
1	111406	0.773125	6185
1	111424	0.77325	6186
1	111442	0.773375	6187
1	111460	0.7735	6188
1	111478	0.773625	6189
1	111496	0.77375	6190
1	111514	0.773875	6191
1	111532	0.774	6192
1	111550	0.774125	6193
1	111568	0.77425	6194
1	111586	0.774375	6195
1	111604	0.7745	6196
1	111622	0.774625	6197
1	111640	0.77475	6198
1	111658	0.774875	6199
1	111676	0.775	6200
1	111694	0.775125	6201
1	111712	0.77525	6202
1	111730	0.775375	6203
1	111748	0.7755	6204
1	111766	0.775625	6205
1	111784	0.77575	6206
1	111802	0.775875	6207
1	111820	0.776	6208
1	111838	0.776125	6209
1	111856	0.77625	6210
1	111874	0.776375	6211
1	111892	0.7765	6212
1	111910	0.776625	6213
1	111928	0.77675	6214
1	111946	0.776875	6215
1	111964	0.777	6216
1	111982	0.777125	6217
1	112000	0.77725	6218
1	112018	0.777375	6219
1	112036	0.7775	6220
1	112054	0.777625	6221
1	112072	0.77775	6222
1	112090	0.777875	6223
1	112108	0.778	6224
1	112126	0.778125	6225
1	112144	0.77825	6226
1	112162	0.778375	6227
1	112180	0.7785	6228
1	112198	0.778625	6229
1	112216	0.77875	6230
1	112234	0.778875	6231
1	112252	0.779	6232
1	112270	0.779125	6233
1	112288	0.77925	6234
1	112306	0.779375	6235
1	112324	0.7795	6236
1	112342	0.779625	6237
1	112360	0.77975	6238
1	112378	0.779875	6239
1	112396	0.78	6240
1	112414	0.780125	6241
1	112432	0.78025	6242
1	112450	0.780375	6243
1	112472	0.7805	6244
1	112490	0.780625	6245
1	112508	0.78075	6246
1	112526	0.780875	6247
1	112544	0.781	6248
1	112562	0.781125	6249
1	112580	0.78125	6250
1	112598	0.781375	6251
1	112616	0.7815	6252
1	112634	0.781625	6253
1	112652	0.78175	6254
1	112670	0.781875	6255
1	112688	0.782	6256
1	112706	0.782125	6257
1	112724	0.78225	6258
1	112742	0.782375	6259
1	112760	0.7825	6260
1	112778	0.782625	6261
1	112796	0.78275	6262
1	112814	0.782875	6263
1	112832	0.783	6264
1	112850	0.783125	6265
1	112868	0.78325	6266
1	112886	0.783375	6267
1	112904	0.7835	6268
1	112922	0.783625	6269
1	112940	0.78375	6270
1	112958	0.783875	6271
1	112976	0.784	6272
1	112994	0.784125	6273
1	113012	0.78425	6274
1	113030	0.784375	6275
1	113048	0.7845	6276
1	113066	0.784625	6277
1	113084	0.78475	6278
1	113102	0.784875	6279
1	113120	0.785	6280
1	113138	0.785125	6281
1	113156	0.78525	6282
1	113174	0.785375	6283
1	113192	0.7855	6284
1	113210	0.785625	6285
1	113228	0.78575	6286
1	113246	0.785875	6287
1	113264	0.786	6288
1	113282	0.786125	6289
1	113300	0.78625	6290
1	113318	0.786375	6291
1	113336	0.7865	6292
1	113354	0.786625	6293
1	113372	0.78675	6294
1	113390	0.786875	6295
1	113408	0.787	6296
1	113426	0.787125	6297
1	113444	0.78725	6298
1	113462	0.787375	6299
1	113480	0.7875	6300
1	113498	0.787625	6301
1	113516	0.78775	6302
1	113534	0.787875	6303
1	113552	0.788	6304
1	113570	0.788125	6305
1	113588	0.78825	6306
1	113606	0.788375	6307
1	113624	0.7885	6308
1	113642	0.788625	6309
1	113660	0.78875	6310
1	113678	0.788875	6311
1	113696	0.789	6312
1	113714	0.789125	6313
1	113732	0.78925	6314
1	113750	0.789375	6315
1	113768	0.7895	6316
1	113786	0.789625	6317
1	113804	0.78975	6318
1	113822	0.789875	6319
1	113840	0.79	6320
1	113858	0.790125	6321
1	113876	0.79025	6322
1	113894	0.790375	6323
1	113912	0.7905	6324
1	113930	0.790625	6325
1	113948	0.79075	6326
1	113966	0.790875	6327
1	113984	0.791	6328
1	114002	0.791125	6329
1	114020	0.79125	6330
1	114038	0.791375	6331
1	114056	0.7915	6332
1	114074	0.791625	6333
1	114092	0.79175	6334
1	114110	0.791875	6335
1	114128	0.792	6336
1	114146	0.792125	6337
1	114164	0.79225	6338
1	114182	0.792375	6339
1	114200	0.7925	6340
1	114218	0.792625	6341
1	114236	0.79275	6342
1	114254	0.792875	6343
1	114272	0.793	6344
1	114290	0.793125	6345
1	114308	0.79325	6346
1	114326	0.793375	6347
1	114344	0.7935	6348
1	114362	0.793625	6349
1	114380	0.79375	6350
1	114398	0.793875	6351
1	114416	0.794	6352
1	114434	0.794125	6353
1	114452	0.79425	6354
1	114470	0.794375	6355
1	114488	0.7945	6356
1	114506	0.794625	6357
1	114524	0.79475	6358
1	114542	0.794875	6359
1	114560	0.795	6360
1	114578	0.795125	6361
1	114596	0.79525	6362
1	114614	0.795375	6363
1	114632	0.7955	6364
1	114650	0.795625	6365
1	114668	0.79575	6366
1	114686	0.795875	6367
1	114704	0.796	6368
1	114722	0.796125	6369
1	114740	0.79625	6370
1	114758	0.796375	6371
1	114776	0.7965	6372
1	114794	0.796625	6373
1	114812	0.79675	6374
1	114830	0.796875	6375
1	114848	0.797	6376
1	114866	0.797125	6377
1	114884	0.79725	6378
1	114902	0.797375	6379
1	114920	0.7975	6380
1	114938	0.797625	6381
1	114956	0.79775	6382
1	114974	0.797875	6383
1	114992	0.798	6384
1	115010	0.798125	6385
1	115028	0.79825	6386
1	115046	0.798375	6387
1	115064	0.7985	6388
1	115082	0.798625	6389
1	115100	0.79875	6390
1	115118	0.798875	6391
1	115136	0.799	6392
1	115154	0.799125	6393
1	115172	0.79925	6394
1	115190	0.799375	6395
1	115208	0.7995	6396
1	115226	0.799625	6397
1	115244	0.79975	6398
1	115262	0.799875	6399
1	115280	0.8	6400
1	115298	0.800125	6401
1	115316	0.80025	6402
1	115334	0.800375	6403
1	115352	0.8005	6404
1	115370	0.800625	6405
1	115388	0.80075	6406
1	115406	0.800875	6407
1	115424	0.801	6408
1	115442	0.801125	6409
1	115460	0.80125	6410
1	115478	0.801375	6411
1	115496	0.8015	6412
1	115514	0.801625	6413
1	115532	0.80175	6414
1	115550	0.801875	6415
1	115568	0.802	6416
1	115586	0.802125	6417
1	115604	0.80225	6418
1	115622	0.802375	6419
1	115640	0.8025	6420
1	115658	0.802625	6421
1	115676	0.80275	6422
1	115694	0.802875	6423
1	115712	0.803	6424
1	115730	0.803125	6425
1	115748	0.80325	6426
1	115766	0.803375	6427
1	115784	0.8035	6428
1	115802	0.803625	6429
1	115820	0.80375	6430
1	115838	0.803875	6431
1	115856	0.804	6432
1	115874	0.804125	6433
1	115892	0.80425	6434
1	115910	0.804375	6435
1	115928	0.8045	6436
1	115946	0.804625	6437
1	115964	0.80475	6438
1	115982	0.804875	6439
1	116000	0.805	6440
1	116018	0.805125	6441
1	116036	0.80525	6442
1	116054	0.805375	6443
1	116072	0.8055	6444
1	116090	0.805625	6445
1	116108	0.80575	6446
1	116126	0.805875	6447
1	116144	0.806	6448
1	116162	0.806125	6449
1	116180	0.80625	6450
1	116198	0.806375	6451
1	116216	0.8065	6452
1	116234	0.806625	6453
1	116252	0.80675	6454
1	116270	0.806875	6455
1	116288	0.807	6456
1	116306	0.807125	6457
1	116324	0.80725	6458
1	116342	0.807375	6459
1	116360	0.8075	6460
1	116378	0.807625	6461
1	116396	0.80775	6462
1	116414	0.807875	6463
1	116432	0.808	6464
1	116450	0.808125	6465
1	116468	0.80825	6466
1	116486	0.808375	6467
1	116504	0.8085	6468
1	116522	0.808625	6469
1	116540	0.80875	6470
1	116558	0.808875	6471
1	116576	0.809	6472
1	116594	0.809125	6473
1	116612	0.80925	6474
1	116630	0.809375	6475
1	116648	0.8095	6476
1	116666	0.809625	6477
1	116684	0.80975	6478
1	116702	0.809875	6479
1	116720	0.81	6480
1	116738	0.810125	6481
1	116756	0.81025	6482
1	116774	0.810375	6483
1	116792	0.8105	6484
1	116810	0.810625	6485
1	116828	0.81075	6486
1	116846	0.810875	6487
1	116864	0.811	6488
1	116882	0.811125	6489
1	116900	0.81125	6490
1	116918	0.811375	6491
1	116936	0.8115	6492
1	116954	0.811625	6493
1	116972	0.81175	6494
1	116990	0.811875	6495
1	117008	0.812	6496
1	117026	0.812125	6497
1	117044	0.81225	6498
1	117062	0.812375	6499
1	117080	0.8125	6500
1	117098	0.812625	6501
1	117116	0.81275	6502
1	117134	0.812875	6503
1	117152	0.813	6504
1	117170	0.813125	6505
1	117188	0.81325	6506
1	117206	0.813375	6507
1	117224	0.8135	6508
1	117242	0.813625	6509
1	117260	0.81375	6510
1	117278	0.813875	6511
1	117296	0.814	6512
1	117314	0.814125	6513
1	117332	0.81425	6514
1	117350	0.814375	6515
1	117368	0.8145	6516
1	117386	0.814625	6517
1	117404	0.81475	6518
1	117422	0.814875	6519
1	117440	0.815	6520
1	117458	0.815125	6521
1	117476	0.81525	6522
1	117494	0.815375	6523
1	117512	0.8155	6524
1	117530	0.815625	6525
1	117548	0.81575	6526
1	117566	0.815875	6527
1	117584	0.816	6528
1	117602	0.816125	6529
1	117620	0.81625	6530
1	117638	0.816375	6531
1	117656	0.8165	6532
1	117674	0.816625	6533
1	117692	0.81675	6534
1	117710	0.816875	6535
1	117728	0.817	6536
1	117746	0.817125	6537
1	117764	0.81725	6538
1	117782	0.817375	6539
1	117800	0.8175	6540
1	117822	0.817625	6541
1	117840	0.81775	6542
1	117858	0.817875	6543
1	117876	0.818	6544
1	117894	0.818125	6545
1	117912	0.81825	6546
1	117930	0.818375	6547
1	117948	0.8185	6548
1	117966	0.818625	6549
1	117984	0.81875	6550
1	118002	0.818875	6551
1	118020	0.819	6552
1	118038	0.819125	6553
1	118056	0.81925	6554
1	118074	0.819375	6555
1	118092	0.8195	6556
1	118110	0.819625	6557
1	118128	0.81975	6558
1	118146	0.819875	6559
1	118164	0.82	6560
1	118182	0.820125	6561
1	118200	0.82025	6562
1	118218	0.820375	6563
1	118236	0.8205	6564
1	118254	0.820625	6565
1	118272	0.82075	6566
1	118290	0.820875	6567
1	118308	0.821	6568
1	118326	0.821125	6569
1	118344	0.82125	6570
1	118362	0.821375	6571
1	118380	0.8215	6572
1	118398	0.821625	6573
1	118416	0.82175	6574
1	118434	0.821875	6575
1	118452	0.822	6576
1	118470	0.822125	6577
1	118488	0.82225	6578
1	118506	0.822375	6579
1	118524	0.8225	6580
1	118542	0.822625	6581
1	118560	0.82275	6582
1	118578	0.822875	6583
1	118596	0.823	6584
1	118614	0.823125	6585
1	118632	0.82325	6586
1	118650	0.823375	6587
1	118668	0.8235	6588
1	118686	0.823625	6589
1	118704	0.82375	6590
1	118722	0.823875	6591
1	118740	0.824	6592
1	118758	0.824125	6593
1	118776	0.82425	6594
1	118794	0.824375	6595
1	118812	0.8245	6596
1	118830	0.824625	6597
1	118848	0.82475	6598
1	118866	0.824875	6599
1	118884	0.825	6600
1	118902	0.825125	6601
1	118920	0.82525	6602
1	118938	0.825375	6603
1	118956	0.8255	6604
1	118974	0.825625	6605
1	118992	0.82575	6606
1	119010	0.825875	6607
1	119028	0.826	6608
1	119046	0.826125	6609
1	119064	0.82625	6610
1	119082	0.826375	6611
1	119100	0.8265	6612
1	119118	0.826625	6613
1	119136	0.82675	6614
1	119154	0.826875	6615
1	119172	0.827	6616
1	119190	0.827125	6617
1	119208	0.82725	6618
1	119226	0.827375	6619
1	119244	0.8275	6620
1	119262	0.827625	6621
1	119280	0.82775	6622
1	119298	0.827875	6623
1	119316	0.828	6624
1	119334	0.828125	6625
1	119352	0.82825	6626
1	119370	0.828375	6627
1	119388	0.8285	6628
1	119406	0.828625	6629
1	119424	0.82875	6630
1	119442	0.828875	6631
1	119460	0.829	6632
1	119478	0.829125	6633
1	119496	0.82925	6634
1	119514	0.829375	6635
1	119532	0.8295	6636
1	119550	0.829625	6637
1	119568	0.82975	6638
1	119586	0.829875	6639
1	119604	0.83	6640
1	119622	0.830125	6641
1	119640	0.83025	6642
1	119658	0.830375	6643
1	119676	0.8305	6644
1	119694	0.830625	6645
1	119712	0.83075	6646
1	119730	0.830875	6647
1	119748	0.831	6648
1	119766	0.831125	6649
1	119784	0.83125	6650
1	119802	0.831375	6651
1	119820	0.8315	6652
1	119838	0.831625	6653
1	119856	0.83175	6654
1	119874	0.831875	6655
1	119892	0.832	6656
1	119910	0.832125	6657
1	119928	0.83225	6658
1	119946	0.832375	6659
1	119964	0.8325	6660
1	119982	0.832625	6661
1	120000	0.83275	6662
1	120018	0.832875	6663
1	120036	0.833	6664
1	120054	0.833125	6665
1	120072	0.83325	6666
1	120090	0.833375	6667
1	120108	0.8335	6668
1	120126	0.833625	6669
1	120144	0.83375	6670
1	120162	0.833875	6671
1	120180	0.834	6672
1	120198	0.834125	6673
1	120216	0.83425	6674
1	120234	0.834375	6675
1	120252	0.8345	6676
1	120270	0.834625	6677
1	120288	0.83475	6678
1	120306	0.834875	6679
1	120324	0.835	6680
1	120342	0.835125	6681
1	120360	0.83525	6682
1	120378	0.835375	6683
1	120396	0.8355	6684
1	120414	0.835625	6685
1	120432	0.83575	6686
1	120450	0.835875	6687
1	120468	0.836	6688
1	120486	0.836125	6689
1	120504	0.83625	6690
1	120522	0.836375	6691
1	120540	0.8365	6692
1	120558	0.836625	6693
1	120576	0.83675	6694
1	120594	0.836875	6695
1	120612	0.837	6696
1	120630	0.837125	6697
1	120648	0.83725	6698
1	120666	0.837375	6699
1	120684	0.8375	6700
1	120702	0.837625	6701
1	120720	0.83775	6702
1	120738	0.837875	6703
1	120756	0.838	6704
1	120774	0.838125	6705
1	120792	0.83825	6706
1	120810	0.838375	6707
1	120828	0.8385	6708
1	120846	0.838625	6709
1	120864	0.83875	6710
1	120882	0.838875	6711
1	120900	0.839	6712
1	120918	0.839125	6713
1	120936	0.83925	6714
1	120954	0.839375	6715
1	120972	0.8395	6716
1	120990	0.839625	6717
1	121008	0.83975	6718
1	121026	0.839875	6719
1	121044	0.84	6720
1	121062	0.840125	6721
1	121080	0.84025	6722
1	121098	0.840375	6723
1	121116	0.8405	6724
1	121134	0.840625	6725
1	121152	0.84075	6726
1	121170	0.840875	6727
1	121188	0.841	6728
1	121206	0.841125	6729
1	121224	0.84125	6730
1	121242	0.841375	6731
1	121260	0.8415	6732
1	121278	0.841625	6733
1	121296	0.84175	6734
1	121314	0.841875	6735
1	121332	0.842	6736
1	121350	0.842125	6737
1	121368	0.84225	6738
1	121386	0.842375	6739
1	121404	0.8425	6740
1	121422	0.842625	6741
1	121440	0.84275	6742
1	121458	0.842875	6743
1	121476	0.843	6744
1	121494	0.843125	6745
1	121512	0.84325	6746
1	121530	0.843375	6747
1	121548	0.8435	6748
1	121566	0.843625	6749
1	121584	0.84375	6750
1	121602	0.843875	6751
1	121620	0.844	6752
1	121638	0.844125	6753
1	121656	0.84425	6754
1	121674	0.844375	6755
1	121692	0.8445	6756
1	121710	0.844625	6757
1	121728	0.84475	6758
1	121746	0.844875	6759
1	121764	0.845	6760
1	121782	0.845125	6761
1	121800	0.84525	6762
1	121818	0.845375	6763
1	121836	0.8455	6764
1	121854	0.845625	6765
1	121872	0.84575	6766
1	121890	0.845875	6767
1	121908	0.846	6768
1	121926	0.846125	6769
1	121944	0.84625	6770
1	121962	0.846375	6771
1	121980	0.8465	6772
1	121998	0.846625	6773
1	122016	0.84675	6774
1	122034	0.846875	6775
1	122052	0.847	6776
1	122070	0.847125	6777
1	122088	0.84725	6778
1	122106	0.847375	6779
1	122124	0.8475	6780
1	122142	0.847625	6781
1	122160	0.84775	6782
1	122178	0.847875	6783
1	122196	0.848	6784
1	122214	0.848125	6785
1	122232	0.84825	6786
1	122250	0.848375	6787
1	122268	0.8485	6788
1	122286	0.848625	6789
1	122304	0.84875	6790
1	122322	0.848875	6791
1	122340	0.849	6792
1	122358	0.849125	6793
1	122376	0.84925	6794
1	122394	0.849375	6795
1	122412	0.8495	6796
1	122430	0.849625	6797
1	122448	0.84975	6798
1	122466	0.849875	6799
1	122484	0.85	6800
1	122502	0.850125	6801
1	122520	0.85025	6802
1	122538	0.850375	6803
1	122556	0.8505	6804
1	122574	0.850625	6805
1	122592	0.85075	6806
1	122610	0.850875	6807
1	122628	0.851	6808
1	122646	0.851125	6809
1	122664	0.85125	6810
1	122682	0.851375	6811
1	122700	0.8515	6812
1	122718	0.851625	6813
1	122736	0.85175	6814
1	122754	0.851875	6815
1	122772	0.852	6816
1	122790	0.852125	6817
1	122808	0.85225	6818
1	122826	0.852375	6819
1	122844	0.8525	6820
1	122862	0.852625	6821
1	122880	0.85275	6822
1	122898	0.852875	6823
1	122916	0.853	6824
1	122934	0.853125	6825
1	122952	0.85325	6826
1	122970	0.853375	6827
1	122988	0.8535	6828
1	123006	0.853625	6829
1	123024	0.85375	6830
1	123042	0.853875	6831
1	123060	0.854	6832
1	123078	0.854125	6833
1	123096	0.85425	6834
1	123114	0.854375	6835
1	123132	0.8545	6836
1	123150	0.854625	6837
1	123172	0.85475	6838
1	123190	0.854875	6839
1	123208	0.855	6840
1	123226	0.855125	6841
1	123244	0.85525	6842
1	123262	0.855375	6843
1	123280	0.8555	6844
1	123298	0.855625	6845
1	123316	0.85575	6846
1	123334	0.855875	6847
1	123352	0.856	6848
1	123370	0.856125	6849
1	123388	0.85625	6850
1	123406	0.856375	6851
1	123424	0.8565	6852
1	123442	0.856625	6853
1	123460	0.85675	6854
1	123478	0.856875	6855
1	123496	0.857	6856
1	123514	0.857125	6857
1	123532	0.85725	6858
1	123550	0.857375	6859
1	123568	0.8575	6860
1	123586	0.857625	6861
1	123604	0.85775	6862
1	123622	0.857875	6863
1	123640	0.858	6864
1	123658	0.858125	6865
1	123676	0.85825	6866
1	123694	0.858375	6867
1	123712	0.8585	6868
1	123730	0.858625	6869
1	123748	0.85875	6870
1	123766	0.858875	6871
1	123784	0.859	6872
1	123802	0.859125	6873
1	123820	0.85925	6874
1	123838	0.859375	6875
1	123856	0.8595	6876
1	123874	0.859625	6877
1	123892	0.85975	6878
1	123910	0.859875	6879
1	123928	0.86	6880
1	123946	0.860125	6881
1	123964	0.86025	6882
1	123982	0.860375	6883
1	124000	0.8605	6884
1	124018	0.860625	6885
1	124036	0.86075	6886
1	124054	0.860875	6887
1	124072	0.861	6888
1	124090	0.861125	6889
1	124108	0.86125	6890
1	124126	0.861375	6891
1	124144	0.8615	6892
1	124162	0.861625	6893
1	124180	0.86175	6894
1	124198	0.861875	6895
1	124216	0.862	6896
1	124234	0.862125	6897
1	124252	0.86225	6898
1	124270	0.862375	6899
1	124288	0.8625	6900
1	124306	0.862625	6901
1	124324	0.86275	6902
1	124342	0.862875	6903
1	124360	0.863	6904
1	124378	0.863125	6905
1	124396	0.86325	6906
1	124414	0.863375	6907
1	124432	0.8635	6908
1	124450	0.863625	6909
1	124468	0.86375	6910
1	124486	0.863875	6911
1	124504	0.864	6912
1	124522	0.864125	6913
1	124540	0.86425	6914
1	124558	0.864375	6915
1	124576	0.8645	6916
1	124594	0.864625	6917
1	124612	0.86475	6918
1	124630	0.864875	6919
1	124648	0.865	6920
1	124666	0.865125	6921
1	124684	0.86525	6922
1	124702	0.865375	6923
1	124720	0.8655	6924
1	124738	0.865625	6925
1	124756	0.86575	6926
1	124774	0.865875	6927
1	124792	0.866	6928
1	124810	0.866125	6929
1	124828	0.86625	6930
1	124846	0.866375	6931
1	124864	0.8665	6932
1	124882	0.866625	6933
1	124900	0.86675	6934
1	124918	0.866875	6935
1	124936	0.867	6936
1	124954	0.867125	6937
1	124972	0.86725	6938
1	124990	0.867375	6939
1	125008	0.8675	6940
1	125026	0.867625	6941
1	125044	0.86775	6942
1	125062	0.867875	6943
1	125080	0.868	6944
1	125098	0.868125	6945
1	125116	0.86825	6946
1	125134	0.868375	6947
1	125152	0.8685	6948
1	125170	0.868625	6949
1	125188	0.86875	6950
1	125206	0.868875	6951
1	125224	0.869	6952
1	125242	0.869125	6953
1	125260	0.86925	6954
1	125278	0.869375	6955
1	125296	0.8695	6956
1	125314	0.869625	6957
1	125332	0.86975	6958
1	125350	0.869875	6959
1	125368	0.87	6960
1	125386	0.870125	6961
1	125404	0.87025	6962
1	125422	0.870375	6963
1	125440	0.8705	6964
1	125458	0.870625	6965
1	125476	0.87075	6966
1	125494	0.870875	6967
1	125512	0.871	6968
1	125530	0.871125	6969
1	125548	0.87125	6970
1	125566	0.871375	6971
1	125584	0.8715	6972
1	125602	0.871625	6973
1	125620	0.87175	6974
1	125638	0.871875	6975
1	125656	0.872	6976
1	125674	0.872125	6977
1	125692	0.87225	6978
1	125710	0.872375	6979
1	125728	0.8725	6980
1	125746	0.872625	6981
1	125764	0.87275	6982
1	125782	0.872875	6983
1	125800	0.873	6984
1	125818	0.873125	6985
1	125836	0.87325	6986
1	125854	0.873375	6987
1	125872	0.8735	6988
1	125890	0.873625	6989
1	125908	0.87375	6990
1	125926	0.873875	6991
1	125944	0.874	6992
1	125962	0.874125	6993
1	125980	0.87425	6994
1	125998	0.874375	6995
1	126016	0.8745	6996
1	126034	0.874625	6997
1	126052	0.87475	6998
1	126070	0.874875	6999
1	126088	0.875	7000
1	126106	0.875125	7001
1	126124	0.87525	7002
1	126142	0.875375	7003
1	126160	0.8755	7004
1	126178	0.875625	7005
1	126196	0.87575	7006
1	126214	0.875875	7007
1	126232	0.876	7008
1	126250	0.876125	7009
1	126268	0.87625	7010
1	126286	0.876375	7011
1	126304	0.8765	7012
1	126322	0.876625	7013
1	126340	0.87675	7014
1	126358	0.876875	7015
1	126376	0.877	7016
1	126394	0.877125	7017
1	126412	0.87725	7018
1	126430	0.877375	7019
1	126448	0.8775	7020
1	126466	0.877625	7021
1	126484	0.87775	7022
1	126502	0.877875	7023
1	126520	0.878	7024
1	126538	0.878125	7025
1	126556	0.87825	7026
1	126574	0.878375	7027
1	126592	0.8785	7028
1	126610	0.878625	7029
1	126628	0.87875	7030
1	126646	0.878875	7031
1	126664	0.879	7032
1	126682	0.879125	7033
1	126700	0.87925	7034
1	126718	0.879375	7035
1	126736	0.8795	7036
1	126754	0.879625	7037
1	126772	0.87975	7038
1	126790	0.879875	7039
1	126808	0.88	7040
1	126826	0.880125	7041
1	126844	0.88025	7042
1	126862	0.880375	7043
1	126880	0.8805	7044
1	126898	0.880625	7045
1	126916	0.88075	7046
1	126934	0.880875	7047
1	126952	0.881	7048
1	126970	0.881125	7049
1	126988	0.88125	7050
1	127006	0.881375	7051
1	127024	0.8815	7052
1	127042	0.881625	7053
1	127060	0.88175	7054
1	127078	0.881875	7055
1	127096	0.882	7056
1	127114	0.882125	7057
1	127132	0.88225	7058
1	127150	0.882375	7059
1	127168	0.8825	7060
1	127186	0.882625	7061
1	127204	0.88275	7062
1	127222	0.882875	7063
1	127240	0.883	7064
1	127258	0.883125	7065
1	127276	0.88325	7066
1	127294	0.883375	7067
1	127312	0.8835	7068
1	127330	0.883625	7069
1	127348	0.88375	7070
1	127366	0.883875	7071
1	127384	0.884	7072
1	127402	0.884125	7073
1	127420	0.88425	7074
1	127438	0.884375	7075
1	127456	0.8845	7076
1	127474	0.884625	7077
1	127492	0.88475	7078
1	127510	0.884875	7079
1	127528	0.885	7080
1	127546	0.885125	7081
1	127564	0.88525	7082
1	127582	0.885375	7083
1	127600	0.8855	7084
1	127618	0.885625	7085
1	127636	0.88575	7086
1	127654	0.885875	7087
1	127672	0.886	7088
1	127690	0.886125	7089
1	127708	0.88625	7090
1	127726	0.886375	7091
1	127744	0.8865	7092
1	127762	0.886625	7093
1	127780	0.88675	7094
1	127798	0.886875	7095
1	127816	0.887	7096
1	127834	0.887125	7097
1	127852	0.88725	7098
1	127870	0.887375	7099
1	127888	0.8875	7100
1	127906	0.887625	7101
1	127924	0.88775	7102
1	127942	0.887875	7103
1	127960	0.888	7104
1	127978	0.888125	7105
1	127996	0.88825	7106
1	128014	0.888375	7107
1	128032	0.8885	7108
1	128050	0.888625	7109
1	128068	0.88875	7110
1	128086	0.888875	7111
1	128104	0.889	7112
1	128122	0.889125	7113
1	128140	0.88925	7114
1	128158	0.889375	7115
1	128176	0.8895	7116
1	128194	0.889625	7117
1	128212	0.88975	7118
1	128230	0.889875	7119
1	128248	0.89	7120
1	128266	0.890125	7121
1	128284	0.89025	7122
1	128302	0.890375	7123
1	128320	0.8905	7124
1	128338	0.890625	7125
1	128356	0.89075	7126
1	128374	0.890875	7127
1	128392	0.891	7128
1	128410	0.891125	7129
1	128428	0.89125	7130
1	128446	0.891375	7131
1	128464	0.8915	7132
1	128482	0.891625	7133
1	128500	0.89175	7134
1	128522	0.891875	7135
1	128540	0.892	7136
1	128558	0.892125	7137
1	128576	0.89225	7138
1	128594	0.892375	7139
1	128612	0.8925	7140
1	128630	0.892625	7141
1	128648	0.89275	7142
1	128666	0.892875	7143
1	128684	0.893	7144
1	128702	0.893125	7145
1	128720	0.89325	7146
1	128738	0.893375	7147
1	128756	0.8935	7148
1	128774	0.893625	7149
1	128792	0.89375	7150
1	128810	0.893875	7151
1	128828	0.894	7152
1	128846	0.894125	7153
1	128864	0.89425	7154
1	128882	0.894375	7155
1	128900	0.8945	7156
1	128918	0.894625	7157
1	128936	0.89475	7158
1	128954	0.894875	7159
1	128972	0.895	7160
1	128990	0.895125	7161
1	129008	0.89525	7162
1	129026	0.895375	7163
1	129044	0.8955	7164
1	129062	0.895625	7165
1	129080	0.89575	7166
1	129098	0.895875	7167
1	129116	0.896	7168
1	129134	0.896125	7169
1	129152	0.89625	7170
1	129170	0.896375	7171
1	129188	0.8965	7172
1	129206	0.896625	7173
1	129224	0.89675	7174
1	129242	0.896875	7175
1	129260	0.897	7176
1	129278	0.897125	7177
1	129296	0.89725	7178
1	129314	0.897375	7179
1	129332	0.8975	7180
1	129350	0.897625	7181
1	129368	0.89775	7182
1	129386	0.897875	7183
1	129404	0.898	7184
1	129422	0.898125	7185
1	129440	0.89825	7186
1	129458	0.898375	7187
1	129476	0.8985	7188
1	129494	0.898625	7189
1	129512	0.89875	7190
1	129530	0.898875	7191
1	129548	0.899	7192
1	129566	0.899125	7193
1	129584	0.89925	7194
1	129602	0.899375	7195
1	129620	0.8995	7196
1	129638	0.899625	7197
1	129656	0.89975	7198
1	129674	0.899875	7199
1	129692	0.9	7200
1	129710	0.900125	7201
1	129728	0.90025	7202
1	129746	0.900375	7203
1	129764	0.9005	7204
1	129782	0.900625	7205
1	129800	0.90075	7206
1	129818	0.900875	7207
1	129836	0.901	7208
1	129854	0.901125	7209
1	129872	0.90125	7210
1	129890	0.901375	7211
1	129908	0.9015	7212
1	129926	0.901625	7213
1	129944	0.90175	7214
1	129962	0.901875	7215
1	129980	0.902	7216
1	129998	0.902125	7217
1	130016	0.90225	7218
1	130034	0.902375	7219
1	130052	0.9025	7220
1	130070	0.902625	7221
1	130088	0.90275	7222
1	130106	0.902875	7223
1	130124	0.903	7224
1	130142	0.903125	7225
1	130160	0.90325	7226
1	130178	0.903375	7227
1	130196	0.9035	7228
1	130214	0.903625	7229
1	130232	0.90375	7230
1	130250	0.903875	7231
1	130268	0.904	7232
1	130286	0.904125	7233
1	130304	0.90425	7234
1	130322	0.904375	7235
1	130340	0.9045	7236
1	130358	0.904625	7237
1	130376	0.90475	7238
1	130394	0.904875	7239
1	130412	0.905	7240
1	130430	0.905125	7241
1	130448	0.90525	7242
1	130466	0.905375	7243
1	130484	0.9055	7244
1	130502	0.905625	7245
1	130520	0.90575	7246
1	130538	0.905875	7247
1	130556	0.906	7248
1	130574	0.906125	7249
1	130592	0.90625	7250
1	130610	0.906375	7251
1	130628	0.9065	7252
1	130646	0.906625	7253
1	130664	0.90675	7254
1	130682	0.906875	7255
1	130700	0.907	7256
1	130718	0.907125	7257
1	130736	0.90725	7258
1	130754	0.907375	7259
1	130772	0.9075	7260
1	130790	0.907625	7261
1	130808	0.90775	7262
1	130826	0.907875	7263
1	130844	0.908	7264
1	130862	0.908125	7265
1	130880	0.90825	7266
1	130898	0.908375	7267
1	130916	0.9085	7268
1	130934	0.908625	7269
1	130952	0.90875	7270
1	130970	0.908875	7271
1	130988	0.909	7272
1	131006	0.909125	7273
1	131024	0.90925	7274
1	131042	0.909375	7275
1	131060	0.9095	7276
1	131078	0.909625	7277
1	131096	0.90975	7278
1	131114	0.909875	7279
1	131132	0.91	7280
1	131150	0.910125	7281
1	131168	0.91025	7282
1	131186	0.910375	7283
1	131204	0.9105	7284
1	131222	0.910625	7285
1	131240	0.91075	7286
1	131258	0.910875	7287
1	131276	0.911	7288
1	131294	0.911125	7289
1	131312	0.91125	7290
1	131330	0.911375	7291
1	131348	0.9115	7292
1	131366	0.911625	7293
1	131384	0.91175	7294
1	131402	0.911875	7295
1	131420	0.912	7296
1	131438	0.912125	7297
1	131456	0.91225	7298
1	131474	0.912375	7299
1	131492	0.9125	7300
1	131510	0.912625	7301
1	131528	0.91275	7302
1	131546	0.912875	7303
1	131564	0.913	7304
1	131582	0.913125	7305
1	131600	0.91325	7306
1	131618	0.913375	7307
1	131636	0.9135	7308
1	131654	0.913625	7309
1	131672	0.91375	7310
1	131690	0.913875	7311
1	131708	0.914	7312
1	131726	0.914125	7313
1	131744	0.91425	7314
1	131762	0.914375	7315
1	131780	0.9145	7316
1	131798	0.914625	7317
1	131816	0.91475	7318
1	131834	0.914875	7319
1	131852	0.915	7320
1	131870	0.915125	7321
1	131888	0.91525	7322
1	131906	0.915375	7323
1	131924	0.9155	7324
1	131942	0.915625	7325
1	131960	0.91575	7326
1	131978	0.915875	7327
1	131996	0.916	7328
1	132014	0.916125	7329
1	132032	0.91625	7330
1	132050	0.916375	7331
1	132068	0.9165	7332
1	132086	0.916625	7333
1	132104	0.91675	7334
1	132122	0.916875	7335
1	132140	0.917	7336
1	132158	0.917125	7337
1	132176	0.91725	7338
1	132194	0.917375	7339
1	132212	0.9175	7340
1	132230	0.917625	7341
1	132248	0.91775	7342
1	132266	0.917875	7343
1	132284	0.918	7344
1	132302	0.918125	7345
1	132320	0.91825	7346
1	132338	0.918375	7347
1	132356	0.9185	7348
1	132374	0.918625	7349
1	132392	0.91875	7350
1	132410	0.918875	7351
1	132428	0.919	7352
1	132446	0.919125	7353
1	132464	0.91925	7354
1	132482	0.919375	7355
1	132500	0.9195	7356
1	132518	0.919625	7357
1	132536	0.91975	7358
1	132554	0.919875	7359
1	132572	0.92	7360
1	132590	0.920125	7361
1	132608	0.92025	7362
1	132626	0.920375	7363
1	132644	0.9205	7364
1	132662	0.920625	7365
1	132680	0.92075	7366
1	132698	0.920875	7367
1	132716	0.921	7368
1	132734	0.921125	7369
1	132752	0.92125	7370
1	132770	0.921375	7371
1	132788	0.9215	7372
1	132806	0.921625	7373
1	132824	0.92175	7374
1	132842	0.921875	7375
1	132860	0.922	7376
1	132878	0.922125	7377
1	132896	0.92225	7378
1	132914	0.922375	7379
1	132932	0.9225	7380
1	132950	0.922625	7381
1	132968	0.92275	7382
1	132986	0.922875	7383
1	133004	0.923	7384
1	133022	0.923125	7385
1	133040	0.92325	7386
1	133058	0.923375	7387
1	133076	0.9235	7388
1	133094	0.923625	7389
1	133112	0.92375	7390
1	133130	0.923875	7391
1	133148	0.924	7392
1	133166	0.924125	7393
1	133184	0.92425	7394
1	133202	0.924375	7395
1	133220	0.9245	7396
1	133238	0.924625	7397
1	133256	0.92475	7398
1	133274	0.924875	7399
1	133292	0.925	7400
1	133310	0.925125	7401
1	133328	0.92525	7402
1	133346	0.925375	7403
1	133364	0.9255	7404
1	133382	0.925625	7405
1	133400	0.92575	7406
1	133418	0.925875	7407
1	133436	0.926	7408
1	133454	0.926125	7409
1	133472	0.92625	7410
1	133490	0.926375	7411
1	133508	0.9265	7412
1	133526	0.926625	7413
1	133544	0.92675	7414
1	133562	0.926875	7415
1	133580	0.927	7416
1	133598	0.927125	7417
1	133616	0.92725	7418
1	133634	0.927375	7419
1	133652	0.9275	7420
1	133670	0.927625	7421
1	133688	0.92775	7422
1	133706	0.927875	7423
1	133724	0.928	7424
1	133742	0.928125	7425
1	133760	0.92825	7426
1	133778	0.928375	7427
1	133796	0.9285	7428
1	133814	0.928625	7429
1	133832	0.92875	7430
1	133850	0.928875	7431
1	133868	0.929	7432
1	133890	0.929125	7433
1	133908	0.92925	7434
1	133926	0.929375	7435
1	133944	0.9295	7436
1	133962	0.929625	7437
1	133980	0.92975	7438
1	133998	0.929875	7439
1	134016	0.93	7440
1	134034	0.930125	7441
1	134052	0.93025	7442
1	134070	0.930375	7443
1	134088	0.9305	7444
1	134106	0.930625	7445
1	134124	0.93075	7446
1	134142	0.930875	7447
1	134160	0.931	7448
1	134178	0.931125	7449
1	134196	0.93125	7450
1	134214	0.931375	7451
1	134232	0.9315	7452
1	134250	0.931625	7453
1	134268	0.93175	7454
1	134286	0.931875	7455
1	134304	0.932	7456
1	134322	0.932125	7457
1	134340	0.93225	7458
1	134358	0.932375	7459
1	134376	0.9325	7460
1	134394	0.932625	7461
1	134412	0.93275	7462
1	134430	0.932875	7463
1	134448	0.933	7464
1	134466	0.933125	7465
1	134484	0.93325	7466
1	134502	0.933375	7467
1	134520	0.9335	7468
1	134538	0.933625	7469
1	134556	0.93375	7470
1	134574	0.933875	7471
1	134592	0.934	7472
1	134610	0.934125	7473
1	134628	0.93425	7474
1	134646	0.934375	7475
1	134664	0.9345	7476
1	134682	0.934625	7477
1	134700	0.93475	7478
1	134718	0.934875	7479
1	134736	0.935	7480
1	134754	0.935125	7481
1	134772	0.93525	7482
1	134790	0.935375	7483
1	134808	0.9355	7484
1	134826	0.935625	7485
1	134844	0.93575	7486
1	134862	0.935875	7487
1	134880	0.936	7488
1	134898	0.936125	7489
1	134916	0.93625	7490
1	134934	0.936375	7491
1	134952	0.9365	7492
1	134970	0.936625	7493
1	134988	0.93675	7494
1	135006	0.936875	7495
1	135024	0.937	7496
1	135042	0.937125	7497
1	135060	0.93725	7498
1	135078	0.937375	7499
1	135096	0.9375	7500
1	135114	0.937625	7501
1	135132	0.93775	7502
1	135150	0.937875	7503
1	135168	0.938	7504
1	135186	0.938125	7505
1	135204	0.93825	7506
1	135222	0.938375	7507
1	135240	0.9385	7508
1	135258	0.938625	7509
1	135276	0.93875	7510
1	135294	0.938875	7511
1	135312	0.939	7512
1	135330	0.939125	7513
1	135348	0.93925	7514
1	135366	0.939375	7515
1	135384	0.9395	7516
1	135402	0.939625	7517
1	135420	0.93975	7518
1	135438	0.939875	7519
1	135456	0.94	7520
1	135474	0.940125	7521
1	135492	0.94025	7522
1	135510	0.940375	7523
1	135528	0.9405	7524
1	135546	0.940625	7525
1	135564	0.94075	7526
1	135582	0.940875	7527
1	135600	0.941	7528
1	135618	0.941125	7529
1	135636	0.94125	7530
1	135654	0.941375	7531
1	135672	0.9415	7532
1	135690	0.941625	7533
1	135708	0.94175	7534
1	135726	0.941875	7535
1	135744	0.942	7536
1	135762	0.942125	7537
1	135780	0.94225	7538
1	135798	0.942375	7539
1	135816	0.9425	7540
1	135834	0.942625	7541
1	135852	0.94275	7542
1	135870	0.942875	7543
1	135888	0.943	7544
1	135906	0.943125	7545
1	135924	0.94325	7546
1	135942	0.943375	7547
1	135960	0.9435	7548
1	135978	0.943625	7549
1	135996	0.94375	7550
1	136014	0.943875	7551
1	136032	0.944	7552
1	136050	0.944125	7553
1	136068	0.94425	7554
1	136086	0.944375	7555
1	136104	0.9445	7556
1	136122	0.944625	7557
1	136140	0.94475	7558
1	136158	0.944875	7559
1	136176	0.945	7560
1	136194	0.945125	7561
1	136212	0.94525	7562
1	136230	0.945375	7563
1	136248	0.9455	7564
1	136266	0.945625	7565
1	136284	0.94575	7566
1	136302	0.945875	7567
1	136320	0.946	7568
1	136338	0.946125	7569
1	136356	0.94625	7570
1	136374	0.946375	7571
1	136392	0.9465	7572
1	136410	0.946625	7573
1	136428	0.94675	7574
1	136446	0.946875	7575
1	136464	0.947	7576
1	136482	0.947125	7577
1	136500	0.94725	7578
1	136518	0.947375	7579
1	136536	0.9475	7580
1	136554	0.947625	7581
1	136572	0.94775	7582
1	136590	0.947875	7583
1	136608	0.948	7584
1	136626	0.948125	7585
1	136644	0.94825	7586
1	136662	0.948375	7587
1	136680	0.9485	7588
1	136698	0.948625	7589
1	136716	0.94875	7590
1	136734	0.948875	7591
1	136752	0.949	7592
1	136770	0.949125	7593
1	136788	0.94925	7594
1	136806	0.949375	7595
1	136824	0.9495	7596
1	136842	0.949625	7597
1	136860	0.94975	7598
1	136878	0.949875	7599
1	136896	0.95	7600
1	136914	0.950125	7601
1	136932	0.95025	7602
1	136950	0.950375	7603
1	136968	0.9505	7604
1	136986	0.950625	7605
1	137004	0.95075	7606
1	137022	0.950875	7607
1	137040	0.951	7608
1	137058	0.951125	7609
1	137076	0.95125	7610
1	137094	0.951375	7611
1	137112	0.9515	7612
1	137130	0.951625	7613
1	137148	0.95175	7614
1	137166	0.951875	7615
1	137184	0.952	7616
1	137202	0.952125	7617
1	137220	0.95225	7618
1	137238	0.952375	7619
1	137256	0.9525	7620
1	137274	0.952625	7621
1	137292	0.95275	7622
1	137310	0.952875	7623
1	137328	0.953	7624
1	137346	0.953125	7625
1	137364	0.95325	7626
1	137382	0.953375	7627
1	137400	0.9535	7628
1	137418	0.953625	7629
1	137436	0.95375	7630
1	137454	0.953875	7631
1	137472	0.954	7632
1	137490	0.954125	7633
1	137508	0.95425	7634
1	137526	0.954375	7635
1	137544	0.9545	7636
1	137562	0.954625	7637
1	137580	0.95475	7638
1	137598	0.954875	7639
1	137616	0.955	7640
1	137634	0.955125	7641
1	137652	0.95525	7642
1	137670	0.955375	7643
1	137688	0.9555	7644
1	137706	0.955625	7645
1	137724	0.95575	7646
1	137742	0.955875	7647
1	137760	0.956	7648
1	137778	0.956125	7649
1	137796	0.95625	7650
1	137814	0.956375	7651
1	137832	0.9565	7652
1	137850	0.956625	7653
1	137868	0.95675	7654
1	137886	0.956875	7655
1	137904	0.957	7656
1	137922	0.957125	7657
1	137940	0.95725	7658
1	137958	0.957375	7659
1	137976	0.9575	7660
1	137994	0.957625	7661
1	138012	0.95775	7662
1	138030	0.957875	7663
1	138048	0.958	7664
1	138066	0.958125	7665
1	138084	0.95825	7666
1	138102	0.958375	7667
1	138120	0.9585	7668
1	138138	0.958625	7669
1	138156	0.95875	7670
1	138174	0.958875	7671
1	138192	0.959	7672
1	138210	0.959125	7673
1	138228	0.95925	7674
1	138246	0.959375	7675
1	138264	0.9595	7676
1	138282	0.959625	7677
1	138300	0.95975	7678
1	138318	0.959875	7679
1	138336	0.96	7680
1	138354	0.960125	7681
1	138372	0.96025	7682
1	138390	0.960375	7683
1	138408	0.9605	7684
1	138426	0.960625	7685
1	138444	0.96075	7686
1	138462	0.960875	7687
1	138480	0.961	7688
1	138498	0.961125	7689
1	138516	0.96125	7690
1	138534	0.961375	7691
1	138552	0.9615	7692
1	138570	0.961625	7693
1	138588	0.96175	7694
1	138606	0.961875	7695
1	138624	0.962	7696
1	138642	0.962125	7697
1	138660	0.96225	7698
1	138678	0.962375	7699
1	138696	0.9625	7700
1	138714	0.962625	7701
1	138732	0.96275	7702
1	138750	0.962875	7703
1	138768	0.963	7704
1	138786	0.963125	7705
1	138804	0.96325	7706
1	138822	0.963375	7707
1	138840	0.9635	7708
1	138858	0.963625	7709
1	138876	0.96375	7710
1	138894	0.963875	7711
1	138912	0.964	7712
1	138930	0.964125	7713
1	138948	0.96425	7714
1	138966	0.964375	7715
1	138984	0.9645	7716
1	139002	0.964625	7717
1	139020	0.96475	7718
1	139038	0.964875	7719
1	139056	0.965	7720
1	139074	0.965125	7721
1	139092	0.96525	7722
1	139110	0.965375	7723
1	139128	0.9655	7724
1	139146	0.965625	7725
1	139164	0.96575	7726
1	139182	0.965875	7727
1	139200	0.966	7728
1	139218	0.966125	7729
1	139240	0.96625	7730
1	139258	0.966375	7731
1	139276	0.9665	7732
1	139294	0.966625	7733
1	139312	0.96675	7734
1	139330	0.966875	7735
1	139348	0.967	7736
1	139366	0.967125	7737
1	139384	0.96725	7738
1	139402	0.967375	7739
1	139420	0.9675	7740
1	139438	0.967625	7741
1	139456	0.96775	7742
1	139474	0.967875	7743
1	139492	0.968	7744
1	139510	0.968125	7745
1	139528	0.96825	7746
1	139546	0.968375	7747
1	139564	0.9685	7748
1	139582	0.968625	7749
1	139600	0.96875	7750
1	139618	0.968875	7751
1	139636	0.969	7752
1	139654	0.969125	7753
1	139672	0.96925	7754
1	139690	0.969375	7755
1	139708	0.9695	7756
1	139726	0.969625	7757
1	139744	0.96975	7758
1	139762	0.969875	7759
1	139780	0.97	7760
1	139798	0.970125	7761
1	139816	0.97025	7762
1	139834	0.970375	7763
1	139852	0.9705	7764
1	139870	0.970625	7765
1	139888	0.97075	7766
1	139906	0.970875	7767
1	139924	0.971	7768
1	139942	0.971125	7769
1	139960	0.97125	7770
1	139978	0.971375	7771
1	139996	0.9715	7772
1	140014	0.971625	7773
1	140032	0.97175	7774
1	140050	0.971875	7775
1	140068	0.972	7776
1	140086	0.972125	7777
1	140104	0.97225	7778
1	140122	0.972375	7779
1	140140	0.9725	7780
1	140158	0.972625	7781
1	140176	0.97275	7782
1	140194	0.972875	7783
1	140212	0.973	7784
1	140230	0.973125	7785
1	140248	0.97325	7786
1	140266	0.973375	7787
1	140284	0.9735	7788
1	140302	0.973625	7789
1	140320	0.97375	7790
1	140338	0.973875	7791
1	140356	0.974	7792
1	140374	0.974125	7793
1	140392	0.97425	7794
1	140410	0.974375	7795
1	140428	0.9745	7796
1	140446	0.974625	7797
1	140464	0.97475	7798
1	140482	0.974875	7799
1	140500	0.975	7800
1	140518	0.975125	7801
1	140536	0.97525	7802
1	140554	0.975375	7803
1	140572	0.9755	7804
1	140590	0.975625	7805
1	140608	0.97575	7806
1	140626	0.975875	7807
1	140644	0.976	7808
1	140662	0.976125	7809
1	140680	0.97625	7810
1	140698	0.976375	7811
1	140716	0.9765	7812
1	140734	0.976625	7813
1	140752	0.97675	7814
1	140770	0.976875	7815
1	140788	0.977	7816
1	140806	0.977125	7817
1	140824	0.97725	7818
1	140842	0.977375	7819
1	140860	0.9775	7820
1	140878	0.977625	7821
1	140896	0.97775	7822
1	140914	0.977875	7823
1	140932	0.978	7824
1	140950	0.978125	7825
1	140968	0.97825	7826
1	140986	0.978375	7827
1	141004	0.9785	7828
1	141022	0.978625	7829
1	141040	0.97875	7830
1	141058	0.978875	7831
1	141076	0.979	7832
1	141094	0.979125	7833
1	141112	0.97925	7834
1	141130	0.979375	7835
1	141148	0.9795	7836
1	141166	0.979625	7837
1	141184	0.97975	7838
1	141202	0.979875	7839
1	141220	0.98	7840
1	141238	0.980125	7841
1	141256	0.98025	7842
1	141274	0.980375	7843
1	141292	0.9805	7844
1	141310	0.980625	7845
1	141328	0.98075	7846
1	141346	0.980875	7847
1	141364	0.981	7848
1	141382	0.981125	7849
1	141400	0.98125	7850
1	141418	0.981375	7851
1	141436	0.9815	7852
1	141454	0.981625	7853
1	141472	0.98175	7854
1	141490	0.981875	7855
1	141508	0.982	7856
1	141526	0.982125	7857
1	141544	0.98225	7858
1	141562	0.982375	7859
1	141580	0.9825	7860
1	141598	0.982625	7861
1	141616	0.98275	7862
1	141634	0.982875	7863
1	141652	0.983	7864
1	141670	0.983125	7865
1	141688	0.98325	7866
1	141706	0.983375	7867
1	141724	0.9835	7868
1	141742	0.983625	7869
1	141760	0.98375	7870
1	141778	0.983875	7871
1	141796	0.984	7872
1	141814	0.984125	7873
1	141832	0.98425	7874
1	141850	0.984375	7875
1	141868	0.9845	7876
1	141886	0.984625	7877
1	141904	0.98475	7878
1	141922	0.984875	7879
1	141940	0.985	7880
1	141958	0.985125	7881
1	141976	0.98525	7882
1	141994	0.985375	7883
1	142012	0.9855	7884
1	142030	0.985625	7885
1	142048	0.98575	7886
1	142066	0.985875	7887
1	142084	0.986	7888
1	142102	0.986125	7889
1	142120	0.98625	7890
1	142138	0.986375	7891
1	142156	0.9865	7892
1	142174	0.986625	7893
1	142192	0.98675	7894
1	142210	0.986875	7895
1	142228	0.987	7896
1	142246	0.987125	7897
1	142264	0.98725	7898
1	142282	0.987375	7899
1	142300	0.9875	7900
1	142318	0.987625	7901
1	142336	0.98775	7902
1	142354	0.987875	7903
1	142372	0.988	7904
1	142390	0.988125	7905
1	142408	0.98825	7906
1	142426	0.988375	7907
1	142444	0.9885	7908
1	142462	0.988625	7909
1	142480	0.98875	7910
1	142498	0.988875	7911
1	142516	0.989	7912
1	142534	0.989125	7913
1	142552	0.98925	7914
1	142570	0.989375	7915
1	142588	0.9895	7916
1	142606	0.989625	7917
1	142624	0.98975	7918
1	142642	0.989875	7919
1	142660	0.99	7920
1	142678	0.990125	7921
1	142696	0.99025	7922
1	142714	0.990375	7923
1	142732	0.9905	7924
1	142750	0.990625	7925
1	142768	0.99075	7926
1	142786	0.990875	7927
1	142804	0.991	7928
1	142822	0.991125	7929
1	142840	0.99125	7930
1	142858	0.991375	7931
1	142876	0.9915	7932
1	142894	0.991625	7933
1	142912	0.99175	7934
1	142930	0.991875	7935
1	142948	0.992	7936
1	142966	0.992125	7937
1	142984	0.99225	7938
1	143002	0.992375	7939
1	143020	0.9925	7940
1	143038	0.992625	7941
1	143056	0.99275	7942
1	143074	0.992875	7943
1	143092	0.993	7944
1	143110	0.993125	7945
1	143128	0.99325	7946
1	143146	0.993375	7947
1	143164	0.9935	7948
1	143182	0.993625	7949
1	143200	0.99375	7950
1	143218	0.993875	7951
1	143236	0.994	7952
1	143254	0.994125	7953
1	143272	0.99425	7954
1	143290	0.994375	7955
1	143308	0.9945	7956
1	143326	0.994625	7957
1	143344	0.99475	7958
1	143362	0.994875	7959
1	143380	0.995	7960
1	143398	0.995125	7961
1	143416	0.99525	7962
1	143434	0.995375	7963
1	143452	0.9955	7964
1	143470	0.995625	7965
1	143488	0.99575	7966
1	143506	0.995875	7967
1	143524	0.996	7968
1	143542	0.996125	7969
1	143560	0.99625	7970
1	143578	0.996375	7971
1	143596	0.9965	7972
1	143614	0.996625	7973
1	143632	0.99675	7974
1	143650	0.996875	7975
1	143668	0.997	7976
1	143686	0.997125	7977
1	143704	0.99725	7978
1	143722	0.997375	7979
1	143740	0.9975	7980
1	143758	0.997625	7981
1	143776	0.99775	7982
1	143794	0.997875	7983
1	143812	0.998	7984
1	143830	0.998125	7985
1	143848	0.99825	7986
1	143866	0.998375	7987
1	143884	0.9985	7988
1	143902	0.998625	7989
1	143920	0.99875	7990
1	143938	0.998875	7991
1	143956	0.999	7992
1	143974	0.999125	7993
1	143992	0.99925	7994
1	144010	0.999375	7995
1	144028	0.9995	7996
1	144046	0.999625	7997
1	144064	0.99975	7998
1	144082	0.999875	7999
1	144100	1	8000
2	15	0.000127	1
2	33	0.000252	2
2	51	0.000377	3
2	69	0.000502	4
2	87	0.000627	5
2	105	0.000752	6
2	123	0.000877	7
2	141	0.001002	8
2	159	0.001127	9
2	177	0.001252	10
2	195	0.001377	11
2	213	0.001502	12
2	231	0.001627	13
2	249	0.001752	14
2	267	0.001877	15
2	285	0.002002	16
2	303	0.002127	17
2	321	0.002252	18
2	339	0.002377	19
2	357	0.002502	20
2	375	0.002627	21
2	393	0.002752	22
2	411	0.002877	23
2	429	0.003002	24
2	447	0.003127	25
2	465	0.003252	26
2	483	0.003377	27
2	501	0.003502	28
2	519	0.003627	29
2	537	0.003752	30
2	555	0.003877	31
2	573	0.004002	32
2	591	0.004127	33
2	609	0.004252	34
2	627	0.004377	35
2	645	0.004502	36
2	663	0.004627	37
2	681	0.004752	38
2	699	0.004877	39
2	717	0.005002	40
2	735	0.005127	41
2	753	0.005252	42
2	771	0.005377	43
2	789	0.005502	44
2	807	0.005627	45
2	825	0.005752	46
2	843	0.005877	47
2	861	0.006002	48
2	879	0.006127	49
2	897	0.006252	50
2	915	0.006377	51
2	933	0.006502	52
2	951	0.006627	53
2	969	0.006752	54
2	987	0.006877	55
2	1005	0.007002	56
2	1023	0.007127	57
2	1041	0.007252	58
2	1059	0.007377	59
2	1077	0.007502	60
2	1095	0.007627	61
2	1113	0.007752	62
2	1131	0.007877	63
2	1149	0.008002	64
2	1167	0.008127	65
2	1185	0.008252	66
2	1203	0.008377	67
2	1221	0.008502	68
2	1239	0.008627	69
2	1257	0.008752	70
2	1275	0.008877	71
2	1293	0.009002	72
2	1311	0.009127	73
2	1329	0.009252	74
2	1347	0.009377	75
2	1365	0.009502	76
2	1383	0.009627	77
2	1401	0.009752	78
2	1419	0.009877	79
2	1437	0.010002	80
2	1455	0.010127	81
2	1473	0.010252	82
2	1491	0.010377	83
2	1509	0.010502	84
2	1527	0.010627	85
2	1545	0.010752	86
2	1563	0.010877	87
2	1581	0.011002	88
2	1599	0.011127	89
2	1617	0.011252	90
2	1635	0.011377	91
2	1653	0.011502	92
2	1671	0.011627	93
2	1689	0.011752	94
2	1707	0.011877	95
2	1725	0.012002	96
2	1743	0.012127	97
2	1761	0.012252	98
2	1779	0.012377	99
2	1797	0.012502	100
2	1815	0.012627	101
2	1833	0.012752	102
2	1851	0.012877	103
2	1869	0.013002	104
2	1887	0.013127	105
2	1905	0.013252	106
2	1923	0.013377	107
2	1941	0.013502	108
2	1959	0.013627	109
2	1977	0.013752	110
2	1995	0.013877	111
2	2013	0.014002	112
2	2031	0.014127	113
2	2049	0.014252	114
2	2067	0.014377	115
2	2085	0.014502	116
2	2103	0.014627	117
2	2121	0.014752	118
2	2139	0.014877	119
2	2157	0.015002	120
2	2175	0.015127	121
2	2193	0.015252	122
2	2211	0.015377	123
2	2229	0.015502	124
2	2247	0.015627	125
2	2265	0.015752	126
2	2283	0.015877	127
2	2301	0.016002	128
2	2319	0.016127	129
2	2337	0.016252	130
2	2355	0.016377	131
2	2373	0.016502	132
2	2391	0.016627	133
2	2409	0.016752	134
2	2427	0.016877	135
2	2445	0.017002	136
2	2463	0.017127	137
2	2481	0.017252	138
2	2499	0.017377	139
2	2517	0.017502	140
2	2535	0.017627	141
2	2553	0.017752	142
2	2571	0.017877	143
2	2589	0.018002	144
2	2607	0.018127	145
2	2625	0.018252	146
2	2643	0.018377	147
2	2661	0.018502	148
2	2679	0.018627	149
2	2697	0.018752	150
2	2715	0.018877	151
2	2733	0.019002	152
2	2751	0.019127	153
2	2769	0.019252	154
2	2787	0.019377	155
2	2805	0.019502	156
2	2823	0.019627	157
2	2841	0.019752	158
2	2859	0.019877	159
2	2877	0.020002	160
2	2895	0.020127	161
2	2913	0.020252	162
2	2931	0.020377	163
2	2949	0.020502	164
2	2967	0.020627	165
2	2985	0.020752	166
2	3003	0.020877	167
2	3021	0.021002	168
2	3039	0.021127	169
2	3057	0.021252	170
2	3075	0.021377	171
2	3093	0.021502	172
2	3111	0.021627	173
2	3129	0.021752	174
2	3147	0.021877	175
2	3165	0.022002	176
2	3183	0.022127	177
2	3201	0.022252	178
2	3219	0.022377	179
2	3237	0.022502	180
2	3255	0.022627	181
2	3273	0.022752	182
2	3291	0.022877	183
2	3309	0.023002	184
2	3327	0.023127	185
2	3345	0.023252	186
2	3363	0.023377	187
2	3381	0.023502	188
2	3399	0.023627	189
2	3417	0.023752	190
2	3435	0.023877	191
2	3453	0.024002	192
2	3471	0.024127	193
2	3489	0.024252	194
2	3507	0.024377	195
2	3525	0.024502	196
2	3543	0.024627	197
2	3561	0.024752	198
2	3579	0.024877	199
2	3597	0.025002	200
2	3615	0.025127	201
2	3633	0.025252	202
2	3651	0.025377	203
2	3669	0.025502	204
2	3687	0.025627	205
2	3705	0.025752	206
2	3723	0.025877	207
2	3741	0.026002	208
2	3759	0.026127	209
2	3777	0.026252	210
2	3795	0.026377	211
2	3813	0.026502	212
2	3831	0.026627	213
2	3849	0.026752	214
2	3867	0.026877	215
2	3885	0.027002	216
2	3903	0.027127	217
2	3921	0.027252	218
2	3939	0.027377	219
2	3957	0.027502	220
2	3975	0.027627	221
2	3993	0.027752	222
2	4011	0.027877	223
2	4029	0.028002	224
2	4047	0.028127	225
2	4065	0.028252	226
2	4083	0.028377	227
2	4101	0.028502	228
2	4119	0.028627	229
2	4137	0.028752	230
2	4155	0.028877	231
2	4173	0.029002	232
2	4191	0.029127	233
2	4209	0.029252	234
2	4227	0.029377	235
2	4245	0.029502	236
2	4263	0.029627	237
2	4281	0.029752	238
2	4299	0.029877	239
2	4317	0.030002	240
2	4335	0.030127	241
2	4353	0.030252	242
2	4371	0.030377	243
2	4389	0.030502	244
2	4407	0.030627	245
2	4425	0.030752	246
2	4443	0.030877	247
2	4461	0.031002	248
2	4479	0.031127	249
2	4497	0.031252	250
2	4515	0.031377	251
2	4533	0.031502	252
2	4551	0.031627	253
2	4569	0.031752	254
2	4587	0.031877	255
2	4605	0.032002	256
2	4623	0.032127	257
2	4641	0.032252	258
2	4659	0.032377	259
2	4677	0.032502	260
2	4695	0.032627	261
2	4713	0.032752	262
2	4731	0.032877	263
2	4749	0.033002	264
2	4767	0.033127	265
2	4785	0.033252	266
2	4803	0.033377	267
2	4821	0.033502	268
2	4839	0.033627	269
2	4857	0.033752	270
2	4875	0.033877	271
2	4893	0.034002	272
2	4911	0.034127	273
2	4929	0.034252	274
2	4947	0.034377	275
2	4965	0.034502	276
2	4983	0.034627	277
2	5001	0.034752	278
2	5019	0.034877	279
2	5037	0.035002	280
2	5055	0.035127	281
2	5073	0.035252	282
2	5093	0.035377	283
2	5113	0.035502	284
2	5131	0.035627	285
2	5149	0.035752	286
2	5167	0.035877	287
2	5185	0.036002	288
2	5203	0.036127	289
2	5221	0.036252	290
2	5239	0.036377	291
2	5257	0.036502	292
2	5275	0.036627	293
2	5293	0.036752	294
2	5311	0.036877	295
2	5329	0.037002	296
2	5347	0.037127	297
2	5365	0.037252	298
2	5383	0.037377	299
2	5401	0.037502	300
2	5419	0.037627	301
2	5437	0.037752	302
2	5455	0.037877	303
2	5473	0.038002	304
2	5491	0.038127	305
2	5509	0.038252	306
2	5527	0.038377	307
2	5545	0.038502	308
2	5563	0.038627	309
2	5581	0.038752	310
2	5599	0.038877	311
2	5617	0.039002	312
2	5635	0.039127	313
2	5653	0.039252	314
2	5671	0.039377	315
2	5689	0.039502	316
2	5707	0.039627	317
2	5725	0.039752	318
2	5743	0.039877	319
2	5761	0.040002	320
2	5779	0.040127	321
2	5797	0.040252	322
2	5815	0.040377	323
2	5833	0.040502	324
2	5851	0.040627	325
2	5869	0.040752	326
2	5887	0.040877	327
2	5905	0.041002	328
2	5923	0.041127	329
2	5941	0.041252	330
2	5959	0.041377	331
2	5977	0.041502	332
2	5995	0.041627	333
2	6013	0.041752	334
2	6031	0.041877	335
2	6049	0.042002	336
2	6067	0.042127	337
2	6085	0.042252	338
2	6103	0.042377	339
2	6121	0.042502	340
2	6139	0.042627	341
2	6157	0.042752	342
2	6175	0.042877	343
2	6193	0.043002	344
2	6211	0.043127	345
2	6229	0.043252	346
2	6247	0.043377	347
2	6265	0.043502	348
2	6283	0.043627	349
2	6301	0.043752	350
2	6319	0.043877	351
2	6337	0.044002	352
2	6355	0.044127	353
2	6373	0.044252	354
2	6391	0.044377	355
2	6409	0.044502	356
2	6427	0.044627	357
2	6445	0.044752	358
2	6463	0.044877	359
2	6481	0.045002	360
2	6499	0.045127	361
2	6517	0.045252	362
2	6535	0.045377	363
2	6553	0.045502	364
2	6571	0.045627	365
2	6589	0.045752	366
2	6607	0.045877	367
2	6625	0.046002	368
2	6643	0.046127	369
2	6661	0.046252	370
2	6679	0.046377	371
2	6697	0.046502	372
2	6715	0.046627	373
2	6733	0.046752	374
2	6751	0.046877	375
2	6769	0.047002	376
2	6787	0.047127	377
2	6805	0.047252	378
2	6823	0.047377	379
2	6841	0.047502	380
2	6859	0.047627	381
2	6877	0.047752	382
2	6895	0.047877	383
2	6913	0.048002	384
2	6931	0.048127	385
2	6949	0.048252	386
2	6967	0.048377	387
2	6985	0.048502	388
2	7003	0.048627	389
2	7021	0.048752	390
2	7039	0.048877	391
2	7057	0.049002	392
2	7075	0.049127	393
2	7093	0.049252	394
2	7111	0.049377	395
2	7129	0.049502	396
2	7147	0.049627	397
2	7165	0.049752	398
2	7183	0.049877	399
2	7201	0.050002	400
2	7219	0.050127	401
2	7237	0.050252	402
2	7255	0.050377	403
2	7273	0.050502	404
2	7291	0.050627	405
2	7309	0.050752	406
2	7327	0.050877	407
2	7345	0.051002	408
2	7363	0.051127	409
2	7381	0.051252	410
2	7399	0.051377	411
2	7417	0.051502	412
2	7435	0.051627	413
2	7453	0.051752	414
2	7471	0.051877	415
2	7489	0.052002	416
2	7507	0.052127	417
2	7525	0.052252	418
2	7543	0.052377	419
2	7561	0.052502	420
2	7579	0.052627	421
2	7597	0.052752	422
2	7615	0.052877	423
2	7633	0.053002	424
2	7651	0.053127	425
2	7669	0.053252	426
2	7687	0.053377	427
2	7705	0.053502	428
2	7723	0.053627	429
2	7741	0.053752	430
2	7759	0.053877	431
2	7777	0.054002	432
2	7795	0.054127	433
2	7813	0.054252	434
2	7831	0.054377	435
2	7849	0.054502	436
2	7867	0.054627	437
2	7885	0.054752	438
2	7903	0.054877	439
2	7921	0.055002	440
2	7939	0.055127	441
2	7957	0.055252	442
2	7975	0.055377	443
2	7993	0.055502	444
2	8011	0.055627	445
2	8029	0.055752	446
2	8047	0.055877	447
2	8065	0.056002	448
2	8083	0.056127	449
2	8101	0.056252	450
2	8119	0.056377	451
2	8137	0.056502	452
2	8155	0.056627	453
2	8173	0.056752	454
2	8191	0.056877	455
2	8209	0.057002	456
2	8227	0.057127	457
2	8245	0.057252	458
2	8263	0.057377	459
2	8281	0.057502	460
2	8299	0.057627	461
2	8317	0.057752	462
2	8335	0.057877	463
2	8353	0.058002	464
2	8371	0.058127	465
2	8389	0.058252	466
2	8407	0.058377	467
2	8425	0.058502	468
2	8443	0.058627	469
2	8461	0.058752	470
2	8479	0.058877	471
2	8497	0.059002	472
2	8515	0.059127	473
2	8533	0.059252	474
2	8551	0.059377	475
2	8569	0.059502	476
2	8587	0.059627	477
2	8605	0.059752	478
2	8623	0.059877	479
2	8641	0.060002	480
2	8659	0.060127	481
2	8677	0.060252	482
2	8695	0.060377	483
2	8713	0.060502	484
2	8731	0.060627	485
2	8749	0.060752	486
2	8767	0.060877	487
2	8785	0.061002	488
2	8803	0.061127	489
2	8821	0.061252	490
2	8839	0.061377	491
2	8857	0.061502	492
2	8875	0.061627	493
2	8893	0.061752	494
2	8911	0.061877	495
2	8929	0.062002	496
2	8947	0.062127	497
2	8965	0.062252	498
2	8983	0.062377	499
2	9001	0.062502	500
2	9019	0.062627	501
2	9037	0.062752	502
2	9055	0.062877	503
2	9073	0.063002	504
2	9091	0.063127	505
2	9109	0.063252	506
2	9127	0.063377	507
2	9145	0.063502	508
2	9163	0.063627	509
2	9181	0.063752	510
2	9199	0.063877	511
2	9217	0.064002	512
2	9235	0.064127	513
2	9253	0.064252	514
2	9271	0.064377	515
2	9289	0.064502	516
2	9307	0.064627	517
2	9325	0.064752	518
2	9343	0.064877	519
2	9361	0.065002	520
2	9379	0.065127	521
2	9397	0.065252	522
2	9415	0.065377	523
2	9433	0.065502	524
2	9451	0.065627	525
2	9469	0.065752	526
2	9487	0.065877	527
2	9505	0.066002	528
2	9523	0.066127	529
2	9541	0.066252	530
2	9559	0.066377	531
2	9577	0.066502	532
2	9595	0.066627	533
2	9613	0.066752	534
2	9631	0.066877	535
2	9649	0.067002	536
2	9667	0.067127	537
2	9685	0.067252	538
2	9703	0.067377	539
2	9721	0.067502	540
2	9739	0.067627	541
2	9757	0.067752	542
2	9775	0.067877	543
2	9793	0.068002	544
2	9811	0.068127	545
2	9829	0.068252	546
2	9847	0.068377	547
2	9865	0.068502	548
2	9883	0.068627	549
2	9901	0.068752	550
2	9919	0.068877	551
2	9937	0.069002	552
2	9955	0.069127	553
2	9973	0.069252	554
2	9991	0.069377	555
2	10009	0.069502	556
2	10027	0.069627	557
2	10045	0.069752	558
2	10063	0.069877	559
2	10081	0.070002	560
2	10099	0.070127	561
2	10117	0.070252	562
2	10135	0.070377	563
2	10153	0.070502	564
2	10171	0.070627	565
2	10189	0.070752	566
2	10207	0.070877	567
2	10225	0.071002	568
2	10243	0.071127	569
2	10261	0.071252	570
2	10279	0.071377	571
2	10297	0.071502	572
2	10315	0.071627	573
2	10333	0.071752	574
2	10351	0.071877	575
2	10369	0.072002	576
2	10387	0.072127	577
2	10405	0.072252	578
2	10423	0.072377	579
2	10441	0.072502	580
2	10463	0.072627	581
2	10481	0.072752	582
2	10499	0.072877	583
2	10517	0.073002	584
2	10535	0.073127	585
2	10553	0.073252	586
2	10571	0.073377	587
2	10589	0.073502	588
2	10607	0.073627	589
2	10625	0.073752	590
2	10643	0.073877	591
2	10661	0.074002	592
2	10679	0.074127	593
2	10697	0.074252	594
2	10715	0.074377	595
2	10733	0.074502	596
2	10751	0.074627	597
2	10769	0.074752	598
2	10787	0.074877	599
2	10805	0.075002	600
2	10823	0.075127	601
2	10841	0.075252	602
2	10859	0.075377	603
2	10877	0.075502	604
2	10895	0.075627	605
2	10913	0.075752	606
2	10931	0.075877	607
2	10949	0.076002	608
2	10967	0.076127	609
2	10985	0.076252	610
2	11003	0.076377	611
2	11021	0.076502	612
2	11039	0.076627	613
2	11057	0.076752	614
2	11075	0.076877	615
2	11093	0.077002	616
2	11111	0.077127	617
2	11129	0.077252	618
2	11147	0.077377	619
2	11165	0.077502	620
2	11183	0.077627	621
2	11201	0.077752	622
2	11219	0.077877	623
2	11237	0.078002	624
2	11255	0.078127	625
2	11273	0.078252	626
2	11291	0.078377	627
2	11309	0.078502	628
2	11327	0.078627	629
2	11345	0.078752	630
2	11363	0.078877	631
2	11381	0.079002	632
2	11399	0.079127	633
2	11417	0.079252	634
2	11435	0.079377	635
2	11453	0.079502	636
2	11471	0.079627	637
2	11489	0.079752	638
2	11507	0.079877	639
2	11525	0.080002	640
2	11543	0.080127	641
2	11561	0.080252	642
2	11579	0.080377	643
2	11597	0.080502	644
2	11615	0.080627	645
2	11633	0.080752	646
2	11651	0.080877	647
2	11669	0.081002	648
2	11687	0.081127	649
2	11705	0.081252	650
2	11723	0.081377	651
2	11741	0.081502	652
2	11759	0.081627	653
2	11777	0.081752	654
2	11795	0.081877	655
2	11813	0.082002	656
2	11831	0.082127	657
2	11849	0.082252	658
2	11867	0.082377	659
2	11885	0.082502	660
2	11903	0.082627	661
2	11921	0.082752	662
2	11939	0.082877	663
2	11957	0.083002	664
2	11975	0.083127	665
2	11993	0.083252	666
2	12011	0.083377	667
2	12029	0.083502	668
2	12047	0.083627	669
2	12065	0.083752	670
2	12083	0.083877	671
2	12101	0.084002	672
2	12119	0.084127	673
2	12137	0.084252	674
2	12155	0.084377	675
2	12173	0.084502	676
2	12191	0.084627	677
2	12209	0.084752	678
2	12227	0.084877	679
2	12245	0.085002	680
2	12263	0.085127	681
2	12281	0.085252	682
2	12299	0.085377	683
2	12317	0.085502	684
2	12335	0.085627	685
2	12353	0.085752	686
2	12371	0.085877	687
2	12389	0.086002	688
2	12407	0.086127	689
2	12425	0.086252	690
2	12443	0.086377	691
2	12461	0.086502	692
2	12479	0.086627	693
2	12497	0.086752	694
2	12515	0.086877	695
2	12533	0.087002	696
2	12551	0.087127	697
2	12569	0.087252	698
2	12587	0.087377	699
2	12605	0.087502	700
2	12623	0.087627	701
2	12641	0.087752	702
2	12659	0.087877	703
2	12677	0.088002	704
2	12695	0.088127	705
2	12713	0.088252	706
2	12731	0.088377	707
2	12749	0.088502	708
2	12767	0.088627	709
2	12785	0.088752	710
2	12803	0.088877	711
2	12821	0.089002	712
2	12839	0.089127	713
2	12857	0.089252	714
2	12875	0.089377	715
2	12893	0.089502	716
2	12911	0.089627	717
2	12929	0.089752	718
2	12947	0.089877	719
2	12965	0.090002	720
2	12983	0.090127	721
2	13001	0.090252	722
2	13019	0.090377	723
2	13037	0.090502	724
2	13055	0.090627	725
2	13073	0.090752	726
2	13091	0.090877	727
2	13109	0.091002	728
2	13127	0.091127	729
2	13145	0.091252	730
2	13163	0.091377	731
2	13181	0.091502	732
2	13199	0.091627	733
2	13217	0.091752	734
2	13235	0.091877	735
2	13253	0.092002	736
2	13271	0.092127	737
2	13289	0.092252	738
2	13307	0.092377	739
2	13325	0.092502	740
2	13343	0.092627	741
2	13361	0.092752	742
2	13379	0.092877	743
2	13397	0.093002	744
2	13415	0.093127	745
2	13433	0.093252	746
2	13451	0.093377	747
2	13469	0.093502	748
2	13487	0.093627	749
2	13505	0.093752	750
2	13523	0.093877	751
2	13541	0.094002	752
2	13559	0.094127	753
2	13577	0.094252	754
2	13595	0.094377	755
2	13613	0.094502	756
2	13631	0.094627	757
2	13649	0.094752	758
2	13667	0.094877	759
2	13685	0.095002	760
2	13703	0.095127	761
2	13721	0.095252	762
2	13739	0.095377	763
2	13757	0.095502	764
2	13775	0.095627	765
2	13793	0.095752	766
2	13811	0.095877	767
2	13829	0.096002	768
2	13847	0.096127	769
2	13865	0.096252	770
2	13883	0.096377	771
2	13901	0.096502	772
2	13919	0.096627	773
2	13937	0.096752	774
2	13955	0.096877	775
2	13973	0.097002	776
2	13991	0.097127	777
2	14009	0.097252	778
2	14027	0.097377	779
2	14045	0.097502	780
2	14063	0.097627	781
2	14081	0.097752	782
2	14099	0.097877	783
2	14117	0.098002	784
2	14135	0.098127	785
2	14153	0.098252	786
2	14171	0.098377	787
2	14189	0.098502	788
2	14207	0.098627	789
2	14225	0.098752	790
2	14243	0.098877	791
2	14261	0.099002	792
2	14279	0.099127	793
2	14297	0.099252	794
2	14315	0.099377	795
2	14333	0.099502	796
2	14351	0.099627	797
2	14369	0.099752	798
2	14387	0.099877	799
2	14405	0.100002	800
2	14423	0.100127	801
2	14441	0.100252	802
2	14459	0.100377	803
2	14477	0.100502	804
2	14495	0.100627	805
2	14513	0.100752	806
2	14531	0.100877	807
2	14549	0.101002	808
2	14567	0.101127	809
2	14585	0.101252	810
2	14603	0.101377	811
2	14621	0.101502	812
2	14639	0.101627	813
2	14657	0.101752	814
2	14675	0.101877	815
2	14693	0.102002	816
2	14711	0.102127	817
2	14729	0.102252	818
2	14747	0.102377	819
2	14765	0.102502	820
2	14783	0.102627	821
2	14801	0.102752	822
2	14819	0.102877	823
2	14837	0.103002	824
2	14855	0.103127	825
2	14873	0.103252	826
2	14891	0.103377	827
2	14909	0.103502	828
2	14927	0.103627	829
2	14945	0.103752	830
2	14963	0.103877	831
2	14981	0.104002	832
2	14999	0.104127	833
2	15017	0.104252	834
2	15035	0.104377	835
2	15053	0.104502	836
2	15071	0.104627	837
2	15089	0.104752	838
2	15107	0.104877	839
2	15125	0.105002	840
2	15143	0.105127	841
2	15161	0.105252	842
2	15179	0.105377	843
2	15197	0.105502	844
2	15215	0.105627	845
2	15233	0.105752	846
2	15251	0.105877	847
2	15269	0.106002	848
2	15287	0.106127	849
2	15305	0.106252	850
2	15323	0.106377	851
2	15341	0.106502	852
2	15359	0.106627	853
2	15377	0.106752	854
2	15395	0.106877	855
2	15413	0.107002	856
2	15431	0.107127	857
2	15449	0.107252	858
2	15467	0.107377	859
2	15485	0.107502	860
2	15503	0.107627	861
2	15521	0.107752	862
2	15539	0.107877	863
2	15557	0.108002	864
2	15575	0.108127	865
2	15593	0.108252	866
2	15611	0.108377	867
2	15629	0.108502	868
2	15647	0.108627	869
2	15665	0.108752	870
2	15683	0.108877	871
2	15701	0.109002	872
2	15719	0.109127	873
2	15737	0.109252	874
2	15755	0.109377	875
2	15773	0.109502	876
2	15791	0.109627	877
2	15813	0.109752	878
2	15831	0.109877	879
2	15849	0.110002	880
2	15867	0.110127	881
2	15885	0.110252	882
2	15903	0.110377	883
2	15921	0.110502	884
2	15939	0.110627	885
2	15957	0.110752	886
2	15975	0.110877	887
2	15993	0.111002	888
2	16011	0.111127	889
2	16029	0.111252	890
2	16047	0.111377	891
2	16065	0.111502	892
2	16083	0.111627	893
2	16101	0.111752	894
2	16119	0.111877	895
2	16137	0.112002	896
2	16155	0.112127	897
2	16173	0.112252	898
2	16191	0.112377	899
2	16209	0.112502	900
2	16227	0.112627	901
2	16245	0.112752	902
2	16263	0.112877	903
2	16281	0.113002	904
2	16299	0.113127	905
2	16317	0.113252	906
2	16335	0.113377	907
2	16353	0.113502	908
2	16371	0.113627	909
2	16389	0.113752	910
2	16407	0.113877	911
2	16425	0.114002	912
2	16443	0.114127	913
2	16461	0.114252	914
2	16479	0.114377	915
2	16497	0.114502	916
2	16515	0.114627	917
2	16533	0.114752	918
2	16551	0.114877	919
2	16569	0.115002	920
2	16587	0.115127	921
2	16605	0.115252	922
2	16623	0.115377	923
2	16641	0.115502	924
2	16659	0.115627	925
2	16677	0.115752	926
2	16695	0.115877	927
2	16713	0.116002	928
2	16731	0.116127	929
2	16749	0.116252	930
2	16767	0.116377	931
2	16785	0.116502	932
2	16803	0.116627	933
2	16821	0.116752	934
2	16839	0.116877	935
2	16857	0.117002	936
2	16875	0.117127	937
2	16893	0.117252	938
2	16911	0.117377	939
2	16929	0.117502	940
2	16947	0.117627	941
2	16965	0.117752	942
2	16983	0.117877	943
2	17001	0.118002	944
2	17019	0.118127	945
2	17037	0.118252	946
2	17055	0.118377	947
2	17073	0.118502	948
2	17091	0.118627	949
2	17109	0.118752	950
2	17127	0.118877	951
2	17145	0.119002	952
2	17163	0.119127	953
2	17181	0.119252	954
2	17199	0.119377	955
2	17217	0.119502	956
2	17235	0.119627	957
2	17253	0.119752	958
2	17271	0.119877	959
2	17289	0.120002	960
2	17307	0.120127	961
2	17325	0.120252	962
2	17343	0.120377	963
2	17361	0.120502	964
2	17379	0.120627	965
2	17397	0.120752	966
2	17415	0.120877	967
2	17433	0.121002	968
2	17451	0.121127	969
2	17469	0.121252	970
2	17487	0.121377	971
2	17505	0.121502	972
2	17523	0.121627	973
2	17541	0.121752	974
2	17559	0.121877	975
2	17577	0.122002	976
2	17595	0.122127	977
2	17613	0.122252	978
2	17631	0.122377	979
2	17649	0.122502	980
2	17667	0.122627	981
2	17685	0.122752	982
2	17703	0.122877	983
2	17721	0.123002	984
2	17739	0.123127	985
2	17757	0.123252	986
2	17775	0.123377	987
2	17793	0.123502	988
2	17811	0.123627	989
2	17829	0.123752	990
2	17847	0.123877	991
2	17865	0.124002	992
2	17883	0.124127	993
2	17901	0.124252	994
2	17919	0.124377	995
2	17937	0.124502	996
2	17955	0.124627	997
2	17973	0.124752	998
2	17991	0.124877	999
2	18009	0.125002	1000
2	18027	0.125127	1001
2	18045	0.125252	1002
2	18063	0.125377	1003
2	18081	0.125502	1004
2	18099	0.125627	1005
2	18117	0.125752	1006
2	18135	0.125877	1007
2	18153	0.126002	1008
2	18171	0.126127	1009
2	18189	0.126252	1010
2	18207	0.126377	1011
2	18225	0.126502	1012
2	18243	0.126627	1013
2	18261	0.126752	1014
2	18279	0.126877	1015
2	18297	0.127002	1016
2	18315	0.127127	1017
2	18333	0.127252	1018
2	18351	0.127377	1019
2	18369	0.127502	1020
2	18387	0.127627	1021
2	18405	0.127752	1022
2	18423	0.127877	1023
2	18441	0.128002	1024
2	18459	0.128127	1025
2	18477	0.128252	1026
2	18495	0.128377	1027
2	18513	0.128502	1028
2	18531	0.128627	1029
2	18549	0.128752	1030
2	18567	0.128877	1031
2	18585	0.129002	1032
2	18603	0.129127	1033
2	18621	0.129252	1034
2	18639	0.129377	1035
2	18657	0.129502	1036
2	18675	0.129627	1037
2	18693	0.129752	1038
2	18711	0.129877	1039
2	18729	0.130002	1040
2	18747	0.130127	1041
2	18765	0.130252	1042
2	18783	0.130377	1043
2	18801	0.130502	1044
2	18819	0.130627	1045
2	18837	0.130752	1046
2	18855	0.130877	1047
2	18873	0.131002	1048
2	18891	0.131127	1049
2	18909	0.131252	1050
2	18927	0.131377	1051
2	18945	0.131502	1052
2	18963	0.131627	1053
2	18981	0.131752	1054
2	18999	0.131877	1055
2	19017	0.132002	1056
2	19035	0.132127	1057
2	19053	0.132252	1058
2	19071	0.132377	1059
2	19089	0.132502	1060
2	19107	0.132627	1061
2	19125	0.132752	1062
2	19143	0.132877	1063
2	19161	0.133002	1064
2	19179	0.133127	1065
2	19197	0.133252	1066
2	19215	0.133377	1067
2	19233	0.133502	1068
2	19251	0.133627	1069
2	19269	0.133752	1070
2	19287	0.133877	1071
2	19305	0.134002	1072
2	19323	0.134127	1073
2	19341	0.134252	1074
2	19359	0.134377	1075
2	19377	0.134502	1076
2	19395	0.134627	1077
2	19413	0.134752	1078
2	19431	0.134877	1079
2	19449	0.135002	1080
2	19467	0.135127	1081
2	19485	0.135252	1082
2	19503	0.135377	1083
2	19521	0.135502	1084
2	19539	0.135627	1085
2	19557	0.135752	1086
2	19575	0.135877	1087
2	19593	0.136002	1088
2	19611	0.136127	1089
2	19629	0.136252	1090
2	19647	0.136377	1091
2	19665	0.136502	1092
2	19683	0.136627	1093
2	19701	0.136752	1094
2	19719	0.136877	1095
2	19737	0.137002	1096
2	19755	0.137127	1097
2	19773	0.137252	1098
2	19791	0.137377	1099
2	19809	0.137502	1100
2	19827	0.137627	1101
2	19845	0.137752	1102
2	19863	0.137877	1103
2	19881	0.138002	1104
2	19899	0.138127	1105
2	19917	0.138252	1106
2	19935	0.138377	1107
2	19953	0.138502	1108
2	19971	0.138627	1109
2	19989	0.138752	1110
2	20007	0.138877	1111
2	20025	0.139002	1112
2	20043	0.139127	1113
2	20061	0.139252	1114
2	20079	0.139377	1115
2	20097	0.139502	1116
2	20115	0.139627	1117
2	20133	0.139752	1118
2	20151	0.139877	1119
2	20169	0.140002	1120
2	20187	0.140127	1121
2	20205	0.140252	1122
2	20223	0.140377	1123
2	20241	0.140502	1124
2	20259	0.140627	1125
2	20277	0.140752	1126
2	20295	0.140877	1127
2	20313	0.141002	1128
2	20331	0.141127	1129
2	20349	0.141252	1130
2	20367	0.141377	1131
2	20385	0.141502	1132
2	20403	0.141627	1133
2	20421	0.141752	1134
2	20439	0.141877	1135
2	20457	0.142002	1136
2	20475	0.142127	1137
2	20493	0.142252	1138
2	20511	0.142377	1139
2	20529	0.142502	1140
2	20547	0.142627	1141
2	20565	0.142752	1142
2	20583	0.142877	1143
2	20601	0.143002	1144
2	20619	0.143127	1145
2	20637	0.143252	1146
2	20655	0.143377	1147
2	20673	0.143502	1148
2	20691	0.143627	1149
2	20709	0.143752	1150
2	20727	0.143877	1151
2	20745	0.144002	1152
2	20763	0.144127	1153
2	20781	0.144252	1154
2	20799	0.144377	1155
2	20817	0.144502	1156
2	20835	0.144627	1157
2	20853	0.144752	1158
2	20871	0.144877	1159
2	20889	0.145002	1160
2	20907	0.145127	1161
2	20925	0.145252	1162
2	20943	0.145377	1163
2	20961	0.145502	1164
2	20979	0.145627	1165
2	20997	0.145752	1166
2	21015	0.145877	1167
2	21033	0.146002	1168
2	21051	0.146127	1169
2	21069	0.146252	1170
2	21087	0.146377	1171
2	21105	0.146502	1172
2	21123	0.146627	1173
2	21141	0.146752	1174
2	21163	0.146877	1175
2	21181	0.147002	1176
2	21199	0.147127	1177
2	21217	0.147252	1178
2	21235	0.147377	1179
2	21253	0.147502	1180
2	21271	0.147627	1181
2	21289	0.147752	1182
2	21307	0.147877	1183
2	21325	0.148002	1184
2	21343	0.148127	1185
2	21361	0.148252	1186
2	21379	0.148377	1187
2	21397	0.148502	1188
2	21415	0.148627	1189
2	21433	0.148752	1190
2	21451	0.148877	1191
2	21469	0.149002	1192
2	21487	0.149127	1193
2	21505	0.149252	1194
2	21523	0.149377	1195
2	21541	0.149502	1196
2	21559	0.149627	1197
2	21577	0.149752	1198
2	21595	0.149877	1199
2	21613	0.150002	1200
2	21631	0.150127	1201
2	21649	0.150252	1202
2	21667	0.150377	1203
2	21685	0.150502	1204
2	21703	0.150627	1205
2	21721	0.150752	1206
2	21739	0.150877	1207
2	21757	0.151002	1208
2	21775	0.151127	1209
2	21793	0.151252	1210
2	21811	0.151377	1211
2	21829	0.151502	1212
2	21847	0.151627	1213
2	21865	0.151752	1214
2	21883	0.151877	1215
2	21901	0.152002	1216
2	21919	0.152127	1217
2	21937	0.152252	1218
2	21955	0.152377	1219
2	21973	0.152502	1220
2	21991	0.152627	1221
2	22009	0.152752	1222
2	22027	0.152877	1223
2	22045	0.153002	1224
2	22063	0.153127	1225
2	22081	0.153252	1226
2	22099	0.153377	1227
2	22117	0.153502	1228
2	22135	0.153627	1229
2	22153	0.153752	1230
2	22171	0.153877	1231
2	22189	0.154002	1232
2	22207	0.154127	1233
2	22225	0.154252	1234
2	22243	0.154377	1235
2	22261	0.154502	1236
2	22279	0.154627	1237
2	22297	0.154752	1238
2	22315	0.154877	1239
2	22333	0.155002	1240
2	22351	0.155127	1241
2	22369	0.155252	1242
2	22387	0.155377	1243
2	22405	0.155502	1244
2	22423	0.155627	1245
2	22441	0.155752	1246
2	22459	0.155877	1247
2	22477	0.156002	1248
2	22495	0.156127	1249
2	22513	0.156252	1250
2	22531	0.156377	1251
2	22549	0.156502	1252
2	22567	0.156627	1253
2	22585	0.156752	1254
2	22603	0.156877	1255
2	22621	0.157002	1256
2	22639	0.157127	1257
2	22657	0.157252	1258
2	22675	0.157377	1259
2	22693	0.157502	1260
2	22711	0.157627	1261
2	22729	0.157752	1262
2	22747	0.157877	1263
2	22765	0.158002	1264
2	22783	0.158127	1265
2	22801	0.158252	1266
2	22819	0.158377	1267
2	22837	0.158502	1268
2	22855	0.158627	1269
2	22873	0.158752	1270
2	22891	0.158877	1271
2	22909	0.159002	1272
2	22927	0.159127	1273
2	22945	0.159252	1274
2	22963	0.159377	1275
2	22981	0.159502	1276
2	22999	0.159627	1277
2	23017	0.159752	1278
2	23035	0.159877	1279
2	23053	0.160002	1280
2	23071	0.160127	1281
2	23089	0.160252	1282
2	23107	0.160377	1283
2	23125	0.160502	1284
2	23143	0.160627	1285
2	23161	0.160752	1286
2	23179	0.160877	1287
2	23197	0.161002	1288
2	23215	0.161127	1289
2	23233	0.161252	1290
2	23251	0.161377	1291
2	23269	0.161502	1292
2	23287	0.161627	1293
2	23305	0.161752	1294
2	23323	0.161877	1295
2	23341	0.162002	1296
2	23359	0.162127	1297
2	23377	0.162252	1298
2	23395	0.162377	1299
2	23413	0.162502	1300
2	23431	0.162627	1301
2	23449	0.162752	1302
2	23467	0.162877	1303
2	23485	0.163002	1304
2	23503	0.163127	1305
2	23521	0.163252	1306
2	23539	0.163377	1307
2	23557	0.163502	1308
2	23575	0.163627	1309
2	23593	0.163752	1310
2	23611	0.163877	1311
2	23629	0.164002	1312
2	23647	0.164127	1313
2	23665	0.164252	1314
2	23683	0.164377	1315
2	23701	0.164502	1316
2	23719	0.164627	1317
2	23737	0.164752	1318
2	23755	0.164877	1319
2	23773	0.165002	1320
2	23791	0.165127	1321
2	23809	0.165252	1322
2	23827	0.165377	1323
2	23845	0.165502	1324
2	23863	0.165627	1325
2	23881	0.165752	1326
2	23899	0.165877	1327
2	23917	0.166002	1328
2	23935	0.166127	1329
2	23953	0.166252	1330
2	23971	0.166377	1331
2	23989	0.166502	1332
2	24007	0.166627	1333
2	24025	0.166752	1334
2	24043	0.166877	1335
2	24061	0.167002	1336
2	24079	0.167127	1337
2	24097	0.167252	1338
2	24115	0.167377	1339
2	24133	0.167502	1340
2	24151	0.167627	1341
2	24169	0.167752	1342
2	24187	0.167877	1343
2	24205	0.168002	1344
2	24223	0.168127	1345
2	24241	0.168252	1346
2	24259	0.168377	1347
2	24277	0.168502	1348
2	24295	0.168627	1349
2	24313	0.168752	1350
2	24331	0.168877	1351
2	24349	0.169002	1352
2	24367	0.169127	1353
2	24385	0.169252	1354
2	24403	0.169377	1355
2	24421	0.169502	1356
2	24439	0.169627	1357
2	24457	0.169752	1358
2	24475	0.169877	1359
2	24493	0.170002	1360
2	24511	0.170127	1361
2	24529	0.170252	1362
2	24547	0.170377	1363
2	24565	0.170502	1364
2	24583	0.170627	1365
2	24601	0.170752	1366
2	24619	0.170877	1367
2	24637	0.171002	1368
2	24655	0.171127	1369
2	24673	0.171252	1370
2	24691	0.171377	1371
2	24709	0.171502	1372
2	24727	0.171627	1373
2	24745	0.171752	1374
2	24763	0.171877	1375
2	24781	0.172002	1376
2	24799	0.172127	1377
2	24817	0.172252	1378
2	24835	0.172377	1379
2	24853	0.172502	1380
2	24871	0.172627	1381
2	24889	0.172752	1382
2	24907	0.172877	1383
2	24925	0.173002	1384
2	24943	0.173127	1385
2	24961	0.173252	1386
2	24979	0.173377	1387
2	24997	0.173502	1388
2	25015	0.173627	1389
2	25033	0.173752	1390
2	25051	0.173877	1391
2	25069	0.174002	1392
2	25087	0.174127	1393
2	25105	0.174252	1394
2	25123	0.174377	1395
2	25141	0.174502	1396
2	25159	0.174627	1397
2	25177	0.174752	1398
2	25195	0.174877	1399
2	25213	0.175002	1400
2	25231	0.175127	1401
2	25249	0.175252	1402
2	25267	0.175377	1403
2	25285	0.175502	1404
2	25303	0.175627	1405
2	25321	0.175752	1406
2	25339	0.175877	1407
2	25357	0.176002	1408
2	25375	0.176127	1409
2	25393	0.176252	1410
2	25411	0.176377	1411
2	25429	0.176502	1412
2	25447	0.176627	1413
2	25465	0.176752	1414
2	25483	0.176877	1415
2	25501	0.177002	1416
2	25519	0.177127	1417
2	25537	0.177252	1418
2	25555	0.177377	1419
2	25573	0.177502	1420
2	25591	0.177627	1421
2	25609	0.177752	1422
2	25627	0.177877	1423
2	25645	0.178002	1424
2	25663	0.178127	1425
2	25681	0.178252	1426
2	25699	0.178377	1427
2	25717	0.178502	1428
2	25735	0.178627	1429
2	25753	0.178752	1430
2	25771	0.178877	1431
2	25789	0.179002	1432
2	25807	0.179127	1433
2	25825	0.179252	1434
2	25843	0.179377	1435
2	25861	0.179502	1436
2	25879	0.179627	1437
2	25897	0.179752	1438
2	25915	0.179877	1439
2	25933	0.180002	1440
2	25951	0.180127	1441
2	25969	0.180252	1442
2	25987	0.180377	1443
2	26005	0.180502	1444
2	26023	0.180627	1445
2	26041	0.180752	1446
2	26059	0.180877	1447
2	26077	0.181002	1448
2	26095	0.181127	1449
2	26113	0.181252	1450
2	26131	0.181377	1451
2	26149	0.181502	1452
2	26167	0.181627	1453
2	26185	0.181752	1454
2	26203	0.181877	1455
2	26221	0.182002	1456
2	26239	0.182127	1457
2	26257	0.182252	1458
2	26275	0.182377	1459
2	26293	0.182502	1460
2	26311	0.182627	1461
2	26329	0.182752	1462
2	26347	0.182877	1463
2	26365	0.183002	1464
2	26383	0.183127	1465
2	26401	0.183252	1466
2	26419	0.183377	1467
2	26437	0.183502	1468
2	26455	0.183627	1469
2	26473	0.183752	1470
2	26491	0.183877	1471
2	26509	0.184002	1472
2	26531	0.184127	1473
2	26549	0.184252	1474
2	26567	0.184377	1475
2	26585	0.184502	1476
2	26603	0.184627	1477
2	26621	0.184752	1478
2	26639	0.184877	1479
2	26657	0.185002	1480
2	26675	0.185127	1481
2	26693	0.185252	1482
2	26711	0.185377	1483
2	26729	0.185502	1484
2	26747	0.185627	1485
2	26765	0.185752	1486
2	26783	0.185877	1487
2	26801	0.186002	1488
2	26819	0.186127	1489
2	26837	0.186252	1490
2	26855	0.186377	1491
2	26873	0.186502	1492
2	26891	0.186627	1493
2	26909	0.186752	1494
2	26927	0.186877	1495
2	26945	0.187002	1496
2	26963	0.187127	1497
2	26981	0.187252	1498
2	26999	0.187377	1499
2	27017	0.187502	1500
2	27035	0.187627	1501
2	27053	0.187752	1502
2	27071	0.187877	1503
2	27089	0.188002	1504
2	27107	0.188127	1505
2	27125	0.188252	1506
2	27143	0.188377	1507
2	27161	0.188502	1508
2	27179	0.188627	1509
2	27197	0.188752	1510
2	27215	0.188877	1511
2	27233	0.189002	1512
2	27251	0.189127	1513
2	27269	0.189252	1514
2	27287	0.189377	1515
2	27305	0.189502	1516
2	27323	0.189627	1517
2	27341	0.189752	1518
2	27359	0.189877	1519
2	27377	0.190002	1520
2	27395	0.190127	1521
2	27413	0.190252	1522
2	27431	0.190377	1523
2	27449	0.190502	1524
2	27467	0.190627	1525
2	27485	0.190752	1526
2	27503	0.190877	1527
2	27521	0.191002	1528
2	27539	0.191127	1529
2	27557	0.191252	1530
2	27575	0.191377	1531
2	27593	0.191502	1532
2	27611	0.191627	1533
2	27629	0.191752	1534
2	27647	0.191877	1535
2	27665	0.192002	1536
2	27683	0.192127	1537
2	27701	0.192252	1538
2	27719	0.192377	1539
2	27737	0.192502	1540
2	27755	0.192627	1541
2	27773	0.192752	1542
2	27791	0.192877	1543
2	27809	0.193002	1544
2	27827	0.193127	1545
2	27845	0.193252	1546
2	27863	0.193377	1547
2	27881	0.193502	1548
2	27899	0.193627	1549
2	27917	0.193752	1550
2	27935	0.193877	1551
2	27953	0.194002	1552
2	27971	0.194127	1553
2	27989	0.194252	1554
2	28007	0.194377	1555
2	28025	0.194502	1556
2	28043	0.194627	1557
2	28061	0.194752	1558
2	28079	0.194877	1559
2	28097	0.195002	1560
2	28115	0.195127	1561
2	28133	0.195252	1562
2	28151	0.195377	1563
2	28169	0.195502	1564
2	28187	0.195627	1565
2	28205	0.195752	1566
2	28223	0.195877	1567
2	28241	0.196002	1568
2	28259	0.196127	1569
2	28277	0.196252	1570
2	28295	0.196377	1571
2	28313	0.196502	1572
2	28331	0.196627	1573
2	28349	0.196752	1574
2	28367	0.196877	1575
2	28385	0.197002	1576
2	28403	0.197127	1577
2	28421	0.197252	1578
2	28439	0.197377	1579
2	28457	0.197502	1580
2	28475	0.197627	1581
2	28493	0.197752	1582
2	28511	0.197877	1583
2	28529	0.198002	1584
2	28547	0.198127	1585
2	28565	0.198252	1586
2	28583	0.198377	1587
2	28601	0.198502	1588
2	28619	0.198627	1589
2	28637	0.198752	1590
2	28655	0.198877	1591
2	28673	0.199002	1592
2	28691	0.199127	1593
2	28709	0.199252	1594
2	28727	0.199377	1595
2	28745	0.199502	1596
2	28763	0.199627	1597
2	28781	0.199752	1598
2	28799	0.199877	1599
2	28817	0.200002	1600
2	28835	0.200127	1601
2	28853	0.200252	1602
2	28871	0.200377	1603
2	28889	0.200502	1604
2	28907	0.200627	1605
2	28925	0.200752	1606
2	28943	0.200877	1607
2	28961	0.201002	1608
2	28979	0.201127	1609
2	28997	0.201252	1610
2	29015	0.201377	1611
2	29033	0.201502	1612
2	29051	0.201627	1613
2	29069	0.201752	1614
2	29087	0.201877	1615
2	29105	0.202002	1616
2	29123	0.202127	1617
2	29141	0.202252	1618
2	29159	0.202377	1619
2	29177	0.202502	1620
2	29195	0.202627	1621
2	29213	0.202752	1622
2	29231	0.202877	1623
2	29249	0.203002	1624
2	29267	0.203127	1625
2	29285	0.203252	1626
2	29303	0.203377	1627
2	29321	0.203502	1628
2	29339	0.203627	1629
2	29357	0.203752	1630
2	29375	0.203877	1631
2	29393	0.204002	1632
2	29411	0.204127	1633
2	29429	0.204252	1634
2	29447	0.204377	1635
2	29465	0.204502	1636
2	29483	0.204627	1637
2	29501	0.204752	1638
2	29519	0.204877	1639
2	29537	0.205002	1640
2	29555	0.205127	1641
2	29573	0.205252	1642
2	29591	0.205377	1643
2	29609	0.205502	1644
2	29627	0.205627	1645
2	29645	0.205752	1646
2	29663	0.205877	1647
2	29681	0.206002	1648
2	29699	0.206127	1649
2	29717	0.206252	1650
2	29735	0.206377	1651
2	29753	0.206502	1652
2	29771	0.206627	1653
2	29789	0.206752	1654
2	29807	0.206877	1655
2	29825	0.207002	1656
2	29843	0.207127	1657
2	29861	0.207252	1658
2	29879	0.207377	1659
2	29897	0.207502	1660
2	29915	0.207627	1661
2	29933	0.207752	1662
2	29951	0.207877	1663
2	29969	0.208002	1664
2	29987	0.208127	1665
2	30005	0.208252	1666
2	30023	0.208377	1667
2	30041	0.208502	1668
2	30059	0.208627	1669
2	30077	0.208752	1670
2	30095	0.208877	1671
2	30113	0.209002	1672
2	30131	0.209127	1673
2	30149	0.209252	1674
2	30167	0.209377	1675
2	30185	0.209502	1676
2	30203	0.209627	1677
2	30221	0.209752	1678
2	30239	0.209877	1679
2	30257	0.210002	1680
2	30275	0.210127	1681
2	30293	0.210252	1682
2	30311	0.210377	1683
2	30329	0.210502	1684
2	30347	0.210627	1685
2	30365	0.210752	1686
2	30383	0.210877	1687
2	30401	0.211002	1688
2	30419	0.211127	1689
2	30437	0.211252	1690
2	30455	0.211377	1691
2	30473	0.211502	1692
2	30491	0.211627	1693
2	30509	0.211752	1694
2	30527	0.211877	1695
2	30545	0.212002	1696
2	30563	0.212127	1697
2	30581	0.212252	1698
2	30599	0.212377	1699
2	30617	0.212502	1700
2	30635	0.212627	1701
2	30653	0.212752	1702
2	30671	0.212877	1703
2	30689	0.213002	1704
2	30707	0.213127	1705
2	30725	0.213252	1706
2	30743	0.213377	1707
2	30761	0.213502	1708
2	30779	0.213627	1709
2	30797	0.213752	1710
2	30815	0.213877	1711
2	30833	0.214002	1712
2	30851	0.214127	1713
2	30869	0.214252	1714
2	30887	0.214377	1715
2	30905	0.214502	1716
2	30923	0.214627	1717
2	30941	0.214752	1718
2	30959	0.214877	1719
2	30977	0.215002	1720
2	30995	0.215127	1721
2	31013	0.215252	1722
2	31031	0.215377	1723
2	31049	0.215502	1724
2	31067	0.215627	1725
2	31085	0.215752	1726
2	31103	0.215877	1727
2	31121	0.216002	1728
2	31139	0.216127	1729
2	31157	0.216252	1730
2	31175	0.216377	1731
2	31193	0.216502	1732
2	31211	0.216627	1733
2	31229	0.216752	1734
2	31247	0.216877	1735
2	31265	0.217002	1736
2	31283	0.217127	1737
2	31301	0.217252	1738
2	31319	0.217377	1739
2	31337	0.217502	1740
2	31355	0.217627	1741
2	31373	0.217752	1742
2	31391	0.217877	1743
2	31409	0.218002	1744
2	31427	0.218127	1745
2	31445	0.218252	1746
2	31463	0.218377	1747
2	31481	0.218502	1748
2	31499	0.218627	1749
2	31517	0.218752	1750
2	31535	0.218877	1751
2	31553	0.219002	1752
2	31571	0.219127	1753
2	31589	0.219252	1754
2	31607	0.219377	1755
2	31625	0.219502	1756
2	31643	0.219627	1757
2	31661	0.219752	1758
2	31679	0.219877	1759
2	31697	0.220002	1760
2	31715	0.220127	1761
2	31733	0.220252	1762
2	31751	0.220377	1763
2	31769	0.220502	1764
2	31787	0.220627	1765
2	31805	0.220752	1766
2	31823	0.220877	1767
2	31841	0.221002	1768
2	31859	0.221127	1769
2	31881	0.221252	1770
2	31899	0.221377	1771
2	31917	0.221502	1772
2	31935	0.221627	1773
2	31953	0.221752	1774
2	31971	0.221877	1775
2	31989	0.222002	1776
2	32007	0.222127	1777
2	32025	0.222252	1778
2	32043	0.222377	1779
2	32061	0.222502	1780
2	32079	0.222627	1781
2	32097	0.222752	1782
2	32115	0.222877	1783
2	32133	0.223002	1784
2	32151	0.223127	1785
2	32169	0.223252	1786
2	32187	0.223377	1787
2	32205	0.223502	1788
2	32223	0.223627	1789
2	32241	0.223752	1790
2	32259	0.223877	1791
2	32277	0.224002	1792
2	32295	0.224127	1793
2	32313	0.224252	1794
2	32331	0.224377	1795
2	32349	0.224502	1796
2	32367	0.224627	1797
2	32385	0.224752	1798
2	32403	0.224877	1799
2	32421	0.225002	1800
2	32439	0.225127	1801
2	32457	0.225252	1802
2	32475	0.225377	1803
2	32493	0.225502	1804
2	32511	0.225627	1805
2	32529	0.225752	1806
2	32547	0.225877	1807
2	32565	0.226002	1808
2	32583	0.226127	1809
2	32601	0.226252	1810
2	32619	0.226377	1811
2	32637	0.226502	1812
2	32655	0.226627	1813
2	32673	0.226752	1814
2	32691	0.226877	1815
2	32709	0.227002	1816
2	32727	0.227127	1817
2	32745	0.227252	1818
2	32763	0.227377	1819
2	32781	0.227502	1820
2	32799	0.227627	1821
2	32817	0.227752	1822
2	32835	0.227877	1823
2	32853	0.228002	1824
2	32871	0.228127	1825
2	32889	0.228252	1826
2	32907	0.228377	1827
2	32925	0.228502	1828
2	32943	0.228627	1829
2	32961	0.228752	1830
2	32979	0.228877	1831
2	32997	0.229002	1832
2	33015	0.229127	1833
2	33033	0.229252	1834
2	33051	0.229377	1835
2	33069	0.229502	1836
2	33087	0.229627	1837
2	33105	0.229752	1838
2	33123	0.229877	1839
2	33141	0.230002	1840
2	33159	0.230127	1841
2	33177	0.230252	1842
2	33195	0.230377	1843
2	33213	0.230502	1844
2	33231	0.230627	1845
2	33249	0.230752	1846
2	33267	0.230877	1847
2	33285	0.231002	1848
2	33303	0.231127	1849
2	33321	0.231252	1850
2	33339	0.231377	1851
2	33357	0.231502	1852
2	33375	0.231627	1853
2	33393	0.231752	1854
2	33411	0.231877	1855
2	33429	0.232002	1856
2	33447	0.232127	1857
2	33465	0.232252	1858
2	33483	0.232377	1859
2	33501	0.232502	1860
2	33519	0.232627	1861
2	33537	0.232752	1862
2	33555	0.232877	1863
2	33573	0.233002	1864
2	33591	0.233127	1865
2	33609	0.233252	1866
2	33627	0.233377	1867
2	33645	0.233502	1868
2	33663	0.233627	1869
2	33681	0.233752	1870
2	33699	0.233877	1871
2	33717	0.234002	1872
2	33735	0.234127	1873
2	33753	0.234252	1874
2	33771	0.234377	1875
2	33789	0.234502	1876
2	33807	0.234627	1877
2	33825	0.234752	1878
2	33843	0.234877	1879
2	33861	0.235002	1880
2	33879	0.235127	1881
2	33897	0.235252	1882
2	33915	0.235377	1883
2	33933	0.235502	1884
2	33951	0.235627	1885
2	33969	0.235752	1886
2	33987	0.235877	1887
2	34005	0.236002	1888
2	34023	0.236127	1889
2	34041	0.236252	1890
2	34059	0.236377	1891
2	34077	0.236502	1892
2	34095	0.236627	1893
2	34113	0.236752	1894
2	34131	0.236877	1895
2	34149	0.237002	1896
2	34167	0.237127	1897
2	34185	0.237252	1898
2	34203	0.237377	1899
2	34221	0.237502	1900
2	34239	0.237627	1901
2	34257	0.237752	1902
2	34275	0.237877	1903
2	34293	0.238002	1904
2	34311	0.238127	1905
2	34329	0.238252	1906
2	34347	0.238377	1907
2	34365	0.238502	1908
2	34383	0.238627	1909
2	34401	0.238752	1910
2	34419	0.238877	1911
2	34437	0.239002	1912
2	34455	0.239127	1913
2	34473	0.239252	1914
2	34491	0.239377	1915
2	34509	0.239502	1916
2	34527	0.239627	1917
2	34545	0.239752	1918
2	34563	0.239877	1919
2	34581	0.240002	1920
2	34599	0.240127	1921
2	34617	0.240252	1922
2	34635	0.240377	1923
2	34653	0.240502	1924
2	34671	0.240627	1925
2	34689	0.240752	1926
2	34707	0.240877	1927
2	34725	0.241002	1928
2	34743	0.241127	1929
2	34761	0.241252	1930
2	34779	0.241377	1931
2	34797	0.241502	1932
2	34815	0.241627	1933
2	34833	0.241752	1934
2	34851	0.241877	1935
2	34869	0.242002	1936
2	34887	0.242127	1937
2	34905	0.242252	1938
2	34923	0.242377	1939
2	34941	0.242502	1940
2	34959	0.242627	1941
2	34977	0.242752	1942
2	34995	0.242877	1943
2	35013	0.243002	1944
2	35031	0.243127	1945
2	35049	0.243252	1946
2	35067	0.243377	1947
2	35085	0.243502	1948
2	35103	0.243627	1949
2	35121	0.243752	1950
2	35139	0.243877	1951
2	35157	0.244002	1952
2	35175	0.244127	1953
2	35193	0.244252	1954
2	35211	0.244377	1955
2	35229	0.244502	1956
2	35247	0.244627	1957
2	35265	0.244752	1958
2	35283	0.244877	1959
2	35301	0.245002	1960
2	35319	0.245127	1961
2	35337	0.245252	1962
2	35355	0.245377	1963
2	35373	0.245502	1964
2	35391	0.245627	1965
2	35409	0.245752	1966
2	35427	0.245877	1967
2	35445	0.246002	1968
2	35463	0.246127	1969
2	35481	0.246252	1970
2	35499	0.246377	1971
2	35517	0.246502	1972
2	35535	0.246627	1973
2	35553	0.246752	1974
2	35571	0.246877	1975
2	35589	0.247002	1976
2	35607	0.247127	1977
2	35625	0.247252	1978
2	35643	0.247377	1979
2	35661	0.247502	1980
2	35679	0.247627	1981
2	35697	0.247752	1982
2	35715	0.247877	1983
2	35733	0.248002	1984
2	35751	0.248127	1985
2	35769	0.248252	1986
2	35787	0.248377	1987
2	35805	0.248502	1988
2	35823	0.248627	1989
2	35841	0.248752	1990
2	35859	0.248877	1991
2	35877	0.249002	1992
2	35895	0.249127	1993
2	35913	0.249252	1994
2	35931	0.249377	1995
2	35949	0.249502	1996
2	35967	0.249627	1997
2	35985	0.249752	1998
2	36003	0.249877	1999
2	36021	0.250002	2000
2	36039	0.250127	2001
2	36057	0.250252	2002
2	36075	0.250377	2003
2	36093	0.250502	2004
2	36111	0.250627	2005
2	36129	0.250752	2006
2	36147	0.250877	2007
2	36165	0.251002	2008
2	36183	0.251127	2009
2	36201	0.251252	2010
2	36219	0.251377	2011
2	36237	0.251502	2012
2	36255	0.251627	2013
2	36273	0.251752	2014
2	36291	0.251877	2015
2	36309	0.252002	2016
2	36327	0.252127	2017
2	36345	0.252252	2018
2	36363	0.252377	2019
2	36381	0.252502	2020
2	36399	0.252627	2021
2	36417	0.252752	2022
2	36435	0.252877	2023
2	36453	0.253002	2024
2	36471	0.253127	2025
2	36489	0.253252	2026
2	36507	0.253377	2027
2	36525	0.253502	2028
2	36543	0.253627	2029
2	36561	0.253752	2030
2	36579	0.253877	2031
2	36597	0.254002	2032
2	36615	0.254127	2033
2	36633	0.254252	2034
2	36651	0.254377	2035
2	36669	0.254502	2036
2	36687	0.254627	2037
2	36705	0.254752	2038
2	36723	0.254877	2039
2	36741	0.255002	2040
2	36759	0.255127	2041
2	36777	0.255252	2042
2	36795	0.255377	2043
2	36813	0.255502	2044
2	36831	0.255627	2045
2	36849	0.255752	2046
2	36867	0.255877	2047
2	36885	0.256002	2048
2	36903	0.256127	2049
2	36921	0.256252	2050
2	36939	0.256377	2051
2	36957	0.256502	2052
2	36975	0.256627	2053
2	36993	0.256752	2054
2	37011	0.256877	2055
2	37029	0.257002	2056
2	37047	0.257127	2057
2	37065	0.257252	2058
2	37083	0.257377	2059
2	37101	0.257502	2060
2	37119	0.257627	2061
2	37137	0.257752	2062
2	37155	0.257877	2063
2	37173	0.258002	2064
2	37191	0.258127	2065
2	37209	0.258252	2066
2	37231	0.258377	2067
2	37249	0.258502	2068
2	37267	0.258627	2069
2	37285	0.258752	2070
2	37303	0.258877	2071
2	37321	0.259002	2072
2	37339	0.259127	2073
2	37357	0.259252	2074
2	37375	0.259377	2075
2	37393	0.259502	2076
2	37411	0.259627	2077
2	37429	0.259752	2078
2	37447	0.259877	2079
2	37465	0.260002	2080
2	37483	0.260127	2081
2	37501	0.260252	2082
2	37519	0.260377	2083
2	37537	0.260502	2084
2	37555	0.260627	2085
2	37573	0.260752	2086
2	37591	0.260877	2087
2	37609	0.261002	2088
2	37627	0.261127	2089
2	37645	0.261252	2090
2	37663	0.261377	2091
2	37681	0.261502	2092
2	37699	0.261627	2093
2	37717	0.261752	2094
2	37735	0.261877	2095
2	37753	0.262002	2096
2	37771	0.262127	2097
2	37789	0.262252	2098
2	37807	0.262377	2099
2	37825	0.262502	2100
2	37843	0.262627	2101
2	37861	0.262752	2102
2	37879	0.262877	2103
2	37897	0.263002	2104
2	37915	0.263127	2105
2	37933	0.263252	2106
2	37951	0.263377	2107
2	37969	0.263502	2108
2	37987	0.263627	2109
2	38005	0.263752	2110
2	38023	0.263877	2111
2	38041	0.264002	2112
2	38059	0.264127	2113
2	38077	0.264252	2114
2	38095	0.264377	2115
2	38113	0.264502	2116
2	38131	0.264627	2117
2	38149	0.264752	2118
2	38167	0.264877	2119
2	38185	0.265002	2120
2	38203	0.265127	2121
2	38221	0.265252	2122
2	38239	0.265377	2123
2	38257	0.265502	2124
2	38275	0.265627	2125
2	38293	0.265752	2126
2	38311	0.265877	2127
2	38329	0.266002	2128
2	38347	0.266127	2129
2	38365	0.266252	2130
2	38383	0.266377	2131
2	38401	0.266502	2132
2	38419	0.266627	2133
2	38437	0.266752	2134
2	38455	0.266877	2135
2	38473	0.267002	2136
2	38491	0.267127	2137
2	38509	0.267252	2138
2	38527	0.267377	2139
2	38545	0.267502	2140
2	38563	0.267627	2141
2	38581	0.267752	2142
2	38599	0.267877	2143
2	38617	0.268002	2144
2	38635	0.268127	2145
2	38653	0.268252	2146
2	38671	0.268377	2147
2	38689	0.268502	2148
2	38707	0.268627	2149
2	38725	0.268752	2150
2	38743	0.268877	2151
2	38761	0.269002	2152
2	38779	0.269127	2153
2	38797	0.269252	2154
2	38815	0.269377	2155
2	38833	0.269502	2156
2	38851	0.269627	2157
2	38869	0.269752	2158
2	38887	0.269877	2159
2	38905	0.270002	2160
2	38923	0.270127	2161
2	38941	0.270252	2162
2	38959	0.270377	2163
2	38977	0.270502	2164
2	38995	0.270627	2165
2	39013	0.270752	2166
2	39031	0.270877	2167
2	39049	0.271002	2168
2	39067	0.271127	2169
2	39085	0.271252	2170
2	39103	0.271377	2171
2	39121	0.271502	2172
2	39139	0.271627	2173
2	39157	0.271752	2174
2	39175	0.271877	2175
2	39193	0.272002	2176
2	39211	0.272127	2177
2	39229	0.272252	2178
2	39247	0.272377	2179
2	39265	0.272502	2180
2	39283	0.272627	2181
2	39301	0.272752	2182
2	39319	0.272877	2183
2	39337	0.273002	2184
2	39355	0.273127	2185
2	39373	0.273252	2186
2	39391	0.273377	2187
2	39409	0.273502	2188
2	39427	0.273627	2189
2	39445	0.273752	2190
2	39463	0.273877	2191
2	39481	0.274002	2192
2	39499	0.274127	2193
2	39517	0.274252	2194
2	39535	0.274377	2195
2	39553	0.274502	2196
2	39571	0.274627	2197
2	39589	0.274752	2198
2	39607	0.274877	2199
2	39625	0.275002	2200
2	39643	0.275127	2201
2	39661	0.275252	2202
2	39679	0.275377	2203
2	39697	0.275502	2204
2	39715	0.275627	2205
2	39733	0.275752	2206
2	39751	0.275877	2207
2	39769	0.276002	2208
2	39787	0.276127	2209
2	39805	0.276252	2210
2	39823	0.276377	2211
2	39841	0.276502	2212
2	39859	0.276627	2213
2	39877	0.276752	2214
2	39895	0.276877	2215
2	39913	0.277002	2216
2	39931	0.277127	2217
2	39949	0.277252	2218
2	39967	0.277377	2219
2	39985	0.277502	2220
2	40003	0.277627	2221
2	40021	0.277752	2222
2	40039	0.277877	2223
2	40057	0.278002	2224
2	40075	0.278127	2225
2	40093	0.278252	2226
2	40111	0.278377	2227
2	40129	0.278502	2228
2	40147	0.278627	2229
2	40165	0.278752	2230
2	40183	0.278877	2231
2	40201	0.279002	2232
2	40219	0.279127	2233
2	40237	0.279252	2234
2	40255	0.279377	2235
2	40273	0.279502	2236
2	40291	0.279627	2237
2	40309	0.279752	2238
2	40327	0.279877	2239
2	40345	0.280002	2240
2	40363	0.280127	2241
2	40381	0.280252	2242
2	40399	0.280377	2243
2	40417	0.280502	2244
2	40435	0.280627	2245
2	40453	0.280752	2246
2	40471	0.280877	2247
2	40489	0.281002	2248
2	40507	0.281127	2249
2	40525	0.281252	2250
2	40543	0.281377	2251
2	40561	0.281502	2252
2	40579	0.281627	2253
2	40597	0.281752	2254
2	40615	0.281877	2255
2	40633	0.282002	2256
2	40651	0.282127	2257
2	40669	0.282252	2258
2	40687	0.282377	2259
2	40705	0.282502	2260
2	40723	0.282627	2261
2	40741	0.282752	2262
2	40759	0.282877	2263
2	40777	0.283002	2264
2	40795	0.283127	2265
2	40813	0.283252	2266
2	40831	0.283377	2267
2	40849	0.283502	2268
2	40867	0.283627	2269
2	40885	0.283752	2270
2	40903	0.283877	2271
2	40921	0.284002	2272
2	40939	0.284127	2273
2	40957	0.284252	2274
2	40975	0.284377	2275
2	40993	0.284502	2276
2	41011	0.284627	2277
2	41029	0.284752	2278
2	41047	0.284877	2279
2	41065	0.285002	2280
2	41083	0.285127	2281
2	41101	0.285252	2282
2	41119	0.285377	2283
2	41137	0.285502	2284
2	41155	0.285627	2285
2	41173	0.285752	2286
2	41191	0.285877	2287
2	41209	0.286002	2288
2	41227	0.286127	2289
2	41245	0.286252	2290
2	41263	0.286377	2291
2	41281	0.286502	2292
2	41299	0.286627	2293
2	41317	0.286752	2294
2	41335	0.286877	2295
2	41353	0.287002	2296
2	41371	0.287127	2297
2	41389	0.287252	2298
2	41407	0.287377	2299
2	41425	0.287502	2300
2	41443	0.287627	2301
2	41461	0.287752	2302
2	41479	0.287877	2303
2	41497	0.288002	2304
2	41515	0.288127	2305
2	41533	0.288252	2306
2	41551	0.288377	2307
2	41569	0.288502	2308
2	41587	0.288627	2309
2	41605	0.288752	2310
2	41623	0.288877	2311
2	41641	0.289002	2312
2	41659	0.289127	2313
2	41677	0.289252	2314
2	41695	0.289377	2315
2	41713	0.289502	2316
2	41731	0.289627	2317
2	41749	0.289752	2318
2	41767	0.289877	2319
2	41785	0.290002	2320
2	41803	0.290127	2321
2	41821	0.290252	2322
2	41839	0.290377	2323
2	41857	0.290502	2324
2	41875	0.290627	2325
2	41893	0.290752	2326
2	41911	0.290877	2327
2	41929	0.291002	2328
2	41947	0.291127	2329
2	41965	0.291252	2330
2	41983	0.291377	2331
2	42001	0.291502	2332
2	42019	0.291627	2333
2	42037	0.291752	2334
2	42055	0.291877	2335
2	42073	0.292002	2336
2	42091	0.292127	2337
2	42109	0.292252	2338
2	42127	0.292377	2339
2	42145	0.292502	2340
2	42163	0.292627	2341
2	42181	0.292752	2342
2	42199	0.292877	2343
2	42217	0.293002	2344
2	42235	0.293127	2345
2	42253	0.293252	2346
2	42271	0.293377	2347
2	42289	0.293502	2348
2	42307	0.293627	2349
2	42325	0.293752	2350
2	42343	0.293877	2351
2	42361	0.294002	2352
2	42379	0.294127	2353
2	42397	0.294252	2354
2	42415	0.294377	2355
2	42433	0.294502	2356
2	42451	0.294627	2357
2	42469	0.294752	2358
2	42487	0.294877	2359
2	42505	0.295002	2360
2	42523	0.295127	2361
2	42541	0.295252	2362
2	42559	0.295377	2363
2	42579	0.295502	2364
2	42599	0.295627	2365
2	42617	0.295752	2366
2	42635	0.295877	2367
2	42653	0.296002	2368
2	42671	0.296127	2369
2	42689	0.296252	2370
2	42707	0.296377	2371
2	42725	0.296502	2372
2	42743	0.296627	2373
2	42761	0.296752	2374
2	42779	0.296877	2375
2	42797	0.297002	2376
2	42815	0.297127	2377
2	42833	0.297252	2378
2	42851	0.297377	2379
2	42869	0.297502	2380
2	42887	0.297627	2381
2	42905	0.297752	2382
2	42923	0.297877	2383
2	42941	0.298002	2384
2	42959	0.298127	2385
2	42977	0.298252	2386
2	42995	0.298377	2387
2	43013	0.298502	2388
2	43031	0.298627	2389
2	43049	0.298752	2390
2	43067	0.298877	2391
2	43085	0.299002	2392
2	43103	0.299127	2393
2	43121	0.299252	2394
2	43139	0.299377	2395
2	43157	0.299502	2396
2	43175	0.299627	2397
2	43193	0.299752	2398
2	43211	0.299877	2399
2	43229	0.300002	2400
2	43247	0.300127	2401
2	43265	0.300252	2402
2	43283	0.300377	2403
2	43301	0.300502	2404
2	43319	0.300627	2405
2	43337	0.300752	2406
2	43355	0.300877	2407
2	43373	0.301002	2408
2	43391	0.301127	2409
2	43409	0.301252	2410
2	43427	0.301377	2411
2	43445	0.301502	2412
2	43463	0.301627	2413
2	43481	0.301752	2414
2	43499	0.301877	2415
2	43517	0.302002	2416
2	43535	0.302127	2417
2	43553	0.302252	2418
2	43571	0.302377	2419
2	43589	0.302502	2420
2	43607	0.302627	2421
2	43625	0.302752	2422
2	43643	0.302877	2423
2	43661	0.303002	2424
2	43679	0.303127	2425
2	43697	0.303252	2426
2	43715	0.303377	2427
2	43733	0.303502	2428
2	43751	0.303627	2429
2	43769	0.303752	2430
2	43787	0.303877	2431
2	43805	0.304002	2432
2	43823	0.304127	2433
2	43841	0.304252	2434
2	43859	0.304377	2435
2	43877	0.304502	2436
2	43895	0.304627	2437
2	43913	0.304752	2438
2	43931	0.304877	2439
2	43949	0.305002	2440
2	43967	0.305127	2441
2	43985	0.305252	2442
2	44003	0.305377	2443
2	44021	0.305502	2444
2	44039	0.305627	2445
2	44057	0.305752	2446
2	44075	0.305877	2447
2	44093	0.306002	2448
2	44111	0.306127	2449
2	44129	0.306252	2450
2	44147	0.306377	2451
2	44165	0.306502	2452
2	44183	0.306627	2453
2	44201	0.306752	2454
2	44219	0.306877	2455
2	44237	0.307002	2456
2	44255	0.307127	2457
2	44273	0.307252	2458
2	44291	0.307377	2459
2	44309	0.307502	2460
2	44327	0.307627	2461
2	44345	0.307752	2462
2	44363	0.307877	2463
2	44381	0.308002	2464
2	44399	0.308127	2465
2	44417	0.308252	2466
2	44435	0.308377	2467
2	44453	0.308502	2468
2	44471	0.308627	2469
2	44489	0.308752	2470
2	44507	0.308877	2471
2	44525	0.309002	2472
2	44543	0.309127	2473
2	44561	0.309252	2474
2	44579	0.309377	2475
2	44597	0.309502	2476
2	44615	0.309627	2477
2	44633	0.309752	2478
2	44651	0.309877	2479
2	44669	0.310002	2480
2	44687	0.310127	2481
2	44705	0.310252	2482
2	44723	0.310377	2483
2	44741	0.310502	2484
2	44759	0.310627	2485
2	44777	0.310752	2486
2	44795	0.310877	2487
2	44813	0.311002	2488
2	44831	0.311127	2489
2	44849	0.311252	2490
2	44867	0.311377	2491
2	44885	0.311502	2492
2	44903	0.311627	2493
2	44921	0.311752	2494
2	44939	0.311877	2495
2	44957	0.312002	2496
2	44975	0.312127	2497
2	44993	0.312252	2498
2	45011	0.312377	2499
2	45029	0.312502	2500
2	45047	0.312627	2501
2	45065	0.312752	2502
2	45083	0.312877	2503
2	45101	0.313002	2504
2	45119	0.313127	2505
2	45137	0.313252	2506
2	45155	0.313377	2507
2	45173	0.313502	2508
2	45191	0.313627	2509
2	45209	0.313752	2510
2	45227	0.313877	2511
2	45245	0.314002	2512
2	45263	0.314127	2513
2	45281	0.314252	2514
2	45299	0.314377	2515
2	45317	0.314502	2516
2	45335	0.314627	2517
2	45353	0.314752	2518
2	45371	0.314877	2519
2	45389	0.315002	2520
2	45407	0.315127	2521
2	45425	0.315252	2522
2	45443	0.315377	2523
2	45461	0.315502	2524
2	45479	0.315627	2525
2	45497	0.315752	2526
2	45515	0.315877	2527
2	45533	0.316002	2528
2	45551	0.316127	2529
2	45569	0.316252	2530
2	45587	0.316377	2531
2	45605	0.316502	2532
2	45623	0.316627	2533
2	45641	0.316752	2534
2	45659	0.316877	2535
2	45677	0.317002	2536
2	45695	0.317127	2537
2	45713	0.317252	2538
2	45731	0.317377	2539
2	45749	0.317502	2540
2	45767	0.317627	2541
2	45785	0.317752	2542
2	45803	0.317877	2543
2	45821	0.318002	2544
2	45839	0.318127	2545
2	45857	0.318252	2546
2	45875	0.318377	2547
2	45893	0.318502	2548
2	45911	0.318627	2549
2	45929	0.318752	2550
2	45947	0.318877	2551
2	45965	0.319002	2552
2	45983	0.319127	2553
2	46001	0.319252	2554
2	46019	0.319377	2555
2	46037	0.319502	2556
2	46055	0.319627	2557
2	46073	0.319752	2558
2	46091	0.319877	2559
2	46109	0.320002	2560
2	46127	0.320127	2561
2	46145	0.320252	2562
2	46163	0.320377	2563
2	46181	0.320502	2564
2	46199	0.320627	2565
2	46217	0.320752	2566
2	46235	0.320877	2567
2	46253	0.321002	2568
2	46271	0.321127	2569
2	46289	0.321252	2570
2	46307	0.321377	2571
2	46325	0.321502	2572
2	46343	0.321627	2573
2	46361	0.321752	2574
2	46379	0.321877	2575
2	46397	0.322002	2576
2	46415	0.322127	2577
2	46433	0.322252	2578
2	46451	0.322377	2579
2	46469	0.322502	2580
2	46487	0.322627	2581
2	46505	0.322752	2582
2	46523	0.322877	2583
2	46541	0.323002	2584
2	46559	0.323127	2585
2	46577	0.323252	2586
2	46595	0.323377	2587
2	46613	0.323502	2588
2	46631	0.323627	2589
2	46649	0.323752	2590
2	46667	0.323877	2591
2	46685	0.324002	2592
2	46703	0.324127	2593
2	46721	0.324252	2594
2	46739	0.324377	2595
2	46757	0.324502	2596
2	46775	0.324627	2597
2	46793	0.324752	2598
2	46811	0.324877	2599
2	46829	0.325002	2600
2	46847	0.325127	2601
2	46865	0.325252	2602
2	46883	0.325377	2603
2	46901	0.325502	2604
2	46919	0.325627	2605
2	46937	0.325752	2606
2	46955	0.325877	2607
2	46973	0.326002	2608
2	46991	0.326127	2609
2	47009	0.326252	2610
2	47027	0.326377	2611
2	47045	0.326502	2612
2	47063	0.326627	2613
2	47081	0.326752	2614
2	47099	0.326877	2615
2	47117	0.327002	2616
2	47135	0.327127	2617
2	47153	0.327252	2618
2	47171	0.327377	2619
2	47189	0.327502	2620
2	47207	0.327627	2621
2	47225	0.327752	2622
2	47243	0.327877	2623
2	47261	0.328002	2624
2	47279	0.328127	2625
2	47297	0.328252	2626
2	47315	0.328377	2627
2	47333	0.328502	2628
2	47351	0.328627	2629
2	47369	0.328752	2630
2	47387	0.328877	2631
2	47405	0.329002	2632
2	47423	0.329127	2633
2	47441	0.329252	2634
2	47459	0.329377	2635
2	47477	0.329502	2636
2	47495	0.329627	2637
2	47513	0.329752	2638
2	47531	0.329877	2639
2	47549	0.330002	2640
2	47567	0.330127	2641
2	47585	0.330252	2642
2	47603	0.330377	2643
2	47621	0.330502	2644
2	47639	0.330627	2645
2	47657	0.330752	2646
2	47675	0.330877	2647
2	47693	0.331002	2648
2	47711	0.331127	2649
2	47729	0.331252	2650
2	47747	0.331377	2651
2	47765	0.331502	2652
2	47783	0.331627	2653
2	47801	0.331752	2654
2	47819	0.331877	2655
2	47837	0.332002	2656
2	47855	0.332127	2657
2	47873	0.332252	2658
2	47891	0.332377	2659
2	47909	0.332502	2660
2	47927	0.332627	2661
2	47949	0.332752	2662
2	47967	0.332877	2663
2	47985	0.333002	2664
2	48003	0.333127	2665
2	48021	0.333252	2666
2	48039	0.333377	2667
2	48057	0.333502	2668
2	48075	0.333627	2669
2	48093	0.333752	2670
2	48111	0.333877	2671
2	48129	0.334002	2672
2	48147	0.334127	2673
2	48165	0.334252	2674
2	48183	0.334377	2675
2	48201	0.334502	2676
2	48219	0.334627	2677
2	48237	0.334752	2678
2	48255	0.334877	2679
2	48273	0.335002	2680
2	48291	0.335127	2681
2	48309	0.335252	2682
2	48327	0.335377	2683
2	48345	0.335502	2684
2	48363	0.335627	2685
2	48381	0.335752	2686
2	48399	0.335877	2687
2	48417	0.336002	2688
2	48435	0.336127	2689
2	48453	0.336252	2690
2	48471	0.336377	2691
2	48489	0.336502	2692
2	48507	0.336627	2693
2	48525	0.336752	2694
2	48543	0.336877	2695
2	48561	0.337002	2696
2	48579	0.337127	2697
2	48597	0.337252	2698
2	48615	0.337377	2699
2	48633	0.337502	2700
2	48651	0.337627	2701
2	48669	0.337752	2702
2	48687	0.337877	2703
2	48705	0.338002	2704
2	48723	0.338127	2705
2	48741	0.338252	2706
2	48759	0.338377	2707
2	48777	0.338502	2708
2	48795	0.338627	2709
2	48813	0.338752	2710
2	48831	0.338877	2711
2	48849	0.339002	2712
2	48867	0.339127	2713
2	48885	0.339252	2714
2	48903	0.339377	2715
2	48921	0.339502	2716
2	48939	0.339627	2717
2	48957	0.339752	2718
2	48975	0.339877	2719
2	48993	0.340002	2720
2	49011	0.340127	2721
2	49029	0.340252	2722
2	49047	0.340377	2723
2	49065	0.340502	2724
2	49083	0.340627	2725
2	49101	0.340752	2726
2	49119	0.340877	2727
2	49137	0.341002	2728
2	49155	0.341127	2729
2	49173	0.341252	2730
2	49191	0.341377	2731
2	49209	0.341502	2732
2	49227	0.341627	2733
2	49245	0.341752	2734
2	49263	0.341877	2735
2	49281	0.342002	2736
2	49299	0.342127	2737
2	49317	0.342252	2738
2	49335	0.342377	2739
2	49353	0.342502	2740
2	49371	0.342627	2741
2	49389	0.342752	2742
2	49407	0.342877	2743
2	49425	0.343002	2744
2	49443	0.343127	2745
2	49461	0.343252	2746
2	49479	0.343377	2747
2	49497	0.343502	2748
2	49515	0.343627	2749
2	49533	0.343752	2750
2	49551	0.343877	2751
2	49569	0.344002	2752
2	49587	0.344127	2753
2	49605	0.344252	2754
2	49623	0.344377	2755
2	49641	0.344502	2756
2	49659	0.344627	2757
2	49677	0.344752	2758
2	49695	0.344877	2759
2	49713	0.345002	2760
2	49731	0.345127	2761
2	49749	0.345252	2762
2	49767	0.345377	2763
2	49785	0.345502	2764
2	49803	0.345627	2765
2	49821	0.345752	2766
2	49839	0.345877	2767
2	49857	0.346002	2768
2	49875	0.346127	2769
2	49893	0.346252	2770
2	49911	0.346377	2771
2	49929	0.346502	2772
2	49947	0.346627	2773
2	49965	0.346752	2774
2	49983	0.346877	2775
2	50001	0.347002	2776
2	50019	0.347127	2777
2	50037	0.347252	2778
2	50055	0.347377	2779
2	50073	0.347502	2780
2	50091	0.347627	2781
2	50109	0.347752	2782
2	50127	0.347877	2783
2	50145	0.348002	2784
2	50163	0.348127	2785
2	50181	0.348252	2786
2	50199	0.348377	2787
2	50217	0.348502	2788
2	50235	0.348627	2789
2	50253	0.348752	2790
2	50271	0.348877	2791
2	50289	0.349002	2792
2	50307	0.349127	2793
2	50325	0.349252	2794
2	50343	0.349377	2795
2	50361	0.349502	2796
2	50379	0.349627	2797
2	50397	0.349752	2798
2	50415	0.349877	2799
2	50433	0.350002	2800
2	50451	0.350127	2801
2	50469	0.350252	2802
2	50487	0.350377	2803
2	50505	0.350502	2804
2	50523	0.350627	2805
2	50541	0.350752	2806
2	50559	0.350877	2807
2	50577	0.351002	2808
2	50595	0.351127	2809
2	50613	0.351252	2810
2	50631	0.351377	2811
2	50649	0.351502	2812
2	50667	0.351627	2813
2	50685	0.351752	2814
2	50703	0.351877	2815
2	50721	0.352002	2816
2	50739	0.352127	2817
2	50757	0.352252	2818
2	50775	0.352377	2819
2	50793	0.352502	2820
2	50811	0.352627	2821
2	50829	0.352752	2822
2	50847	0.352877	2823
2	50865	0.353002	2824
2	50883	0.353127	2825
2	50901	0.353252	2826
2	50919	0.353377	2827
2	50937	0.353502	2828
2	50955	0.353627	2829
2	50973	0.353752	2830
2	50991	0.353877	2831
2	51009	0.354002	2832
2	51027	0.354127	2833
2	51045	0.354252	2834
2	51063	0.354377	2835
2	51081	0.354502	2836
2	51099	0.354627	2837
2	51117	0.354752	2838
2	51135	0.354877	2839
2	51153	0.355002	2840
2	51171	0.355127	2841
2	51189	0.355252	2842
2	51207	0.355377	2843
2	51225	0.355502	2844
2	51243	0.355627	2845
2	51261	0.355752	2846
2	51279	0.355877	2847
2	51297	0.356002	2848
2	51315	0.356127	2849
2	51333	0.356252	2850
2	51351	0.356377	2851
2	51369	0.356502	2852
2	51387	0.356627	2853
2	51405	0.356752	2854
2	51423	0.356877	2855
2	51441	0.357002	2856
2	51459	0.357127	2857
2	51477	0.357252	2858
2	51495	0.357377	2859
2	51513	0.357502	2860
2	51531	0.357627	2861
2	51549	0.357752	2862
2	51567	0.357877	2863
2	51585	0.358002	2864
2	51603	0.358127	2865
2	51621	0.358252	2866
2	51639	0.358377	2867
2	51657	0.358502	2868
2	51675	0.358627	2869
2	51693	0.358752	2870
2	51711	0.358877	2871
2	51729	0.359002	2872
2	51747	0.359127	2873
2	51765	0.359252	2874
2	51783	0.359377	2875
2	51801	0.359502	2876
2	51819	0.359627	2877
2	51837	0.359752	2878
2	51855	0.359877	2879
2	51873	0.360002	2880
2	51891	0.360127	2881
2	51909	0.360252	2882
2	51927	0.360377	2883
2	51945	0.360502	2884
2	51963	0.360627	2885
2	51981	0.360752	2886
2	51999	0.360877	2887
2	52017	0.361002	2888
2	52035	0.361127	2889
2	52053	0.361252	2890
2	52071	0.361377	2891
2	52089	0.361502	2892
2	52107	0.361627	2893
2	52125	0.361752	2894
2	52143	0.361877	2895
2	52161	0.362002	2896
2	52179	0.362127	2897
2	52197	0.362252	2898
2	52215	0.362377	2899
2	52233	0.362502	2900
2	52251	0.362627	2901
2	52269	0.362752	2902
2	52287	0.362877	2903
2	52305	0.363002	2904
2	52323	0.363127	2905
2	52341	0.363252	2906
2	52359	0.363377	2907
2	52377	0.363502	2908
2	52395	0.363627	2909
2	52413	0.363752	2910
2	52431	0.363877	2911
2	52449	0.364002	2912
2	52467	0.364127	2913
2	52485	0.364252	2914
2	52503	0.364377	2915
2	52521	0.364502	2916
2	52539	0.364627	2917
2	52557	0.364752	2918
2	52575	0.364877	2919
2	52593	0.365002	2920
2	52611	0.365127	2921
2	52629	0.365252	2922
2	52647	0.365377	2923
2	52665	0.365502	2924
2	52683	0.365627	2925
2	52701	0.365752	2926
2	52719	0.365877	2927
2	52737	0.366002	2928
2	52755	0.366127	2929
2	52773	0.366252	2930
2	52791	0.366377	2931
2	52809	0.366502	2932
2	52827	0.366627	2933
2	52845	0.366752	2934
2	52863	0.366877	2935
2	52881	0.367002	2936
2	52899	0.367127	2937
2	52917	0.367252	2938
2	52935	0.367377	2939
2	52953	0.367502	2940
2	52971	0.367627	2941
2	52989	0.367752	2942
2	53007	0.367877	2943
2	53025	0.368002	2944
2	53043	0.368127	2945
2	53061	0.368252	2946
2	53079	0.368377	2947
2	53097	0.368502	2948
2	53115	0.368627	2949
2	53133	0.368752	2950
2	53151	0.368877	2951
2	53169	0.369002	2952
2	53187	0.369127	2953
2	53205	0.369252	2954
2	53223	0.369377	2955
2	53241	0.369502	2956
2	53259	0.369627	2957
2	53277	0.369752	2958
2	53299	0.369877	2959
2	53317	0.370002	2960
2	53335	0.370127	2961
2	53353	0.370252	2962
2	53371	0.370377	2963
2	53389	0.370502	2964
2	53407	0.370627	2965
2	53425	0.370752	2966
2	53443	0.370877	2967
2	53461	0.371002	2968
2	53479	0.371127	2969
2	53497	0.371252	2970
2	53515	0.371377	2971
2	53533	0.371502	2972
2	53551	0.371627	2973
2	53569	0.371752	2974
2	53587	0.371877	2975
2	53605	0.372002	2976
2	53623	0.372127	2977
2	53641	0.372252	2978
2	53659	0.372377	2979
2	53677	0.372502	2980
2	53695	0.372627	2981
2	53713	0.372752	2982
2	53731	0.372877	2983
2	53749	0.373002	2984
2	53767	0.373127	2985
2	53785	0.373252	2986
2	53803	0.373377	2987
2	53821	0.373502	2988
2	53839	0.373627	2989
2	53857	0.373752	2990
2	53875	0.373877	2991
2	53893	0.374002	2992
2	53911	0.374127	2993
2	53929	0.374252	2994
2	53947	0.374377	2995
2	53965	0.374502	2996
2	53983	0.374627	2997
2	54001	0.374752	2998
2	54019	0.374877	2999
2	54037	0.375002	3000
2	54055	0.375127	3001
2	54073	0.375252	3002
2	54091	0.375377	3003
2	54109	0.375502	3004
2	54127	0.375627	3005
2	54145	0.375752	3006
2	54163	0.375877	3007
2	54181	0.376002	3008
2	54199	0.376127	3009
2	54217	0.376252	3010
2	54235	0.376377	3011
2	54253	0.376502	3012
2	54271	0.376627	3013
2	54289	0.376752	3014
2	54307	0.376877	3015
2	54325	0.377002	3016
2	54343	0.377127	3017
2	54361	0.377252	3018
2	54379	0.377377	3019
2	54397	0.377502	3020
2	54415	0.377627	3021
2	54433	0.377752	3022
2	54451	0.377877	3023
2	54469	0.378002	3024
2	54487	0.378127	3025
2	54505	0.378252	3026
2	54523	0.378377	3027
2	54541	0.378502	3028
2	54559	0.378627	3029
2	54577	0.378752	3030
2	54595	0.378877	3031
2	54613	0.379002	3032
2	54631	0.379127	3033
2	54649	0.379252	3034
2	54667	0.379377	3035
2	54685	0.379502	3036
2	54703	0.379627	3037
2	54721	0.379752	3038
2	54739	0.379877	3039
2	54757	0.380002	3040
2	54775	0.380127	3041
2	54793	0.380252	3042
2	54811	0.380377	3043
2	54829	0.380502	3044
2	54847	0.380627	3045
2	54865	0.380752	3046
2	54883	0.380877	3047
2	54901	0.381002	3048
2	54919	0.381127	3049
2	54937	0.381252	3050
2	54955	0.381377	3051
2	54973	0.381502	3052
2	54991	0.381627	3053
2	55009	0.381752	3054
2	55027	0.381877	3055
2	55045	0.382002	3056
2	55063	0.382127	3057
2	55081	0.382252	3058
2	55099	0.382377	3059
2	55117	0.382502	3060
2	55135	0.382627	3061
2	55153	0.382752	3062
2	55171	0.382877	3063
2	55189	0.383002	3064
2	55207	0.383127	3065
2	55225	0.383252	3066
2	55243	0.383377	3067
2	55261	0.383502	3068
2	55279	0.383627	3069
2	55297	0.383752	3070
2	55315	0.383877	3071
2	55333	0.384002	3072
2	55351	0.384127	3073
2	55369	0.384252	3074
2	55387	0.384377	3075
2	55405	0.384502	3076
2	55423	0.384627	3077
2	55441	0.384752	3078
2	55459	0.384877	3079
2	55477	0.385002	3080
2	55495	0.385127	3081
2	55513	0.385252	3082
2	55531	0.385377	3083
2	55549	0.385502	3084
2	55567	0.385627	3085
2	55585	0.385752	3086
2	55603	0.385877	3087
2	55621	0.386002	3088
2	55639	0.386127	3089
2	55657	0.386252	3090
2	55675	0.386377	3091
2	55693	0.386502	3092
2	55711	0.386627	3093
2	55729	0.386752	3094
2	55747	0.386877	3095
2	55765	0.387002	3096
2	55783	0.387127	3097
2	55801	0.387252	3098
2	55819	0.387377	3099
2	55837	0.387502	3100
2	55855	0.387627	3101
2	55873	0.387752	3102
2	55891	0.387877	3103
2	55909	0.388002	3104
2	55927	0.388127	3105
2	55945	0.388252	3106
2	55963	0.388377	3107
2	55981	0.388502	3108
2	55999	0.388627	3109
2	56017	0.388752	3110
2	56035	0.388877	3111
2	56053	0.389002	3112
2	56071	0.389127	3113
2	56089	0.389252	3114
2	56107	0.389377	3115
2	56125	0.389502	3116
2	56143	0.389627	3117
2	56161	0.389752	3118
2	56179	0.389877	3119
2	56197	0.390002	3120
2	56215	0.390127	3121
2	56233	0.390252	3122
2	56251	0.390377	3123
2	56269	0.390502	3124
2	56287	0.390627	3125
2	56305	0.390752	3126
2	56323	0.390877	3127
2	56341	0.391002	3128
2	56359	0.391127	3129
2	56377	0.391252	3130
2	56395	0.391377	3131
2	56413	0.391502	3132
2	56431	0.391627	3133
2	56449	0.391752	3134
2	56467	0.391877	3135
2	56485	0.392002	3136
2	56503	0.392127	3137
2	56521	0.392252	3138
2	56539	0.392377	3139
2	56557	0.392502	3140
2	56575	0.392627	3141
2	56593	0.392752	3142
2	56611	0.392877	3143
2	56629	0.393002	3144
2	56647	0.393127	3145
2	56665	0.393252	3146
2	56683	0.393377	3147
2	56701	0.393502	3148
2	56719	0.393627	3149
2	56737	0.393752	3150
2	56755	0.393877	3151
2	56773	0.394002	3152
2	56791	0.394127	3153
2	56809	0.394252	3154
2	56827	0.394377	3155
2	56845	0.394502	3156
2	56863	0.394627	3157
2	56881	0.394752	3158
2	56899	0.394877	3159
2	56917	0.395002	3160
2	56935	0.395127	3161
2	56953	0.395252	3162
2	56971	0.395377	3163
2	56989	0.395502	3164
2	57007	0.395627	3165
2	57025	0.395752	3166
2	57043	0.395877	3167
2	57061	0.396002	3168
2	57079	0.396127	3169
2	57097	0.396252	3170
2	57115	0.396377	3171
2	57133	0.396502	3172
2	57151	0.396627	3173
2	57169	0.396752	3174
2	57187	0.396877	3175
2	57205	0.397002	3176
2	57223	0.397127	3177
2	57241	0.397252	3178
2	57259	0.397377	3179
2	57277	0.397502	3180
2	57295	0.397627	3181
2	57313	0.397752	3182
2	57331	0.397877	3183
2	57349	0.398002	3184
2	57367	0.398127	3185
2	57385	0.398252	3186
2	57403	0.398377	3187
2	57421	0.398502	3188
2	57439	0.398627	3189
2	57457	0.398752	3190
2	57475	0.398877	3191
2	57493	0.399002	3192
2	57511	0.399127	3193
2	57529	0.399252	3194
2	57547	0.399377	3195
2	57565	0.399502	3196
2	57583	0.399627	3197
2	57601	0.399752	3198
2	57619	0.399877	3199
2	57637	0.400002	3200
2	57655	0.400127	3201
2	57673	0.400252	3202
2	57691	0.400377	3203
2	57709	0.400502	3204
2	57727	0.400627	3205
2	57745	0.400752	3206
2	57763	0.400877	3207
2	57781	0.401002	3208
2	57799	0.401127	3209
2	57817	0.401252	3210
2	57835	0.401377	3211
2	57853	0.401502	3212
2	57871	0.401627	3213
2	57889	0.401752	3214
2	57907	0.401877	3215
2	57925	0.402002	3216
2	57943	0.402127	3217
2	57961	0.402252	3218
2	57979	0.402377	3219
2	57997	0.402502	3220
2	58015	0.402627	3221
2	58033	0.402752	3222
2	58051	0.402877	3223
2	58069	0.403002	3224
2	58087	0.403127	3225
2	58105	0.403252	3226
2	58123	0.403377	3227
2	58141	0.403502	3228
2	58159	0.403627	3229
2	58177	0.403752	3230
2	58195	0.403877	3231
2	58213	0.404002	3232
2	58231	0.404127	3233
2	58249	0.404252	3234
2	58267	0.404377	3235
2	58285	0.404502	3236
2	58303	0.404627	3237
2	58321	0.404752	3238
2	58339	0.404877	3239
2	58357	0.405002	3240
2	58375	0.405127	3241
2	58393	0.405252	3242
2	58411	0.405377	3243
2	58429	0.405502	3244
2	58447	0.405627	3245
2	58465	0.405752	3246
2	58483	0.405877	3247
2	58501	0.406002	3248
2	58519	0.406127	3249
2	58537	0.406252	3250
2	58555	0.406377	3251
2	58573	0.406502	3252
2	58591	0.406627	3253
2	58609	0.406752	3254
2	58627	0.406877	3255
2	58649	0.407002	3256
2	58667	0.407127	3257
2	58685	0.407252	3258
2	58703	0.407377	3259
2	58721	0.407502	3260
2	58739	0.407627	3261
2	58757	0.407752	3262
2	58775	0.407877	3263
2	58793	0.408002	3264
2	58811	0.408127	3265
2	58829	0.408252	3266
2	58847	0.408377	3267
2	58865	0.408502	3268
2	58883	0.408627	3269
2	58901	0.408752	3270
2	58919	0.408877	3271
2	58937	0.409002	3272
2	58955	0.409127	3273
2	58973	0.409252	3274
2	58991	0.409377	3275
2	59009	0.409502	3276
2	59027	0.409627	3277
2	59045	0.409752	3278
2	59063	0.409877	3279
2	59081	0.410002	3280
2	59099	0.410127	3281
2	59117	0.410252	3282
2	59135	0.410377	3283
2	59153	0.410502	3284
2	59171	0.410627	3285
2	59189	0.410752	3286
2	59207	0.410877	3287
2	59225	0.411002	3288
2	59243	0.411127	3289
2	59261	0.411252	3290
2	59279	0.411377	3291
2	59297	0.411502	3292
2	59315	0.411627	3293
2	59333	0.411752	3294
2	59351	0.411877	3295
2	59369	0.412002	3296
2	59387	0.412127	3297
2	59405	0.412252	3298
2	59423	0.412377	3299
2	59441	0.412502	3300
2	59459	0.412627	3301
2	59477	0.412752	3302
2	59495	0.412877	3303
2	59513	0.413002	3304
2	59531	0.413127	3305
2	59549	0.413252	3306
2	59567	0.413377	3307
2	59585	0.413502	3308
2	59603	0.413627	3309
2	59621	0.413752	3310
2	59639	0.413877	3311
2	59657	0.414002	3312
2	59675	0.414127	3313
2	59693	0.414252	3314
2	59711	0.414377	3315
2	59729	0.414502	3316
2	59747	0.414627	3317
2	59765	0.414752	3318
2	59783	0.414877	3319
2	59801	0.415002	3320
2	59819	0.415127	3321
2	59837	0.415252	3322
2	59855	0.415377	3323
2	59873	0.415502	3324
2	59891	0.415627	3325
2	59909	0.415752	3326
2	59927	0.415877	3327
2	59945	0.416002	3328
2	59963	0.416127	3329
2	59981	0.416252	3330
2	59999	0.416377	3331
2	60017	0.416502	3332
2	60035	0.416627	3333
2	60053	0.416752	3334
2	60071	0.416877	3335
2	60089	0.417002	3336
2	60107	0.417127	3337
2	60125	0.417252	3338
2	60143	0.417377	3339
2	60161	0.417502	3340
2	60179	0.417627	3341
2	60197	0.417752	3342
2	60215	0.417877	3343
2	60233	0.418002	3344
2	60251	0.418127	3345
2	60269	0.418252	3346
2	60287	0.418377	3347
2	60305	0.418502	3348
2	60323	0.418627	3349
2	60341	0.418752	3350
2	60359	0.418877	3351
2	60377	0.419002	3352
2	60395	0.419127	3353
2	60413	0.419252	3354
2	60431	0.419377	3355
2	60449	0.419502	3356
2	60467	0.419627	3357
2	60485	0.419752	3358
2	60503	0.419877	3359
2	60521	0.420002	3360
2	60539	0.420127	3361
2	60557	0.420252	3362
2	60575	0.420377	3363
2	60593	0.420502	3364
2	60611	0.420627	3365
2	60629	0.420752	3366
2	60647	0.420877	3367
2	60665	0.421002	3368
2	60683	0.421127	3369
2	60701	0.421252	3370
2	60719	0.421377	3371
2	60737	0.421502	3372
2	60755	0.421627	3373
2	60773	0.421752	3374
2	60791	0.421877	3375
2	60809	0.422002	3376
2	60827	0.422127	3377
2	60845	0.422252	3378
2	60863	0.422377	3379
2	60881	0.422502	3380
2	60899	0.422627	3381
2	60917	0.422752	3382
2	60935	0.422877	3383
2	60953	0.423002	3384
2	60971	0.423127	3385
2	60989	0.423252	3386
2	61007	0.423377	3387
2	61025	0.423502	3388
2	61043	0.423627	3389
2	61061	0.423752	3390
2	61079	0.423877	3391
2	61097	0.424002	3392
2	61115	0.424127	3393
2	61133	0.424252	3394
2	61151	0.424377	3395
2	61169	0.424502	3396
2	61187	0.424627	3397
2	61205	0.424752	3398
2	61223	0.424877	3399
2	61241	0.425002	3400
2	61259	0.425127	3401
2	61277	0.425252	3402
2	61295	0.425377	3403
2	61313	0.425502	3404
2	61331	0.425627	3405
2	61349	0.425752	3406
2	61367	0.425877	3407
2	61385	0.426002	3408
2	61403	0.426127	3409
2	61421	0.426252	3410
2	61439	0.426377	3411
2	61457	0.426502	3412
2	61475	0.426627	3413
2	61493	0.426752	3414
2	61511	0.426877	3415
2	61529	0.427002	3416
2	61547	0.427127	3417
2	61565	0.427252	3418
2	61583	0.427377	3419
2	61601	0.427502	3420
2	61619	0.427627	3421
2	61637	0.427752	3422
2	61655	0.427877	3423
2	61673	0.428002	3424
2	61691	0.428127	3425
2	61709	0.428252	3426
2	61727	0.428377	3427
2	61745	0.428502	3428
2	61763	0.428627	3429
2	61781	0.428752	3430
2	61799	0.428877	3431
2	61817	0.429002	3432
2	61835	0.429127	3433
2	61853	0.429252	3434
2	61871	0.429377	3435
2	61889	0.429502	3436
2	61907	0.429627	3437
2	61925	0.429752	3438
2	61943	0.429877	3439
2	61961	0.430002	3440
2	61979	0.430127	3441
2	61997	0.430252	3442
2	62015	0.430377	3443
2	62033	0.430502	3444
2	62051	0.430627	3445
2	62069	0.430752	3446
2	62087	0.430877	3447
2	62105	0.431002	3448
2	62123	0.431127	3449
2	62141	0.431252	3450
2	62159	0.431377	3451
2	62177	0.431502	3452
2	62195	0.431627	3453
2	62213	0.431752	3454
2	62231	0.431877	3455
2	62249	0.432002	3456
2	62267	0.432127	3457
2	62285	0.432252	3458
2	62303	0.432377	3459
2	62321	0.432502	3460
2	62339	0.432627	3461
2	62357	0.432752	3462
2	62375	0.432877	3463
2	62393	0.433002	3464
2	62411	0.433127	3465
2	62429	0.433252	3466
2	62447	0.433377	3467
2	62465	0.433502	3468
2	62483	0.433627	3469
2	62501	0.433752	3470
2	62519	0.433877	3471
2	62537	0.434002	3472
2	62555	0.434127	3473
2	62573	0.434252	3474
2	62591	0.434377	3475
2	62609	0.434502	3476
2	62627	0.434627	3477
2	62645	0.434752	3478
2	62663	0.434877	3479
2	62681	0.435002	3480
2	62699	0.435127	3481
2	62717	0.435252	3482
2	62735	0.435377	3483
2	62753	0.435502	3484
2	62771	0.435627	3485
2	62789	0.435752	3486
2	62807	0.435877	3487
2	62825	0.436002	3488
2	62843	0.436127	3489
2	62861	0.436252	3490
2	62879	0.436377	3491
2	62897	0.436502	3492
2	62915	0.436627	3493
2	62933	0.436752	3494
2	62951	0.436877	3495
2	62969	0.437002	3496
2	62987	0.437127	3497
2	63005	0.437252	3498
2	63023	0.437377	3499
2	63041	0.437502	3500
2	63059	0.437627	3501
2	63077	0.437752	3502
2	63095	0.437877	3503
2	63113	0.438002	3504
2	63131	0.438127	3505
2	63149	0.438252	3506
2	63167	0.438377	3507
2	63185	0.438502	3508
2	63203	0.438627	3509
2	63221	0.438752	3510
2	63239	0.438877	3511
2	63257	0.439002	3512
2	63275	0.439127	3513
2	63293	0.439252	3514
2	63311	0.439377	3515
2	63329	0.439502	3516
2	63347	0.439627	3517
2	63365	0.439752	3518
2	63383	0.439877	3519
2	63401	0.440002	3520
2	63419	0.440127	3521
2	63437	0.440252	3522
2	63455	0.440377	3523
2	63473	0.440502	3524
2	63491	0.440627	3525
2	63509	0.440752	3526
2	63527	0.440877	3527
2	63545	0.441002	3528
2	63563	0.441127	3529
2	63581	0.441252	3530
2	63599	0.441377	3531
2	63617	0.441502	3532
2	63635	0.441627	3533
2	63653	0.441752	3534
2	63671	0.441877	3535
2	63689	0.442002	3536
2	63707	0.442127	3537
2	63725	0.442252	3538
2	63743	0.442377	3539
2	63761	0.442502	3540
2	63779	0.442627	3541
2	63797	0.442752	3542
2	63815	0.442877	3543
2	63833	0.443002	3544
2	63851	0.443127	3545
2	63869	0.443252	3546
2	63887	0.443377	3547
2	63905	0.443502	3548
2	63923	0.443627	3549
2	63941	0.443752	3550
2	63959	0.443877	3551
2	63977	0.444002	3552
2	63995	0.444127	3553
2	64017	0.444252	3554
2	64035	0.444377	3555
2	64053	0.444502	3556
2	64071	0.444627	3557
2	64089	0.444752	3558
2	64107	0.444877	3559
2	64125	0.445002	3560
2	64143	0.445127	3561
2	64161	0.445252	3562
2	64179	0.445377	3563
2	64197	0.445502	3564
2	64215	0.445627	3565
2	64233	0.445752	3566
2	64251	0.445877	3567
2	64269	0.446002	3568
2	64287	0.446127	3569
2	64305	0.446252	3570
2	64323	0.446377	3571
2	64341	0.446502	3572
2	64359	0.446627	3573
2	64377	0.446752	3574
2	64395	0.446877	3575
2	64413	0.447002	3576
2	64431	0.447127	3577
2	64449	0.447252	3578
2	64467	0.447377	3579
2	64485	0.447502	3580
2	64503	0.447627	3581
2	64521	0.447752	3582
2	64539	0.447877	3583
2	64557	0.448002	3584
2	64575	0.448127	3585
2	64593	0.448252	3586
2	64611	0.448377	3587
2	64629	0.448502	3588
2	64647	0.448627	3589
2	64665	0.448752	3590
2	64683	0.448877	3591
2	64701	0.449002	3592
2	64719	0.449127	3593
2	64737	0.449252	3594
2	64755	0.449377	3595
2	64773	0.449502	3596
2	64791	0.449627	3597
2	64809	0.449752	3598
2	64827	0.449877	3599
2	64845	0.450002	3600
2	64863	0.450127	3601
2	64881	0.450252	3602
2	64899	0.450377	3603
2	64917	0.450502	3604
2	64935	0.450627	3605
2	64953	0.450752	3606
2	64971	0.450877	3607
2	64989	0.451002	3608
2	65007	0.451127	3609
2	65025	0.451252	3610
2	65043	0.451377	3611
2	65061	0.451502	3612
2	65079	0.451627	3613
2	65097	0.451752	3614
2	65115	0.451877	3615
2	65133	0.452002	3616
2	65151	0.452127	3617
2	65169	0.452252	3618
2	65187	0.452377	3619
2	65205	0.452502	3620
2	65223	0.452627	3621
2	65241	0.452752	3622
2	65259	0.452877	3623
2	65277	0.453002	3624
2	65295	0.453127	3625
2	65313	0.453252	3626
2	65331	0.453377	3627
2	65349	0.453502	3628
2	65367	0.453627	3629
2	65385	0.453752	3630
2	65403	0.453877	3631
2	65421	0.454002	3632
2	65439	0.454127	3633
2	65457	0.454252	3634
2	65475	0.454377	3635
2	65493	0.454502	3636
2	65511	0.454627	3637
2	65529	0.454752	3638
2	65547	0.454877	3639
2	65565	0.455002	3640
2	65583	0.455127	3641
2	65601	0.455252	3642
2	65619	0.455377	3643
2	65637	0.455502	3644
2	65655	0.455627	3645
2	65673	0.455752	3646
2	65691	0.455877	3647
2	65709	0.456002	3648
2	65727	0.456127	3649
2	65745	0.456252	3650
2	65763	0.456377	3651
2	65781	0.456502	3652
2	65799	0.456627	3653
2	65817	0.456752	3654
2	65835	0.456877	3655
2	65853	0.457002	3656
2	65871	0.457127	3657
2	65889	0.457252	3658
2	65907	0.457377	3659
2	65925	0.457502	3660
2	65943	0.457627	3661
2	65961	0.457752	3662
2	65979	0.457877	3663
2	65997	0.458002	3664
2	66015	0.458127	3665
2	66033	0.458252	3666
2	66051	0.458377	3667
2	66069	0.458502	3668
2	66087	0.458627	3669
2	66105	0.458752	3670
2	66123	0.458877	3671
2	66141	0.459002	3672
2	66159	0.459127	3673
2	66177	0.459252	3674
2	66195	0.459377	3675
2	66213	0.459502	3676
2	66231	0.459627	3677
2	66249	0.459752	3678
2	66267	0.459877	3679
2	66285	0.460002	3680
2	66303	0.460127	3681
2	66321	0.460252	3682
2	66339	0.460377	3683
2	66357	0.460502	3684
2	66375	0.460627	3685
2	66393	0.460752	3686
2	66411	0.460877	3687
2	66429	0.461002	3688
2	66447	0.461127	3689
2	66465	0.461252	3690
2	66483	0.461377	3691
2	66501	0.461502	3692
2	66519	0.461627	3693
2	66537	0.461752	3694
2	66555	0.461877	3695
2	66573	0.462002	3696
2	66591	0.462127	3697
2	66609	0.462252	3698
2	66627	0.462377	3699
2	66645	0.462502	3700
2	66663	0.462627	3701
2	66681	0.462752	3702
2	66699	0.462877	3703
2	66717	0.463002	3704
2	66735	0.463127	3705
2	66753	0.463252	3706
2	66771	0.463377	3707
2	66789	0.463502	3708
2	66807	0.463627	3709
2	66825	0.463752	3710
2	66843	0.463877	3711
2	66861	0.464002	3712
2	66879	0.464127	3713
2	66897	0.464252	3714
2	66915	0.464377	3715
2	66933	0.464502	3716
2	66951	0.464627	3717
2	66969	0.464752	3718
2	66987	0.464877	3719
2	67005	0.465002	3720
2	67023	0.465127	3721
2	67041	0.465252	3722
2	67059	0.465377	3723
2	67077	0.465502	3724
2	67095	0.465627	3725
2	67113	0.465752	3726
2	67131	0.465877	3727
2	67149	0.466002	3728
2	67167	0.466127	3729
2	67185	0.466252	3730
2	67203	0.466377	3731
2	67221	0.466502	3732
2	67239	0.466627	3733
2	67257	0.466752	3734
2	67275	0.466877	3735
2	67293	0.467002	3736
2	67311	0.467127	3737
2	67329	0.467252	3738
2	67347	0.467377	3739
2	67365	0.467502	3740
2	67383	0.467627	3741
2	67401	0.467752	3742
2	67419	0.467877	3743
2	67437	0.468002	3744
2	67455	0.468127	3745
2	67473	0.468252	3746
2	67491	0.468377	3747
2	67509	0.468502	3748
2	67527	0.468627	3749
2	67545	0.468752	3750
2	67563	0.468877	3751
2	67581	0.469002	3752
2	67599	0.469127	3753
2	67617	0.469252	3754
2	67635	0.469377	3755
2	67653	0.469502	3756
2	67671	0.469627	3757
2	67689	0.469752	3758
2	67707	0.469877	3759
2	67725	0.470002	3760
2	67743	0.470127	3761
2	67761	0.470252	3762
2	67779	0.470377	3763
2	67797	0.470502	3764
2	67815	0.470627	3765
2	67833	0.470752	3766
2	67851	0.470877	3767
2	67869	0.471002	3768
2	67887	0.471127	3769
2	67905	0.471252	3770
2	67923	0.471377	3771
2	67941	0.471502	3772
2	67959	0.471627	3773
2	67977	0.471752	3774
2	67995	0.471877	3775
2	68013	0.472002	3776
2	68031	0.472127	3777
2	68049	0.472252	3778
2	68067	0.472377	3779
2	68085	0.472502	3780
2	68103	0.472627	3781
2	68121	0.472752	3782
2	68139	0.472877	3783
2	68157	0.473002	3784
2	68175	0.473127	3785
2	68193	0.473252	3786
2	68211	0.473377	3787
2	68229	0.473502	3788
2	68247	0.473627	3789
2	68265	0.473752	3790
2	68283	0.473877	3791
2	68301	0.474002	3792
2	68319	0.474127	3793
2	68337	0.474252	3794
2	68355	0.474377	3795
2	68373	0.474502	3796
2	68391	0.474627	3797
2	68409	0.474752	3798
2	68427	0.474877	3799
2	68445	0.475002	3800
2	68463	0.475127	3801
2	68481	0.475252	3802
2	68499	0.475377	3803
2	68517	0.475502	3804
2	68535	0.475627	3805
2	68553	0.475752	3806
2	68571	0.475877	3807
2	68589	0.476002	3808
2	68607	0.476127	3809
2	68625	0.476252	3810
2	68643	0.476377	3811
2	68661	0.476502	3812
2	68679	0.476627	3813
2	68697	0.476752	3814
2	68715	0.476877	3815
2	68733	0.477002	3816
2	68751	0.477127	3817
2	68769	0.477252	3818
2	68787	0.477377	3819
2	68805	0.477502	3820
2	68823	0.477627	3821
2	68841	0.477752	3822
2	68859	0.477877	3823
2	68877	0.478002	3824
2	68895	0.478127	3825
2	68913	0.478252	3826
2	68931	0.478377	3827
2	68949	0.478502	3828
2	68967	0.478627	3829
2	68985	0.478752	3830
2	69003	0.478877	3831
2	69021	0.479002	3832
2	69039	0.479127	3833
2	69057	0.479252	3834
2	69075	0.479377	3835
2	69093	0.479502	3836
2	69111	0.479627	3837
2	69129	0.479752	3838
2	69147	0.479877	3839
2	69165	0.480002	3840
2	69183	0.480127	3841
2	69201	0.480252	3842
2	69219	0.480377	3843
2	69237	0.480502	3844
2	69255	0.480627	3845
2	69273	0.480752	3846
2	69291	0.480877	3847
2	69309	0.481002	3848
2	69327	0.481127	3849
2	69345	0.481252	3850
2	69367	0.481377	3851
2	69385	0.481502	3852
2	69403	0.481627	3853
2	69421	0.481752	3854
2	69439	0.481877	3855
2	69457	0.482002	3856
2	69475	0.482127	3857
2	69493	0.482252	3858
2	69511	0.482377	3859
2	69529	0.482502	3860
2	69547	0.482627	3861
2	69565	0.482752	3862
2	69583	0.482877	3863
2	69601	0.483002	3864
2	69619	0.483127	3865
2	69637	0.483252	3866
2	69655	0.483377	3867
2	69673	0.483502	3868
2	69691	0.483627	3869
2	69709	0.483752	3870
2	69727	0.483877	3871
2	69745	0.484002	3872
2	69763	0.484127	3873
2	69781	0.484252	3874
2	69799	0.484377	3875
2	69817	0.484502	3876
2	69835	0.484627	3877
2	69853	0.484752	3878
2	69871	0.484877	3879
2	69889	0.485002	3880
2	69907	0.485127	3881
2	69925	0.485252	3882
2	69943	0.485377	3883
2	69961	0.485502	3884
2	69979	0.485627	3885
2	69997	0.485752	3886
2	70015	0.485877	3887
2	70033	0.486002	3888
2	70051	0.486127	3889
2	70069	0.486252	3890
2	70087	0.486377	3891
2	70105	0.486502	3892
2	70123	0.486627	3893
2	70141	0.486752	3894
2	70159	0.486877	3895
2	70177	0.487002	3896
2	70195	0.487127	3897
2	70213	0.487252	3898
2	70231	0.487377	3899
2	70249	0.487502	3900
2	70267	0.487627	3901
2	70285	0.487752	3902
2	70303	0.487877	3903
2	70321	0.488002	3904
2	70339	0.488127	3905
2	70357	0.488252	3906
2	70375	0.488377	3907
2	70393	0.488502	3908
2	70411	0.488627	3909
2	70429	0.488752	3910
2	70447	0.488877	3911
2	70465	0.489002	3912
2	70483	0.489127	3913
2	70501	0.489252	3914
2	70519	0.489377	3915
2	70537	0.489502	3916
2	70555	0.489627	3917
2	70573	0.489752	3918
2	70591	0.489877	3919
2	70609	0.490002	3920
2	70627	0.490127	3921
2	70645	0.490252	3922
2	70663	0.490377	3923
2	70681	0.490502	3924
2	70699	0.490627	3925
2	70717	0.490752	3926
2	70735	0.490877	3927
2	70753	0.491002	3928
2	70771	0.491127	3929
2	70789	0.491252	3930
2	70807	0.491377	3931
2	70825	0.491502	3932
2	70843	0.491627	3933
2	70861	0.491752	3934
2	70879	0.491877	3935
2	70897	0.492002	3936
2	70915	0.492127	3937
2	70933	0.492252	3938
2	70951	0.492377	3939
2	70969	0.492502	3940
2	70987	0.492627	3941
2	71005	0.492752	3942
2	71023	0.492877	3943
2	71041	0.493002	3944
2	71059	0.493127	3945
2	71077	0.493252	3946
2	71095	0.493377	3947
2	71113	0.493502	3948
2	71131	0.493627	3949
2	71149	0.493752	3950
2	71167	0.493877	3951
2	71185	0.494002	3952
2	71203	0.494127	3953
2	71221	0.494252	3954
2	71239	0.494377	3955
2	71257	0.494502	3956
2	71275	0.494627	3957
2	71293	0.494752	3958
2	71311	0.494877	3959
2	71329	0.495002	3960
2	71347	0.495127	3961
2	71365	0.495252	3962
2	71383	0.495377	3963
2	71401	0.495502	3964
2	71419	0.495627	3965
2	71437	0.495752	3966
2	71455	0.495877	3967
2	71473	0.496002	3968
2	71491	0.496127	3969
2	71509	0.496252	3970
2	71527	0.496377	3971
2	71545	0.496502	3972
2	71563	0.496627	3973
2	71581	0.496752	3974
2	71599	0.496877	3975
2	71617	0.497002	3976
2	71635	0.497127	3977
2	71653	0.497252	3978
2	71671	0.497377	3979
2	71689	0.497502	3980
2	71707	0.497627	3981
2	71725	0.497752	3982
2	71743	0.497877	3983
2	71761	0.498002	3984
2	71779	0.498127	3985
2	71797	0.498252	3986
2	71815	0.498377	3987
2	71833	0.498502	3988
2	71851	0.498627	3989
2	71869	0.498752	3990
2	71887	0.498877	3991
2	71905	0.499002	3992
2	71923	0.499127	3993
2	71941	0.499252	3994
2	71959	0.499377	3995
2	71977	0.499502	3996
2	71995	0.499627	3997
2	72013	0.499752	3998
2	72031	0.499877	3999
2	72049	0.500002	4000
2	72067	0.500127	4001
2	72085	0.500252	4002
2	72103	0.500377	4003
2	72121	0.500502	4004
2	72139	0.500627	4005
2	72157	0.500752	4006
2	72175	0.500877	4007
2	72193	0.501002	4008
2	72211	0.501127	4009
2	72229	0.501252	4010
2	72247	0.501377	4011
2	72265	0.501502	4012
2	72283	0.501627	4013
2	72301	0.501752	4014
2	72319	0.501877	4015
2	72337	0.502002	4016
2	72355	0.502127	4017
2	72373	0.502252	4018
2	72391	0.502377	4019
2	72409	0.502502	4020
2	72427	0.502627	4021
2	72445	0.502752	4022
2	72463	0.502877	4023
2	72481	0.503002	4024
2	72499	0.503127	4025
2	72517	0.503252	4026
2	72535	0.503377	4027
2	72553	0.503502	4028
2	72571	0.503627	4029
2	72589	0.503752	4030
2	72607	0.503877	4031
2	72625	0.504002	4032
2	72643	0.504127	4033
2	72661	0.504252	4034
2	72679	0.504377	4035
2	72697	0.504502	4036
2	72715	0.504627	4037
2	72733	0.504752	4038
2	72751	0.504877	4039
2	72769	0.505002	4040
2	72787	0.505127	4041
2	72805	0.505252	4042
2	72823	0.505377	4043
2	72841	0.505502	4044
2	72859	0.505627	4045
2	72877	0.505752	4046
2	72895	0.505877	4047
2	72913	0.506002	4048
2	72931	0.506127	4049
2	72949	0.506252	4050
2	72967	0.506377	4051
2	72985	0.506502	4052
2	73003	0.506627	4053
2	73021	0.506752	4054
2	73039	0.506877	4055
2	73057	0.507002	4056
2	73075	0.507127	4057
2	73093	0.507252	4058
2	73111	0.507377	4059
2	73129	0.507502	4060
2	73147	0.507627	4061
2	73165	0.507752	4062
2	73183	0.507877	4063
2	73201	0.508002	4064
2	73219	0.508127	4065
2	73237	0.508252	4066
2	73255	0.508377	4067
2	73273	0.508502	4068
2	73291	0.508627	4069
2	73309	0.508752	4070
2	73327	0.508877	4071
2	73345	0.509002	4072
2	73363	0.509127	4073
2	73381	0.509252	4074
2	73399	0.509377	4075
2	73417	0.509502	4076
2	73435	0.509627	4077
2	73453	0.509752	4078
2	73471	0.509877	4079
2	73489	0.510002	4080
2	73507	0.510127	4081
2	73525	0.510252	4082
2	73543	0.510377	4083
2	73561	0.510502	4084
2	73579	0.510627	4085
2	73597	0.510752	4086
2	73615	0.510877	4087
2	73633	0.511002	4088
2	73651	0.511127	4089
2	73669	0.511252	4090
2	73687	0.511377	4091
2	73705	0.511502	4092
2	73723	0.511627	4093
2	73741	0.511752	4094
2	73759	0.511877	4095
2	73777	0.512002	4096
2	73795	0.512127	4097
2	73813	0.512252	4098
2	73831	0.512377	4099
2	73849	0.512502	4100
2	73867	0.512627	4101
2	73885	0.512752	4102
2	73903	0.512877	4103
2	73921	0.513002	4104
2	73939	0.513127	4105
2	73957	0.513252	4106
2	73975	0.513377	4107
2	73993	0.513502	4108
2	74011	0.513627	4109
2	74029	0.513752	4110
2	74047	0.513877	4111
2	74065	0.514002	4112
2	74083	0.514127	4113
2	74101	0.514252	4114
2	74119	0.514377	4115
2	74137	0.514502	4116
2	74155	0.514627	4117
2	74173	0.514752	4118
2	74191	0.514877	4119
2	74209	0.515002	4120
2	74227	0.515127	4121
2	74245	0.515252	4122
2	74263	0.515377	4123
2	74281	0.515502	4124
2	74299	0.515627	4125
2	74317	0.515752	4126
2	74335	0.515877	4127
2	74353	0.516002	4128
2	74371	0.516127	4129
2	74389	0.516252	4130
2	74407	0.516377	4131
2	74425	0.516502	4132
2	74443	0.516627	4133
2	74461	0.516752	4134
2	74479	0.516877	4135
2	74497	0.517002	4136
2	74515	0.517127	4137
2	74533	0.517252	4138
2	74551	0.517377	4139
2	74569	0.517502	4140
2	74587	0.517627	4141
2	74605	0.517752	4142
2	74623	0.517877	4143
2	74641	0.518002	4144
2	74659	0.518127	4145
2	74677	0.518252	4146
2	74695	0.518377	4147
2	74717	0.518502	4148
2	74735	0.518627	4149
2	74753	0.518752	4150
2	74771	0.518877	4151
2	74789	0.519002	4152
2	74807	0.519127	4153
2	74825	0.519252	4154
2	74843	0.519377	4155
2	74861	0.519502	4156
2	74879	0.519627	4157
2	74897	0.519752	4158
2	74915	0.519877	4159
2	74933	0.520002	4160
2	74951	0.520127	4161
2	74969	0.520252	4162
2	74987	0.520377	4163
2	75005	0.520502	4164
2	75023	0.520627	4165
2	75041	0.520752	4166
2	75059	0.520877	4167
2	75077	0.521002	4168
2	75095	0.521127	4169
2	75113	0.521252	4170
2	75131	0.521377	4171
2	75149	0.521502	4172
2	75167	0.521627	4173
2	75185	0.521752	4174
2	75203	0.521877	4175
2	75221	0.522002	4176
2	75239	0.522127	4177
2	75257	0.522252	4178
2	75275	0.522377	4179
2	75293	0.522502	4180
2	75311	0.522627	4181
2	75329	0.522752	4182
2	75347	0.522877	4183
2	75365	0.523002	4184
2	75383	0.523127	4185
2	75401	0.523252	4186
2	75419	0.523377	4187
2	75437	0.523502	4188
2	75455	0.523627	4189
2	75473	0.523752	4190
2	75491	0.523877	4191
2	75509	0.524002	4192
2	75527	0.524127	4193
2	75545	0.524252	4194
2	75563	0.524377	4195
2	75581	0.524502	4196
2	75599	0.524627	4197
2	75617	0.524752	4198
2	75635	0.524877	4199
2	75653	0.525002	4200
2	75671	0.525127	4201
2	75689	0.525252	4202
2	75707	0.525377	4203
2	75725	0.525502	4204
2	75743	0.525627	4205
2	75761	0.525752	4206
2	75779	0.525877	4207
2	75797	0.526002	4208
2	75815	0.526127	4209
2	75833	0.526252	4210
2	75851	0.526377	4211
2	75869	0.526502	4212
2	75887	0.526627	4213
2	75905	0.526752	4214
2	75923	0.526877	4215
2	75941	0.527002	4216
2	75959	0.527127	4217
2	75977	0.527252	4218
2	75995	0.527377	4219
2	76013	0.527502	4220
2	76031	0.527627	4221
2	76049	0.527752	4222
2	76067	0.527877	4223
2	76085	0.528002	4224
2	76103	0.528127	4225
2	76121	0.528252	4226
2	76139	0.528377	4227
2	76157	0.528502	4228
2	76175	0.528627	4229
2	76193	0.528752	4230
2	76211	0.528877	4231
2	76229	0.529002	4232
2	76247	0.529127	4233
2	76265	0.529252	4234
2	76283	0.529377	4235
2	76301	0.529502	4236
2	76319	0.529627	4237
2	76337	0.529752	4238
2	76355	0.529877	4239
2	76373	0.530002	4240
2	76391	0.530127	4241
2	76409	0.530252	4242
2	76427	0.530377	4243
2	76445	0.530502	4244
2	76463	0.530627	4245
2	76481	0.530752	4246
2	76499	0.530877	4247
2	76517	0.531002	4248
2	76535	0.531127	4249
2	76553	0.531252	4250
2	76571	0.531377	4251
2	76589	0.531502	4252
2	76607	0.531627	4253
2	76625	0.531752	4254
2	76643	0.531877	4255
2	76661	0.532002	4256
2	76679	0.532127	4257
2	76697	0.532252	4258
2	76715	0.532377	4259
2	76733	0.532502	4260
2	76751	0.532627	4261
2	76769	0.532752	4262
2	76787	0.532877	4263
2	76805	0.533002	4264
2	76823	0.533127	4265
2	76841	0.533252	4266
2	76859	0.533377	4267
2	76877	0.533502	4268
2	76895	0.533627	4269
2	76913	0.533752	4270
2	76931	0.533877	4271
2	76949	0.534002	4272
2	76967	0.534127	4273
2	76985	0.534252	4274
2	77003	0.534377	4275
2	77021	0.534502	4276
2	77039	0.534627	4277
2	77057	0.534752	4278
2	77075	0.534877	4279
2	77093	0.535002	4280
2	77111	0.535127	4281
2	77129	0.535252	4282
2	77147	0.535377	4283
2	77165	0.535502	4284
2	77183	0.535627	4285
2	77201	0.535752	4286
2	77219	0.535877	4287
2	77237	0.536002	4288
2	77255	0.536127	4289
2	77273	0.536252	4290
2	77291	0.536377	4291
2	77309	0.536502	4292
2	77327	0.536627	4293
2	77345	0.536752	4294
2	77363	0.536877	4295
2	77381	0.537002	4296
2	77399	0.537127	4297
2	77417	0.537252	4298
2	77435	0.537377	4299
2	77453	0.537502	4300
2	77471	0.537627	4301
2	77489	0.537752	4302
2	77507	0.537877	4303
2	77525	0.538002	4304
2	77543	0.538127	4305
2	77561	0.538252	4306
2	77579	0.538377	4307
2	77597	0.538502	4308
2	77615	0.538627	4309
2	77633	0.538752	4310
2	77651	0.538877	4311
2	77669	0.539002	4312
2	77687	0.539127	4313
2	77705	0.539252	4314
2	77723	0.539377	4315
2	77741	0.539502	4316
2	77759	0.539627	4317
2	77777	0.539752	4318
2	77795	0.539877	4319
2	77813	0.540002	4320
2	77831	0.540127	4321
2	77849	0.540252	4322
2	77867	0.540377	4323
2	77885	0.540502	4324
2	77903	0.540627	4325
2	77921	0.540752	4326
2	77939	0.540877	4327
2	77957	0.541002	4328
2	77975	0.541127	4329
2	77993	0.541252	4330
2	78011	0.541377	4331
2	78029	0.541502	4332
2	78047	0.541627	4333
2	78065	0.541752	4334
2	78083	0.541877	4335
2	78101	0.542002	4336
2	78119	0.542127	4337
2	78137	0.542252	4338
2	78155	0.542377	4339
2	78173	0.542502	4340
2	78191	0.542627	4341
2	78209	0.542752	4342
2	78227	0.542877	4343
2	78245	0.543002	4344
2	78263	0.543127	4345
2	78281	0.543252	4346
2	78299	0.543377	4347
2	78317	0.543502	4348
2	78335	0.543627	4349
2	78353	0.543752	4350
2	78371	0.543877	4351
2	78389	0.544002	4352
2	78407	0.544127	4353
2	78425	0.544252	4354
2	78443	0.544377	4355
2	78461	0.544502	4356
2	78479	0.544627	4357
2	78497	0.544752	4358
2	78515	0.544877	4359
2	78533	0.545002	4360
2	78551	0.545127	4361
2	78569	0.545252	4362
2	78587	0.545377	4363
2	78605	0.545502	4364
2	78623	0.545627	4365
2	78641	0.545752	4366
2	78659	0.545877	4367
2	78677	0.546002	4368
2	78695	0.546127	4369
2	78713	0.546252	4370
2	78731	0.546377	4371
2	78749	0.546502	4372
2	78767	0.546627	4373
2	78785	0.546752	4374
2	78803	0.546877	4375
2	78821	0.547002	4376
2	78839	0.547127	4377
2	78857	0.547252	4378
2	78875	0.547377	4379
2	78893	0.547502	4380
2	78911	0.547627	4381
2	78929	0.547752	4382
2	78947	0.547877	4383
2	78965	0.548002	4384
2	78983	0.548127	4385
2	79001	0.548252	4386
2	79019	0.548377	4387
2	79037	0.548502	4388
2	79055	0.548627	4389
2	79073	0.548752	4390
2	79091	0.548877	4391
2	79109	0.549002	4392
2	79127	0.549127	4393
2	79145	0.549252	4394
2	79163	0.549377	4395
2	79181	0.549502	4396
2	79199	0.549627	4397
2	79217	0.549752	4398
2	79235	0.549877	4399
2	79253	0.550002	4400
2	79271	0.550127	4401
2	79289	0.550252	4402
2	79307	0.550377	4403
2	79325	0.550502	4404
2	79343	0.550627	4405
2	79361	0.550752	4406
2	79379	0.550877	4407
2	79397	0.551002	4408
2	79415	0.551127	4409
2	79433	0.551252	4410
2	79451	0.551377	4411
2	79469	0.551502	4412
2	79487	0.551627	4413
2	79505	0.551752	4414
2	79523	0.551877	4415
2	79541	0.552002	4416
2	79559	0.552127	4417
2	79577	0.552252	4418
2	79595	0.552377	4419
2	79613	0.552502	4420
2	79631	0.552627	4421
2	79649	0.552752	4422
2	79667	0.552877	4423
2	79685	0.553002	4424
2	79703	0.553127	4425
2	79721	0.553252	4426
2	79739	0.553377	4427
2	79757	0.553502	4428
2	79775	0.553627	4429
2	79793	0.553752	4430
2	79811	0.553877	4431
2	79829	0.554002	4432
2	79847	0.554127	4433
2	79865	0.554252	4434
2	79883	0.554377	4435
2	79901	0.554502	4436
2	79919	0.554627	4437
2	79937	0.554752	4438
2	79955	0.554877	4439
2	79973	0.555002	4440
2	79991	0.555127	4441
2	80009	0.555252	4442
2	80027	0.555377	4443
2	80045	0.555502	4444
2	80065	0.555627	4445
2	80085	0.555752	4446
2	80103	0.555877	4447
2	80121	0.556002	4448
2	80139	0.556127	4449
2	80157	0.556252	4450
2	80175	0.556377	4451
2	80193	0.556502	4452
2	80211	0.556627	4453
2	80229	0.556752	4454
2	80247	0.556877	4455
2	80265	0.557002	4456
2	80283	0.557127	4457
2	80301	0.557252	4458
2	80319	0.557377	4459
2	80337	0.557502	4460
2	80355	0.557627	4461
2	80373	0.557752	4462
2	80391	0.557877	4463
2	80409	0.558002	4464
2	80427	0.558127	4465
2	80445	0.558252	4466
2	80463	0.558377	4467
2	80481	0.558502	4468
2	80499	0.558627	4469
2	80517	0.558752	4470
2	80535	0.558877	4471
2	80553	0.559002	4472
2	80571	0.559127	4473
2	80589	0.559252	4474
2	80607	0.559377	4475
2	80625	0.559502	4476
2	80643	0.559627	4477
2	80661	0.559752	4478
2	80679	0.559877	4479
2	80697	0.560002	4480
2	80715	0.560127	4481
2	80733	0.560252	4482
2	80751	0.560377	4483
2	80769	0.560502	4484
2	80787	0.560627	4485
2	80805	0.560752	4486
2	80823	0.560877	4487
2	80841	0.561002	4488
2	80859	0.561127	4489
2	80877	0.561252	4490
2	80895	0.561377	4491
2	80913	0.561502	4492
2	80931	0.561627	4493
2	80949	0.561752	4494
2	80967	0.561877	4495
2	80985	0.562002	4496
2	81003	0.562127	4497
2	81021	0.562252	4498
2	81039	0.562377	4499
2	81057	0.562502	4500
2	81075	0.562627	4501
2	81093	0.562752	4502
2	81111	0.562877	4503
2	81129	0.563002	4504
2	81147	0.563127	4505
2	81165	0.563252	4506
2	81183	0.563377	4507
2	81201	0.563502	4508
2	81219	0.563627	4509
2	81237	0.563752	4510
2	81255	0.563877	4511
2	81273	0.564002	4512
2	81291	0.564127	4513
2	81309	0.564252	4514
2	81327	0.564377	4515
2	81345	0.564502	4516
2	81363	0.564627	4517
2	81381	0.564752	4518
2	81399	0.564877	4519
2	81417	0.565002	4520
2	81435	0.565127	4521
2	81453	0.565252	4522
2	81471	0.565377	4523
2	81489	0.565502	4524
2	81507	0.565627	4525
2	81525	0.565752	4526
2	81543	0.565877	4527
2	81561	0.566002	4528
2	81579	0.566127	4529
2	81597	0.566252	4530
2	81615	0.566377	4531
2	81633	0.566502	4532
2	81651	0.566627	4533
2	81669	0.566752	4534
2	81687	0.566877	4535
2	81705	0.567002	4536
2	81723	0.567127	4537
2	81741	0.567252	4538
2	81759	0.567377	4539
2	81777	0.567502	4540
2	81795	0.567627	4541
2	81813	0.567752	4542
2	81831	0.567877	4543
2	81849	0.568002	4544
2	81867	0.568127	4545
2	81885	0.568252	4546
2	81903	0.568377	4547
2	81921	0.568502	4548
2	81939	0.568627	4549
2	81957	0.568752	4550
2	81975	0.568877	4551
2	81993	0.569002	4552
2	82011	0.569127	4553
2	82029	0.569252	4554
2	82047	0.569377	4555
2	82065	0.569502	4556
2	82083	0.569627	4557
2	82101	0.569752	4558
2	82119	0.569877	4559
2	82137	0.570002	4560
2	82155	0.570127	4561
2	82173	0.570252	4562
2	82191	0.570377	4563
2	82209	0.570502	4564
2	82227	0.570627	4565
2	82245	0.570752	4566
2	82263	0.570877	4567
2	82281	0.571002	4568
2	82299	0.571127	4569
2	82317	0.571252	4570
2	82335	0.571377	4571
2	82353	0.571502	4572
2	82371	0.571627	4573
2	82389	0.571752	4574
2	82407	0.571877	4575
2	82425	0.572002	4576
2	82443	0.572127	4577
2	82461	0.572252	4578
2	82479	0.572377	4579
2	82497	0.572502	4580
2	82515	0.572627	4581
2	82533	0.572752	4582
2	82551	0.572877	4583
2	82569	0.573002	4584
2	82587	0.573127	4585
2	82605	0.573252	4586
2	82623	0.573377	4587
2	82641	0.573502	4588
2	82659	0.573627	4589
2	82677	0.573752	4590
2	82695	0.573877	4591
2	82713	0.574002	4592
2	82731	0.574127	4593
2	82749	0.574252	4594
2	82767	0.574377	4595
2	82785	0.574502	4596
2	82803	0.574627	4597
2	82821	0.574752	4598
2	82839	0.574877	4599
2	82857	0.575002	4600
2	82875	0.575127	4601
2	82893	0.575252	4602
2	82911	0.575377	4603
2	82929	0.575502	4604
2	82947	0.575627	4605
2	82965	0.575752	4606
2	82983	0.575877	4607
2	83001	0.576002	4608
2	83019	0.576127	4609
2	83037	0.576252	4610
2	83055	0.576377	4611
2	83073	0.576502	4612
2	83091	0.576627	4613
2	83109	0.576752	4614
2	83127	0.576877	4615
2	83145	0.577002	4616
2	83163	0.577127	4617
2	83181	0.577252	4618
2	83199	0.577377	4619
2	83217	0.577502	4620
2	83235	0.577627	4621
2	83253	0.577752	4622
2	83271	0.577877	4623
2	83289	0.578002	4624
2	83307	0.578127	4625
2	83325	0.578252	4626
2	83343	0.578377	4627
2	83361	0.578502	4628
2	83379	0.578627	4629
2	83397	0.578752	4630
2	83415	0.578877	4631
2	83433	0.579002	4632
2	83451	0.579127	4633
2	83469	0.579252	4634
2	83487	0.579377	4635
2	83505	0.579502	4636
2	83523	0.579627	4637
2	83541	0.579752	4638
2	83559	0.579877	4639
2	83577	0.580002	4640
2	83595	0.580127	4641
2	83613	0.580252	4642
2	83631	0.580377	4643
2	83649	0.580502	4644
2	83667	0.580627	4645
2	83685	0.580752	4646
2	83703	0.580877	4647
2	83721	0.581002	4648
2	83739	0.581127	4649
2	83757	0.581252	4650
2	83775	0.581377	4651
2	83793	0.581502	4652
2	83811	0.581627	4653
2	83829	0.581752	4654
2	83847	0.581877	4655
2	83865	0.582002	4656
2	83883	0.582127	4657
2	83901	0.582252	4658
2	83919	0.582377	4659
2	83937	0.582502	4660
2	83955	0.582627	4661
2	83973	0.582752	4662
2	83991	0.582877	4663
2	84009	0.583002	4664
2	84027	0.583127	4665
2	84045	0.583252	4666
2	84063	0.583377	4667
2	84081	0.583502	4668
2	84099	0.583627	4669
2	84117	0.583752	4670
2	84135	0.583877	4671
2	84153	0.584002	4672
2	84171	0.584127	4673
2	84189	0.584252	4674
2	84207	0.584377	4675
2	84225	0.584502	4676
2	84243	0.584627	4677
2	84261	0.584752	4678
2	84279	0.584877	4679
2	84297	0.585002	4680
2	84315	0.585127	4681
2	84333	0.585252	4682
2	84351	0.585377	4683
2	84369	0.585502	4684
2	84387	0.585627	4685
2	84405	0.585752	4686
2	84423	0.585877	4687
2	84441	0.586002	4688
2	84459	0.586127	4689
2	84477	0.586252	4690
2	84495	0.586377	4691
2	84513	0.586502	4692
2	84531	0.586627	4693
2	84549	0.586752	4694
2	84567	0.586877	4695
2	84585	0.587002	4696
2	84603	0.587127	4697
2	84621	0.587252	4698
2	84639	0.587377	4699
2	84657	0.587502	4700
2	84675	0.587627	4701
2	84693	0.587752	4702
2	84711	0.587877	4703
2	84729	0.588002	4704
2	84747	0.588127	4705
2	84765	0.588252	4706
2	84783	0.588377	4707
2	84801	0.588502	4708
2	84819	0.588627	4709
2	84837	0.588752	4710
2	84855	0.588877	4711
2	84873	0.589002	4712
2	84891	0.589127	4713
2	84909	0.589252	4714
2	84927	0.589377	4715
2	84945	0.589502	4716
2	84963	0.589627	4717
2	84981	0.589752	4718
2	84999	0.589877	4719
2	85017	0.590002	4720
2	85035	0.590127	4721
2	85053	0.590252	4722
2	85071	0.590377	4723
2	85089	0.590502	4724
2	85107	0.590627	4725
2	85125	0.590752	4726
2	85143	0.590877	4727
2	85161	0.591002	4728
2	85179	0.591127	4729
2	85197	0.591252	4730
2	85215	0.591377	4731
2	85233	0.591502	4732
2	85251	0.591627	4733
2	85269	0.591752	4734
2	85287	0.591877	4735
2	85305	0.592002	4736
2	85323	0.592127	4737
2	85341	0.592252	4738
2	85359	0.592377	4739
2	85377	0.592502	4740
2	85395	0.592627	4741
2	85413	0.592752	4742
2	85435	0.592877	4743
2	85453	0.593002	4744
2	85471	0.593127	4745
2	85489	0.593252	4746
2	85507	0.593377	4747
2	85525	0.593502	4748
2	85543	0.593627	4749
2	85561	0.593752	4750
2	85579	0.593877	4751
2	85597	0.594002	4752
2	85615	0.594127	4753
2	85633	0.594252	4754
2	85651	0.594377	4755
2	85669	0.594502	4756
2	85687	0.594627	4757
2	85705	0.594752	4758
2	85723	0.594877	4759
2	85741	0.595002	4760
2	85759	0.595127	4761
2	85777	0.595252	4762
2	85795	0.595377	4763
2	85813	0.595502	4764
2	85831	0.595627	4765
2	85849	0.595752	4766
2	85867	0.595877	4767
2	85885	0.596002	4768
2	85903	0.596127	4769
2	85921	0.596252	4770
2	85939	0.596377	4771
2	85957	0.596502	4772
2	85975	0.596627	4773
2	85993	0.596752	4774
2	86011	0.596877	4775
2	86029	0.597002	4776
2	86047	0.597127	4777
2	86065	0.597252	4778
2	86083	0.597377	4779
2	86101	0.597502	4780
2	86119	0.597627	4781
2	86137	0.597752	4782
2	86155	0.597877	4783
2	86173	0.598002	4784
2	86191	0.598127	4785
2	86209	0.598252	4786
2	86227	0.598377	4787
2	86245	0.598502	4788
2	86263	0.598627	4789
2	86281	0.598752	4790
2	86299	0.598877	4791
2	86317	0.599002	4792
2	86335	0.599127	4793
2	86353	0.599252	4794
2	86371	0.599377	4795
2	86389	0.599502	4796
2	86407	0.599627	4797
2	86425	0.599752	4798
2	86443	0.599877	4799
2	86461	0.600002	4800
2	86479	0.600127	4801
2	86497	0.600252	4802
2	86515	0.600377	4803
2	86533	0.600502	4804
2	86551	0.600627	4805
2	86569	0.600752	4806
2	86587	0.600877	4807
2	86605	0.601002	4808
2	86623	0.601127	4809
2	86641	0.601252	4810
2	86659	0.601377	4811
2	86677	0.601502	4812
2	86695	0.601627	4813
2	86713	0.601752	4814
2	86731	0.601877	4815
2	86749	0.602002	4816
2	86767	0.602127	4817
2	86785	0.602252	4818
2	86803	0.602377	4819
2	86821	0.602502	4820
2	86839	0.602627	4821
2	86857	0.602752	4822
2	86875	0.602877	4823
2	86893	0.603002	4824
2	86911	0.603127	4825
2	86929	0.603252	4826
2	86947	0.603377	4827
2	86965	0.603502	4828
2	86983	0.603627	4829
2	87001	0.603752	4830
2	87019	0.603877	4831
2	87037	0.604002	4832
2	87055	0.604127	4833
2	87073	0.604252	4834
2	87091	0.604377	4835
2	87109	0.604502	4836
2	87127	0.604627	4837
2	87145	0.604752	4838
2	87163	0.604877	4839
2	87181	0.605002	4840
2	87199	0.605127	4841
2	87217	0.605252	4842
2	87235	0.605377	4843
2	87253	0.605502	4844
2	87271	0.605627	4845
2	87289	0.605752	4846
2	87307	0.605877	4847
2	87325	0.606002	4848
2	87343	0.606127	4849
2	87361	0.606252	4850
2	87379	0.606377	4851
2	87397	0.606502	4852
2	87415	0.606627	4853
2	87433	0.606752	4854
2	87451	0.606877	4855
2	87469	0.607002	4856
2	87487	0.607127	4857
2	87505	0.607252	4858
2	87523	0.607377	4859
2	87541	0.607502	4860
2	87559	0.607627	4861
2	87577	0.607752	4862
2	87595	0.607877	4863
2	87613	0.608002	4864
2	87631	0.608127	4865
2	87649	0.608252	4866
2	87667	0.608377	4867
2	87685	0.608502	4868
2	87703	0.608627	4869
2	87721	0.608752	4870
2	87739	0.608877	4871
2	87757	0.609002	4872
2	87775	0.609127	4873
2	87793	0.609252	4874
2	87811	0.609377	4875
2	87829	0.609502	4876
2	87847	0.609627	4877
2	87865	0.609752	4878
2	87883	0.609877	4879
2	87901	0.610002	4880
2	87919	0.610127	4881
2	87937	0.610252	4882
2	87955	0.610377	4883
2	87973	0.610502	4884
2	87991	0.610627	4885
2	88009	0.610752	4886
2	88027	0.610877	4887
2	88045	0.611002	4888
2	88063	0.611127	4889
2	88081	0.611252	4890
2	88099	0.611377	4891
2	88117	0.611502	4892
2	88135	0.611627	4893
2	88153	0.611752	4894
2	88171	0.611877	4895
2	88189	0.612002	4896
2	88207	0.612127	4897
2	88225	0.612252	4898
2	88243	0.612377	4899
2	88261	0.612502	4900
2	88279	0.612627	4901
2	88297	0.612752	4902
2	88315	0.612877	4903
2	88333	0.613002	4904
2	88351	0.613127	4905
2	88369	0.613252	4906
2	88387	0.613377	4907
2	88405	0.613502	4908
2	88423	0.613627	4909
2	88441	0.613752	4910
2	88459	0.613877	4911
2	88477	0.614002	4912
2	88495	0.614127	4913
2	88513	0.614252	4914
2	88531	0.614377	4915
2	88549	0.614502	4916
2	88567	0.614627	4917
2	88585	0.614752	4918
2	88603	0.614877	4919
2	88621	0.615002	4920
2	88639	0.615127	4921
2	88657	0.615252	4922
2	88675	0.615377	4923
2	88693	0.615502	4924
2	88711	0.615627	4925
2	88729	0.615752	4926
2	88747	0.615877	4927
2	88765	0.616002	4928
2	88783	0.616127	4929
2	88801	0.616252	4930
2	88819	0.616377	4931
2	88837	0.616502	4932
2	88855	0.616627	4933
2	88873	0.616752	4934
2	88891	0.616877	4935
2	88909	0.617002	4936
2	88927	0.617127	4937
2	88945	0.617252	4938
2	88963	0.617377	4939
2	88981	0.617502	4940
2	88999	0.617627	4941
2	89017	0.617752	4942
2	89035	0.617877	4943
2	89053	0.618002	4944
2	89071	0.618127	4945
2	89089	0.618252	4946
2	89107	0.618377	4947
2	89125	0.618502	4948
2	89143	0.618627	4949
2	89161	0.618752	4950
2	89179	0.618877	4951
2	89197	0.619002	4952
2	89215	0.619127	4953
2	89233	0.619252	4954
2	89251	0.619377	4955
2	89269	0.619502	4956
2	89287	0.619627	4957
2	89305	0.619752	4958
2	89323	0.619877	4959
2	89341	0.620002	4960
2	89359	0.620127	4961
2	89377	0.620252	4962
2	89395	0.620377	4963
2	89413	0.620502	4964
2	89431	0.620627	4965
2	89449	0.620752	4966
2	89467	0.620877	4967
2	89485	0.621002	4968
2	89503	0.621127	4969
2	89521	0.621252	4970
2	89539	0.621377	4971
2	89557	0.621502	4972
2	89575	0.621627	4973
2	89593	0.621752	4974
2	89611	0.621877	4975
2	89629	0.622002	4976
2	89647	0.622127	4977
2	89665	0.622252	4978
2	89683	0.622377	4979
2	89701	0.622502	4980
2	89719	0.622627	4981
2	89737	0.622752	4982
2	89755	0.622877	4983
2	89773	0.623002	4984
2	89791	0.623127	4985
2	89809	0.623252	4986
2	89827	0.623377	4987
2	89845	0.623502	4988
2	89863	0.623627	4989
2	89881	0.623752	4990
2	89899	0.623877	4991
2	89917	0.624002	4992
2	89935	0.624127	4993
2	89953	0.624252	4994
2	89971	0.624377	4995
2	89989	0.624502	4996
2	90007	0.624627	4997
2	90025	0.624752	4998
2	90043	0.624877	4999
2	90061	0.625002	5000
2	90079	0.625127	5001
2	90097	0.625252	5002
2	90115	0.625377	5003
2	90133	0.625502	5004
2	90151	0.625627	5005
2	90169	0.625752	5006
2	90187	0.625877	5007
2	90205	0.626002	5008
2	90223	0.626127	5009
2	90241	0.626252	5010
2	90259	0.626377	5011
2	90277	0.626502	5012
2	90295	0.626627	5013
2	90313	0.626752	5014
2	90331	0.626877	5015
2	90349	0.627002	5016
2	90367	0.627127	5017
2	90385	0.627252	5018
2	90403	0.627377	5019
2	90421	0.627502	5020
2	90439	0.627627	5021
2	90457	0.627752	5022
2	90475	0.627877	5023
2	90493	0.628002	5024
2	90511	0.628127	5025
2	90529	0.628252	5026
2	90547	0.628377	5027
2	90565	0.628502	5028
2	90583	0.628627	5029
2	90601	0.628752	5030
2	90619	0.628877	5031
2	90637	0.629002	5032
2	90655	0.629127	5033
2	90673	0.629252	5034
2	90691	0.629377	5035
2	90709	0.629502	5036
2	90727	0.629627	5037
2	90745	0.629752	5038
2	90763	0.629877	5039
2	90785	0.630002	5040
2	90803	0.630127	5041
2	90821	0.630252	5042
2	90839	0.630377	5043
2	90857	0.630502	5044
2	90875	0.630627	5045
2	90893	0.630752	5046
2	90911	0.630877	5047
2	90929	0.631002	5048
2	90947	0.631127	5049
2	90965	0.631252	5050
2	90983	0.631377	5051
2	91001	0.631502	5052
2	91019	0.631627	5053
2	91037	0.631752	5054
2	91055	0.631877	5055
2	91073	0.632002	5056
2	91091	0.632127	5057
2	91109	0.632252	5058
2	91127	0.632377	5059
2	91145	0.632502	5060
2	91163	0.632627	5061
2	91181	0.632752	5062
2	91199	0.632877	5063
2	91217	0.633002	5064
2	91235	0.633127	5065
2	91253	0.633252	5066
2	91271	0.633377	5067
2	91289	0.633502	5068
2	91307	0.633627	5069
2	91325	0.633752	5070
2	91343	0.633877	5071
2	91361	0.634002	5072
2	91379	0.634127	5073
2	91397	0.634252	5074
2	91415	0.634377	5075
2	91433	0.634502	5076
2	91451	0.634627	5077
2	91469	0.634752	5078
2	91487	0.634877	5079
2	91505	0.635002	5080
2	91523	0.635127	5081
2	91541	0.635252	5082
2	91559	0.635377	5083
2	91577	0.635502	5084
2	91595	0.635627	5085
2	91613	0.635752	5086
2	91631	0.635877	5087
2	91649	0.636002	5088
2	91667	0.636127	5089
2	91685	0.636252	5090
2	91703	0.636377	5091
2	91721	0.636502	5092
2	91739	0.636627	5093
2	91757	0.636752	5094
2	91775	0.636877	5095
2	91793	0.637002	5096
2	91811	0.637127	5097
2	91829	0.637252	5098
2	91847	0.637377	5099
2	91865	0.637502	5100
2	91883	0.637627	5101
2	91901	0.637752	5102
2	91919	0.637877	5103
2	91937	0.638002	5104
2	91955	0.638127	5105
2	91973	0.638252	5106
2	91991	0.638377	5107
2	92009	0.638502	5108
2	92027	0.638627	5109
2	92045	0.638752	5110
2	92063	0.638877	5111
2	92081	0.639002	5112
2	92099	0.639127	5113
2	92117	0.639252	5114
2	92135	0.639377	5115
2	92153	0.639502	5116
2	92171	0.639627	5117
2	92189	0.639752	5118
2	92207	0.639877	5119
2	92225	0.640002	5120
2	92243	0.640127	5121
2	92261	0.640252	5122
2	92279	0.640377	5123
2	92297	0.640502	5124
2	92315	0.640627	5125
2	92333	0.640752	5126
2	92351	0.640877	5127
2	92369	0.641002	5128
2	92387	0.641127	5129
2	92405	0.641252	5130
2	92423	0.641377	5131
2	92441	0.641502	5132
2	92459	0.641627	5133
2	92477	0.641752	5134
2	92495	0.641877	5135
2	92513	0.642002	5136
2	92531	0.642127	5137
2	92549	0.642252	5138
2	92567	0.642377	5139
2	92585	0.642502	5140
2	92603	0.642627	5141
2	92621	0.642752	5142
2	92639	0.642877	5143
2	92657	0.643002	5144
2	92675	0.643127	5145
2	92693	0.643252	5146
2	92711	0.643377	5147
2	92729	0.643502	5148
2	92747	0.643627	5149
2	92765	0.643752	5150
2	92783	0.643877	5151
2	92801	0.644002	5152
2	92819	0.644127	5153
2	92837	0.644252	5154
2	92855	0.644377	5155
2	92873	0.644502	5156
2	92891	0.644627	5157
2	92909	0.644752	5158
2	92927	0.644877	5159
2	92945	0.645002	5160
2	92963	0.645127	5161
2	92981	0.645252	5162
2	92999	0.645377	5163
2	93017	0.645502	5164
2	93035	0.645627	5165
2	93053	0.645752	5166
2	93071	0.645877	5167
2	93089	0.646002	5168
2	93107	0.646127	5169
2	93125	0.646252	5170
2	93143	0.646377	5171
2	93161	0.646502	5172
2	93179	0.646627	5173
2	93197	0.646752	5174
2	93215	0.646877	5175
2	93233	0.647002	5176
2	93251	0.647127	5177
2	93269	0.647252	5178
2	93287	0.647377	5179
2	93305	0.647502	5180
2	93323	0.647627	5181
2	93341	0.647752	5182
2	93359	0.647877	5183
2	93377	0.648002	5184
2	93395	0.648127	5185
2	93413	0.648252	5186
2	93431	0.648377	5187
2	93449	0.648502	5188
2	93467	0.648627	5189
2	93485	0.648752	5190
2	93503	0.648877	5191
2	93521	0.649002	5192
2	93539	0.649127	5193
2	93557	0.649252	5194
2	93575	0.649377	5195
2	93593	0.649502	5196
2	93611	0.649627	5197
2	93629	0.649752	5198
2	93647	0.649877	5199
2	93665	0.650002	5200
2	93683	0.650127	5201
2	93701	0.650252	5202
2	93719	0.650377	5203
2	93737	0.650502	5204
2	93755	0.650627	5205
2	93773	0.650752	5206
2	93791	0.650877	5207
2	93809	0.651002	5208
2	93827	0.651127	5209
2	93845	0.651252	5210
2	93863	0.651377	5211
2	93881	0.651502	5212
2	93899	0.651627	5213
2	93917	0.651752	5214
2	93935	0.651877	5215
2	93953	0.652002	5216
2	93971	0.652127	5217
2	93989	0.652252	5218
2	94007	0.652377	5219
2	94025	0.652502	5220
2	94043	0.652627	5221
2	94061	0.652752	5222
2	94079	0.652877	5223
2	94097	0.653002	5224
2	94115	0.653127	5225
2	94133	0.653252	5226
2	94151	0.653377	5227
2	94169	0.653502	5228
2	94187	0.653627	5229
2	94205	0.653752	5230
2	94223	0.653877	5231
2	94241	0.654002	5232
2	94259	0.654127	5233
2	94277	0.654252	5234
2	94295	0.654377	5235
2	94313	0.654502	5236
2	94331	0.654627	5237
2	94349	0.654752	5238
2	94367	0.654877	5239
2	94385	0.655002	5240
2	94403	0.655127	5241
2	94421	0.655252	5242
2	94439	0.655377	5243
2	94457	0.655502	5244
2	94475	0.655627	5245
2	94493	0.655752	5246
2	94511	0.655877	5247
2	94529	0.656002	5248
2	94547	0.656127	5249
2	94565	0.656252	5250
2	94583	0.656377	5251
2	94601	0.656502	5252
2	94619	0.656627	5253
2	94637	0.656752	5254
2	94655	0.656877	5255
2	94673	0.657002	5256
2	94691	0.657127	5257
2	94709	0.657252	5258
2	94727	0.657377	5259
2	94745	0.657502	5260
2	94763	0.657627	5261
2	94781	0.657752	5262
2	94799	0.657877	5263
2	94817	0.658002	5264
2	94835	0.658127	5265
2	94853	0.658252	5266
2	94871	0.658377	5267
2	94889	0.658502	5268
2	94907	0.658627	5269
2	94925	0.658752	5270
2	94943	0.658877	5271
2	94961	0.659002	5272
2	94979	0.659127	5273
2	94997	0.659252	5274
2	95015	0.659377	5275
2	95033	0.659502	5276
2	95051	0.659627	5277
2	95069	0.659752	5278
2	95087	0.659877	5279
2	95105	0.660002	5280
2	95123	0.660127	5281
2	95141	0.660252	5282
2	95159	0.660377	5283
2	95177	0.660502	5284
2	95195	0.660627	5285
2	95213	0.660752	5286
2	95231	0.660877	5287
2	95249	0.661002	5288
2	95267	0.661127	5289
2	95285	0.661252	5290
2	95303	0.661377	5291
2	95321	0.661502	5292
2	95339	0.661627	5293
2	95357	0.661752	5294
2	95375	0.661877	5295
2	95393	0.662002	5296
2	95411	0.662127	5297
2	95429	0.662252	5298
2	95447	0.662377	5299
2	95465	0.662502	5300
2	95483	0.662627	5301
2	95501	0.662752	5302
2	95519	0.662877	5303
2	95537	0.663002	5304
2	95555	0.663127	5305
2	95573	0.663252	5306
2	95591	0.663377	5307
2	95609	0.663502	5308
2	95627	0.663627	5309
2	95645	0.663752	5310
2	95663	0.663877	5311
2	95681	0.664002	5312
2	95699	0.664127	5313
2	95717	0.664252	5314
2	95735	0.664377	5315
2	95753	0.664502	5316
2	95771	0.664627	5317
2	95789	0.664752	5318
2	95807	0.664877	5319
2	95825	0.665002	5320
2	95843	0.665127	5321
2	95861	0.665252	5322
2	95879	0.665377	5323
2	95897	0.665502	5324
2	95915	0.665627	5325
2	95933	0.665752	5326
2	95951	0.665877	5327
2	95969	0.666002	5328
2	95987	0.666127	5329
2	96005	0.666252	5330
2	96023	0.666377	5331
2	96041	0.666502	5332
2	96059	0.666627	5333
2	96077	0.666752	5334
2	96095	0.666877	5335
2	96113	0.667002	5336
2	96135	0.667127	5337
2	96153	0.667252	5338
2	96171	0.667377	5339
2	96189	0.667502	5340
2	96207	0.667627	5341
2	96225	0.667752	5342
2	96243	0.667877	5343
2	96261	0.668002	5344
2	96279	0.668127	5345
2	96297	0.668252	5346
2	96315	0.668377	5347
2	96333	0.668502	5348
2	96351	0.668627	5349
2	96369	0.668752	5350
2	96387	0.668877	5351
2	96405	0.669002	5352
2	96423	0.669127	5353
2	96441	0.669252	5354
2	96459	0.669377	5355
2	96477	0.669502	5356
2	96495	0.669627	5357
2	96513	0.669752	5358
2	96531	0.669877	5359
2	96549	0.670002	5360
2	96567	0.670127	5361
2	96585	0.670252	5362
2	96603	0.670377	5363
2	96621	0.670502	5364
2	96639	0.670627	5365
2	96657	0.670752	5366
2	96675	0.670877	5367
2	96693	0.671002	5368
2	96711	0.671127	5369
2	96729	0.671252	5370
2	96747	0.671377	5371
2	96765	0.671502	5372
2	96783	0.671627	5373
2	96801	0.671752	5374
2	96819	0.671877	5375
2	96837	0.672002	5376
2	96855	0.672127	5377
2	96873	0.672252	5378
2	96891	0.672377	5379
2	96909	0.672502	5380
2	96927	0.672627	5381
2	96945	0.672752	5382
2	96963	0.672877	5383
2	96981	0.673002	5384
2	96999	0.673127	5385
2	97017	0.673252	5386
2	97035	0.673377	5387
2	97053	0.673502	5388
2	97071	0.673627	5389
2	97089	0.673752	5390
2	97107	0.673877	5391
2	97125	0.674002	5392
2	97143	0.674127	5393
2	97161	0.674252	5394
2	97179	0.674377	5395
2	97197	0.674502	5396
2	97215	0.674627	5397
2	97233	0.674752	5398
2	97251	0.674877	5399
2	97269	0.675002	5400
2	97287	0.675127	5401
2	97305	0.675252	5402
2	97323	0.675377	5403
2	97341	0.675502	5404
2	97359	0.675627	5405
2	97377	0.675752	5406
2	97395	0.675877	5407
2	97413	0.676002	5408
2	97431	0.676127	5409
2	97449	0.676252	5410
2	97467	0.676377	5411
2	97485	0.676502	5412
2	97503	0.676627	5413
2	97521	0.676752	5414
2	97539	0.676877	5415
2	97557	0.677002	5416
2	97575	0.677127	5417
2	97593	0.677252	5418
2	97611	0.677377	5419
2	97629	0.677502	5420
2	97647	0.677627	5421
2	97665	0.677752	5422
2	97683	0.677877	5423
2	97701	0.678002	5424
2	97719	0.678127	5425
2	97737	0.678252	5426
2	97755	0.678377	5427
2	97773	0.678502	5428
2	97791	0.678627	5429
2	97809	0.678752	5430
2	97827	0.678877	5431
2	97845	0.679002	5432
2	97863	0.679127	5433
2	97881	0.679252	5434
2	97899	0.679377	5435
2	97917	0.679502	5436
2	97935	0.679627	5437
2	97953	0.679752	5438
2	97971	0.679877	5439
2	97989	0.680002	5440
2	98007	0.680127	5441
2	98025	0.680252	5442
2	98043	0.680377	5443
2	98061	0.680502	5444
2	98079	0.680627	5445
2	98097	0.680752	5446
2	98115	0.680877	5447
2	98133	0.681002	5448
2	98151	0.681127	5449
2	98169	0.681252	5450
2	98187	0.681377	5451
2	98205	0.681502	5452
2	98223	0.681627	5453
2	98241	0.681752	5454
2	98259	0.681877	5455
2	98277	0.682002	5456
2	98295	0.682127	5457
2	98313	0.682252	5458
2	98331	0.682377	5459
2	98349	0.682502	5460
2	98367	0.682627	5461
2	98385	0.682752	5462
2	98403	0.682877	5463
2	98421	0.683002	5464
2	98439	0.683127	5465
2	98457	0.683252	5466
2	98475	0.683377	5467
2	98493	0.683502	5468
2	98511	0.683627	5469
2	98529	0.683752	5470
2	98547	0.683877	5471
2	98565	0.684002	5472
2	98583	0.684127	5473
2	98601	0.684252	5474
2	98619	0.684377	5475
2	98637	0.684502	5476
2	98655	0.684627	5477
2	98673	0.684752	5478
2	98691	0.684877	5479
2	98709	0.685002	5480
2	98727	0.685127	5481
2	98745	0.685252	5482
2	98763	0.685377	5483
2	98781	0.685502	5484
2	98799	0.685627	5485
2	98817	0.685752	5486
2	98835	0.685877	5487
2	98853	0.686002	5488
2	98871	0.686127	5489
2	98889	0.686252	5490
2	98907	0.686377	5491
2	98925	0.686502	5492
2	98943	0.686627	5493
2	98961	0.686752	5494
2	98979	0.686877	5495
2	98997	0.687002	5496
2	99015	0.687127	5497
2	99033	0.687252	5498
2	99051	0.687377	5499
2	99069	0.687502	5500
2	99087	0.687627	5501
2	99105	0.687752	5502
2	99123	0.687877	5503
2	99141	0.688002	5504
2	99159	0.688127	5505
2	99177	0.688252	5506
2	99195	0.688377	5507
2	99213	0.688502	5508
2	99231	0.688627	5509
2	99249	0.688752	5510
2	99267	0.688877	5511
2	99285	0.689002	5512
2	99303	0.689127	5513
2	99321	0.689252	5514
2	99339	0.689377	5515
2	99357	0.689502	5516
2	99375	0.689627	5517
2	99393	0.689752	5518
2	99411	0.689877	5519
2	99429	0.690002	5520
2	99447	0.690127	5521
2	99465	0.690252	5522
2	99483	0.690377	5523
2	99501	0.690502	5524
2	99519	0.690627	5525
2	99537	0.690752	5526
2	99555	0.690877	5527
2	99573	0.691002	5528
2	99591	0.691127	5529
2	99609	0.691252	5530
2	99627	0.691377	5531
2	99645	0.691502	5532
2	99663	0.691627	5533
2	99681	0.691752	5534
2	99699	0.691877	5535
2	99717	0.692002	5536
2	99735	0.692127	5537
2	99753	0.692252	5538
2	99771	0.692377	5539
2	99789	0.692502	5540
2	99807	0.692627	5541
2	99825	0.692752	5542
2	99843	0.692877	5543
2	99861	0.693002	5544
2	99879	0.693127	5545
2	99897	0.693252	5546
2	99915	0.693377	5547
2	99933	0.693502	5548
2	99951	0.693627	5549
2	99969	0.693752	5550
2	99987	0.693877	5551
2	100005	0.694002	5552
2	100023	0.694127	5553
2	100041	0.694252	5554
2	100059	0.694377	5555
2	100077	0.694502	5556
2	100095	0.694627	5557
2	100113	0.694752	5558
2	100131	0.694877	5559
2	100149	0.695002	5560
2	100167	0.695127	5561
2	100185	0.695252	5562
2	100203	0.695377	5563
2	100221	0.695502	5564
2	100239	0.695627	5565
2	100257	0.695752	5566
2	100275	0.695877	5567
2	100293	0.696002	5568
2	100311	0.696127	5569
2	100329	0.696252	5570
2	100347	0.696377	5571
2	100365	0.696502	5572
2	100383	0.696627	5573
2	100401	0.696752	5574
2	100419	0.696877	5575
2	100437	0.697002	5576
2	100455	0.697127	5577
2	100473	0.697252	5578
2	100491	0.697377	5579
2	100509	0.697502	5580
2	100527	0.697627	5581
2	100545	0.697752	5582
2	100563	0.697877	5583
2	100581	0.698002	5584
2	100599	0.698127	5585
2	100617	0.698252	5586
2	100635	0.698377	5587
2	100653	0.698502	5588
2	100671	0.698627	5589
2	100689	0.698752	5590
2	100707	0.698877	5591
2	100725	0.699002	5592
2	100743	0.699127	5593
2	100761	0.699252	5594
2	100779	0.699377	5595
2	100797	0.699502	5596
2	100815	0.699627	5597
2	100833	0.699752	5598
2	100851	0.699877	5599
2	100869	0.700002	5600
2	100887	0.700127	5601
2	100905	0.700252	5602
2	100923	0.700377	5603
2	100941	0.700502	5604
2	100959	0.700627	5605
2	100977	0.700752	5606
2	100995	0.700877	5607
2	101013	0.701002	5608
2	101031	0.701127	5609
2	101049	0.701252	5610
2	101067	0.701377	5611
2	101085	0.701502	5612
2	101103	0.701627	5613
2	101121	0.701752	5614
2	101139	0.701877	5615
2	101157	0.702002	5616
2	101175	0.702127	5617
2	101193	0.702252	5618
2	101211	0.702377	5619
2	101229	0.702502	5620
2	101247	0.702627	5621
2	101265	0.702752	5622
2	101283	0.702877	5623
2	101301	0.703002	5624
2	101319	0.703127	5625
2	101337	0.703252	5626
2	101355	0.703377	5627
2	101373	0.703502	5628
2	101391	0.703627	5629
2	101409	0.703752	5630
2	101427	0.703877	5631
2	101445	0.704002	5632
2	101463	0.704127	5633
2	101481	0.704252	5634
2	101503	0.704377	5635
2	101521	0.704502	5636
2	101539	0.704627	5637
2	101557	0.704752	5638
2	101575	0.704877	5639
2	101593	0.705002	5640
2	101611	0.705127	5641
2	101629	0.705252	5642
2	101647	0.705377	5643
2	101665	0.705502	5644
2	101683	0.705627	5645
2	101701	0.705752	5646
2	101719	0.705877	5647
2	101737	0.706002	5648
2	101755	0.706127	5649
2	101773	0.706252	5650
2	101791	0.706377	5651
2	101809	0.706502	5652
2	101827	0.706627	5653
2	101845	0.706752	5654
2	101863	0.706877	5655
2	101881	0.707002	5656
2	101899	0.707127	5657
2	101917	0.707252	5658
2	101935	0.707377	5659
2	101953	0.707502	5660
2	101971	0.707627	5661
2	101989	0.707752	5662
2	102007	0.707877	5663
2	102025	0.708002	5664
2	102043	0.708127	5665
2	102061	0.708252	5666
2	102079	0.708377	5667
2	102097	0.708502	5668
2	102115	0.708627	5669
2	102133	0.708752	5670
2	102151	0.708877	5671
2	102169	0.709002	5672
2	102187	0.709127	5673
2	102205	0.709252	5674
2	102223	0.709377	5675
2	102241	0.709502	5676
2	102259	0.709627	5677
2	102277	0.709752	5678
2	102295	0.709877	5679
2	102313	0.710002	5680
2	102331	0.710127	5681
2	102349	0.710252	5682
2	102367	0.710377	5683
2	102385	0.710502	5684
2	102403	0.710627	5685
2	102421	0.710752	5686
2	102439	0.710877	5687
2	102457	0.711002	5688
2	102475	0.711127	5689
2	102493	0.711252	5690
2	102511	0.711377	5691
2	102529	0.711502	5692
2	102547	0.711627	5693
2	102565	0.711752	5694
2	102583	0.711877	5695
2	102601	0.712002	5696
2	102619	0.712127	5697
2	102637	0.712252	5698
2	102655	0.712377	5699
2	102673	0.712502	5700
2	102691	0.712627	5701
2	102709	0.712752	5702
2	102727	0.712877	5703
2	102745	0.713002	5704
2	102763	0.713127	5705
2	102781	0.713252	5706
2	102799	0.713377	5707
2	102817	0.713502	5708
2	102835	0.713627	5709
2	102853	0.713752	5710
2	102871	0.713877	5711
2	102889	0.714002	5712
2	102907	0.714127	5713
2	102925	0.714252	5714
2	102943	0.714377	5715
2	102961	0.714502	5716
2	102979	0.714627	5717
2	102997	0.714752	5718
2	103015	0.714877	5719
2	103033	0.715002	5720
2	103051	0.715127	5721
2	103069	0.715252	5722
2	103087	0.715377	5723
2	103105	0.715502	5724
2	103123	0.715627	5725
2	103141	0.715752	5726
2	103159	0.715877	5727
2	103177	0.716002	5728
2	103195	0.716127	5729
2	103213	0.716252	5730
2	103231	0.716377	5731
2	103249	0.716502	5732
2	103267	0.716627	5733
2	103285	0.716752	5734
2	103303	0.716877	5735
2	103321	0.717002	5736
2	103339	0.717127	5737
2	103357	0.717252	5738
2	103375	0.717377	5739
2	103393	0.717502	5740
2	103411	0.717627	5741
2	103429	0.717752	5742
2	103447	0.717877	5743
2	103465	0.718002	5744
2	103483	0.718127	5745
2	103501	0.718252	5746
2	103519	0.718377	5747
2	103537	0.718502	5748
2	103555	0.718627	5749
2	103573	0.718752	5750
2	103591	0.718877	5751
2	103609	0.719002	5752
2	103627	0.719127	5753
2	103645	0.719252	5754
2	103663	0.719377	5755
2	103681	0.719502	5756
2	103699	0.719627	5757
2	103717	0.719752	5758
2	103735	0.719877	5759
2	103753	0.720002	5760
2	103771	0.720127	5761
2	103789	0.720252	5762
2	103807	0.720377	5763
2	103825	0.720502	5764
2	103843	0.720627	5765
2	103861	0.720752	5766
2	103879	0.720877	5767
2	103897	0.721002	5768
2	103915	0.721127	5769
2	103933	0.721252	5770
2	103951	0.721377	5771
2	103969	0.721502	5772
2	103987	0.721627	5773
2	104005	0.721752	5774
2	104023	0.721877	5775
2	104041	0.722002	5776
2	104059	0.722127	5777
2	104077	0.722252	5778
2	104095	0.722377	5779
2	104113	0.722502	5780
2	104131	0.722627	5781
2	104149	0.722752	5782
2	104167	0.722877	5783
2	104185	0.723002	5784
2	104203	0.723127	5785
2	104221	0.723252	5786
2	104239	0.723377	5787
2	104257	0.723502	5788
2	104275	0.723627	5789
2	104293	0.723752	5790
2	104311	0.723877	5791
2	104329	0.724002	5792
2	104347	0.724127	5793
2	104365	0.724252	5794
2	104383	0.724377	5795
2	104401	0.724502	5796
2	104419	0.724627	5797
2	104437	0.724752	5798
2	104455	0.724877	5799
2	104473	0.725002	5800
2	104491	0.725127	5801
2	104509	0.725252	5802
2	104527	0.725377	5803
2	104545	0.725502	5804
2	104563	0.725627	5805
2	104581	0.725752	5806
2	104599	0.725877	5807
2	104617	0.726002	5808
2	104635	0.726127	5809
2	104653	0.726252	5810
2	104671	0.726377	5811
2	104689	0.726502	5812
2	104707	0.726627	5813
2	104725	0.726752	5814
2	104743	0.726877	5815
2	104761	0.727002	5816
2	104779	0.727127	5817
2	104797	0.727252	5818
2	104815	0.727377	5819
2	104833	0.727502	5820
2	104851	0.727627	5821
2	104869	0.727752	5822
2	104887	0.727877	5823
2	104905	0.728002	5824
2	104923	0.728127	5825
2	104941	0.728252	5826
2	104959	0.728377	5827
2	104977	0.728502	5828
2	104995	0.728627	5829
2	105013	0.728752	5830
2	105031	0.728877	5831
2	105049	0.729002	5832
2	105067	0.729127	5833
2	105085	0.729252	5834
2	105103	0.729377	5835
2	105121	0.729502	5836
2	105139	0.729627	5837
2	105157	0.729752	5838
2	105175	0.729877	5839
2	105193	0.730002	5840
2	105211	0.730127	5841
2	105229	0.730252	5842
2	105247	0.730377	5843
2	105265	0.730502	5844
2	105283	0.730627	5845
2	105301	0.730752	5846
2	105319	0.730877	5847
2	105337	0.731002	5848
2	105355	0.731127	5849
2	105373	0.731252	5850
2	105391	0.731377	5851
2	105409	0.731502	5852
2	105427	0.731627	5853
2	105445	0.731752	5854
2	105463	0.731877	5855
2	105481	0.732002	5856
2	105499	0.732127	5857
2	105517	0.732252	5858
2	105535	0.732377	5859
2	105553	0.732502	5860
2	105571	0.732627	5861
2	105589	0.732752	5862
2	105607	0.732877	5863
2	105625	0.733002	5864
2	105643	0.733127	5865
2	105661	0.733252	5866
2	105679	0.733377	5867
2	105697	0.733502	5868
2	105715	0.733627	5869
2	105733	0.733752	5870
2	105751	0.733877	5871
2	105769	0.734002	5872
2	105787	0.734127	5873
2	105805	0.734252	5874
2	105823	0.734377	5875
2	105841	0.734502	5876
2	105859	0.734627	5877
2	105877	0.734752	5878
2	105895	0.734877	5879
2	105913	0.735002	5880
2	105931	0.735127	5881
2	105949	0.735252	5882
2	105967	0.735377	5883
2	105985	0.735502	5884
2	106003	0.735627	5885
2	106021	0.735752	5886
2	106039	0.735877	5887
2	106057	0.736002	5888
2	106075	0.736127	5889
2	106093	0.736252	5890
2	106111	0.736377	5891
2	106129	0.736502	5892
2	106147	0.736627	5893
2	106165	0.736752	5894
2	106183	0.736877	5895
2	106201	0.737002	5896
2	106219	0.737127	5897
2	106237	0.737252	5898
2	106255	0.737377	5899
2	106273	0.737502	5900
2	106291	0.737627	5901
2	106309	0.737752	5902
2	106327	0.737877	5903
2	106345	0.738002	5904
2	106363	0.738127	5905
2	106381	0.738252	5906
2	106399	0.738377	5907
2	106417	0.738502	5908
2	106435	0.738627	5909
2	106453	0.738752	5910
2	106471	0.738877	5911
2	106489	0.739002	5912
2	106507	0.739127	5913
2	106525	0.739252	5914
2	106543	0.739377	5915
2	106561	0.739502	5916
2	106579	0.739627	5917
2	106597	0.739752	5918
2	106615	0.739877	5919
2	106633	0.740002	5920
2	106651	0.740127	5921
2	106669	0.740252	5922
2	106687	0.740377	5923
2	106705	0.740502	5924
2	106723	0.740627	5925
2	106741	0.740752	5926
2	106759	0.740877	5927
2	106777	0.741002	5928
2	106795	0.741127	5929
2	106813	0.741252	5930
2	106831	0.741377	5931
2	106853	0.741502	5932
2	106871	0.741627	5933
2	106889	0.741752	5934
2	106907	0.741877	5935
2	106925	0.742002	5936
2	106943	0.742127	5937
2	106961	0.742252	5938
2	106979	0.742377	5939
2	106997	0.742502	5940
2	107015	0.742627	5941
2	107033	0.742752	5942
2	107051	0.742877	5943
2	107069	0.743002	5944
2	107087	0.743127	5945
2	107105	0.743252	5946
2	107123	0.743377	5947
2	107141	0.743502	5948
2	107159	0.743627	5949
2	107177	0.743752	5950
2	107195	0.743877	5951
2	107213	0.744002	5952
2	107231	0.744127	5953
2	107249	0.744252	5954
2	107267	0.744377	5955
2	107285	0.744502	5956
2	107303	0.744627	5957
2	107321	0.744752	5958
2	107339	0.744877	5959
2	107357	0.745002	5960
2	107375	0.745127	5961
2	107393	0.745252	5962
2	107411	0.745377	5963
2	107429	0.745502	5964
2	107447	0.745627	5965
2	107465	0.745752	5966
2	107483	0.745877	5967
2	107501	0.746002	5968
2	107519	0.746127	5969
2	107537	0.746252	5970
2	107555	0.746377	5971
2	107573	0.746502	5972
2	107591	0.746627	5973
2	107609	0.746752	5974
2	107627	0.746877	5975
2	107645	0.747002	5976
2	107663	0.747127	5977
2	107681	0.747252	5978
2	107699	0.747377	5979
2	107717	0.747502	5980
2	107735	0.747627	5981
2	107753	0.747752	5982
2	107771	0.747877	5983
2	107789	0.748002	5984
2	107807	0.748127	5985
2	107825	0.748252	5986
2	107843	0.748377	5987
2	107861	0.748502	5988
2	107879	0.748627	5989
2	107897	0.748752	5990
2	107915	0.748877	5991
2	107933	0.749002	5992
2	107951	0.749127	5993
2	107969	0.749252	5994
2	107987	0.749377	5995
2	108005	0.749502	5996
2	108023	0.749627	5997
2	108041	0.749752	5998
2	108059	0.749877	5999
2	108077	0.750002	6000
2	108095	0.750127	6001
2	108113	0.750252	6002
2	108131	0.750377	6003
2	108149	0.750502	6004
2	108167	0.750627	6005
2	108185	0.750752	6006
2	108203	0.750877	6007
2	108221	0.751002	6008
2	108239	0.751127	6009
2	108257	0.751252	6010
2	108275	0.751377	6011
2	108293	0.751502	6012
2	108311	0.751627	6013
2	108329	0.751752	6014
2	108347	0.751877	6015
2	108365	0.752002	6016
2	108383	0.752127	6017
2	108401	0.752252	6018
2	108419	0.752377	6019
2	108437	0.752502	6020
2	108455	0.752627	6021
2	108473	0.752752	6022
2	108491	0.752877	6023
2	108509	0.753002	6024
2	108527	0.753127	6025
2	108545	0.753252	6026
2	108563	0.753377	6027
2	108581	0.753502	6028
2	108599	0.753627	6029
2	108617	0.753752	6030
2	108635	0.753877	6031
2	108653	0.754002	6032
2	108671	0.754127	6033
2	108689	0.754252	6034
2	108707	0.754377	6035
2	108725	0.754502	6036
2	108743	0.754627	6037
2	108761	0.754752	6038
2	108779	0.754877	6039
2	108797	0.755002	6040
2	108815	0.755127	6041
2	108833	0.755252	6042
2	108851	0.755377	6043
2	108869	0.755502	6044
2	108887	0.755627	6045
2	108905	0.755752	6046
2	108923	0.755877	6047
2	108941	0.756002	6048
2	108959	0.756127	6049
2	108977	0.756252	6050
2	108995	0.756377	6051
2	109013	0.756502	6052
2	109031	0.756627	6053
2	109049	0.756752	6054
2	109067	0.756877	6055
2	109085	0.757002	6056
2	109103	0.757127	6057
2	109121	0.757252	6058
2	109139	0.757377	6059
2	109157	0.757502	6060
2	109175	0.757627	6061
2	109193	0.757752	6062
2	109211	0.757877	6063
2	109229	0.758002	6064
2	109247	0.758127	6065
2	109265	0.758252	6066
2	109283	0.758377	6067
2	109301	0.758502	6068
2	109319	0.758627	6069
2	109337	0.758752	6070
2	109355	0.758877	6071
2	109373	0.759002	6072
2	109391	0.759127	6073
2	109409	0.759252	6074
2	109427	0.759377	6075
2	109445	0.759502	6076
2	109463	0.759627	6077
2	109481	0.759752	6078
2	109499	0.759877	6079
2	109517	0.760002	6080
2	109535	0.760127	6081
2	109553	0.760252	6082
2	109571	0.760377	6083
2	109589	0.760502	6084
2	109607	0.760627	6085
2	109625	0.760752	6086
2	109643	0.760877	6087
2	109661	0.761002	6088
2	109679	0.761127	6089
2	109697	0.761252	6090
2	109715	0.761377	6091
2	109733	0.761502	6092
2	109751	0.761627	6093
2	109769	0.761752	6094
2	109787	0.761877	6095
2	109805	0.762002	6096
2	109823	0.762127	6097
2	109841	0.762252	6098
2	109859	0.762377	6099
2	109877	0.762502	6100
2	109895	0.762627	6101
2	109913	0.762752	6102
2	109931	0.762877	6103
2	109949	0.763002	6104
2	109967	0.763127	6105
2	109985	0.763252	6106
2	110003	0.763377	6107
2	110021	0.763502	6108
2	110039	0.763627	6109
2	110057	0.763752	6110
2	110075	0.763877	6111
2	110093	0.764002	6112
2	110111	0.764127	6113
2	110129	0.764252	6114
2	110147	0.764377	6115
2	110165	0.764502	6116
2	110183	0.764627	6117
2	110201	0.764752	6118
2	110219	0.764877	6119
2	110237	0.765002	6120
2	110255	0.765127	6121
2	110273	0.765252	6122
2	110291	0.765377	6123
2	110309	0.765502	6124
2	110327	0.765627	6125
2	110345	0.765752	6126
2	110363	0.765877	6127
2	110381	0.766002	6128
2	110399	0.766127	6129
2	110417	0.766252	6130
2	110435	0.766377	6131
2	110453	0.766502	6132
2	110471	0.766627	6133
2	110489	0.766752	6134
2	110507	0.766877	6135
2	110525	0.767002	6136
2	110543	0.767127	6137
2	110561	0.767252	6138
2	110579	0.767377	6139
2	110597	0.767502	6140
2	110615	0.767627	6141
2	110633	0.767752	6142
2	110651	0.767877	6143
2	110669	0.768002	6144
2	110687	0.768127	6145
2	110705	0.768252	6146
2	110723	0.768377	6147
2	110741	0.768502	6148
2	110759	0.768627	6149
2	110777	0.768752	6150
2	110795	0.768877	6151
2	110813	0.769002	6152
2	110831	0.769127	6153
2	110849	0.769252	6154
2	110867	0.769377	6155
2	110885	0.769502	6156
2	110903	0.769627	6157
2	110921	0.769752	6158
2	110939	0.769877	6159
2	110957	0.770002	6160
2	110975	0.770127	6161
2	110993	0.770252	6162
2	111011	0.770377	6163
2	111029	0.770502	6164
2	111047	0.770627	6165
2	111065	0.770752	6166
2	111083	0.770877	6167
2	111101	0.771002	6168
2	111119	0.771127	6169
2	111137	0.771252	6170
2	111155	0.771377	6171
2	111173	0.771502	6172
2	111191	0.771627	6173
2	111209	0.771752	6174
2	111227	0.771877	6175
2	111245	0.772002	6176
2	111263	0.772127	6177
2	111281	0.772252	6178
2	111299	0.772377	6179
2	111317	0.772502	6180
2	111335	0.772627	6181
2	111353	0.772752	6182
2	111371	0.772877	6183
2	111389	0.773002	6184
2	111407	0.773127	6185
2	111425	0.773252	6186
2	111443	0.773377	6187
2	111461	0.773502	6188
2	111479	0.773627	6189
2	111497	0.773752	6190
2	111515	0.773877	6191
2	111533	0.774002	6192
2	111551	0.774127	6193
2	111569	0.774252	6194
2	111587	0.774377	6195
2	111605	0.774502	6196
2	111623	0.774627	6197
2	111641	0.774752	6198
2	111659	0.774877	6199
2	111677	0.775002	6200
2	111695	0.775127	6201
2	111713	0.775252	6202
2	111731	0.775377	6203
2	111749	0.775502	6204
2	111767	0.775627	6205
2	111785	0.775752	6206
2	111803	0.775877	6207
2	111821	0.776002	6208
2	111839	0.776127	6209
2	111857	0.776252	6210
2	111875	0.776377	6211
2	111893	0.776502	6212
2	111911	0.776627	6213
2	111929	0.776752	6214
2	111947	0.776877	6215
2	111965	0.777002	6216
2	111983	0.777127	6217
2	112001	0.777252	6218
2	112019	0.777377	6219
2	112037	0.777502	6220
2	112055	0.777627	6221
2	112073	0.777752	6222
2	112091	0.777877	6223
2	112109	0.778002	6224
2	112127	0.778127	6225
2	112145	0.778252	6226
2	112163	0.778377	6227
2	112181	0.778502	6228
2	112203	0.778627	6229
2	112221	0.778752	6230
2	112239	0.778877	6231
2	112257	0.779002	6232
2	112275	0.779127	6233
2	112293	0.779252	6234
2	112311	0.779377	6235
2	112329	0.779502	6236
2	112347	0.779627	6237
2	112365	0.779752	6238
2	112383	0.779877	6239
2	112401	0.780002	6240
2	112419	0.780127	6241
2	112437	0.780252	6242
2	112455	0.780377	6243
2	112473	0.780502	6244
2	112491	0.780627	6245
2	112509	0.780752	6246
2	112527	0.780877	6247
2	112545	0.781002	6248
2	112563	0.781127	6249
2	112581	0.781252	6250
2	112599	0.781377	6251
2	112617	0.781502	6252
2	112635	0.781627	6253
2	112653	0.781752	6254
2	112671	0.781877	6255
2	112689	0.782002	6256
2	112707	0.782127	6257
2	112725	0.782252	6258
2	112743	0.782377	6259
2	112761	0.782502	6260
2	112779	0.782627	6261
2	112797	0.782752	6262
2	112815	0.782877	6263
2	112833	0.783002	6264
2	112851	0.783127	6265
2	112869	0.783252	6266
2	112887	0.783377	6267
2	112905	0.783502	6268
2	112923	0.783627	6269
2	112941	0.783752	6270
2	112959	0.783877	6271
2	112977	0.784002	6272
2	112995	0.784127	6273
2	113013	0.784252	6274
2	113031	0.784377	6275
2	113049	0.784502	6276
2	113067	0.784627	6277
2	113085	0.784752	6278
2	113103	0.784877	6279
2	113121	0.785002	6280
2	113139	0.785127	6281
2	113157	0.785252	6282
2	113175	0.785377	6283
2	113193	0.785502	6284
2	113211	0.785627	6285
2	113229	0.785752	6286
2	113247	0.785877	6287
2	113265	0.786002	6288
2	113283	0.786127	6289
2	113301	0.786252	6290
2	113319	0.786377	6291
2	113337	0.786502	6292
2	113355	0.786627	6293
2	113373	0.786752	6294
2	113391	0.786877	6295
2	113409	0.787002	6296
2	113427	0.787127	6297
2	113445	0.787252	6298
2	113463	0.787377	6299
2	113481	0.787502	6300
2	113499	0.787627	6301
2	113517	0.787752	6302
2	113535	0.787877	6303
2	113553	0.788002	6304
2	113571	0.788127	6305
2	113589	0.788252	6306
2	113607	0.788377	6307
2	113625	0.788502	6308
2	113643	0.788627	6309
2	113661	0.788752	6310
2	113679	0.788877	6311
2	113697	0.789002	6312
2	113715	0.789127	6313
2	113733	0.789252	6314
2	113751	0.789377	6315
2	113769	0.789502	6316
2	113787	0.789627	6317
2	113805	0.789752	6318
2	113823	0.789877	6319
2	113841	0.790002	6320
2	113859	0.790127	6321
2	113877	0.790252	6322
2	113895	0.790377	6323
2	113913	0.790502	6324
2	113931	0.790627	6325
2	113949	0.790752	6326
2	113967	0.790877	6327
2	113985	0.791002	6328
2	114003	0.791127	6329
2	114021	0.791252	6330
2	114039	0.791377	6331
2	114057	0.791502	6332
2	114075	0.791627	6333
2	114093	0.791752	6334
2	114111	0.791877	6335
2	114129	0.792002	6336
2	114147	0.792127	6337
2	114165	0.792252	6338
2	114183	0.792377	6339
2	114201	0.792502	6340
2	114219	0.792627	6341
2	114237	0.792752	6342
2	114255	0.792877	6343
2	114273	0.793002	6344
2	114291	0.793127	6345
2	114309	0.793252	6346
2	114327	0.793377	6347
2	114345	0.793502	6348
2	114363	0.793627	6349
2	114381	0.793752	6350
2	114399	0.793877	6351
2	114417	0.794002	6352
2	114435	0.794127	6353
2	114453	0.794252	6354
2	114471	0.794377	6355
2	114489	0.794502	6356
2	114507	0.794627	6357
2	114525	0.794752	6358
2	114543	0.794877	6359
2	114561	0.795002	6360
2	114579	0.795127	6361
2	114597	0.795252	6362
2	114615	0.795377	6363
2	114633	0.795502	6364
2	114651	0.795627	6365
2	114669	0.795752	6366
2	114687	0.795877	6367
2	114705	0.796002	6368
2	114723	0.796127	6369
2	114741	0.796252	6370
2	114759	0.796377	6371
2	114777	0.796502	6372
2	114795	0.796627	6373
2	114813	0.796752	6374
2	114831	0.796877	6375
2	114849	0.797002	6376
2	114867	0.797127	6377
2	114885	0.797252	6378
2	114903	0.797377	6379
2	114921	0.797502	6380
2	114939	0.797627	6381
2	114957	0.797752	6382
2	114975	0.797877	6383
2	114993	0.798002	6384
2	115011	0.798127	6385
2	115029	0.798252	6386
2	115047	0.798377	6387
2	115065	0.798502	6388
2	115083	0.798627	6389
2	115101	0.798752	6390
2	115119	0.798877	6391
2	115137	0.799002	6392
2	115155	0.799127	6393
2	115173	0.799252	6394
2	115191	0.799377	6395
2	115209	0.799502	6396
2	115227	0.799627	6397
2	115245	0.799752	6398
2	115263	0.799877	6399
2	115281	0.800002	6400
2	115299	0.800127	6401
2	115317	0.800252	6402
2	115335	0.800377	6403
2	115353	0.800502	6404
2	115371	0.800627	6405
2	115389	0.800752	6406
2	115407	0.800877	6407
2	115425	0.801002	6408
2	115443	0.801127	6409
2	115461	0.801252	6410
2	115479	0.801377	6411
2	115497	0.801502	6412
2	115515	0.801627	6413
2	115533	0.801752	6414
2	115551	0.801877	6415
2	115569	0.802002	6416
2	115587	0.802127	6417
2	115605	0.802252	6418
2	115623	0.802377	6419
2	115641	0.802502	6420
2	115659	0.802627	6421
2	115677	0.802752	6422
2	115695	0.802877	6423
2	115713	0.803002	6424
2	115731	0.803127	6425
2	115749	0.803252	6426
2	115767	0.803377	6427
2	115785	0.803502	6428
2	115803	0.803627	6429
2	115821	0.803752	6430
2	115839	0.803877	6431
2	115857	0.804002	6432
2	115875	0.804127	6433
2	115893	0.804252	6434
2	115911	0.804377	6435
2	115929	0.804502	6436
2	115947	0.804627	6437
2	115965	0.804752	6438
2	115983	0.804877	6439
2	116001	0.805002	6440
2	116019	0.805127	6441
2	116037	0.805252	6442
2	116055	0.805377	6443
2	116073	0.805502	6444
2	116091	0.805627	6445
2	116109	0.805752	6446
2	116127	0.805877	6447
2	116145	0.806002	6448
2	116163	0.806127	6449
2	116181	0.806252	6450
2	116199	0.806377	6451
2	116217	0.806502	6452
2	116235	0.806627	6453
2	116253	0.806752	6454
2	116271	0.806877	6455
2	116289	0.807002	6456
2	116307	0.807127	6457
2	116325	0.807252	6458
2	116343	0.807377	6459
2	116361	0.807502	6460
2	116379	0.807627	6461
2	116397	0.807752	6462
2	116415	0.807877	6463
2	116433	0.808002	6464
2	116451	0.808127	6465
2	116469	0.808252	6466
2	116487	0.808377	6467
2	116505	0.808502	6468
2	116523	0.808627	6469
2	116541	0.808752	6470
2	116559	0.808877	6471
2	116577	0.809002	6472
2	116595	0.809127	6473
2	116613	0.809252	6474
2	116631	0.809377	6475
2	116649	0.809502	6476
2	116667	0.809627	6477
2	116685	0.809752	6478
2	116703	0.809877	6479
2	116721	0.810002	6480
2	116739	0.810127	6481
2	116757	0.810252	6482
2	116775	0.810377	6483
2	116793	0.810502	6484
2	116811	0.810627	6485
2	116829	0.810752	6486
2	116847	0.810877	6487
2	116865	0.811002	6488
2	116883	0.811127	6489
2	116901	0.811252	6490
2	116919	0.811377	6491
2	116937	0.811502	6492
2	116955	0.811627	6493
2	116973	0.811752	6494
2	116991	0.811877	6495
2	117009	0.812002	6496
2	117027	0.812127	6497
2	117045	0.812252	6498
2	117063	0.812377	6499
2	117081	0.812502	6500
2	117099	0.812627	6501
2	117117	0.812752	6502
2	117135	0.812877	6503
2	117153	0.813002	6504
2	117171	0.813127	6505
2	117189	0.813252	6506
2	117207	0.813377	6507
2	117225	0.813502	6508
2	117243	0.813627	6509
2	117261	0.813752	6510
2	117279	0.813877	6511
2	117297	0.814002	6512
2	117315	0.814127	6513
2	117333	0.814252	6514
2	117351	0.814377	6515
2	117369	0.814502	6516
2	117387	0.814627	6517
2	117405	0.814752	6518
2	117423	0.814877	6519
2	117441	0.815002	6520
2	117459	0.815127	6521
2	117477	0.815252	6522
2	117495	0.815377	6523
2	117513	0.815502	6524
2	117531	0.815627	6525
2	117551	0.815752	6526
2	117571	0.815877	6527
2	117589	0.816002	6528
2	117607	0.816127	6529
2	117625	0.816252	6530
2	117643	0.816377	6531
2	117661	0.816502	6532
2	117679	0.816627	6533
2	117697	0.816752	6534
2	117715	0.816877	6535
2	117733	0.817002	6536
2	117751	0.817127	6537
2	117769	0.817252	6538
2	117787	0.817377	6539
2	117805	0.817502	6540
2	117823	0.817627	6541
2	117841	0.817752	6542
2	117859	0.817877	6543
2	117877	0.818002	6544
2	117895	0.818127	6545
2	117913	0.818252	6546
2	117931	0.818377	6547
2	117949	0.818502	6548
2	117967	0.818627	6549
2	117985	0.818752	6550
2	118003	0.818877	6551
2	118021	0.819002	6552
2	118039	0.819127	6553
2	118057	0.819252	6554
2	118075	0.819377	6555
2	118093	0.819502	6556
2	118111	0.819627	6557
2	118129	0.819752	6558
2	118147	0.819877	6559
2	118165	0.820002	6560
2	118183	0.820127	6561
2	118201	0.820252	6562
2	118219	0.820377	6563
2	118237	0.820502	6564
2	118255	0.820627	6565
2	118273	0.820752	6566
2	118291	0.820877	6567
2	118309	0.821002	6568
2	118327	0.821127	6569
2	118345	0.821252	6570
2	118363	0.821377	6571
2	118381	0.821502	6572
2	118399	0.821627	6573
2	118417	0.821752	6574
2	118435	0.821877	6575
2	118453	0.822002	6576
2	118471	0.822127	6577
2	118489	0.822252	6578
2	118507	0.822377	6579
2	118525	0.822502	6580
2	118543	0.822627	6581
2	118561	0.822752	6582
2	118579	0.822877	6583
2	118597	0.823002	6584
2	118615	0.823127	6585
2	118633	0.823252	6586
2	118651	0.823377	6587
2	118669	0.823502	6588
2	118687	0.823627	6589
2	118705	0.823752	6590
2	118723	0.823877	6591
2	118741	0.824002	6592
2	118759	0.824127	6593
2	118777	0.824252	6594
2	118795	0.824377	6595
2	118813	0.824502	6596
2	118831	0.824627	6597
2	118849	0.824752	6598
2	118867	0.824877	6599
2	118885	0.825002	6600
2	118903	0.825127	6601
2	118921	0.825252	6602
2	118939	0.825377	6603
2	118957	0.825502	6604
2	118975	0.825627	6605
2	118993	0.825752	6606
2	119011	0.825877	6607
2	119029	0.826002	6608
2	119047	0.826127	6609
2	119065	0.826252	6610
2	119083	0.826377	6611
2	119101	0.826502	6612
2	119119	0.826627	6613
2	119137	0.826752	6614
2	119155	0.826877	6615
2	119173	0.827002	6616
2	119191	0.827127	6617
2	119209	0.827252	6618
2	119227	0.827377	6619
2	119245	0.827502	6620
2	119263	0.827627	6621
2	119281	0.827752	6622
2	119299	0.827877	6623
2	119317	0.828002	6624
2	119335	0.828127	6625
2	119353	0.828252	6626
2	119371	0.828377	6627
2	119389	0.828502	6628
2	119407	0.828627	6629
2	119425	0.828752	6630
2	119443	0.828877	6631
2	119461	0.829002	6632
2	119479	0.829127	6633
2	119497	0.829252	6634
2	119515	0.829377	6635
2	119533	0.829502	6636
2	119551	0.829627	6637
2	119569	0.829752	6638
2	119587	0.829877	6639
2	119605	0.830002	6640
2	119623	0.830127	6641
2	119641	0.830252	6642
2	119659	0.830377	6643
2	119677	0.830502	6644
2	119695	0.830627	6645
2	119713	0.830752	6646
2	119731	0.830877	6647
2	119749	0.831002	6648
2	119767	0.831127	6649
2	119785	0.831252	6650
2	119803	0.831377	6651
2	119821	0.831502	6652
2	119839	0.831627	6653
2	119857	0.831752	6654
2	119875	0.831877	6655
2	119893	0.832002	6656
2	119911	0.832127	6657
2	119929	0.832252	6658
2	119947	0.832377	6659
2	119965	0.832502	6660
2	119983	0.832627	6661
2	120001	0.832752	6662
2	120019	0.832877	6663
2	120037	0.833002	6664
2	120055	0.833127	6665
2	120073	0.833252	6666
2	120091	0.833377	6667
2	120109	0.833502	6668
2	120127	0.833627	6669
2	120145	0.833752	6670
2	120163	0.833877	6671
2	120181	0.834002	6672
2	120199	0.834127	6673
2	120217	0.834252	6674
2	120235	0.834377	6675
2	120253	0.834502	6676
2	120271	0.834627	6677
2	120289	0.834752	6678
2	120307	0.834877	6679
2	120325	0.835002	6680
2	120343	0.835127	6681
2	120361	0.835252	6682
2	120379	0.835377	6683
2	120397	0.835502	6684
2	120415	0.835627	6685
2	120433	0.835752	6686
2	120451	0.835877	6687
2	120469	0.836002	6688
2	120487	0.836127	6689
2	120505	0.836252	6690
2	120523	0.836377	6691
2	120541	0.836502	6692
2	120559	0.836627	6693
2	120577	0.836752	6694
2	120595	0.836877	6695
2	120613	0.837002	6696
2	120631	0.837127	6697
2	120649	0.837252	6698
2	120667	0.837377	6699
2	120685	0.837502	6700
2	120703	0.837627	6701
2	120721	0.837752	6702
2	120739	0.837877	6703
2	120757	0.838002	6704
2	120775	0.838127	6705
2	120793	0.838252	6706
2	120811	0.838377	6707
2	120829	0.838502	6708
2	120847	0.838627	6709
2	120865	0.838752	6710
2	120883	0.838877	6711
2	120901	0.839002	6712
2	120919	0.839127	6713
2	120937	0.839252	6714
2	120955	0.839377	6715
2	120973	0.839502	6716
2	120991	0.839627	6717
2	121009	0.839752	6718
2	121027	0.839877	6719
2	121045	0.840002	6720
2	121063	0.840127	6721
2	121081	0.840252	6722
2	121099	0.840377	6723
2	121117	0.840502	6724
2	121135	0.840627	6725
2	121153	0.840752	6726
2	121171	0.840877	6727
2	121189	0.841002	6728
2	121207	0.841127	6729
2	121225	0.841252	6730
2	121243	0.841377	6731
2	121261	0.841502	6732
2	121279	0.841627	6733
2	121297	0.841752	6734
2	121315	0.841877	6735
2	121333	0.842002	6736
2	121351	0.842127	6737
2	121369	0.842252	6738
2	121387	0.842377	6739
2	121405	0.842502	6740
2	121423	0.842627	6741
2	121441	0.842752	6742
2	121459	0.842877	6743
2	121477	0.843002	6744
2	121495	0.843127	6745
2	121513	0.843252	6746
2	121531	0.843377	6747
2	121549	0.843502	6748
2	121567	0.843627	6749
2	121585	0.843752	6750
2	121603	0.843877	6751
2	121621	0.844002	6752
2	121639	0.844127	6753
2	121657	0.844252	6754
2	121675	0.844377	6755
2	121693	0.844502	6756
2	121711	0.844627	6757
2	121729	0.844752	6758
2	121747	0.844877	6759
2	121765	0.845002	6760
2	121783	0.845127	6761
2	121801	0.845252	6762
2	121819	0.845377	6763
2	121837	0.845502	6764
2	121855	0.845627	6765
2	121873	0.845752	6766
2	121891	0.845877	6767
2	121909	0.846002	6768
2	121927	0.846127	6769
2	121945	0.846252	6770
2	121963	0.846377	6771
2	121981	0.846502	6772
2	121999	0.846627	6773
2	122017	0.846752	6774
2	122035	0.846877	6775
2	122053	0.847002	6776
2	122071	0.847127	6777
2	122089	0.847252	6778
2	122107	0.847377	6779
2	122125	0.847502	6780
2	122143	0.847627	6781
2	122161	0.847752	6782
2	122179	0.847877	6783
2	122197	0.848002	6784
2	122215	0.848127	6785
2	122233	0.848252	6786
2	122251	0.848377	6787
2	122269	0.848502	6788
2	122287	0.848627	6789
2	122305	0.848752	6790
2	122323	0.848877	6791
2	122341	0.849002	6792
2	122359	0.849127	6793
2	122377	0.849252	6794
2	122395	0.849377	6795
2	122413	0.849502	6796
2	122431	0.849627	6797
2	122449	0.849752	6798
2	122467	0.849877	6799
2	122485	0.850002	6800
2	122503	0.850127	6801
2	122521	0.850252	6802
2	122539	0.850377	6803
2	122557	0.850502	6804
2	122575	0.850627	6805
2	122593	0.850752	6806
2	122611	0.850877	6807
2	122629	0.851002	6808
2	122647	0.851127	6809
2	122665	0.851252	6810
2	122683	0.851377	6811
2	122701	0.851502	6812
2	122719	0.851627	6813
2	122737	0.851752	6814
2	122755	0.851877	6815
2	122773	0.852002	6816
2	122791	0.852127	6817
2	122809	0.852252	6818
2	122827	0.852377	6819
2	122845	0.852502	6820
2	122863	0.852627	6821
2	122881	0.852752	6822
2	122899	0.852877	6823
2	122921	0.853002	6824
2	122939	0.853127	6825
2	122957	0.853252	6826
2	122975	0.853377	6827
2	122993	0.853502	6828
2	123011	0.853627	6829
2	123029	0.853752	6830
2	123047	0.853877	6831
2	123065	0.854002	6832
2	123083	0.854127	6833
2	123101	0.854252	6834
2	123119	0.854377	6835
2	123137	0.854502	6836
2	123155	0.854627	6837
2	123173	0.854752	6838
2	123191	0.854877	6839
2	123209	0.855002	6840
2	123227	0.855127	6841
2	123245	0.855252	6842
2	123263	0.855377	6843
2	123281	0.855502	6844
2	123299	0.855627	6845
2	123317	0.855752	6846
2	123335	0.855877	6847
2	123353	0.856002	6848
2	123371	0.856127	6849
2	123389	0.856252	6850
2	123407	0.856377	6851
2	123425	0.856502	6852
2	123443	0.856627	6853
2	123461	0.856752	6854
2	123479	0.856877	6855
2	123497	0.857002	6856
2	123515	0.857127	6857
2	123533	0.857252	6858
2	123551	0.857377	6859
2	123569	0.857502	6860
2	123587	0.857627	6861
2	123605	0.857752	6862
2	123623	0.857877	6863
2	123641	0.858002	6864
2	123659	0.858127	6865
2	123677	0.858252	6866
2	123695	0.858377	6867
2	123713	0.858502	6868
2	123731	0.858627	6869
2	123749	0.858752	6870
2	123767	0.858877	6871
2	123785	0.859002	6872
2	123803	0.859127	6873
2	123821	0.859252	6874
2	123839	0.859377	6875
2	123857	0.859502	6876
2	123875	0.859627	6877
2	123893	0.859752	6878
2	123911	0.859877	6879
2	123929	0.860002	6880
2	123947	0.860127	6881
2	123965	0.860252	6882
2	123983	0.860377	6883
2	124001	0.860502	6884
2	124019	0.860627	6885
2	124037	0.860752	6886
2	124055	0.860877	6887
2	124073	0.861002	6888
2	124091	0.861127	6889
2	124109	0.861252	6890
2	124127	0.861377	6891
2	124145	0.861502	6892
2	124163	0.861627	6893
2	124181	0.861752	6894
2	124199	0.861877	6895
2	124217	0.862002	6896
2	124235	0.862127	6897
2	124253	0.862252	6898
2	124271	0.862377	6899
2	124289	0.862502	6900
2	124307	0.862627	6901
2	124325	0.862752	6902
2	124343	0.862877	6903
2	124361	0.863002	6904
2	124379	0.863127	6905
2	124397	0.863252	6906
2	124415	0.863377	6907
2	124433	0.863502	6908
2	124451	0.863627	6909
2	124469	0.863752	6910
2	124487	0.863877	6911
2	124505	0.864002	6912
2	124523	0.864127	6913
2	124541	0.864252	6914
2	124559	0.864377	6915
2	124577	0.864502	6916
2	124595	0.864627	6917
2	124613	0.864752	6918
2	124631	0.864877	6919
2	124649	0.865002	6920
2	124667	0.865127	6921
2	124685	0.865252	6922
2	124703	0.865377	6923
2	124721	0.865502	6924
2	124739	0.865627	6925
2	124757	0.865752	6926
2	124775	0.865877	6927
2	124793	0.866002	6928
2	124811	0.866127	6929
2	124829	0.866252	6930
2	124847	0.866377	6931
2	124865	0.866502	6932
2	124883	0.866627	6933
2	124901	0.866752	6934
2	124919	0.866877	6935
2	124937	0.867002	6936
2	124955	0.867127	6937
2	124973	0.867252	6938
2	124991	0.867377	6939
2	125009	0.867502	6940
2	125027	0.867627	6941
2	125045	0.867752	6942
2	125063	0.867877	6943
2	125081	0.868002	6944
2	125099	0.868127	6945
2	125117	0.868252	6946
2	125135	0.868377	6947
2	125153	0.868502	6948
2	125171	0.868627	6949
2	125189	0.868752	6950
2	125207	0.868877	6951
2	125225	0.869002	6952
2	125243	0.869127	6953
2	125261	0.869252	6954
2	125279	0.869377	6955
2	125297	0.869502	6956
2	125315	0.869627	6957
2	125333	0.869752	6958
2	125351	0.869877	6959
2	125369	0.870002	6960
2	125387	0.870127	6961
2	125405	0.870252	6962
2	125423	0.870377	6963
2	125441	0.870502	6964
2	125459	0.870627	6965
2	125477	0.870752	6966
2	125495	0.870877	6967
2	125513	0.871002	6968
2	125531	0.871127	6969
2	125549	0.871252	6970
2	125567	0.871377	6971
2	125585	0.871502	6972
2	125603	0.871627	6973
2	125621	0.871752	6974
2	125639	0.871877	6975
2	125657	0.872002	6976
2	125675	0.872127	6977
2	125693	0.872252	6978
2	125711	0.872377	6979
2	125729	0.872502	6980
2	125747	0.872627	6981
2	125765	0.872752	6982
2	125783	0.872877	6983
2	125801	0.873002	6984
2	125819	0.873127	6985
2	125837	0.873252	6986
2	125855	0.873377	6987
2	125873	0.873502	6988
2	125891	0.873627	6989
2	125909	0.873752	6990
2	125927	0.873877	6991
2	125945	0.874002	6992
2	125963	0.874127	6993
2	125981	0.874252	6994
2	125999	0.874377	6995
2	126017	0.874502	6996
2	126035	0.874627	6997
2	126053	0.874752	6998
2	126071	0.874877	6999
2	126089	0.875002	7000
2	126107	0.875127	7001
2	126125	0.875252	7002
2	126143	0.875377	7003
2	126161	0.875502	7004
2	126179	0.875627	7005
2	126197	0.875752	7006
2	126215	0.875877	7007
2	126233	0.876002	7008
2	126251	0.876127	7009
2	126269	0.876252	7010
2	126287	0.876377	7011
2	126305	0.876502	7012
2	126323	0.876627	7013
2	126341	0.876752	7014
2	126359	0.876877	7015
2	126377	0.877002	7016
2	126395	0.877127	7017
2	126413	0.877252	7018
2	126431	0.877377	7019
2	126449	0.877502	7020
2	126467	0.877627	7021
2	126485	0.877752	7022
2	126503	0.877877	7023
2	126521	0.878002	7024
2	126539	0.878127	7025
2	126557	0.878252	7026
2	126575	0.878377	7027
2	126593	0.878502	7028
2	126611	0.878627	7029
2	126629	0.878752	7030
2	126647	0.878877	7031
2	126665	0.879002	7032
2	126683	0.879127	7033
2	126701	0.879252	7034
2	126719	0.879377	7035
2	126737	0.879502	7036
2	126755	0.879627	7037
2	126773	0.879752	7038
2	126791	0.879877	7039
2	126809	0.880002	7040
2	126827	0.880127	7041
2	126845	0.880252	7042
2	126863	0.880377	7043
2	126881	0.880502	7044
2	126899	0.880627	7045
2	126917	0.880752	7046
2	126935	0.880877	7047
2	126953	0.881002	7048
2	126971	0.881127	7049
2	126989	0.881252	7050
2	127007	0.881377	7051
2	127025	0.881502	7052
2	127043	0.881627	7053
2	127061	0.881752	7054
2	127079	0.881877	7055
2	127097	0.882002	7056
2	127115	0.882127	7057
2	127133	0.882252	7058
2	127151	0.882377	7059
2	127169	0.882502	7060
2	127187	0.882627	7061
2	127205	0.882752	7062
2	127223	0.882877	7063
2	127241	0.883002	7064
2	127259	0.883127	7065
2	127277	0.883252	7066
2	127295	0.883377	7067
2	127313	0.883502	7068
2	127331	0.883627	7069
2	127349	0.883752	7070
2	127367	0.883877	7071
2	127385	0.884002	7072
2	127403	0.884127	7073
2	127421	0.884252	7074
2	127439	0.884377	7075
2	127457	0.884502	7076
2	127475	0.884627	7077
2	127493	0.884752	7078
2	127511	0.884877	7079
2	127529	0.885002	7080
2	127547	0.885127	7081
2	127565	0.885252	7082
2	127583	0.885377	7083
2	127601	0.885502	7084
2	127619	0.885627	7085
2	127637	0.885752	7086
2	127655	0.885877	7087
2	127673	0.886002	7088
2	127691	0.886127	7089
2	127709	0.886252	7090
2	127727	0.886377	7091
2	127745	0.886502	7092
2	127763	0.886627	7093
2	127781	0.886752	7094
2	127799	0.886877	7095
2	127817	0.887002	7096
2	127835	0.887127	7097
2	127853	0.887252	7098
2	127871	0.887377	7099
2	127889	0.887502	7100
2	127907	0.887627	7101
2	127925	0.887752	7102
2	127943	0.887877	7103
2	127961	0.888002	7104
2	127979	0.888127	7105
2	127997	0.888252	7106
2	128015	0.888377	7107
2	128033	0.888502	7108
2	128051	0.888627	7109
2	128069	0.888752	7110
2	128087	0.888877	7111
2	128105	0.889002	7112
2	128123	0.889127	7113
2	128141	0.889252	7114
2	128159	0.889377	7115
2	128177	0.889502	7116
2	128195	0.889627	7117
2	128213	0.889752	7118
2	128231	0.889877	7119
2	128249	0.890002	7120
2	128271	0.890127	7121
2	128289	0.890252	7122
2	128307	0.890377	7123
2	128325	0.890502	7124
2	128343	0.890627	7125
2	128361	0.890752	7126
2	128379	0.890877	7127
2	128397	0.891002	7128
2	128415	0.891127	7129
2	128433	0.891252	7130
2	128451	0.891377	7131
2	128469	0.891502	7132
2	128487	0.891627	7133
2	128505	0.891752	7134
2	128523	0.891877	7135
2	128541	0.892002	7136
2	128559	0.892127	7137
2	128577	0.892252	7138
2	128595	0.892377	7139
2	128613	0.892502	7140
2	128631	0.892627	7141
2	128649	0.892752	7142
2	128667	0.892877	7143
2	128685	0.893002	7144
2	128703	0.893127	7145
2	128721	0.893252	7146
2	128739	0.893377	7147
2	128757	0.893502	7148
2	128775	0.893627	7149
2	128793	0.893752	7150
2	128811	0.893877	7151
2	128829	0.894002	7152
2	128847	0.894127	7153
2	128865	0.894252	7154
2	128883	0.894377	7155
2	128901	0.894502	7156
2	128919	0.894627	7157
2	128937	0.894752	7158
2	128955	0.894877	7159
2	128973	0.895002	7160
2	128991	0.895127	7161
2	129009	0.895252	7162
2	129027	0.895377	7163
2	129045	0.895502	7164
2	129063	0.895627	7165
2	129081	0.895752	7166
2	129099	0.895877	7167
2	129117	0.896002	7168
2	129135	0.896127	7169
2	129153	0.896252	7170
2	129171	0.896377	7171
2	129189	0.896502	7172
2	129207	0.896627	7173
2	129225	0.896752	7174
2	129243	0.896877	7175
2	129261	0.897002	7176
2	129279	0.897127	7177
2	129297	0.897252	7178
2	129315	0.897377	7179
2	129333	0.897502	7180
2	129351	0.897627	7181
2	129369	0.897752	7182
2	129387	0.897877	7183
2	129405	0.898002	7184
2	129423	0.898127	7185
2	129441	0.898252	7186
2	129459	0.898377	7187
2	129477	0.898502	7188
2	129495	0.898627	7189
2	129513	0.898752	7190
2	129531	0.898877	7191
2	129549	0.899002	7192
2	129567	0.899127	7193
2	129585	0.899252	7194
2	129603	0.899377	7195
2	129621	0.899502	7196
2	129639	0.899627	7197
2	129657	0.899752	7198
2	129675	0.899877	7199
2	129693	0.900002	7200
2	129711	0.900127	7201
2	129729	0.900252	7202
2	129747	0.900377	7203
2	129765	0.900502	7204
2	129783	0.900627	7205
2	129801	0.900752	7206
2	129819	0.900877	7207
2	129837	0.901002	7208
2	129855	0.901127	7209
2	129873	0.901252	7210
2	129891	0.901377	7211
2	129909	0.901502	7212
2	129927	0.901627	7213
2	129945	0.901752	7214
2	129963	0.901877	7215
2	129981	0.902002	7216
2	129999	0.902127	7217
2	130017	0.902252	7218
2	130035	0.902377	7219
2	130053	0.902502	7220
2	130071	0.902627	7221
2	130089	0.902752	7222
2	130107	0.902877	7223
2	130125	0.903002	7224
2	130143	0.903127	7225
2	130161	0.903252	7226
2	130179	0.903377	7227
2	130197	0.903502	7228
2	130215	0.903627	7229
2	130233	0.903752	7230
2	130251	0.903877	7231
2	130269	0.904002	7232
2	130287	0.904127	7233
2	130305	0.904252	7234
2	130323	0.904377	7235
2	130341	0.904502	7236
2	130359	0.904627	7237
2	130377	0.904752	7238
2	130395	0.904877	7239
2	130413	0.905002	7240
2	130431	0.905127	7241
2	130449	0.905252	7242
2	130467	0.905377	7243
2	130485	0.905502	7244
2	130503	0.905627	7245
2	130521	0.905752	7246
2	130539	0.905877	7247
2	130557	0.906002	7248
2	130575	0.906127	7249
2	130593	0.906252	7250
2	130611	0.906377	7251
2	130629	0.906502	7252
2	130647	0.906627	7253
2	130665	0.906752	7254
2	130683	0.906877	7255
2	130701	0.907002	7256
2	130719	0.907127	7257
2	130737	0.907252	7258
2	130755	0.907377	7259
2	130773	0.907502	7260
2	130791	0.907627	7261
2	130809	0.907752	7262
2	130827	0.907877	7263
2	130845	0.908002	7264
2	130863	0.908127	7265
2	130881	0.908252	7266
2	130899	0.908377	7267
2	130917	0.908502	7268
2	130935	0.908627	7269
2	130953	0.908752	7270
2	130971	0.908877	7271
2	130989	0.909002	7272
2	131007	0.909127	7273
2	131025	0.909252	7274
2	131043	0.909377	7275
2	131061	0.909502	7276
2	131079	0.909627	7277
2	131097	0.909752	7278
2	131115	0.909877	7279
2	131133	0.910002	7280
2	131151	0.910127	7281
2	131169	0.910252	7282
2	131187	0.910377	7283
2	131205	0.910502	7284
2	131223	0.910627	7285
2	131241	0.910752	7286
2	131259	0.910877	7287
2	131277	0.911002	7288
2	131295	0.911127	7289
2	131313	0.911252	7290
2	131331	0.911377	7291
2	131349	0.911502	7292
2	131367	0.911627	7293
2	131385	0.911752	7294
2	131403	0.911877	7295
2	131421	0.912002	7296
2	131439	0.912127	7297
2	131457	0.912252	7298
2	131475	0.912377	7299
2	131493	0.912502	7300
2	131511	0.912627	7301
2	131529	0.912752	7302
2	131547	0.912877	7303
2	131565	0.913002	7304
2	131583	0.913127	7305
2	131601	0.913252	7306
2	131619	0.913377	7307
2	131637	0.913502	7308
2	131655	0.913627	7309
2	131673	0.913752	7310
2	131691	0.913877	7311
2	131709	0.914002	7312
2	131727	0.914127	7313
2	131745	0.914252	7314
2	131763	0.914377	7315
2	131781	0.914502	7316
2	131799	0.914627	7317
2	131817	0.914752	7318
2	131835	0.914877	7319
2	131853	0.915002	7320
2	131871	0.915127	7321
2	131889	0.915252	7322
2	131907	0.915377	7323
2	131925	0.915502	7324
2	131943	0.915627	7325
2	131961	0.915752	7326
2	131979	0.915877	7327
2	131997	0.916002	7328
2	132015	0.916127	7329
2	132033	0.916252	7330
2	132051	0.916377	7331
2	132069	0.916502	7332
2	132087	0.916627	7333
2	132105	0.916752	7334
2	132123	0.916877	7335
2	132141	0.917002	7336
2	132159	0.917127	7337
2	132177	0.917252	7338
2	132195	0.917377	7339
2	132213	0.917502	7340
2	132231	0.917627	7341
2	132249	0.917752	7342
2	132267	0.917877	7343
2	132285	0.918002	7344
2	132303	0.918127	7345
2	132321	0.918252	7346
2	132339	0.918377	7347
2	132357	0.918502	7348
2	132375	0.918627	7349
2	132393	0.918752	7350
2	132411	0.918877	7351
2	132429	0.919002	7352
2	132447	0.919127	7353
2	132465	0.919252	7354
2	132483	0.919377	7355
2	132501	0.919502	7356
2	132519	0.919627	7357
2	132537	0.919752	7358
2	132555	0.919877	7359
2	132573	0.920002	7360
2	132591	0.920127	7361
2	132609	0.920252	7362
2	132627	0.920377	7363
2	132645	0.920502	7364
2	132663	0.920627	7365
2	132681	0.920752	7366
2	132699	0.920877	7367
2	132717	0.921002	7368
2	132735	0.921127	7369
2	132753	0.921252	7370
2	132771	0.921377	7371
2	132789	0.921502	7372
2	132807	0.921627	7373
2	132825	0.921752	7374
2	132843	0.921877	7375
2	132861	0.922002	7376
2	132879	0.922127	7377
2	132897	0.922252	7378
2	132915	0.922377	7379
2	132933	0.922502	7380
2	132951	0.922627	7381
2	132969	0.922752	7382
2	132987	0.922877	7383
2	133005	0.923002	7384
2	133023	0.923127	7385
2	133041	0.923252	7386
2	133059	0.923377	7387
2	133077	0.923502	7388
2	133095	0.923627	7389
2	133113	0.923752	7390
2	133131	0.923877	7391
2	133149	0.924002	7392
2	133167	0.924127	7393
2	133185	0.924252	7394
2	133203	0.924377	7395
2	133221	0.924502	7396
2	133239	0.924627	7397
2	133257	0.924752	7398
2	133275	0.924877	7399
2	133293	0.925002	7400
2	133311	0.925127	7401
2	133329	0.925252	7402
2	133347	0.925377	7403
2	133365	0.925502	7404
2	133383	0.925627	7405
2	133401	0.925752	7406
2	133419	0.925877	7407
2	133437	0.926002	7408
2	133455	0.926127	7409
2	133473	0.926252	7410
2	133491	0.926377	7411
2	133509	0.926502	7412
2	133527	0.926627	7413
2	133545	0.926752	7414
2	133563	0.926877	7415
2	133581	0.927002	7416
2	133599	0.927127	7417
2	133621	0.927252	7418
2	133639	0.927377	7419
2	133657	0.927502	7420
2	133675	0.927627	7421
2	133693	0.927752	7422
2	133711	0.927877	7423
2	133729	0.928002	7424
2	133747	0.928127	7425
2	133765	0.928252	7426
2	133783	0.928377	7427
2	133801	0.928502	7428
2	133819	0.928627	7429
2	133837	0.928752	7430
2	133855	0.928877	7431
2	133873	0.929002	7432
2	133891	0.929127	7433
2	133909	0.929252	7434
2	133927	0.929377	7435
2	133945	0.929502	7436
2	133963	0.929627	7437
2	133981	0.929752	7438
2	133999	0.929877	7439
2	134017	0.930002	7440
2	134035	0.930127	7441
2	134053	0.930252	7442
2	134071	0.930377	7443
2	134089	0.930502	7444
2	134107	0.930627	7445
2	134125	0.930752	7446
2	134143	0.930877	7447
2	134161	0.931002	7448
2	134179	0.931127	7449
2	134197	0.931252	7450
2	134215	0.931377	7451
2	134233	0.931502	7452
2	134251	0.931627	7453
2	134269	0.931752	7454
2	134287	0.931877	7455
2	134305	0.932002	7456
2	134323	0.932127	7457
2	134341	0.932252	7458
2	134359	0.932377	7459
2	134377	0.932502	7460
2	134395	0.932627	7461
2	134413	0.932752	7462
2	134431	0.932877	7463
2	134449	0.933002	7464
2	134467	0.933127	7465
2	134485	0.933252	7466
2	134503	0.933377	7467
2	134521	0.933502	7468
2	134539	0.933627	7469
2	134557	0.933752	7470
2	134575	0.933877	7471
2	134593	0.934002	7472
2	134611	0.934127	7473
2	134629	0.934252	7474
2	134647	0.934377	7475
2	134665	0.934502	7476
2	134683	0.934627	7477
2	134701	0.934752	7478
2	134719	0.934877	7479
2	134737	0.935002	7480
2	134755	0.935127	7481
2	134773	0.935252	7482
2	134791	0.935377	7483
2	134809	0.935502	7484
2	134827	0.935627	7485
2	134845	0.935752	7486
2	134863	0.935877	7487
2	134881	0.936002	7488
2	134899	0.936127	7489
2	134917	0.936252	7490
2	134935	0.936377	7491
2	134953	0.936502	7492
2	134971	0.936627	7493
2	134989	0.936752	7494
2	135007	0.936877	7495
2	135025	0.937002	7496
2	135043	0.937127	7497
2	135061	0.937252	7498
2	135079	0.937377	7499
2	135097	0.937502	7500
2	135115	0.937627	7501
2	135133	0.937752	7502
2	135151	0.937877	7503
2	135169	0.938002	7504
2	135187	0.938127	7505
2	135205	0.938252	7506
2	135223	0.938377	7507
2	135241	0.938502	7508
2	135259	0.938627	7509
2	135277	0.938752	7510
2	135295	0.938877	7511
2	135313	0.939002	7512
2	135331	0.939127	7513
2	135349	0.939252	7514
2	135367	0.939377	7515
2	135385	0.939502	7516
2	135403	0.939627	7517
2	135421	0.939752	7518
2	135439	0.939877	7519
2	135457	0.940002	7520
2	135475	0.940127	7521
2	135493	0.940252	7522
2	135511	0.940377	7523
2	135529	0.940502	7524
2	135547	0.940627	7525
2	135565	0.940752	7526
2	135583	0.940877	7527
2	135601	0.941002	7528
2	135619	0.941127	7529
2	135637	0.941252	7530
2	135655	0.941377	7531
2	135673	0.941502	7532
2	135691	0.941627	7533
2	135709	0.941752	7534
2	135727	0.941877	7535
2	135745	0.942002	7536
2	135763	0.942127	7537
2	135781	0.942252	7538
2	135799	0.942377	7539
2	135817	0.942502	7540
2	135835	0.942627	7541
2	135853	0.942752	7542
2	135871	0.942877	7543
2	135889	0.943002	7544
2	135907	0.943127	7545
2	135925	0.943252	7546
2	135943	0.943377	7547
2	135961	0.943502	7548
2	135979	0.943627	7549
2	135997	0.943752	7550
2	136015	0.943877	7551
2	136033	0.944002	7552
2	136051	0.944127	7553
2	136069	0.944252	7554
2	136087	0.944377	7555
2	136105	0.944502	7556
2	136123	0.944627	7557
2	136141	0.944752	7558
2	136159	0.944877	7559
2	136177	0.945002	7560
2	136195	0.945127	7561
2	136213	0.945252	7562
2	136231	0.945377	7563
2	136249	0.945502	7564
2	136267	0.945627	7565
2	136285	0.945752	7566
2	136303	0.945877	7567
2	136321	0.946002	7568
2	136339	0.946127	7569
2	136357	0.946252	7570
2	136375	0.946377	7571
2	136393	0.946502	7572
2	136411	0.946627	7573
2	136429	0.946752	7574
2	136447	0.946877	7575
2	136465	0.947002	7576
2	136483	0.947127	7577
2	136501	0.947252	7578
2	136519	0.947377	7579
2	136537	0.947502	7580
2	136555	0.947627	7581
2	136573	0.947752	7582
2	136591	0.947877	7583
2	136609	0.948002	7584
2	136627	0.948127	7585
2	136645	0.948252	7586
2	136663	0.948377	7587
2	136681	0.948502	7588
2	136699	0.948627	7589
2	136717	0.948752	7590
2	136735	0.948877	7591
2	136753	0.949002	7592
2	136771	0.949127	7593
2	136789	0.949252	7594
2	136807	0.949377	7595
2	136825	0.949502	7596
2	136843	0.949627	7597
2	136861	0.949752	7598
2	136879	0.949877	7599
2	136897	0.950002	7600
2	136915	0.950127	7601
2	136933	0.950252	7602
2	136951	0.950377	7603
2	136969	0.950502	7604
2	136987	0.950627	7605
2	137005	0.950752	7606
2	137023	0.950877	7607
2	137041	0.951002	7608
2	137059	0.951127	7609
2	137077	0.951252	7610
2	137095	0.951377	7611
2	137113	0.951502	7612
2	137131	0.951627	7613
2	137149	0.951752	7614
2	137167	0.951877	7615
2	137185	0.952002	7616
2	137203	0.952127	7617
2	137221	0.952252	7618
2	137239	0.952377	7619
2	137257	0.952502	7620
2	137275	0.952627	7621
2	137293	0.952752	7622
2	137311	0.952877	7623
2	137329	0.953002	7624
2	137347	0.953127	7625
2	137365	0.953252	7626
2	137383	0.953377	7627
2	137401	0.953502	7628
2	137419	0.953627	7629
2	137437	0.953752	7630
2	137455	0.953877	7631
2	137473	0.954002	7632
2	137491	0.954127	7633
2	137509	0.954252	7634
2	137527	0.954377	7635
2	137545	0.954502	7636
2	137563	0.954627	7637
2	137581	0.954752	7638
2	137599	0.954877	7639
2	137617	0.955002	7640
2	137635	0.955127	7641
2	137653	0.955252	7642
2	137671	0.955377	7643
2	137689	0.955502	7644
2	137707	0.955627	7645
2	137725	0.955752	7646
2	137743	0.955877	7647
2	137761	0.956002	7648
2	137779	0.956127	7649
2	137797	0.956252	7650
2	137815	0.956377	7651
2	137833	0.956502	7652
2	137851	0.956627	7653
2	137869	0.956752	7654
2	137887	0.956877	7655
2	137905	0.957002	7656
2	137923	0.957127	7657
2	137941	0.957252	7658
2	137959	0.957377	7659
2	137977	0.957502	7660
2	137995	0.957627	7661
2	138013	0.957752	7662
2	138031	0.957877	7663
2	138049	0.958002	7664
2	138067	0.958127	7665
2	138085	0.958252	7666
2	138103	0.958377	7667
2	138121	0.958502	7668
2	138139	0.958627	7669
2	138157	0.958752	7670
2	138175	0.958877	7671
2	138193	0.959002	7672
2	138211	0.959127	7673
2	138229	0.959252	7674
2	138247	0.959377	7675
2	138265	0.959502	7676
2	138283	0.959627	7677
2	138301	0.959752	7678
2	138319	0.959877	7679
2	138337	0.960002	7680
2	138355	0.960127	7681
2	138373	0.960252	7682
2	138391	0.960377	7683
2	138409	0.960502	7684
2	138427	0.960627	7685
2	138445	0.960752	7686
2	138463	0.960877	7687
2	138481	0.961002	7688
2	138499	0.961127	7689
2	138517	0.961252	7690
2	138535	0.961377	7691
2	138553	0.961502	7692
2	138571	0.961627	7693
2	138589	0.961752	7694
2	138607	0.961877	7695
2	138625	0.962002	7696
2	138643	0.962127	7697
2	138661	0.962252	7698
2	138679	0.962377	7699
2	138697	0.962502	7700
2	138715	0.962627	7701
2	138733	0.962752	7702
2	138751	0.962877	7703
2	138769	0.963002	7704
2	138787	0.963127	7705
2	138805	0.963252	7706
2	138823	0.963377	7707
2	138841	0.963502	7708
2	138859	0.963627	7709
2	138877	0.963752	7710
2	138895	0.963877	7711
2	138913	0.964002	7712
2	138931	0.964127	7713
2	138949	0.964252	7714
2	138967	0.964377	7715
2	138989	0.964502	7716
2	139007	0.964627	7717
2	139025	0.964752	7718
2	139043	0.964877	7719
2	139061	0.965002	7720
2	139079	0.965127	7721
2	139097	0.965252	7722
2	139115	0.965377	7723
2	139133	0.965502	7724
2	139151	0.965627	7725
2	139169	0.965752	7726
2	139187	0.965877	7727
2	139205	0.966002	7728
2	139223	0.966127	7729
2	139241	0.966252	7730
2	139259	0.966377	7731
2	139277	0.966502	7732
2	139295	0.966627	7733
2	139313	0.966752	7734
2	139331	0.966877	7735
2	139349	0.967002	7736
2	139367	0.967127	7737
2	139385	0.967252	7738
2	139403	0.967377	7739
2	139421	0.967502	7740
2	139439	0.967627	7741
2	139457	0.967752	7742
2	139475	0.967877	7743
2	139493	0.968002	7744
2	139511	0.968127	7745
2	139529	0.968252	7746
2	139547	0.968377	7747
2	139565	0.968502	7748
2	139583	0.968627	7749
2	139601	0.968752	7750
2	139619	0.968877	7751
2	139637	0.969002	7752
2	139655	0.969127	7753
2	139673	0.969252	7754
2	139691	0.969377	7755
2	139709	0.969502	7756
2	139727	0.969627	7757
2	139745	0.969752	7758
2	139763	0.969877	7759
2	139781	0.970002	7760
2	139799	0.970127	7761
2	139817	0.970252	7762
2	139835	0.970377	7763
2	139853	0.970502	7764
2	139871	0.970627	7765
2	139889	0.970752	7766
2	139907	0.970877	7767
2	139925	0.971002	7768
2	139943	0.971127	7769
2	139961	0.971252	7770
2	139979	0.971377	7771
2	139997	0.971502	7772
2	140015	0.971627	7773
2	140033	0.971752	7774
2	140051	0.971877	7775
2	140069	0.972002	7776
2	140087	0.972127	7777
2	140105	0.972252	7778
2	140123	0.972377	7779
2	140141	0.972502	7780
2	140159	0.972627	7781
2	140177	0.972752	7782
2	140195	0.972877	7783
2	140213	0.973002	7784
2	140231	0.973127	7785
2	140249	0.973252	7786
2	140267	0.973377	7787
2	140285	0.973502	7788
2	140303	0.973627	7789
2	140321	0.973752	7790
2	140339	0.973877	7791
2	140357	0.974002	7792
2	140375	0.974127	7793
2	140393	0.974252	7794
2	140411	0.974377	7795
2	140429	0.974502	7796
2	140447	0.974627	7797
2	140465	0.974752	7798
2	140483	0.974877	7799
2	140501	0.975002	7800
2	140519	0.975127	7801
2	140537	0.975252	7802
2	140555	0.975377	7803
2	140573	0.975502	7804
2	140591	0.975627	7805
2	140609	0.975752	7806
2	140627	0.975877	7807
2	140645	0.976002	7808
2	140663	0.976127	7809
2	140681	0.976252	7810
2	140699	0.976377	7811
2	140717	0.976502	7812
2	140735	0.976627	7813
2	140753	0.976752	7814
2	140771	0.976877	7815
2	140789	0.977002	7816
2	140807	0.977127	7817
2	140825	0.977252	7818
2	140843	0.977377	7819
2	140861	0.977502	7820
2	140879	0.977627	7821
2	140897	0.977752	7822
2	140915	0.977877	7823
2	140933	0.978002	7824
2	140951	0.978127	7825
2	140969	0.978252	7826
2	140987	0.978377	7827
2	141005	0.978502	7828
2	141023	0.978627	7829
2	141041	0.978752	7830
2	141059	0.978877	7831
2	141077	0.979002	7832
2	141095	0.979127	7833
2	141113	0.979252	7834
2	141131	0.979377	7835
2	141149	0.979502	7836
2	141167	0.979627	7837
2	141185	0.979752	7838
2	141203	0.979877	7839
2	141221	0.980002	7840
2	141239	0.980127	7841
2	141257	0.980252	7842
2	141275	0.980377	7843
2	141293	0.980502	7844
2	141311	0.980627	7845
2	141329	0.980752	7846
2	141347	0.980877	7847
2	141365	0.981002	7848
2	141383	0.981127	7849
2	141401	0.981252	7850
2	141419	0.981377	7851
2	141437	0.981502	7852
2	141455	0.981627	7853
2	141473	0.981752	7854
2	141491	0.981877	7855
2	141509	0.982002	7856
2	141527	0.982127	7857
2	141545	0.982252	7858
2	141563	0.982377	7859
2	141581	0.982502	7860
2	141599	0.982627	7861
2	141617	0.982752	7862
2	141635	0.982877	7863
2	141653	0.983002	7864
2	141671	0.983127	7865
2	141689	0.983252	7866
2	141707	0.983377	7867
2	141725	0.983502	7868
2	141743	0.983627	7869
2	141761	0.983752	7870
2	141779	0.983877	7871
2	141797	0.984002	7872
2	141815	0.984127	7873
2	141833	0.984252	7874
2	141851	0.984377	7875
2	141869	0.984502	7876
2	141887	0.984627	7877
2	141905	0.984752	7878
2	141923	0.984877	7879
2	141941	0.985002	7880
2	141959	0.985127	7881
2	141977	0.985252	7882
2	141995	0.985377	7883
2	142013	0.985502	7884
2	142031	0.985627	7885
2	142049	0.985752	7886
2	142067	0.985877	7887
2	142085	0.986002	7888
2	142103	0.986127	7889
2	142121	0.986252	7890
2	142139	0.986377	7891
2	142157	0.986502	7892
2	142175	0.986627	7893
2	142193	0.986752	7894
2	142211	0.986877	7895
2	142229	0.987002	7896
2	142247	0.987127	7897
2	142265	0.987252	7898
2	142283	0.987377	7899
2	142301	0.987502	7900
2	142319	0.987627	7901
2	142337	0.987752	7902
2	142355	0.987877	7903
2	142373	0.988002	7904
2	142391	0.988127	7905
2	142409	0.988252	7906
2	142427	0.988377	7907
2	142445	0.988502	7908
2	142463	0.988627	7909
2	142481	0.988752	7910
2	142499	0.988877	7911
2	142517	0.989002	7912
2	142535	0.989127	7913
2	142553	0.989252	7914
2	142571	0.989377	7915
2	142589	0.989502	7916
2	142607	0.989627	7917
2	142625	0.989752	7918
2	142643	0.989877	7919
2	142661	0.990002	7920
2	142679	0.990127	7921
2	142697	0.990252	7922
2	142715	0.990377	7923
2	142733	0.990502	7924
2	142751	0.990627	7925
2	142769	0.990752	7926
2	142787	0.990877	7927
2	142805	0.991002	7928
2	142823	0.991127	7929
2	142841	0.991252	7930
2	142859	0.991377	7931
2	142877	0.991502	7932
2	142895	0.991627	7933
2	142913	0.991752	7934
2	142931	0.991877	7935
2	142949	0.992002	7936
2	142967	0.992127	7937
2	142985	0.992252	7938
2	143003	0.992377	7939
2	143021	0.992502	7940
2	143039	0.992627	7941
2	143057	0.992752	7942
2	143075	0.992877	7943
2	143093	0.993002	7944
2	143111	0.993127	7945
2	143129	0.993252	7946
2	143147	0.993377	7947
2	143165	0.993502	7948
2	143183	0.993627	7949
2	143201	0.993752	7950
2	143219	0.993877	7951
2	143237	0.994002	7952
2	143255	0.994127	7953
2	143273	0.994252	7954
2	143291	0.994377	7955
2	143309	0.994502	7956
2	143327	0.994627	7957
2	143345	0.994752	7958
2	143363	0.994877	7959
2	143381	0.995002	7960
2	143399	0.995127	7961
2	143417	0.995252	7962
2	143435	0.995377	7963
2	143453	0.995502	7964
2	143471	0.995627	7965
2	143489	0.995752	7966
2	143507	0.995877	7967
2	143525	0.996002	7968
2	143543	0.996127	7969
2	143561	0.996252	7970
2	143579	0.996377	7971
2	143597	0.996502	7972
2	143615	0.996627	7973
2	143633	0.996752	7974
2	143651	0.996877	7975
2	143669	0.997002	7976
2	143687	0.997127	7977
2	143705	0.997252	7978
2	143723	0.997377	7979
2	143741	0.997502	7980
2	143759	0.997627	7981
2	143777	0.997752	7982
2	143795	0.997877	7983
2	143813	0.998002	7984
2	143831	0.998127	7985
2	143849	0.998252	7986
2	143867	0.998377	7987
2	143885	0.998502	7988
2	143903	0.998627	7989
2	143921	0.998752	7990
2	143939	0.998877	7991
2	143957	0.999002	7992
2	143975	0.999127	7993
2	143993	0.999252	7994
2	144011	0.999377	7995
2	144029	0.999502	7996
2	144047	0.999627	7997
2	144065	0.999752	7998
2	144083	0.999877	7999
3	16	0.000127	1
3	34	0.000252	2
3	52	0.000377	3
3	70	0.000502	4
3	88	0.000627	5
3	106	0.000752	6
3	124	0.000877	7
3	142	0.001002	8
3	160	0.001127	9
3	178	0.001252	10
3	196	0.001377	11
3	214	0.001502	12
3	232	0.001627	13
3	250	0.001752	14
3	268	0.001877	15
3	286	0.002002	16
3	304	0.002127	17
3	322	0.002252	18
3	340	0.002377	19
3	358	0.002502	20
3	376	0.002627	21
3	394	0.002752	22
3	412	0.002877	23
3	430	0.003002	24
3	448	0.003127	25
3	466	0.003252	26
3	484	0.003377	27
3	502	0.003502	28
3	520	0.003627	29
3	538	0.003752	30
3	556	0.003877	31
3	574	0.004002	32
3	592	0.004127	33
3	610	0.004252	34
3	628	0.004377	35
3	646	0.004502	36
3	664	0.004627	37
3	682	0.004752	38
3	700	0.004877	39
3	718	0.005002	40
3	736	0.005127	41
3	754	0.005252	42
3	772	0.005377	43
3	790	0.005502	44
3	808	0.005627	45
3	826	0.005752	46
3	844	0.005877	47
3	862	0.006002	48
3	880	0.006127	49
3	898	0.006252	50
3	916	0.006377	51
3	934	0.006502	52
3	952	0.006627	53
3	970	0.006752	54
3	988	0.006877	55
3	1006	0.007002	56
3	1024	0.007127	57
3	1042	0.007252	58
3	1060	0.007377	59
3	1078	0.007502	60
3	1096	0.007627	61
3	1114	0.007752	62
3	1132	0.007877	63
3	1150	0.008002	64
3	1168	0.008127	65
3	1186	0.008252	66
3	1204	0.008377	67
3	1222	0.008502	68
3	1240	0.008627	69
3	1258	0.008752	70
3	1276	0.008877	71
3	1294	0.009002	72
3	1312	0.009127	73
3	1330	0.009252	74
3	1348	0.009377	75
3	1366	0.009502	76
3	1384	0.009627	77
3	1402	0.009752	78
3	1420	0.009877	79
3	1438	0.010002	80
3	1456	0.010127	81
3	1474	0.010252	82
3	1492	0.010377	83
3	1510	0.010502	84
3	1528	0.010627	85
3	1546	0.010752	86
3	1564	0.010877	87
3	1582	0.011002	88
3	1600	0.011127	89
3	1618	0.011252	90
3	1636	0.011377	91
3	1654	0.011502	92
3	1672	0.011627	93
3	1690	0.011752	94
3	1708	0.011877	95
3	1726	0.012002	96
3	1744	0.012127	97
3	1762	0.012252	98
3	1780	0.012377	99
3	1798	0.012502	100
3	1816	0.012627	101
3	1834	0.012752	102
3	1852	0.012877	103
3	1870	0.013002	104
3	1888	0.013127	105
3	1906	0.013252	106
3	1924	0.013377	107
3	1942	0.013502	108
3	1960	0.013627	109
3	1978	0.013752	110
3	1996	0.013877	111
3	2014	0.014002	112
3	2032	0.014127	113
3	2050	0.014252	114
3	2068	0.014377	115
3	2086	0.014502	116
3	2104	0.014627	117
3	2122	0.014752	118
3	2140	0.014877	119
3	2158	0.015002	120
3	2176	0.015127	121
3	2194	0.015252	122
3	2212	0.015377	123
3	2230	0.015502	124
3	2248	0.015627	125
3	2266	0.015752	126
3	2284	0.015877	127
3	2302	0.016002	128
3	2320	0.016127	129
3	2338	0.016252	130
3	2356	0.016377	131
3	2374	0.016502	132
3	2392	0.016627	133
3	2410	0.016752	134
3	2428	0.016877	135
3	2446	0.017002	136
3	2464	0.017127	137
3	2482	0.017252	138
3	2500	0.017377	139
3	2518	0.017502	140
3	2536	0.017627	141
3	2554	0.017752	142
3	2572	0.017877	143
3	2590	0.018002	144
3	2608	0.018127	145
3	2626	0.018252	146
3	2644	0.018377	147
3	2662	0.018502	148
3	2680	0.018627	149
3	2698	0.018752	150
3	2716	0.018877	151
3	2734	0.019002	152
3	2752	0.019127	153
3	2770	0.019252	154
3	2788	0.019377	155
3	2806	0.019502	156
3	2824	0.019627	157
3	2842	0.019752	158
3	2860	0.019877	159
3	2878	0.020002	160
3	2896	0.020127	161
3	2914	0.020252	162
3	2932	0.020377	163
3	2950	0.020502	164
3	2968	0.020627	165
3	2986	0.020752	166
3	3004	0.020877	167
3	3022	0.021002	168
3	3040	0.021127	169
3	3058	0.021252	170
3	3076	0.021377	171
3	3094	0.021502	172
3	3112	0.021627	173
3	3130	0.021752	174
3	3148	0.021877	175
3	3166	0.022002	176
3	3184	0.022127	177
3	3202	0.022252	178
3	3220	0.022377	179
3	3238	0.022502	180
3	3256	0.022627	181
3	3274	0.022752	182
3	3292	0.022877	183
3	3310	0.023002	184
3	3328	0.023127	185
3	3346	0.023252	186
3	3364	0.023377	187
3	3382	0.023502	188
3	3400	0.023627	189
3	3418	0.023752	190
3	3436	0.023877	191
3	3454	0.024002	192
3	3472	0.024127	193
3	3490	0.024252	194
3	3508	0.024377	195
3	3526	0.024502	196
3	3544	0.024627	197
3	3562	0.024752	198
3	3580	0.024877	199
3	3598	0.025002	200
3	3616	0.025127	201
3	3634	0.025252	202
3	3652	0.025377	203
3	3670	0.025502	204
3	3688	0.025627	205
3	3706	0.025752	206
3	3724	0.025877	207
3	3742	0.026002	208
3	3760	0.026127	209
3	3778	0.026252	210
3	3796	0.026377	211
3	3814	0.026502	212
3	3832	0.026627	213
3	3850	0.026752	214
3	3868	0.026877	215
3	3886	0.027002	216
3	3904	0.027127	217
3	3922	0.027252	218
3	3940	0.027377	219
3	3958	0.027502	220
3	3976	0.027627	221
3	3994	0.027752	222
3	4012	0.027877	223
3	4030	0.028002	224
3	4048	0.028127	225
3	4066	0.028252	226
3	4084	0.028377	227
3	4102	0.028502	228
3	4120	0.028627	229
3	4138	0.028752	230
3	4156	0.028877	231
3	4174	0.029002	232
3	4192	0.029127	233
3	4210	0.029252	234
3	4228	0.029377	235
3	4246	0.029502	236
3	4264	0.029627	237
3	4282	0.029752	238
3	4300	0.029877	239
3	4318	0.030002	240
3	4336	0.030127	241
3	4354	0.030252	242
3	4372	0.030377	243
3	4390	0.030502	244
3	4408	0.030627	245
3	4426	0.030752	246
3	4444	0.030877	247
3	4462	0.031002	248
3	4480	0.031127	249
3	4498	0.031252	250
3	4516	0.031377	251
3	4534	0.031502	252
3	4552	0.031627	253
3	4570	0.031752	254
3	4588	0.031877	255
3	4606	0.032002	256
3	4624	0.032127	257
3	4642	0.032252	258
3	4660	0.032377	259
3	4678	0.032502	260
3	4696	0.032627	261
3	4714	0.032752	262
3	4732	0.032877	263
3	4750	0.033002	264
3	4768	0.033127	265
3	4786	0.033252	266
3	4804	0.033377	267
3	4822	0.033502	268
3	4840	0.033627	269
3	4858	0.033752	270
3	4876	0.033877	271
3	4894	0.034002	272
3	4912	0.034127	273
3	4930	0.034252	274
3	4948	0.034377	275
3	4966	0.034502	276
3	4984	0.034627	277
3	5002	0.034752	278
3	5020	0.034877	279
3	5038	0.035002	280
3	5056	0.035127	281
3	5074	0.035252	282
3	5094	0.035377	283
3	5114	0.035502	284
3	5132	0.035627	285
3	5150	0.035752	286
3	5168	0.035877	287
3	5186	0.036002	288
3	5204	0.036127	289
3	5222	0.036252	290
3	5240	0.036377	291
3	5258	0.036502	292
3	5276	0.036627	293
3	5294	0.036752	294
3	5312	0.036877	295
3	5330	0.037002	296
3	5348	0.037127	297
3	5366	0.037252	298
3	5384	0.037377	299
3	5402	0.037502	300
3	5420	0.037627	301
3	5438	0.037752	302
3	5456	0.037877	303
3	5474	0.038002	304
3	5492	0.038127	305
3	5510	0.038252	306
3	5528	0.038377	307
3	5546	0.038502	308
3	5564	0.038627	309
3	5582	0.038752	310
3	5600	0.038877	311
3	5618	0.039002	312
3	5636	0.039127	313
3	5654	0.039252	314
3	5672	0.039377	315
3	5690	0.039502	316
3	5708	0.039627	317
3	5726	0.039752	318
3	5744	0.039877	319
3	5762	0.040002	320
3	5780	0.040127	321
3	5798	0.040252	322
3	5816	0.040377	323
3	5834	0.040502	324
3	5852	0.040627	325
3	5870	0.040752	326
3	5888	0.040877	327
3	5906	0.041002	328
3	5924	0.041127	329
3	5942	0.041252	330
3	5960	0.041377	331
3	5978	0.041502	332
3	5996	0.041627	333
3	6014	0.041752	334
3	6032	0.041877	335
3	6050	0.042002	336
3	6068	0.042127	337
3	6086	0.042252	338
3	6104	0.042377	339
3	6122	0.042502	340
3	6140	0.042627	341
3	6158	0.042752	342
3	6176	0.042877	343
3	6194	0.043002	344
3	6212	0.043127	345
3	6230	0.043252	346
3	6248	0.043377	347
3	6266	0.043502	348
3	6284	0.043627	349
3	6302	0.043752	350
3	6320	0.043877	351
3	6338	0.044002	352
3	6356	0.044127	353
3	6374	0.044252	354
3	6392	0.044377	355
3	6410	0.044502	356
3	6428	0.044627	357
3	6446	0.044752	358
3	6464	0.044877	359
3	6482	0.045002	360
3	6500	0.045127	361
3	6518	0.045252	362
3	6536	0.045377	363
3	6554	0.045502	364
3	6572	0.045627	365
3	6590	0.045752	366
3	6608	0.045877	367
3	6626	0.046002	368
3	6644	0.046127	369
3	6662	0.046252	370
3	6680	0.046377	371
3	6698	0.046502	372
3	6716	0.046627	373
3	6734	0.046752	374
3	6752	0.046877	375
3	6770	0.047002	376
3	6788	0.047127	377
3	6806	0.047252	378
3	6824	0.047377	379
3	6842	0.047502	380
3	6860	0.047627	381
3	6878	0.047752	382
3	6896	0.047877	383
3	6914	0.048002	384
3	6932	0.048127	385
3	6950	0.048252	386
3	6968	0.048377	387
3	6986	0.048502	388
3	7004	0.048627	389
3	7022	0.048752	390
3	7040	0.048877	391
3	7058	0.049002	392
3	7076	0.049127	393
3	7094	0.049252	394
3	7112	0.049377	395
3	7130	0.049502	396
3	7148	0.049627	397
3	7166	0.049752	398
3	7184	0.049877	399
3	7202	0.050002	400
3	7220	0.050127	401
3	7238	0.050252	402
3	7256	0.050377	403
3	7274	0.050502	404
3	7292	0.050627	405
3	7310	0.050752	406
3	7328	0.050877	407
3	7346	0.051002	408
3	7364	0.051127	409
3	7382	0.051252	410
3	7400	0.051377	411
3	7418	0.051502	412
3	7436	0.051627	413
3	7454	0.051752	414
3	7472	0.051877	415
3	7490	0.052002	416
3	7508	0.052127	417
3	7526	0.052252	418
3	7544	0.052377	419
3	7562	0.052502	420
3	7580	0.052627	421
3	7598	0.052752	422
3	7616	0.052877	423
3	7634	0.053002	424
3	7652	0.053127	425
3	7670	0.053252	426
3	7688	0.053377	427
3	7706	0.053502	428
3	7724	0.053627	429
3	7742	0.053752	430
3	7760	0.053877	431
3	7778	0.054002	432
3	7796	0.054127	433
3	7814	0.054252	434
3	7832	0.054377	435
3	7850	0.054502	436
3	7868	0.054627	437
3	7886	0.054752	438
3	7904	0.054877	439
3	7922	0.055002	440
3	7940	0.055127	441
3	7958	0.055252	442
3	7976	0.055377	443
3	7994	0.055502	444
3	8012	0.055627	445
3	8030	0.055752	446
3	8048	0.055877	447
3	8066	0.056002	448
3	8084	0.056127	449
3	8102	0.056252	450
3	8120	0.056377	451
3	8138	0.056502	452
3	8156	0.056627	453
3	8174	0.056752	454
3	8192	0.056877	455
3	8210	0.057002	456
3	8228	0.057127	457
3	8246	0.057252	458
3	8264	0.057377	459
3	8282	0.057502	460
3	8300	0.057627	461
3	8318	0.057752	462
3	8336	0.057877	463
3	8354	0.058002	464
3	8372	0.058127	465
3	8390	0.058252	466
3	8408	0.058377	467
3	8426	0.058502	468
3	8444	0.058627	469
3	8462	0.058752	470
3	8480	0.058877	471
3	8498	0.059002	472
3	8516	0.059127	473
3	8534	0.059252	474
3	8552	0.059377	475
3	8570	0.059502	476
3	8588	0.059627	477
3	8606	0.059752	478
3	8624	0.059877	479
3	8642	0.060002	480
3	8660	0.060127	481
3	8678	0.060252	482
3	8696	0.060377	483
3	8714	0.060502	484
3	8732	0.060627	485
3	8750	0.060752	486
3	8768	0.060877	487
3	8786	0.061002	488
3	8804	0.061127	489
3	8822	0.061252	490
3	8840	0.061377	491
3	8858	0.061502	492
3	8876	0.061627	493
3	8894	0.061752	494
3	8912	0.061877	495
3	8930	0.062002	496
3	8948	0.062127	497
3	8966	0.062252	498
3	8984	0.062377	499
3	9002	0.062502	500
3	9020	0.062627	501
3	9038	0.062752	502
3	9056	0.062877	503
3	9074	0.063002	504
3	9092	0.063127	505
3	9110	0.063252	506
3	9128	0.063377	507
3	9146	0.063502	508
3	9164	0.063627	509
3	9182	0.063752	510
3	9200	0.063877	511
3	9218	0.064002	512
3	9236	0.064127	513
3	9254	0.064252	514
3	9272	0.064377	515
3	9290	0.064502	516
3	9308	0.064627	517
3	9326	0.064752	518
3	9344	0.064877	519
3	9362	0.065002	520
3	9380	0.065127	521
3	9398	0.065252	522
3	9416	0.065377	523
3	9434	0.065502	524
3	9452	0.065627	525
3	9470	0.065752	526
3	9488	0.065877	527
3	9506	0.066002	528
3	9524	0.066127	529
3	9542	0.066252	530
3	9560	0.066377	531
3	9578	0.066502	532
3	9596	0.066627	533
3	9614	0.066752	534
3	9632	0.066877	535
3	9650	0.067002	536
3	9668	0.067127	537
3	9686	0.067252	538
3	9704	0.067377	539
3	9722	0.067502	540
3	9740	0.067627	541
3	9758	0.067752	542
3	9776	0.067877	543
3	9794	0.068002	544
3	9812	0.068127	545
3	9830	0.068252	546
3	9848	0.068377	547
3	9866	0.068502	548
3	9884	0.068627	549
3	9902	0.068752	550
3	9920	0.068877	551
3	9938	0.069002	552
3	9956	0.069127	553
3	9974	0.069252	554
3	9992	0.069377	555
3	10010	0.069502	556
3	10028	0.069627	557
3	10046	0.069752	558
3	10064	0.069877	559
3	10082	0.070002	560
3	10100	0.070127	561
3	10118	0.070252	562
3	10136	0.070377	563
3	10154	0.070502	564
3	10172	0.070627	565
3	10190	0.070752	566
3	10208	0.070877	567
3	10226	0.071002	568
3	10244	0.071127	569
3	10262	0.071252	570
3	10280	0.071377	571
3	10298	0.071502	572
3	10316	0.071627	573
3	10334	0.071752	574
3	10352	0.071877	575
3	10370	0.072002	576
3	10388	0.072127	577
3	10406	0.072252	578
3	10424	0.072377	579
3	10442	0.072502	580
3	10464	0.072627	581
3	10482	0.072752	582
3	10500	0.072877	583
3	10518	0.073002	584
3	10536	0.073127	585
3	10554	0.073252	586
3	10572	0.073377	587
3	10590	0.073502	588
3	10608	0.073627	589
3	10626	0.073752	590
3	10644	0.073877	591
3	10662	0.074002	592
3	10680	0.074127	593
3	10698	0.074252	594
3	10716	0.074377	595
3	10734	0.074502	596
3	10752	0.074627	597
3	10770	0.074752	598
3	10788	0.074877	599
3	10806	0.075002	600
3	10824	0.075127	601
3	10842	0.075252	602
3	10860	0.075377	603
3	10878	0.075502	604
3	10896	0.075627	605
3	10914	0.075752	606
3	10932	0.075877	607
3	10950	0.076002	608
3	10968	0.076127	609
3	10986	0.076252	610
3	11004	0.076377	611
3	11022	0.076502	612
3	11040	0.076627	613
3	11058	0.076752	614
3	11076	0.076877	615
3	11094	0.077002	616
3	11112	0.077127	617
3	11130	0.077252	618
3	11148	0.077377	619
3	11166	0.077502	620
3	11184	0.077627	621
3	11202	0.077752	622
3	11220	0.077877	623
3	11238	0.078002	624
3	11256	0.078127	625
3	11274	0.078252	626
3	11292	0.078377	627
3	11310	0.078502	628
3	11328	0.078627	629
3	11346	0.078752	630
3	11364	0.078877	631
3	11382	0.079002	632
3	11400	0.079127	633
3	11418	0.079252	634
3	11436	0.079377	635
3	11454	0.079502	636
3	11472	0.079627	637
3	11490	0.079752	638
3	11508	0.079877	639
3	11526	0.080002	640
3	11544	0.080127	641
3	11562	0.080252	642
3	11580	0.080377	643
3	11598	0.080502	644
3	11616	0.080627	645
3	11634	0.080752	646
3	11652	0.080877	647
3	11670	0.081002	648
3	11688	0.081127	649
3	11706	0.081252	650
3	11724	0.081377	651
3	11742	0.081502	652
3	11760	0.081627	653
3	11778	0.081752	654
3	11796	0.081877	655
3	11814	0.082002	656
3	11832	0.082127	657
3	11850	0.082252	658
3	11868	0.082377	659
3	11886	0.082502	660
3	11904	0.082627	661
3	11922	0.082752	662
3	11940	0.082877	663
3	11958	0.083002	664
3	11976	0.083127	665
3	11994	0.083252	666
3	12012	0.083377	667
3	12030	0.083502	668
3	12048	0.083627	669
3	12066	0.083752	670
3	12084	0.083877	671
3	12102	0.084002	672
3	12120	0.084127	673
3	12138	0.084252	674
3	12156	0.084377	675
3	12174	0.084502	676
3	12192	0.084627	677
3	12210	0.084752	678
3	12228	0.084877	679
3	12246	0.085002	680
3	12264	0.085127	681
3	12282	0.085252	682
3	12300	0.085377	683
3	12318	0.085502	684
3	12336	0.085627	685
3	12354	0.085752	686
3	12372	0.085877	687
3	12390	0.086002	688
3	12408	0.086127	689
3	12426	0.086252	690
3	12444	0.086377	691
3	12462	0.086502	692
3	12480	0.086627	693
3	12498	0.086752	694
3	12516	0.086877	695
3	12534	0.087002	696
3	12552	0.087127	697
3	12570	0.087252	698
3	12588	0.087377	699
3	12606	0.087502	700
3	12624	0.087627	701
3	12642	0.087752	702
3	12660	0.087877	703
3	12678	0.088002	704
3	12696	0.088127	705
3	12714	0.088252	706
3	12732	0.088377	707
3	12750	0.088502	708
3	12768	0.088627	709
3	12786	0.088752	710
3	12804	0.088877	711
3	12822	0.089002	712
3	12840	0.089127	713
3	12858	0.089252	714
3	12876	0.089377	715
3	12894	0.089502	716
3	12912	0.089627	717
3	12930	0.089752	718
3	12948	0.089877	719
3	12966	0.090002	720
3	12984	0.090127	721
3	13002	0.090252	722
3	13020	0.090377	723
3	13038	0.090502	724
3	13056	0.090627	725
3	13074	0.090752	726
3	13092	0.090877	727
3	13110	0.091002	728
3	13128	0.091127	729
3	13146	0.091252	730
3	13164	0.091377	731
3	13182	0.091502	732
3	13200	0.091627	733
3	13218	0.091752	734
3	13236	0.091877	735
3	13254	0.092002	736
3	13272	0.092127	737
3	13290	0.092252	738
3	13308	0.092377	739
3	13326	0.092502	740
3	13344	0.092627	741
3	13362	0.092752	742
3	13380	0.092877	743
3	13398	0.093002	744
3	13416	0.093127	745
3	13434	0.093252	746
3	13452	0.093377	747
3	13470	0.093502	748
3	13488	0.093627	749
3	13506	0.093752	750
3	13524	0.093877	751
3	13542	0.094002	752
3	13560	0.094127	753
3	13578	0.094252	754
3	13596	0.094377	755
3	13614	0.094502	756
3	13632	0.094627	757
3	13650	0.094752	758
3	13668	0.094877	759
3	13686	0.095002	760
3	13704	0.095127	761
3	13722	0.095252	762
3	13740	0.095377	763
3	13758	0.095502	764
3	13776	0.095627	765
3	13794	0.095752	766
3	13812	0.095877	767
3	13830	0.096002	768
3	13848	0.096127	769
3	13866	0.096252	770
3	13884	0.096377	771
3	13902	0.096502	772
3	13920	0.096627	773
3	13938	0.096752	774
3	13956	0.096877	775
3	13974	0.097002	776
3	13992	0.097127	777
3	14010	0.097252	778
3	14028	0.097377	779
3	14046	0.097502	780
3	14064	0.097627	781
3	14082	0.097752	782
3	14100	0.097877	783
3	14118	0.098002	784
3	14136	0.098127	785
3	14154	0.098252	786
3	14172	0.098377	787
3	14190	0.098502	788
3	14208	0.098627	789
3	14226	0.098752	790
3	14244	0.098877	791
3	14262	0.099002	792
3	14280	0.099127	793
3	14298	0.099252	794
3	14316	0.099377	795
3	14334	0.099502	796
3	14352	0.099627	797
3	14370	0.099752	798
3	14388	0.099877	799
3	14406	0.100002	800
3	14424	0.100127	801
3	14442	0.100252	802
3	14460	0.100377	803
3	14478	0.100502	804
3	14496	0.100627	805
3	14514	0.100752	806
3	14532	0.100877	807
3	14550	0.101002	808
3	14568	0.101127	809
3	14586	0.101252	810
3	14604	0.101377	811
3	14622	0.101502	812
3	14640	0.101627	813
3	14658	0.101752	814
3	14676	0.101877	815
3	14694	0.102002	816
3	14712	0.102127	817
3	14730	0.102252	818
3	14748	0.102377	819
3	14766	0.102502	820
3	14784	0.102627	821
3	14802	0.102752	822
3	14820	0.102877	823
3	14838	0.103002	824
3	14856	0.103127	825
3	14874	0.103252	826
3	14892	0.103377	827
3	14910	0.103502	828
3	14928	0.103627	829
3	14946	0.103752	830
3	14964	0.103877	831
3	14982	0.104002	832
3	15000	0.104127	833
3	15018	0.104252	834
3	15036	0.104377	835
3	15054	0.104502	836
3	15072	0.104627	837
3	15090	0.104752	838
3	15108	0.104877	839
3	15126	0.105002	840
3	15144	0.105127	841
3	15162	0.105252	842
3	15180	0.105377	843
3	15198	0.105502	844
3	15216	0.105627	845
3	15234	0.105752	846
3	15252	0.105877	847
3	15270	0.106002	848
3	15288	0.106127	849
3	15306	0.106252	850
3	15324	0.106377	851
3	15342	0.106502	852
3	15360	0.106627	853
3	15378	0.106752	854
3	15396	0.106877	855
3	15414	0.107002	856
3	15432	0.107127	857
3	15450	0.107252	858
3	15468	0.107377	859
3	15486	0.107502	860
3	15504	0.107627	861
3	15522	0.107752	862
3	15540	0.107877	863
3	15558	0.108002	864
3	15576	0.108127	865
3	15594	0.108252	866
3	15612	0.108377	867
3	15630	0.108502	868
3	15648	0.108627	869
3	15666	0.108752	870
3	15684	0.108877	871
3	15702	0.109002	872
3	15720	0.109127	873
3	15738	0.109252	874
3	15756	0.109377	875
3	15774	0.109502	876
3	15792	0.109627	877
3	15814	0.109752	878
3	15832	0.109877	879
3	15850	0.110002	880
3	15868	0.110127	881
3	15886	0.110252	882
3	15904	0.110377	883
3	15922	0.110502	884
3	15940	0.110627	885
3	15958	0.110752	886
3	15976	0.110877	887
3	15994	0.111002	888
3	16012	0.111127	889
3	16030	0.111252	890
3	16048	0.111377	891
3	16066	0.111502	892
3	16084	0.111627	893
3	16102	0.111752	894
3	16120	0.111877	895
3	16138	0.112002	896
3	16156	0.112127	897
3	16174	0.112252	898
3	16192	0.112377	899
3	16210	0.112502	900
3	16228	0.112627	901
3	16246	0.112752	902
3	16264	0.112877	903
3	16282	0.113002	904
3	16300	0.113127	905
3	16318	0.113252	906
3	16336	0.113377	907
3	16354	0.113502	908
3	16372	0.113627	909
3	16390	0.113752	910
3	16408	0.113877	911
3	16426	0.114002	912
3	16444	0.114127	913
3	16462	0.114252	914
3	16480	0.114377	915
3	16498	0.114502	916
3	16516	0.114627	917
3	16534	0.114752	918
3	16552	0.114877	919
3	16570	0.115002	920
3	16588	0.115127	921
3	16606	0.115252	922
3	16624	0.115377	923
3	16642	0.115502	924
3	16660	0.115627	925
3	16678	0.115752	926
3	16696	0.115877	927
3	16714	0.116002	928
3	16732	0.116127	929
3	16750	0.116252	930
3	16768	0.116377	931
3	16786	0.116502	932
3	16804	0.116627	933
3	16822	0.116752	934
3	16840	0.116877	935
3	16858	0.117002	936
3	16876	0.117127	937
3	16894	0.117252	938
3	16912	0.117377	939
3	16930	0.117502	940
3	16948	0.117627	941
3	16966	0.117752	942
3	16984	0.117877	943
3	17002	0.118002	944
3	17020	0.118127	945
3	17038	0.118252	946
3	17056	0.118377	947
3	17074	0.118502	948
3	17092	0.118627	949
3	17110	0.118752	950
3	17128	0.118877	951
3	17146	0.119002	952
3	17164	0.119127	953
3	17182	0.119252	954
3	17200	0.119377	955
3	17218	0.119502	956
3	17236	0.119627	957
3	17254	0.119752	958
3	17272	0.119877	959
3	17290	0.120002	960
3	17308	0.120127	961
3	17326	0.120252	962
3	17344	0.120377	963
3	17362	0.120502	964
3	17380	0.120627	965
3	17398	0.120752	966
3	17416	0.120877	967
3	17434	0.121002	968
3	17452	0.121127	969
3	17470	0.121252	970
3	17488	0.121377	971
3	17506	0.121502	972
3	17524	0.121627	973
3	17542	0.121752	974
3	17560	0.121877	975
3	17578	0.122002	976
3	17596	0.122127	977
3	17614	0.122252	978
3	17632	0.122377	979
3	17650	0.122502	980
3	17668	0.122627	981
3	17686	0.122752	982
3	17704	0.122877	983
3	17722	0.123002	984
3	17740	0.123127	985
3	17758	0.123252	986
3	17776	0.123377	987
3	17794	0.123502	988
3	17812	0.123627	989
3	17830	0.123752	990
3	17848	0.123877	991
3	17866	0.124002	992
3	17884	0.124127	993
3	17902	0.124252	994
3	17920	0.124377	995
3	17938	0.124502	996
3	17956	0.124627	997
3	17974	0.124752	998
3	17992	0.124877	999
3	18010	0.125002	1000
3	18028	0.125127	1001
3	18046	0.125252	1002
3	18064	0.125377	1003
3	18082	0.125502	1004
3	18100	0.125627	1005
3	18118	0.125752	1006
3	18136	0.125877	1007
3	18154	0.126002	1008
3	18172	0.126127	1009
3	18190	0.126252	1010
3	18208	0.126377	1011
3	18226	0.126502	1012
3	18244	0.126627	1013
3	18262	0.126752	1014
3	18280	0.126877	1015
3	18298	0.127002	1016
3	18316	0.127127	1017
3	18334	0.127252	1018
3	18352	0.127377	1019
3	18370	0.127502	1020
3	18388	0.127627	1021
3	18406	0.127752	1022
3	18424	0.127877	1023
3	18442	0.128002	1024
3	18460	0.128127	1025
3	18478	0.128252	1026
3	18496	0.128377	1027
3	18514	0.128502	1028
3	18532	0.128627	1029
3	18550	0.128752	1030
3	18568	0.128877	1031
3	18586	0.129002	1032
3	18604	0.129127	1033
3	18622	0.129252	1034
3	18640	0.129377	1035
3	18658	0.129502	1036
3	18676	0.129627	1037
3	18694	0.129752	1038
3	18712	0.129877	1039
3	18730	0.130002	1040
3	18748	0.130127	1041
3	18766	0.130252	1042
3	18784	0.130377	1043
3	18802	0.130502	1044
3	18820	0.130627	1045
3	18838	0.130752	1046
3	18856	0.130877	1047
3	18874	0.131002	1048
3	18892	0.131127	1049
3	18910	0.131252	1050
3	18928	0.131377	1051
3	18946	0.131502	1052
3	18964	0.131627	1053
3	18982	0.131752	1054
3	19000	0.131877	1055
3	19018	0.132002	1056
3	19036	0.132127	1057
3	19054	0.132252	1058
3	19072	0.132377	1059
3	19090	0.132502	1060
3	19108	0.132627	1061
3	19126	0.132752	1062
3	19144	0.132877	1063
3	19162	0.133002	1064
3	19180	0.133127	1065
3	19198	0.133252	1066
3	19216	0.133377	1067
3	19234	0.133502	1068
3	19252	0.133627	1069
3	19270	0.133752	1070
3	19288	0.133877	1071
3	19306	0.134002	1072
3	19324	0.134127	1073
3	19342	0.134252	1074
3	19360	0.134377	1075
3	19378	0.134502	1076
3	19396	0.134627	1077
3	19414	0.134752	1078
3	19432	0.134877	1079
3	19450	0.135002	1080
3	19468	0.135127	1081
3	19486	0.135252	1082
3	19504	0.135377	1083
3	19522	0.135502	1084
3	19540	0.135627	1085
3	19558	0.135752	1086
3	19576	0.135877	1087
3	19594	0.136002	1088
3	19612	0.136127	1089
3	19630	0.136252	1090
3	19648	0.136377	1091
3	19666	0.136502	1092
3	19684	0.136627	1093
3	19702	0.136752	1094
3	19720	0.136877	1095
3	19738	0.137002	1096
3	19756	0.137127	1097
3	19774	0.137252	1098
3	19792	0.137377	1099
3	19810	0.137502	1100
3	19828	0.137627	1101
3	19846	0.137752	1102
3	19864	0.137877	1103
3	19882	0.138002	1104
3	19900	0.138127	1105
3	19918	0.138252	1106
3	19936	0.138377	1107
3	19954	0.138502	1108
3	19972	0.138627	1109
3	19990	0.138752	1110
3	20008	0.138877	1111
3	20026	0.139002	1112
3	20044	0.139127	1113
3	20062	0.139252	1114
3	20080	0.139377	1115
3	20098	0.139502	1116
3	20116	0.139627	1117
3	20134	0.139752	1118
3	20152	0.139877	1119
3	20170	0.140002	1120
3	20188	0.140127	1121
3	20206	0.140252	1122
3	20224	0.140377	1123
3	20242	0.140502	1124
3	20260	0.140627	1125
3	20278	0.140752	1126
3	20296	0.140877	1127
3	20314	0.141002	1128
3	20332	0.141127	1129
3	20350	0.141252	1130
3	20368	0.141377	1131
3	20386	0.141502	1132
3	20404	0.141627	1133
3	20422	0.141752	1134
3	20440	0.141877	1135
3	20458	0.142002	1136
3	20476	0.142127	1137
3	20494	0.142252	1138
3	20512	0.142377	1139
3	20530	0.142502	1140
3	20548	0.142627	1141
3	20566	0.142752	1142
3	20584	0.142877	1143
3	20602	0.143002	1144
3	20620	0.143127	1145
3	20638	0.143252	1146
3	20656	0.143377	1147
3	20674	0.143502	1148
3	20692	0.143627	1149
3	20710	0.143752	1150
3	20728	0.143877	1151
3	20746	0.144002	1152
3	20764	0.144127	1153
3	20782	0.144252	1154
3	20800	0.144377	1155
3	20818	0.144502	1156
3	20836	0.144627	1157
3	20854	0.144752	1158
3	20872	0.144877	1159
3	20890	0.145002	1160
3	20908	0.145127	1161
3	20926	0.145252	1162
3	20944	0.145377	1163
3	20962	0.145502	1164
3	20980	0.145627	1165
3	20998	0.145752	1166
3	21016	0.145877	1167
3	21034	0.146002	1168
3	21052	0.146127	1169
3	21070	0.146252	1170
3	21088	0.146377	1171
3	21106	0.146502	1172
3	21124	0.146627	1173
3	21142	0.146752	1174
3	21164	0.146877	1175
3	21182	0.147002	1176
3	21200	0.147127	1177
3	21218	0.147252	1178
3	21236	0.147377	1179
3	21254	0.147502	1180
3	21272	0.147627	1181
3	21290	0.147752	1182
3	21308	0.147877	1183
3	21326	0.148002	1184
3	21344	0.148127	1185
3	21362	0.148252	1186
3	21380	0.148377	1187
3	21398	0.148502	1188
3	21416	0.148627	1189
3	21434	0.148752	1190
3	21452	0.148877	1191
3	21470	0.149002	1192
3	21488	0.149127	1193
3	21506	0.149252	1194
3	21524	0.149377	1195
3	21542	0.149502	1196
3	21560	0.149627	1197
3	21578	0.149752	1198
3	21596	0.149877	1199
3	21614	0.150002	1200
3	21632	0.150127	1201
3	21650	0.150252	1202
3	21668	0.150377	1203
3	21686	0.150502	1204
3	21704	0.150627	1205
3	21722	0.150752	1206
3	21740	0.150877	1207
3	21758	0.151002	1208
3	21776	0.151127	1209
3	21794	0.151252	1210
3	21812	0.151377	1211
3	21830	0.151502	1212
3	21848	0.151627	1213
3	21866	0.151752	1214
3	21884	0.151877	1215
3	21902	0.152002	1216
3	21920	0.152127	1217
3	21938	0.152252	1218
3	21956	0.152377	1219
3	21974	0.152502	1220
3	21992	0.152627	1221
3	22010	0.152752	1222
3	22028	0.152877	1223
3	22046	0.153002	1224
3	22064	0.153127	1225
3	22082	0.153252	1226
3	22100	0.153377	1227
3	22118	0.153502	1228
3	22136	0.153627	1229
3	22154	0.153752	1230
3	22172	0.153877	1231
3	22190	0.154002	1232
3	22208	0.154127	1233
3	22226	0.154252	1234
3	22244	0.154377	1235
3	22262	0.154502	1236
3	22280	0.154627	1237
3	22298	0.154752	1238
3	22316	0.154877	1239
3	22334	0.155002	1240
3	22352	0.155127	1241
3	22370	0.155252	1242
3	22388	0.155377	1243
3	22406	0.155502	1244
3	22424	0.155627	1245
3	22442	0.155752	1246
3	22460	0.155877	1247
3	22478	0.156002	1248
3	22496	0.156127	1249
3	22514	0.156252	1250
3	22532	0.156377	1251
3	22550	0.156502	1252
3	22568	0.156627	1253
3	22586	0.156752	1254
3	22604	0.156877	1255
3	22622	0.157002	1256
3	22640	0.157127	1257
3	22658	0.157252	1258
3	22676	0.157377	1259
3	22694	0.157502	1260
3	22712	0.157627	1261
3	22730	0.157752	1262
3	22748	0.157877	1263
3	22766	0.158002	1264
3	22784	0.158127	1265
3	22802	0.158252	1266
3	22820	0.158377	1267
3	22838	0.158502	1268
3	22856	0.158627	1269
3	22874	0.158752	1270
3	22892	0.158877	1271
3	22910	0.159002	1272
3	22928	0.159127	1273
3	22946	0.159252	1274
3	22964	0.159377	1275
3	22982	0.159502	1276
3	23000	0.159627	1277
3	23018	0.159752	1278
3	23036	0.159877	1279
3	23054	0.160002	1280
3	23072	0.160127	1281
3	23090	0.160252	1282
3	23108	0.160377	1283
3	23126	0.160502	1284
3	23144	0.160627	1285
3	23162	0.160752	1286
3	23180	0.160877	1287
3	23198	0.161002	1288
3	23216	0.161127	1289
3	23234	0.161252	1290
3	23252	0.161377	1291
3	23270	0.161502	1292
3	23288	0.161627	1293
3	23306	0.161752	1294
3	23324	0.161877	1295
3	23342	0.162002	1296
3	23360	0.162127	1297
3	23378	0.162252	1298
3	23396	0.162377	1299
3	23414	0.162502	1300
3	23432	0.162627	1301
3	23450	0.162752	1302
3	23468	0.162877	1303
3	23486	0.163002	1304
3	23504	0.163127	1305
3	23522	0.163252	1306
3	23540	0.163377	1307
3	23558	0.163502	1308
3	23576	0.163627	1309
3	23594	0.163752	1310
3	23612	0.163877	1311
3	23630	0.164002	1312
3	23648	0.164127	1313
3	23666	0.164252	1314
3	23684	0.164377	1315
3	23702	0.164502	1316
3	23720	0.164627	1317
3	23738	0.164752	1318
3	23756	0.164877	1319
3	23774	0.165002	1320
3	23792	0.165127	1321
3	23810	0.165252	1322
3	23828	0.165377	1323
3	23846	0.165502	1324
3	23864	0.165627	1325
3	23882	0.165752	1326
3	23900	0.165877	1327
3	23918	0.166002	1328
3	23936	0.166127	1329
3	23954	0.166252	1330
3	23972	0.166377	1331
3	23990	0.166502	1332
3	24008	0.166627	1333
3	24026	0.166752	1334
3	24044	0.166877	1335
3	24062	0.167002	1336
3	24080	0.167127	1337
3	24098	0.167252	1338
3	24116	0.167377	1339
3	24134	0.167502	1340
3	24152	0.167627	1341
3	24170	0.167752	1342
3	24188	0.167877	1343
3	24206	0.168002	1344
3	24224	0.168127	1345
3	24242	0.168252	1346
3	24260	0.168377	1347
3	24278	0.168502	1348
3	24296	0.168627	1349
3	24314	0.168752	1350
3	24332	0.168877	1351
3	24350	0.169002	1352
3	24368	0.169127	1353
3	24386	0.169252	1354
3	24404	0.169377	1355
3	24422	0.169502	1356
3	24440	0.169627	1357
3	24458	0.169752	1358
3	24476	0.169877	1359
3	24494	0.170002	1360
3	24512	0.170127	1361
3	24530	0.170252	1362
3	24548	0.170377	1363
3	24566	0.170502	1364
3	24584	0.170627	1365
3	24602	0.170752	1366
3	24620	0.170877	1367
3	24638	0.171002	1368
3	24656	0.171127	1369
3	24674	0.171252	1370
3	24692	0.171377	1371
3	24710	0.171502	1372
3	24728	0.171627	1373
3	24746	0.171752	1374
3	24764	0.171877	1375
3	24782	0.172002	1376
3	24800	0.172127	1377
3	24818	0.172252	1378
3	24836	0.172377	1379
3	24854	0.172502	1380
3	24872	0.172627	1381
3	24890	0.172752	1382
3	24908	0.172877	1383
3	24926	0.173002	1384
3	24944	0.173127	1385
3	24962	0.173252	1386
3	24980	0.173377	1387
3	24998	0.173502	1388
3	25016	0.173627	1389
3	25034	0.173752	1390
3	25052	0.173877	1391
3	25070	0.174002	1392
3	25088	0.174127	1393
3	25106	0.174252	1394
3	25124	0.174377	1395
3	25142	0.174502	1396
3	25160	0.174627	1397
3	25178	0.174752	1398
3	25196	0.174877	1399
3	25214	0.175002	1400
3	25232	0.175127	1401
3	25250	0.175252	1402
3	25268	0.175377	1403
3	25286	0.175502	1404
3	25304	0.175627	1405
3	25322	0.175752	1406
3	25340	0.175877	1407
3	25358	0.176002	1408
3	25376	0.176127	1409
3	25394	0.176252	1410
3	25412	0.176377	1411
3	25430	0.176502	1412
3	25448	0.176627	1413
3	25466	0.176752	1414
3	25484	0.176877	1415
3	25502	0.177002	1416
3	25520	0.177127	1417
3	25538	0.177252	1418
3	25556	0.177377	1419
3	25574	0.177502	1420
3	25592	0.177627	1421
3	25610	0.177752	1422
3	25628	0.177877	1423
3	25646	0.178002	1424
3	25664	0.178127	1425
3	25682	0.178252	1426
3	25700	0.178377	1427
3	25718	0.178502	1428
3	25736	0.178627	1429
3	25754	0.178752	1430
3	25772	0.178877	1431
3	25790	0.179002	1432
3	25808	0.179127	1433
3	25826	0.179252	1434
3	25844	0.179377	1435
3	25862	0.179502	1436
3	25880	0.179627	1437
3	25898	0.179752	1438
3	25916	0.179877	1439
3	25934	0.180002	1440
3	25952	0.180127	1441
3	25970	0.180252	1442
3	25988	0.180377	1443
3	26006	0.180502	1444
3	26024	0.180627	1445
3	26042	0.180752	1446
3	26060	0.180877	1447
3	26078	0.181002	1448
3	26096	0.181127	1449
3	26114	0.181252	1450
3	26132	0.181377	1451
3	26150	0.181502	1452
3	26168	0.181627	1453
3	26186	0.181752	1454
3	26204	0.181877	1455
3	26222	0.182002	1456
3	26240	0.182127	1457
3	26258	0.182252	1458
3	26276	0.182377	1459
3	26294	0.182502	1460
3	26312	0.182627	1461
3	26330	0.182752	1462
3	26348	0.182877	1463
3	26366	0.183002	1464
3	26384	0.183127	1465
3	26402	0.183252	1466
3	26420	0.183377	1467
3	26438	0.183502	1468
3	26456	0.183627	1469
3	26474	0.183752	1470
3	26492	0.183877	1471
3	26510	0.184002	1472
3	26532	0.184127	1473
3	26550	0.184252	1474
3	26568	0.184377	1475
3	26586	0.184502	1476
3	26604	0.184627	1477
3	26622	0.184752	1478
3	26640	0.184877	1479
3	26658	0.185002	1480
3	26676	0.185127	1481
3	26694	0.185252	1482
3	26712	0.185377	1483
3	26730	0.185502	1484
3	26748	0.185627	1485
3	26766	0.185752	1486
3	26784	0.185877	1487
3	26802	0.186002	1488
3	26820	0.186127	1489
3	26838	0.186252	1490
3	26856	0.186377	1491
3	26874	0.186502	1492
3	26892	0.186627	1493
3	26910	0.186752	1494
3	26928	0.186877	1495
3	26946	0.187002	1496
3	26964	0.187127	1497
3	26982	0.187252	1498
3	27000	0.187377	1499
3	27018	0.187502	1500
3	27036	0.187627	1501
3	27054	0.187752	1502
3	27072	0.187877	1503
3	27090	0.188002	1504
3	27108	0.188127	1505
3	27126	0.188252	1506
3	27144	0.188377	1507
3	27162	0.188502	1508
3	27180	0.188627	1509
3	27198	0.188752	1510
3	27216	0.188877	1511
3	27234	0.189002	1512
3	27252	0.189127	1513
3	27270	0.189252	1514
3	27288	0.189377	1515
3	27306	0.189502	1516
3	27324	0.189627	1517
3	27342	0.189752	1518
3	27360	0.189877	1519
3	27378	0.190002	1520
3	27396	0.190127	1521
3	27414	0.190252	1522
3	27432	0.190377	1523
3	27450	0.190502	1524
3	27468	0.190627	1525
3	27486	0.190752	1526
3	27504	0.190877	1527
3	27522	0.191002	1528
3	27540	0.191127	1529
3	27558	0.191252	1530
3	27576	0.191377	1531
3	27594	0.191502	1532
3	27612	0.191627	1533
3	27630	0.191752	1534
3	27648	0.191877	1535
3	27666	0.192002	1536
3	27684	0.192127	1537
3	27702	0.192252	1538
3	27720	0.192377	1539
3	27738	0.192502	1540
3	27756	0.192627	1541
3	27774	0.192752	1542
3	27792	0.192877	1543
3	27810	0.193002	1544
3	27828	0.193127	1545
3	27846	0.193252	1546
3	27864	0.193377	1547
3	27882	0.193502	1548
3	27900	0.193627	1549
3	27918	0.193752	1550
3	27936	0.193877	1551
3	27954	0.194002	1552
3	27972	0.194127	1553
3	27990	0.194252	1554
3	28008	0.194377	1555
3	28026	0.194502	1556
3	28044	0.194627	1557
3	28062	0.194752	1558
3	28080	0.194877	1559
3	28098	0.195002	1560
3	28116	0.195127	1561
3	28134	0.195252	1562
3	28152	0.195377	1563
3	28170	0.195502	1564
3	28188	0.195627	1565
3	28206	0.195752	1566
3	28224	0.195877	1567
3	28242	0.196002	1568
3	28260	0.196127	1569
3	28278	0.196252	1570
3	28296	0.196377	1571
3	28314	0.196502	1572
3	28332	0.196627	1573
3	28350	0.196752	1574
3	28368	0.196877	1575
3	28386	0.197002	1576
3	28404	0.197127	1577
3	28422	0.197252	1578
3	28440	0.197377	1579
3	28458	0.197502	1580
3	28476	0.197627	1581
3	28494	0.197752	1582
3	28512	0.197877	1583
3	28530	0.198002	1584
3	28548	0.198127	1585
3	28566	0.198252	1586
3	28584	0.198377	1587
3	28602	0.198502	1588
3	28620	0.198627	1589
3	28638	0.198752	1590
3	28656	0.198877	1591
3	28674	0.199002	1592
3	28692	0.199127	1593
3	28710	0.199252	1594
3	28728	0.199377	1595
3	28746	0.199502	1596
3	28764	0.199627	1597
3	28782	0.199752	1598
3	28800	0.199877	1599
3	28818	0.200002	1600
3	28836	0.200127	1601
3	28854	0.200252	1602
3	28872	0.200377	1603
3	28890	0.200502	1604
3	28908	0.200627	1605
3	28926	0.200752	1606
3	28944	0.200877	1607
3	28962	0.201002	1608
3	28980	0.201127	1609
3	28998	0.201252	1610
3	29016	0.201377	1611
3	29034	0.201502	1612
3	29052	0.201627	1613
3	29070	0.201752	1614
3	29088	0.201877	1615
3	29106	0.202002	1616
3	29124	0.202127	1617
3	29142	0.202252	1618
3	29160	0.202377	1619
3	29178	0.202502	1620
3	29196	0.202627	1621
3	29214	0.202752	1622
3	29232	0.202877	1623
3	29250	0.203002	1624
3	29268	0.203127	1625
3	29286	0.203252	1626
3	29304	0.203377	1627
3	29322	0.203502	1628
3	29340	0.203627	1629
3	29358	0.203752	1630
3	29376	0.203877	1631
3	29394	0.204002	1632
3	29412	0.204127	1633
3	29430	0.204252	1634
3	29448	0.204377	1635
3	29466	0.204502	1636
3	29484	0.204627	1637
3	29502	0.204752	1638
3	29520	0.204877	1639
3	29538	0.205002	1640
3	29556	0.205127	1641
3	29574	0.205252	1642
3	29592	0.205377	1643
3	29610	0.205502	1644
3	29628	0.205627	1645
3	29646	0.205752	1646
3	29664	0.205877	1647
3	29682	0.206002	1648
3	29700	0.206127	1649
3	29718	0.206252	1650
3	29736	0.206377	1651
3	29754	0.206502	1652
3	29772	0.206627	1653
3	29790	0.206752	1654
3	29808	0.206877	1655
3	29826	0.207002	1656
3	29844	0.207127	1657
3	29862	0.207252	1658
3	29880	0.207377	1659
3	29898	0.207502	1660
3	29916	0.207627	1661
3	29934	0.207752	1662
3	29952	0.207877	1663
3	29970	0.208002	1664
3	29988	0.208127	1665
3	30006	0.208252	1666
3	30024	0.208377	1667
3	30042	0.208502	1668
3	30060	0.208627	1669
3	30078	0.208752	1670
3	30096	0.208877	1671
3	30114	0.209002	1672
3	30132	0.209127	1673
3	30150	0.209252	1674
3	30168	0.209377	1675
3	30186	0.209502	1676
3	30204	0.209627	1677
3	30222	0.209752	1678
3	30240	0.209877	1679
3	30258	0.210002	1680
3	30276	0.210127	1681
3	30294	0.210252	1682
3	30312	0.210377	1683
3	30330	0.210502	1684
3	30348	0.210627	1685
3	30366	0.210752	1686
3	30384	0.210877	1687
3	30402	0.211002	1688
3	30420	0.211127	1689
3	30438	0.211252	1690
3	30456	0.211377	1691
3	30474	0.211502	1692
3	30492	0.211627	1693
3	30510	0.211752	1694
3	30528	0.211877	1695
3	30546	0.212002	1696
3	30564	0.212127	1697
3	30582	0.212252	1698
3	30600	0.212377	1699
3	30618	0.212502	1700
3	30636	0.212627	1701
3	30654	0.212752	1702
3	30672	0.212877	1703
3	30690	0.213002	1704
3	30708	0.213127	1705
3	30726	0.213252	1706
3	30744	0.213377	1707
3	30762	0.213502	1708
3	30780	0.213627	1709
3	30798	0.213752	1710
3	30816	0.213877	1711
3	30834	0.214002	1712
3	30852	0.214127	1713
3	30870	0.214252	1714
3	30888	0.214377	1715
3	30906	0.214502	1716
3	30924	0.214627	1717
3	30942	0.214752	1718
3	30960	0.214877	1719
3	30978	0.215002	1720
3	30996	0.215127	1721
3	31014	0.215252	1722
3	31032	0.215377	1723
3	31050	0.215502	1724
3	31068	0.215627	1725
3	31086	0.215752	1726
3	31104	0.215877	1727
3	31122	0.216002	1728
3	31140	0.216127	1729
3	31158	0.216252	1730
3	31176	0.216377	1731
3	31194	0.216502	1732
3	31212	0.216627	1733
3	31230	0.216752	1734
3	31248	0.216877	1735
3	31266	0.217002	1736
3	31284	0.217127	1737
3	31302	0.217252	1738
3	31320	0.217377	1739
3	31338	0.217502	1740
3	31356	0.217627	1741
3	31374	0.217752	1742
3	31392	0.217877	1743
3	31410	0.218002	1744
3	31428	0.218127	1745
3	31446	0.218252	1746
3	31464	0.218377	1747
3	31482	0.218502	1748
3	31500	0.218627	1749
3	31518	0.218752	1750
3	31536	0.218877	1751
3	31554	0.219002	1752
3	31572	0.219127	1753
3	31590	0.219252	1754
3	31608	0.219377	1755
3	31626	0.219502	1756
3	31644	0.219627	1757
3	31662	0.219752	1758
3	31680	0.219877	1759
3	31698	0.220002	1760
3	31716	0.220127	1761
3	31734	0.220252	1762
3	31752	0.220377	1763
3	31770	0.220502	1764
3	31788	0.220627	1765
3	31806	0.220752	1766
3	31824	0.220877	1767
3	31842	0.221002	1768
3	31860	0.221127	1769
3	31882	0.221252	1770
3	31900	0.221377	1771
3	31918	0.221502	1772
3	31936	0.221627	1773
3	31954	0.221752	1774
3	31972	0.221877	1775
3	31990	0.222002	1776
3	32008	0.222127	1777
3	32026	0.222252	1778
3	32044	0.222377	1779
3	32062	0.222502	1780
3	32080	0.222627	1781
3	32098	0.222752	1782
3	32116	0.222877	1783
3	32134	0.223002	1784
3	32152	0.223127	1785
3	32170	0.223252	1786
3	32188	0.223377	1787
3	32206	0.223502	1788
3	32224	0.223627	1789
3	32242	0.223752	1790
3	32260	0.223877	1791
3	32278	0.224002	1792
3	32296	0.224127	1793
3	32314	0.224252	1794
3	32332	0.224377	1795
3	32350	0.224502	1796
3	32368	0.224627	1797
3	32386	0.224752	1798
3	32404	0.224877	1799
3	32422	0.225002	1800
3	32440	0.225127	1801
3	32458	0.225252	1802
3	32476	0.225377	1803
3	32494	0.225502	1804
3	32512	0.225627	1805
3	32530	0.225752	1806
3	32548	0.225877	1807
3	32566	0.226002	1808
3	32584	0.226127	1809
3	32602	0.226252	1810
3	32620	0.226377	1811
3	32638	0.226502	1812
3	32656	0.226627	1813
3	32674	0.226752	1814
3	32692	0.226877	1815
3	32710	0.227002	1816
3	32728	0.227127	1817
3	32746	0.227252	1818
3	32764	0.227377	1819
3	32782	0.227502	1820
3	32800	0.227627	1821
3	32818	0.227752	1822
3	32836	0.227877	1823
3	32854	0.228002	1824
3	32872	0.228127	1825
3	32890	0.228252	1826
3	32908	0.228377	1827
3	32926	0.228502	1828
3	32944	0.228627	1829
3	32962	0.228752	1830
3	32980	0.228877	1831
3	32998	0.229002	1832
3	33016	0.229127	1833
3	33034	0.229252	1834
3	33052	0.229377	1835
3	33070	0.229502	1836
3	33088	0.229627	1837
3	33106	0.229752	1838
3	33124	0.229877	1839
3	33142	0.230002	1840
3	33160	0.230127	1841
3	33178	0.230252	1842
3	33196	0.230377	1843
3	33214	0.230502	1844
3	33232	0.230627	1845
3	33250	0.230752	1846
3	33268	0.230877	1847
3	33286	0.231002	1848
3	33304	0.231127	1849
3	33322	0.231252	1850
3	33340	0.231377	1851
3	33358	0.231502	1852
3	33376	0.231627	1853
3	33394	0.231752	1854
3	33412	0.231877	1855
3	33430	0.232002	1856
3	33448	0.232127	1857
3	33466	0.232252	1858
3	33484	0.232377	1859
3	33502	0.232502	1860
3	33520	0.232627	1861
3	33538	0.232752	1862
3	33556	0.232877	1863
3	33574	0.233002	1864
3	33592	0.233127	1865
3	33610	0.233252	1866
3	33628	0.233377	1867
3	33646	0.233502	1868
3	33664	0.233627	1869
3	33682	0.233752	1870
3	33700	0.233877	1871
3	33718	0.234002	1872
3	33736	0.234127	1873
3	33754	0.234252	1874
3	33772	0.234377	1875
3	33790	0.234502	1876
3	33808	0.234627	1877
3	33826	0.234752	1878
3	33844	0.234877	1879
3	33862	0.235002	1880
3	33880	0.235127	1881
3	33898	0.235252	1882
3	33916	0.235377	1883
3	33934	0.235502	1884
3	33952	0.235627	1885
3	33970	0.235752	1886
3	33988	0.235877	1887
3	34006	0.236002	1888
3	34024	0.236127	1889
3	34042	0.236252	1890
3	34060	0.236377	1891
3	34078	0.236502	1892
3	34096	0.236627	1893
3	34114	0.236752	1894
3	34132	0.236877	1895
3	34150	0.237002	1896
3	34168	0.237127	1897
3	34186	0.237252	1898
3	34204	0.237377	1899
3	34222	0.237502	1900
3	34240	0.237627	1901
3	34258	0.237752	1902
3	34276	0.237877	1903
3	34294	0.238002	1904
3	34312	0.238127	1905
3	34330	0.238252	1906
3	34348	0.238377	1907
3	34366	0.238502	1908
3	34384	0.238627	1909
3	34402	0.238752	1910
3	34420	0.238877	1911
3	34438	0.239002	1912
3	34456	0.239127	1913
3	34474	0.239252	1914
3	34492	0.239377	1915
3	34510	0.239502	1916
3	34528	0.239627	1917
3	34546	0.239752	1918
3	34564	0.239877	1919
3	34582	0.240002	1920
3	34600	0.240127	1921
3	34618	0.240252	1922
3	34636	0.240377	1923
3	34654	0.240502	1924
3	34672	0.240627	1925
3	34690	0.240752	1926
3	34708	0.240877	1927
3	34726	0.241002	1928
3	34744	0.241127	1929
3	34762	0.241252	1930
3	34780	0.241377	1931
3	34798	0.241502	1932
3	34816	0.241627	1933
3	34834	0.241752	1934
3	34852	0.241877	1935
3	34870	0.242002	1936
3	34888	0.242127	1937
3	34906	0.242252	1938
3	34924	0.242377	1939
3	34942	0.242502	1940
3	34960	0.242627	1941
3	34978	0.242752	1942
3	34996	0.242877	1943
3	35014	0.243002	1944
3	35032	0.243127	1945
3	35050	0.243252	1946
3	35068	0.243377	1947
3	35086	0.243502	1948
3	35104	0.243627	1949
3	35122	0.243752	1950
3	35140	0.243877	1951
3	35158	0.244002	1952
3	35176	0.244127	1953
3	35194	0.244252	1954
3	35212	0.244377	1955
3	35230	0.244502	1956
3	35248	0.244627	1957
3	35266	0.244752	1958
3	35284	0.244877	1959
3	35302	0.245002	1960
3	35320	0.245127	1961
3	35338	0.245252	1962
3	35356	0.245377	1963
3	35374	0.245502	1964
3	35392	0.245627	1965
3	35410	0.245752	1966
3	35428	0.245877	1967
3	35446	0.246002	1968
3	35464	0.246127	1969
3	35482	0.246252	1970
3	35500	0.246377	1971
3	35518	0.246502	1972
3	35536	0.246627	1973
3	35554	0.246752	1974
3	35572	0.246877	1975
3	35590	0.247002	1976
3	35608	0.247127	1977
3	35626	0.247252	1978
3	35644	0.247377	1979
3	35662	0.247502	1980
3	35680	0.247627	1981
3	35698	0.247752	1982
3	35716	0.247877	1983
3	35734	0.248002	1984
3	35752	0.248127	1985
3	35770	0.248252	1986
3	35788	0.248377	1987
3	35806	0.248502	1988
3	35824	0.248627	1989
3	35842	0.248752	1990
3	35860	0.248877	1991
3	35878	0.249002	1992
3	35896	0.249127	1993
3	35914	0.249252	1994
3	35932	0.249377	1995
3	35950	0.249502	1996
3	35968	0.249627	1997
3	35986	0.249752	1998
3	36004	0.249877	1999
3	36022	0.250002	2000
3	36040	0.250127	2001
3	36058	0.250252	2002
3	36076	0.250377	2003
3	36094	0.250502	2004
3	36112	0.250627	2005
3	36130	0.250752	2006
3	36148	0.250877	2007
3	36166	0.251002	2008
3	36184	0.251127	2009
3	36202	0.251252	2010
3	36220	0.251377	2011
3	36238	0.251502	2012
3	36256	0.251627	2013
3	36274	0.251752	2014
3	36292	0.251877	2015
3	36310	0.252002	2016
3	36328	0.252127	2017
3	36346	0.252252	2018
3	36364	0.252377	2019
3	36382	0.252502	2020
3	36400	0.252627	2021
3	36418	0.252752	2022
3	36436	0.252877	2023
3	36454	0.253002	2024
3	36472	0.253127	2025
3	36490	0.253252	2026
3	36508	0.253377	2027
3	36526	0.253502	2028
3	36544	0.253627	2029
3	36562	0.253752	2030
3	36580	0.253877	2031
3	36598	0.254002	2032
3	36616	0.254127	2033
3	36634	0.254252	2034
3	36652	0.254377	2035
3	36670	0.254502	2036
3	36688	0.254627	2037
3	36706	0.254752	2038
3	36724	0.254877	2039
3	36742	0.255002	2040
3	36760	0.255127	2041
3	36778	0.255252	2042
3	36796	0.255377	2043
3	36814	0.255502	2044
3	36832	0.255627	2045
3	36850	0.255752	2046
3	36868	0.255877	2047
3	36886	0.256002	2048
3	36904	0.256127	2049
3	36922	0.256252	2050
3	36940	0.256377	2051
3	36958	0.256502	2052
3	36976	0.256627	2053
3	36994	0.256752	2054
3	37012	0.256877	2055
3	37030	0.257002	2056
3	37048	0.257127	2057
3	37066	0.257252	2058
3	37084	0.257377	2059
3	37102	0.257502	2060
3	37120	0.257627	2061
3	37138	0.257752	2062
3	37156	0.257877	2063
3	37174	0.258002	2064
3	37192	0.258127	2065
3	37210	0.258252	2066
3	37232	0.258377	2067
3	37250	0.258502	2068
3	37268	0.258627	2069
3	37286	0.258752	2070
3	37304	0.258877	2071
3	37322	0.259002	2072
3	37340	0.259127	2073
3	37358	0.259252	2074
3	37376	0.259377	2075
3	37394	0.259502	2076
3	37412	0.259627	2077
3	37430	0.259752	2078
3	37448	0.259877	2079
3	37466	0.260002	2080
3	37484	0.260127	2081
3	37502	0.260252	2082
3	37520	0.260377	2083
3	37538	0.260502	2084
3	37556	0.260627	2085
3	37574	0.260752	2086
3	37592	0.260877	2087
3	37610	0.261002	2088
3	37628	0.261127	2089
3	37646	0.261252	2090
3	37664	0.261377	2091
3	37682	0.261502	2092
3	37700	0.261627	2093
3	37718	0.261752	2094
3	37736	0.261877	2095
3	37754	0.262002	2096
3	37772	0.262127	2097
3	37790	0.262252	2098
3	37808	0.262377	2099
3	37826	0.262502	2100
3	37844	0.262627	2101
3	37862	0.262752	2102
3	37880	0.262877	2103
3	37898	0.263002	2104
3	37916	0.263127	2105
3	37934	0.263252	2106
3	37952	0.263377	2107
3	37970	0.263502	2108
3	37988	0.263627	2109
3	38006	0.263752	2110
3	38024	0.263877	2111
3	38042	0.264002	2112
3	38060	0.264127	2113
3	38078	0.264252	2114
3	38096	0.264377	2115
3	38114	0.264502	2116
3	38132	0.264627	2117
3	38150	0.264752	2118
3	38168	0.264877	2119
3	38186	0.265002	2120
3	38204	0.265127	2121
3	38222	0.265252	2122
3	38240	0.265377	2123
3	38258	0.265502	2124
3	38276	0.265627	2125
3	38294	0.265752	2126
3	38312	0.265877	2127
3	38330	0.266002	2128
3	38348	0.266127	2129
3	38366	0.266252	2130
3	38384	0.266377	2131
3	38402	0.266502	2132
3	38420	0.266627	2133
3	38438	0.266752	2134
3	38456	0.266877	2135
3	38474	0.267002	2136
3	38492	0.267127	2137
3	38510	0.267252	2138
3	38528	0.267377	2139
3	38546	0.267502	2140
3	38564	0.267627	2141
3	38582	0.267752	2142
3	38600	0.267877	2143
3	38618	0.268002	2144
3	38636	0.268127	2145
3	38654	0.268252	2146
3	38672	0.268377	2147
3	38690	0.268502	2148
3	38708	0.268627	2149
3	38726	0.268752	2150
3	38744	0.268877	2151
3	38762	0.269002	2152
3	38780	0.269127	2153
3	38798	0.269252	2154
3	38816	0.269377	2155
3	38834	0.269502	2156
3	38852	0.269627	2157
3	38870	0.269752	2158
3	38888	0.269877	2159
3	38906	0.270002	2160
3	38924	0.270127	2161
3	38942	0.270252	2162
3	38960	0.270377	2163
3	38978	0.270502	2164
3	38996	0.270627	2165
3	39014	0.270752	2166
3	39032	0.270877	2167
3	39050	0.271002	2168
3	39068	0.271127	2169
3	39086	0.271252	2170
3	39104	0.271377	2171
3	39122	0.271502	2172
3	39140	0.271627	2173
3	39158	0.271752	2174
3	39176	0.271877	2175
3	39194	0.272002	2176
3	39212	0.272127	2177
3	39230	0.272252	2178
3	39248	0.272377	2179
3	39266	0.272502	2180
3	39284	0.272627	2181
3	39302	0.272752	2182
3	39320	0.272877	2183
3	39338	0.273002	2184
3	39356	0.273127	2185
3	39374	0.273252	2186
3	39392	0.273377	2187
3	39410	0.273502	2188
3	39428	0.273627	2189
3	39446	0.273752	2190
3	39464	0.273877	2191
3	39482	0.274002	2192
3	39500	0.274127	2193
3	39518	0.274252	2194
3	39536	0.274377	2195
3	39554	0.274502	2196
3	39572	0.274627	2197
3	39590	0.274752	2198
3	39608	0.274877	2199
3	39626	0.275002	2200
3	39644	0.275127	2201
3	39662	0.275252	2202
3	39680	0.275377	2203
3	39698	0.275502	2204
3	39716	0.275627	2205
3	39734	0.275752	2206
3	39752	0.275877	2207
3	39770	0.276002	2208
3	39788	0.276127	2209
3	39806	0.276252	2210
3	39824	0.276377	2211
3	39842	0.276502	2212
3	39860	0.276627	2213
3	39878	0.276752	2214
3	39896	0.276877	2215
3	39914	0.277002	2216
3	39932	0.277127	2217
3	39950	0.277252	2218
3	39968	0.277377	2219
3	39986	0.277502	2220
3	40004	0.277627	2221
3	40022	0.277752	2222
3	40040	0.277877	2223
3	40058	0.278002	2224
3	40076	0.278127	2225
3	40094	0.278252	2226
3	40112	0.278377	2227
3	40130	0.278502	2228
3	40148	0.278627	2229
3	40166	0.278752	2230
3	40184	0.278877	2231
3	40202	0.279002	2232
3	40220	0.279127	2233
3	40238	0.279252	2234
3	40256	0.279377	2235
3	40274	0.279502	2236
3	40292	0.279627	2237
3	40310	0.279752	2238
3	40328	0.279877	2239
3	40346	0.280002	2240
3	40364	0.280127	2241
3	40382	0.280252	2242
3	40400	0.280377	2243
3	40418	0.280502	2244
3	40436	0.280627	2245
3	40454	0.280752	2246
3	40472	0.280877	2247
3	40490	0.281002	2248
3	40508	0.281127	2249
3	40526	0.281252	2250
3	40544	0.281377	2251
3	40562	0.281502	2252
3	40580	0.281627	2253
3	40598	0.281752	2254
3	40616	0.281877	2255
3	40634	0.282002	2256
3	40652	0.282127	2257
3	40670	0.282252	2258
3	40688	0.282377	2259
3	40706	0.282502	2260
3	40724	0.282627	2261
3	40742	0.282752	2262
3	40760	0.282877	2263
3	40778	0.283002	2264
3	40796	0.283127	2265
3	40814	0.283252	2266
3	40832	0.283377	2267
3	40850	0.283502	2268
3	40868	0.283627	2269
3	40886	0.283752	2270
3	40904	0.283877	2271
3	40922	0.284002	2272
3	40940	0.284127	2273
3	40958	0.284252	2274
3	40976	0.284377	2275
3	40994	0.284502	2276
3	41012	0.284627	2277
3	41030	0.284752	2278
3	41048	0.284877	2279
3	41066	0.285002	2280
3	41084	0.285127	2281
3	41102	0.285252	2282
3	41120	0.285377	2283
3	41138	0.285502	2284
3	41156	0.285627	2285
3	41174	0.285752	2286
3	41192	0.285877	2287
3	41210	0.286002	2288
3	41228	0.286127	2289
3	41246	0.286252	2290
3	41264	0.286377	2291
3	41282	0.286502	2292
3	41300	0.286627	2293
3	41318	0.286752	2294
3	41336	0.286877	2295
3	41354	0.287002	2296
3	41372	0.287127	2297
3	41390	0.287252	2298
3	41408	0.287377	2299
3	41426	0.287502	2300
3	41444	0.287627	2301
3	41462	0.287752	2302
3	41480	0.287877	2303
3	41498	0.288002	2304
3	41516	0.288127	2305
3	41534	0.288252	2306
3	41552	0.288377	2307
3	41570	0.288502	2308
3	41588	0.288627	2309
3	41606	0.288752	2310
3	41624	0.288877	2311
3	41642	0.289002	2312
3	41660	0.289127	2313
3	41678	0.289252	2314
3	41696	0.289377	2315
3	41714	0.289502	2316
3	41732	0.289627	2317
3	41750	0.289752	2318
3	41768	0.289877	2319
3	41786	0.290002	2320
3	41804	0.290127	2321
3	41822	0.290252	2322
3	41840	0.290377	2323
3	41858	0.290502	2324
3	41876	0.290627	2325
3	41894	0.290752	2326
3	41912	0.290877	2327
3	41930	0.291002	2328
3	41948	0.291127	2329
3	41966	0.291252	2330
3	41984	0.291377	2331
3	42002	0.291502	2332
3	42020	0.291627	2333
3	42038	0.291752	2334
3	42056	0.291877	2335
3	42074	0.292002	2336
3	42092	0.292127	2337
3	42110	0.292252	2338
3	42128	0.292377	2339
3	42146	0.292502	2340
3	42164	0.292627	2341
3	42182	0.292752	2342
3	42200	0.292877	2343
3	42218	0.293002	2344
3	42236	0.293127	2345
3	42254	0.293252	2346
3	42272	0.293377	2347
3	42290	0.293502	2348
3	42308	0.293627	2349
3	42326	0.293752	2350
3	42344	0.293877	2351
3	42362	0.294002	2352
3	42380	0.294127	2353
3	42398	0.294252	2354
3	42416	0.294377	2355
3	42434	0.294502	2356
3	42452	0.294627	2357
3	42470	0.294752	2358
3	42488	0.294877	2359
3	42506	0.295002	2360
3	42524	0.295127	2361
3	42542	0.295252	2362
3	42560	0.295377	2363
3	42580	0.295502	2364
3	42600	0.295627	2365
3	42618	0.295752	2366
3	42636	0.295877	2367
3	42654	0.296002	2368
3	42672	0.296127	2369
3	42690	0.296252	2370
3	42708	0.296377	2371
3	42726	0.296502	2372
3	42744	0.296627	2373
3	42762	0.296752	2374
3	42780	0.296877	2375
3	42798	0.297002	2376
3	42816	0.297127	2377
3	42834	0.297252	2378
3	42852	0.297377	2379
3	42870	0.297502	2380
3	42888	0.297627	2381
3	42906	0.297752	2382
3	42924	0.297877	2383
3	42942	0.298002	2384
3	42960	0.298127	2385
3	42978	0.298252	2386
3	42996	0.298377	2387
3	43014	0.298502	2388
3	43032	0.298627	2389
3	43050	0.298752	2390
3	43068	0.298877	2391
3	43086	0.299002	2392
3	43104	0.299127	2393
3	43122	0.299252	2394
3	43140	0.299377	2395
3	43158	0.299502	2396
3	43176	0.299627	2397
3	43194	0.299752	2398
3	43212	0.299877	2399
3	43230	0.300002	2400
3	43248	0.300127	2401
3	43266	0.300252	2402
3	43284	0.300377	2403
3	43302	0.300502	2404
3	43320	0.300627	2405
3	43338	0.300752	2406
3	43356	0.300877	2407
3	43374	0.301002	2408
3	43392	0.301127	2409
3	43410	0.301252	2410
3	43428	0.301377	2411
3	43446	0.301502	2412
3	43464	0.301627	2413
3	43482	0.301752	2414
3	43500	0.301877	2415
3	43518	0.302002	2416
3	43536	0.302127	2417
3	43554	0.302252	2418
3	43572	0.302377	2419
3	43590	0.302502	2420
3	43608	0.302627	2421
3	43626	0.302752	2422
3	43644	0.302877	2423
3	43662	0.303002	2424
3	43680	0.303127	2425
3	43698	0.303252	2426
3	43716	0.303377	2427
3	43734	0.303502	2428
3	43752	0.303627	2429
3	43770	0.303752	2430
3	43788	0.303877	2431
3	43806	0.304002	2432
3	43824	0.304127	2433
3	43842	0.304252	2434
3	43860	0.304377	2435
3	43878	0.304502	2436
3	43896	0.304627	2437
3	43914	0.304752	2438
3	43932	0.304877	2439
3	43950	0.305002	2440
3	43968	0.305127	2441
3	43986	0.305252	2442
3	44004	0.305377	2443
3	44022	0.305502	2444
3	44040	0.305627	2445
3	44058	0.305752	2446
3	44076	0.305877	2447
3	44094	0.306002	2448
3	44112	0.306127	2449
3	44130	0.306252	2450
3	44148	0.306377	2451
3	44166	0.306502	2452
3	44184	0.306627	2453
3	44202	0.306752	2454
3	44220	0.306877	2455
3	44238	0.307002	2456
3	44256	0.307127	2457
3	44274	0.307252	2458
3	44292	0.307377	2459
3	44310	0.307502	2460
3	44328	0.307627	2461
3	44346	0.307752	2462
3	44364	0.307877	2463
3	44382	0.308002	2464
3	44400	0.308127	2465
3	44418	0.308252	2466
3	44436	0.308377	2467
3	44454	0.308502	2468
3	44472	0.308627	2469
3	44490	0.308752	2470
3	44508	0.308877	2471
3	44526	0.309002	2472
3	44544	0.309127	2473
3	44562	0.309252	2474
3	44580	0.309377	2475
3	44598	0.309502	2476
3	44616	0.309627	2477
3	44634	0.309752	2478
3	44652	0.309877	2479
3	44670	0.310002	2480
3	44688	0.310127	2481
3	44706	0.310252	2482
3	44724	0.310377	2483
3	44742	0.310502	2484
3	44760	0.310627	2485
3	44778	0.310752	2486
3	44796	0.310877	2487
3	44814	0.311002	2488
3	44832	0.311127	2489
3	44850	0.311252	2490
3	44868	0.311377	2491
3	44886	0.311502	2492
3	44904	0.311627	2493
3	44922	0.311752	2494
3	44940	0.311877	2495
3	44958	0.312002	2496
3	44976	0.312127	2497
3	44994	0.312252	2498
3	45012	0.312377	2499
3	45030	0.312502	2500
3	45048	0.312627	2501
3	45066	0.312752	2502
3	45084	0.312877	2503
3	45102	0.313002	2504
3	45120	0.313127	2505
3	45138	0.313252	2506
3	45156	0.313377	2507
3	45174	0.313502	2508
3	45192	0.313627	2509
3	45210	0.313752	2510
3	45228	0.313877	2511
3	45246	0.314002	2512
3	45264	0.314127	2513
3	45282	0.314252	2514
3	45300	0.314377	2515
3	45318	0.314502	2516
3	45336	0.314627	2517
3	45354	0.314752	2518
3	45372	0.314877	2519
3	45390	0.315002	2520
3	45408	0.315127	2521
3	45426	0.315252	2522
3	45444	0.315377	2523
3	45462	0.315502	2524
3	45480	0.315627	2525
3	45498	0.315752	2526
3	45516	0.315877	2527
3	45534	0.316002	2528
3	45552	0.316127	2529
3	45570	0.316252	2530
3	45588	0.316377	2531
3	45606	0.316502	2532
3	45624	0.316627	2533
3	45642	0.316752	2534
3	45660	0.316877	2535
3	45678	0.317002	2536
3	45696	0.317127	2537
3	45714	0.317252	2538
3	45732	0.317377	2539
3	45750	0.317502	2540
3	45768	0.317627	2541
3	45786	0.317752	2542
3	45804	0.317877	2543
3	45822	0.318002	2544
3	45840	0.318127	2545
3	45858	0.318252	2546
3	45876	0.318377	2547
3	45894	0.318502	2548
3	45912	0.318627	2549
3	45930	0.318752	2550
3	45948	0.318877	2551
3	45966	0.319002	2552
3	45984	0.319127	2553
3	46002	0.319252	2554
3	46020	0.319377	2555
3	46038	0.319502	2556
3	46056	0.319627	2557
3	46074	0.319752	2558
3	46092	0.319877	2559
3	46110	0.320002	2560
3	46128	0.320127	2561
3	46146	0.320252	2562
3	46164	0.320377	2563
3	46182	0.320502	2564
3	46200	0.320627	2565
3	46218	0.320752	2566
3	46236	0.320877	2567
3	46254	0.321002	2568
3	46272	0.321127	2569
3	46290	0.321252	2570
3	46308	0.321377	2571
3	46326	0.321502	2572
3	46344	0.321627	2573
3	46362	0.321752	2574
3	46380	0.321877	2575
3	46398	0.322002	2576
3	46416	0.322127	2577
3	46434	0.322252	2578
3	46452	0.322377	2579
3	46470	0.322502	2580
3	46488	0.322627	2581
3	46506	0.322752	2582
3	46524	0.322877	2583
3	46542	0.323002	2584
3	46560	0.323127	2585
3	46578	0.323252	2586
3	46596	0.323377	2587
3	46614	0.323502	2588
3	46632	0.323627	2589
3	46650	0.323752	2590
3	46668	0.323877	2591
3	46686	0.324002	2592
3	46704	0.324127	2593
3	46722	0.324252	2594
3	46740	0.324377	2595
3	46758	0.324502	2596
3	46776	0.324627	2597
3	46794	0.324752	2598
3	46812	0.324877	2599
3	46830	0.325002	2600
3	46848	0.325127	2601
3	46866	0.325252	2602
3	46884	0.325377	2603
3	46902	0.325502	2604
3	46920	0.325627	2605
3	46938	0.325752	2606
3	46956	0.325877	2607
3	46974	0.326002	2608
3	46992	0.326127	2609
3	47010	0.326252	2610
3	47028	0.326377	2611
3	47046	0.326502	2612
3	47064	0.326627	2613
3	47082	0.326752	2614
3	47100	0.326877	2615
3	47118	0.327002	2616
3	47136	0.327127	2617
3	47154	0.327252	2618
3	47172	0.327377	2619
3	47190	0.327502	2620
3	47208	0.327627	2621
3	47226	0.327752	2622
3	47244	0.327877	2623
3	47262	0.328002	2624
3	47280	0.328127	2625
3	47298	0.328252	2626
3	47316	0.328377	2627
3	47334	0.328502	2628
3	47352	0.328627	2629
3	47370	0.328752	2630
3	47388	0.328877	2631
3	47406	0.329002	2632
3	47424	0.329127	2633
3	47442	0.329252	2634
3	47460	0.329377	2635
3	47478	0.329502	2636
3	47496	0.329627	2637
3	47514	0.329752	2638
3	47532	0.329877	2639
3	47550	0.330002	2640
3	47568	0.330127	2641
3	47586	0.330252	2642
3	47604	0.330377	2643
3	47622	0.330502	2644
3	47640	0.330627	2645
3	47658	0.330752	2646
3	47676	0.330877	2647
3	47694	0.331002	2648
3	47712	0.331127	2649
3	47730	0.331252	2650
3	47748	0.331377	2651
3	47766	0.331502	2652
3	47784	0.331627	2653
3	47802	0.331752	2654
3	47820	0.331877	2655
3	47838	0.332002	2656
3	47856	0.332127	2657
3	47874	0.332252	2658
3	47892	0.332377	2659
3	47910	0.332502	2660
3	47928	0.332627	2661
3	47950	0.332752	2662
3	47968	0.332877	2663
3	47986	0.333002	2664
3	48004	0.333127	2665
3	48022	0.333252	2666
3	48040	0.333377	2667
3	48058	0.333502	2668
3	48076	0.333627	2669
3	48094	0.333752	2670
3	48112	0.333877	2671
3	48130	0.334002	2672
3	48148	0.334127	2673
3	48166	0.334252	2674
3	48184	0.334377	2675
3	48202	0.334502	2676
3	48220	0.334627	2677
3	48238	0.334752	2678
3	48256	0.334877	2679
3	48274	0.335002	2680
3	48292	0.335127	2681
3	48310	0.335252	2682
3	48328	0.335377	2683
3	48346	0.335502	2684
3	48364	0.335627	2685
3	48382	0.335752	2686
3	48400	0.335877	2687
3	48418	0.336002	2688
3	48436	0.336127	2689
3	48454	0.336252	2690
3	48472	0.336377	2691
3	48490	0.336502	2692
3	48508	0.336627	2693
3	48526	0.336752	2694
3	48544	0.336877	2695
3	48562	0.337002	2696
3	48580	0.337127	2697
3	48598	0.337252	2698
3	48616	0.337377	2699
3	48634	0.337502	2700
3	48652	0.337627	2701
3	48670	0.337752	2702
3	48688	0.337877	2703
3	48706	0.338002	2704
3	48724	0.338127	2705
3	48742	0.338252	2706
3	48760	0.338377	2707
3	48778	0.338502	2708
3	48796	0.338627	2709
3	48814	0.338752	2710
3	48832	0.338877	2711
3	48850	0.339002	2712
3	48868	0.339127	2713
3	48886	0.339252	2714
3	48904	0.339377	2715
3	48922	0.339502	2716
3	48940	0.339627	2717
3	48958	0.339752	2718
3	48976	0.339877	2719
3	48994	0.340002	2720
3	49012	0.340127	2721
3	49030	0.340252	2722
3	49048	0.340377	2723
3	49066	0.340502	2724
3	49084	0.340627	2725
3	49102	0.340752	2726
3	49120	0.340877	2727
3	49138	0.341002	2728
3	49156	0.341127	2729
3	49174	0.341252	2730
3	49192	0.341377	2731
3	49210	0.341502	2732
3	49228	0.341627	2733
3	49246	0.341752	2734
3	49264	0.341877	2735
3	49282	0.342002	2736
3	49300	0.342127	2737
3	49318	0.342252	2738
3	49336	0.342377	2739
3	49354	0.342502	2740
3	49372	0.342627	2741
3	49390	0.342752	2742
3	49408	0.342877	2743
3	49426	0.343002	2744
3	49444	0.343127	2745
3	49462	0.343252	2746
3	49480	0.343377	2747
3	49498	0.343502	2748
3	49516	0.343627	2749
3	49534	0.343752	2750
3	49552	0.343877	2751
3	49570	0.344002	2752
3	49588	0.344127	2753
3	49606	0.344252	2754
3	49624	0.344377	2755
3	49642	0.344502	2756
3	49660	0.344627	2757
3	49678	0.344752	2758
3	49696	0.344877	2759
3	49714	0.345002	2760
3	49732	0.345127	2761
3	49750	0.345252	2762
3	49768	0.345377	2763
3	49786	0.345502	2764
3	49804	0.345627	2765
3	49822	0.345752	2766
3	49840	0.345877	2767
3	49858	0.346002	2768
3	49876	0.346127	2769
3	49894	0.346252	2770
3	49912	0.346377	2771
3	49930	0.346502	2772
3	49948	0.346627	2773
3	49966	0.346752	2774
3	49984	0.346877	2775
3	50002	0.347002	2776
3	50020	0.347127	2777
3	50038	0.347252	2778
3	50056	0.347377	2779
3	50074	0.347502	2780
3	50092	0.347627	2781
3	50110	0.347752	2782
3	50128	0.347877	2783
3	50146	0.348002	2784
3	50164	0.348127	2785
3	50182	0.348252	2786
3	50200	0.348377	2787
3	50218	0.348502	2788
3	50236	0.348627	2789
3	50254	0.348752	2790
3	50272	0.348877	2791
3	50290	0.349002	2792
3	50308	0.349127	2793
3	50326	0.349252	2794
3	50344	0.349377	2795
3	50362	0.349502	2796
3	50380	0.349627	2797
3	50398	0.349752	2798
3	50416	0.349877	2799
3	50434	0.350002	2800
3	50452	0.350127	2801
3	50470	0.350252	2802
3	50488	0.350377	2803
3	50506	0.350502	2804
3	50524	0.350627	2805
3	50542	0.350752	2806
3	50560	0.350877	2807
3	50578	0.351002	2808
3	50596	0.351127	2809
3	50614	0.351252	2810
3	50632	0.351377	2811
3	50650	0.351502	2812
3	50668	0.351627	2813
3	50686	0.351752	2814
3	50704	0.351877	2815
3	50722	0.352002	2816
3	50740	0.352127	2817
3	50758	0.352252	2818
3	50776	0.352377	2819
3	50794	0.352502	2820
3	50812	0.352627	2821
3	50830	0.352752	2822
3	50848	0.352877	2823
3	50866	0.353002	2824
3	50884	0.353127	2825
3	50902	0.353252	2826
3	50920	0.353377	2827
3	50938	0.353502	2828
3	50956	0.353627	2829
3	50974	0.353752	2830
3	50992	0.353877	2831
3	51010	0.354002	2832
3	51028	0.354127	2833
3	51046	0.354252	2834
3	51064	0.354377	2835
3	51082	0.354502	2836
3	51100	0.354627	2837
3	51118	0.354752	2838
3	51136	0.354877	2839
3	51154	0.355002	2840
3	51172	0.355127	2841
3	51190	0.355252	2842
3	51208	0.355377	2843
3	51226	0.355502	2844
3	51244	0.355627	2845
3	51262	0.355752	2846
3	51280	0.355877	2847
3	51298	0.356002	2848
3	51316	0.356127	2849
3	51334	0.356252	2850
3	51352	0.356377	2851
3	51370	0.356502	2852
3	51388	0.356627	2853
3	51406	0.356752	2854
3	51424	0.356877	2855
3	51442	0.357002	2856
3	51460	0.357127	2857
3	51478	0.357252	2858
3	51496	0.357377	2859
3	51514	0.357502	2860
3	51532	0.357627	2861
3	51550	0.357752	2862
3	51568	0.357877	2863
3	51586	0.358002	2864
3	51604	0.358127	2865
3	51622	0.358252	2866
3	51640	0.358377	2867
3	51658	0.358502	2868
3	51676	0.358627	2869
3	51694	0.358752	2870
3	51712	0.358877	2871
3	51730	0.359002	2872
3	51748	0.359127	2873
3	51766	0.359252	2874
3	51784	0.359377	2875
3	51802	0.359502	2876
3	51820	0.359627	2877
3	51838	0.359752	2878
3	51856	0.359877	2879
3	51874	0.360002	2880
3	51892	0.360127	2881
3	51910	0.360252	2882
3	51928	0.360377	2883
3	51946	0.360502	2884
3	51964	0.360627	2885
3	51982	0.360752	2886
3	52000	0.360877	2887
3	52018	0.361002	2888
3	52036	0.361127	2889
3	52054	0.361252	2890
3	52072	0.361377	2891
3	52090	0.361502	2892
3	52108	0.361627	2893
3	52126	0.361752	2894
3	52144	0.361877	2895
3	52162	0.362002	2896
3	52180	0.362127	2897
3	52198	0.362252	2898
3	52216	0.362377	2899
3	52234	0.362502	2900
3	52252	0.362627	2901
3	52270	0.362752	2902
3	52288	0.362877	2903
3	52306	0.363002	2904
3	52324	0.363127	2905
3	52342	0.363252	2906
3	52360	0.363377	2907
3	52378	0.363502	2908
3	52396	0.363627	2909
3	52414	0.363752	2910
3	52432	0.363877	2911
3	52450	0.364002	2912
3	52468	0.364127	2913
3	52486	0.364252	2914
3	52504	0.364377	2915
3	52522	0.364502	2916
3	52540	0.364627	2917
3	52558	0.364752	2918
3	52576	0.364877	2919
3	52594	0.365002	2920
3	52612	0.365127	2921
3	52630	0.365252	2922
3	52648	0.365377	2923
3	52666	0.365502	2924
3	52684	0.365627	2925
3	52702	0.365752	2926
3	52720	0.365877	2927
3	52738	0.366002	2928
3	52756	0.366127	2929
3	52774	0.366252	2930
3	52792	0.366377	2931
3	52810	0.366502	2932
3	52828	0.366627	2933
3	52846	0.366752	2934
3	52864	0.366877	2935
3	52882	0.367002	2936
3	52900	0.367127	2937
3	52918	0.367252	2938
3	52936	0.367377	2939
3	52954	0.367502	2940
3	52972	0.367627	2941
3	52990	0.367752	2942
3	53008	0.367877	2943
3	53026	0.368002	2944
3	53044	0.368127	2945
3	53062	0.368252	2946
3	53080	0.368377	2947
3	53098	0.368502	2948
3	53116	0.368627	2949
3	53134	0.368752	2950
3	53152	0.368877	2951
3	53170	0.369002	2952
3	53188	0.369127	2953
3	53206	0.369252	2954
3	53224	0.369377	2955
3	53242	0.369502	2956
3	53260	0.369627	2957
3	53278	0.369752	2958
3	53300	0.369877	2959
3	53318	0.370002	2960
3	53336	0.370127	2961
3	53354	0.370252	2962
3	53372	0.370377	2963
3	53390	0.370502	2964
3	53408	0.370627	2965
3	53426	0.370752	2966
3	53444	0.370877	2967
3	53462	0.371002	2968
3	53480	0.371127	2969
3	53498	0.371252	2970
3	53516	0.371377	2971
3	53534	0.371502	2972
3	53552	0.371627	2973
3	53570	0.371752	2974
3	53588	0.371877	2975
3	53606	0.372002	2976
3	53624	0.372127	2977
3	53642	0.372252	2978
3	53660	0.372377	2979
3	53678	0.372502	2980
3	53696	0.372627	2981
3	53714	0.372752	2982
3	53732	0.372877	2983
3	53750	0.373002	2984
3	53768	0.373127	2985
3	53786	0.373252	2986
3	53804	0.373377	2987
3	53822	0.373502	2988
3	53840	0.373627	2989
3	53858	0.373752	2990
3	53876	0.373877	2991
3	53894	0.374002	2992
3	53912	0.374127	2993
3	53930	0.374252	2994
3	53948	0.374377	2995
3	53966	0.374502	2996
3	53984	0.374627	2997
3	54002	0.374752	2998
3	54020	0.374877	2999
3	54038	0.375002	3000
3	54056	0.375127	3001
3	54074	0.375252	3002
3	54092	0.375377	3003
3	54110	0.375502	3004
3	54128	0.375627	3005
3	54146	0.375752	3006
3	54164	0.375877	3007
3	54182	0.376002	3008
3	54200	0.376127	3009
3	54218	0.376252	3010
3	54236	0.376377	3011
3	54254	0.376502	3012
3	54272	0.376627	3013
3	54290	0.376752	3014
3	54308	0.376877	3015
3	54326	0.377002	3016
3	54344	0.377127	3017
3	54362	0.377252	3018
3	54380	0.377377	3019
3	54398	0.377502	3020
3	54416	0.377627	3021
3	54434	0.377752	3022
3	54452	0.377877	3023
3	54470	0.378002	3024
3	54488	0.378127	3025
3	54506	0.378252	3026
3	54524	0.378377	3027
3	54542	0.378502	3028
3	54560	0.378627	3029
3	54578	0.378752	3030
3	54596	0.378877	3031
3	54614	0.379002	3032
3	54632	0.379127	3033
3	54650	0.379252	3034
3	54668	0.379377	3035
3	54686	0.379502	3036
3	54704	0.379627	3037
3	54722	0.379752	3038
3	54740	0.379877	3039
3	54758	0.380002	3040
3	54776	0.380127	3041
3	54794	0.380252	3042
3	54812	0.380377	3043
3	54830	0.380502	3044
3	54848	0.380627	3045
3	54866	0.380752	3046
3	54884	0.380877	3047
3	54902	0.381002	3048
3	54920	0.381127	3049
3	54938	0.381252	3050
3	54956	0.381377	3051
3	54974	0.381502	3052
3	54992	0.381627	3053
3	55010	0.381752	3054
3	55028	0.381877	3055
3	55046	0.382002	3056
3	55064	0.382127	3057
3	55082	0.382252	3058
3	55100	0.382377	3059
3	55118	0.382502	3060
3	55136	0.382627	3061
3	55154	0.382752	3062
3	55172	0.382877	3063
3	55190	0.383002	3064
3	55208	0.383127	3065
3	55226	0.383252	3066
3	55244	0.383377	3067
3	55262	0.383502	3068
3	55280	0.383627	3069
3	55298	0.383752	3070
3	55316	0.383877	3071
3	55334	0.384002	3072
3	55352	0.384127	3073
3	55370	0.384252	3074
3	55388	0.384377	3075
3	55406	0.384502	3076
3	55424	0.384627	3077
3	55442	0.384752	3078
3	55460	0.384877	3079
3	55478	0.385002	3080
3	55496	0.385127	3081
3	55514	0.385252	3082
3	55532	0.385377	3083
3	55550	0.385502	3084
3	55568	0.385627	3085
3	55586	0.385752	3086
3	55604	0.385877	3087
3	55622	0.386002	3088
3	55640	0.386127	3089
3	55658	0.386252	3090
3	55676	0.386377	3091
3	55694	0.386502	3092
3	55712	0.386627	3093
3	55730	0.386752	3094
3	55748	0.386877	3095
3	55766	0.387002	3096
3	55784	0.387127	3097
3	55802	0.387252	3098
3	55820	0.387377	3099
3	55838	0.387502	3100
3	55856	0.387627	3101
3	55874	0.387752	3102
3	55892	0.387877	3103
3	55910	0.388002	3104
3	55928	0.388127	3105
3	55946	0.388252	3106
3	55964	0.388377	3107
3	55982	0.388502	3108
3	56000	0.388627	3109
3	56018	0.388752	3110
3	56036	0.388877	3111
3	56054	0.389002	3112
3	56072	0.389127	3113
3	56090	0.389252	3114
3	56108	0.389377	3115
3	56126	0.389502	3116
3	56144	0.389627	3117
3	56162	0.389752	3118
3	56180	0.389877	3119
3	56198	0.390002	3120
3	56216	0.390127	3121
3	56234	0.390252	3122
3	56252	0.390377	3123
3	56270	0.390502	3124
3	56288	0.390627	3125
3	56306	0.390752	3126
3	56324	0.390877	3127
3	56342	0.391002	3128
3	56360	0.391127	3129
3	56378	0.391252	3130
3	56396	0.391377	3131
3	56414	0.391502	3132
3	56432	0.391627	3133
3	56450	0.391752	3134
3	56468	0.391877	3135
3	56486	0.392002	3136
3	56504	0.392127	3137
3	56522	0.392252	3138
3	56540	0.392377	3139
3	56558	0.392502	3140
3	56576	0.392627	3141
3	56594	0.392752	3142
3	56612	0.392877	3143
3	56630	0.393002	3144
3	56648	0.393127	3145
3	56666	0.393252	3146
3	56684	0.393377	3147
3	56702	0.393502	3148
3	56720	0.393627	3149
3	56738	0.393752	3150
3	56756	0.393877	3151
3	56774	0.394002	3152
3	56792	0.394127	3153
3	56810	0.394252	3154
3	56828	0.394377	3155
3	56846	0.394502	3156
3	56864	0.394627	3157
3	56882	0.394752	3158
3	56900	0.394877	3159
3	56918	0.395002	3160
3	56936	0.395127	3161
3	56954	0.395252	3162
3	56972	0.395377	3163
3	56990	0.395502	3164
3	57008	0.395627	3165
3	57026	0.395752	3166
3	57044	0.395877	3167
3	57062	0.396002	3168
3	57080	0.396127	3169
3	57098	0.396252	3170
3	57116	0.396377	3171
3	57134	0.396502	3172
3	57152	0.396627	3173
3	57170	0.396752	3174
3	57188	0.396877	3175
3	57206	0.397002	3176
3	57224	0.397127	3177
3	57242	0.397252	3178
3	57260	0.397377	3179
3	57278	0.397502	3180
3	57296	0.397627	3181
3	57314	0.397752	3182
3	57332	0.397877	3183
3	57350	0.398002	3184
3	57368	0.398127	3185
3	57386	0.398252	3186
3	57404	0.398377	3187
3	57422	0.398502	3188
3	57440	0.398627	3189
3	57458	0.398752	3190
3	57476	0.398877	3191
3	57494	0.399002	3192
3	57512	0.399127	3193
3	57530	0.399252	3194
3	57548	0.399377	3195
3	57566	0.399502	3196
3	57584	0.399627	3197
3	57602	0.399752	3198
3	57620	0.399877	3199
3	57638	0.400002	3200
3	57656	0.400127	3201
3	57674	0.400252	3202
3	57692	0.400377	3203
3	57710	0.400502	3204
3	57728	0.400627	3205
3	57746	0.400752	3206
3	57764	0.400877	3207
3	57782	0.401002	3208
3	57800	0.401127	3209
3	57818	0.401252	3210
3	57836	0.401377	3211
3	57854	0.401502	3212
3	57872	0.401627	3213
3	57890	0.401752	3214
3	57908	0.401877	3215
3	57926	0.402002	3216
3	57944	0.402127	3217
3	57962	0.402252	3218
3	57980	0.402377	3219
3	57998	0.402502	3220
3	58016	0.402627	3221
3	58034	0.402752	3222
3	58052	0.402877	3223
3	58070	0.403002	3224
3	58088	0.403127	3225
3	58106	0.403252	3226
3	58124	0.403377	3227
3	58142	0.403502	3228
3	58160	0.403627	3229
3	58178	0.403752	3230
3	58196	0.403877	3231
3	58214	0.404002	3232
3	58232	0.404127	3233
3	58250	0.404252	3234
3	58268	0.404377	3235
3	58286	0.404502	3236
3	58304	0.404627	3237
3	58322	0.404752	3238
3	58340	0.404877	3239
3	58358	0.405002	3240
3	58376	0.405127	3241
3	58394	0.405252	3242
3	58412	0.405377	3243
3	58430	0.405502	3244
3	58448	0.405627	3245
3	58466	0.405752	3246
3	58484	0.405877	3247
3	58502	0.406002	3248
3	58520	0.406127	3249
3	58538	0.406252	3250
3	58556	0.406377	3251
3	58574	0.406502	3252
3	58592	0.406627	3253
3	58610	0.406752	3254
3	58628	0.406877	3255
3	58650	0.407002	3256
3	58668	0.407127	3257
3	58686	0.407252	3258
3	58704	0.407377	3259
3	58722	0.407502	3260
3	58740	0.407627	3261
3	58758	0.407752	3262
3	58776	0.407877	3263
3	58794	0.408002	3264
3	58812	0.408127	3265
3	58830	0.408252	3266
3	58848	0.408377	3267
3	58866	0.408502	3268
3	58884	0.408627	3269
3	58902	0.408752	3270
3	58920	0.408877	3271
3	58938	0.409002	3272
3	58956	0.409127	3273
3	58974	0.409252	3274
3	58992	0.409377	3275
3	59010	0.409502	3276
3	59028	0.409627	3277
3	59046	0.409752	3278
3	59064	0.409877	3279
3	59082	0.410002	3280
3	59100	0.410127	3281
3	59118	0.410252	3282
3	59136	0.410377	3283
3	59154	0.410502	3284
3	59172	0.410627	3285
3	59190	0.410752	3286
3	59208	0.410877	3287
3	59226	0.411002	3288
3	59244	0.411127	3289
3	59262	0.411252	3290
3	59280	0.411377	3291
3	59298	0.411502	3292
3	59316	0.411627	3293
3	59334	0.411752	3294
3	59352	0.411877	3295
3	59370	0.412002	3296
3	59388	0.412127	3297
3	59406	0.412252	3298
3	59424	0.412377	3299
3	59442	0.412502	3300
3	59460	0.412627	3301
3	59478	0.412752	3302
3	59496	0.412877	3303
3	59514	0.413002	3304
3	59532	0.413127	3305
3	59550	0.413252	3306
3	59568	0.413377	3307
3	59586	0.413502	3308
3	59604	0.413627	3309
3	59622	0.413752	3310
3	59640	0.413877	3311
3	59658	0.414002	3312
3	59676	0.414127	3313
3	59694	0.414252	3314
3	59712	0.414377	3315
3	59730	0.414502	3316
3	59748	0.414627	3317
3	59766	0.414752	3318
3	59784	0.414877	3319
3	59802	0.415002	3320
3	59820	0.415127	3321
3	59838	0.415252	3322
3	59856	0.415377	3323
3	59874	0.415502	3324
3	59892	0.415627	3325
3	59910	0.415752	3326
3	59928	0.415877	3327
3	59946	0.416002	3328
3	59964	0.416127	3329
3	59982	0.416252	3330
3	60000	0.416377	3331
3	60018	0.416502	3332
3	60036	0.416627	3333
3	60054	0.416752	3334
3	60072	0.416877	3335
3	60090	0.417002	3336
3	60108	0.417127	3337
3	60126	0.417252	3338
3	60144	0.417377	3339
3	60162	0.417502	3340
3	60180	0.417627	3341
3	60198	0.417752	3342
3	60216	0.417877	3343
3	60234	0.418002	3344
3	60252	0.418127	3345
3	60270	0.418252	3346
3	60288	0.418377	3347
3	60306	0.418502	3348
3	60324	0.418627	3349
3	60342	0.418752	3350
3	60360	0.418877	3351
3	60378	0.419002	3352
3	60396	0.419127	3353
3	60414	0.419252	3354
3	60432	0.419377	3355
3	60450	0.419502	3356
3	60468	0.419627	3357
3	60486	0.419752	3358
3	60504	0.419877	3359
3	60522	0.420002	3360
3	60540	0.420127	3361
3	60558	0.420252	3362
3	60576	0.420377	3363
3	60594	0.420502	3364
3	60612	0.420627	3365
3	60630	0.420752	3366
3	60648	0.420877	3367
3	60666	0.421002	3368
3	60684	0.421127	3369
3	60702	0.421252	3370
3	60720	0.421377	3371
3	60738	0.421502	3372
3	60756	0.421627	3373
3	60774	0.421752	3374
3	60792	0.421877	3375
3	60810	0.422002	3376
3	60828	0.422127	3377
3	60846	0.422252	3378
3	60864	0.422377	3379
3	60882	0.422502	3380
3	60900	0.422627	3381
3	60918	0.422752	3382
3	60936	0.422877	3383
3	60954	0.423002	3384
3	60972	0.423127	3385
3	60990	0.423252	3386
3	61008	0.423377	3387
3	61026	0.423502	3388
3	61044	0.423627	3389
3	61062	0.423752	3390
3	61080	0.423877	3391
3	61098	0.424002	3392
3	61116	0.424127	3393
3	61134	0.424252	3394
3	61152	0.424377	3395
3	61170	0.424502	3396
3	61188	0.424627	3397
3	61206	0.424752	3398
3	61224	0.424877	3399
3	61242	0.425002	3400
3	61260	0.425127	3401
3	61278	0.425252	3402
3	61296	0.425377	3403
3	61314	0.425502	3404
3	61332	0.425627	3405
3	61350	0.425752	3406
3	61368	0.425877	3407
3	61386	0.426002	3408
3	61404	0.426127	3409
3	61422	0.426252	3410
3	61440	0.426377	3411
3	61458	0.426502	3412
3	61476	0.426627	3413
3	61494	0.426752	3414
3	61512	0.426877	3415
3	61530	0.427002	3416
3	61548	0.427127	3417
3	61566	0.427252	3418
3	61584	0.427377	3419
3	61602	0.427502	3420
3	61620	0.427627	3421
3	61638	0.427752	3422
3	61656	0.427877	3423
3	61674	0.428002	3424
3	61692	0.428127	3425
3	61710	0.428252	3426
3	61728	0.428377	3427
3	61746	0.428502	3428
3	61764	0.428627	3429
3	61782	0.428752	3430
3	61800	0.428877	3431
3	61818	0.429002	3432
3	61836	0.429127	3433
3	61854	0.429252	3434
3	61872	0.429377	3435
3	61890	0.429502	3436
3	61908	0.429627	3437
3	61926	0.429752	3438
3	61944	0.429877	3439
3	61962	0.430002	3440
3	61980	0.430127	3441
3	61998	0.430252	3442
3	62016	0.430377	3443
3	62034	0.430502	3444
3	62052	0.430627	3445
3	62070	0.430752	3446
3	62088	0.430877	3447
3	62106	0.431002	3448
3	62124	0.431127	3449
3	62142	0.431252	3450
3	62160	0.431377	3451
3	62178	0.431502	3452
3	62196	0.431627	3453
3	62214	0.431752	3454
3	62232	0.431877	3455
3	62250	0.432002	3456
3	62268	0.432127	3457
3	62286	0.432252	3458
3	62304	0.432377	3459
3	62322	0.432502	3460
3	62340	0.432627	3461
3	62358	0.432752	3462
3	62376	0.432877	3463
3	62394	0.433002	3464
3	62412	0.433127	3465
3	62430	0.433252	3466
3	62448	0.433377	3467
3	62466	0.433502	3468
3	62484	0.433627	3469
3	62502	0.433752	3470
3	62520	0.433877	3471
3	62538	0.434002	3472
3	62556	0.434127	3473
3	62574	0.434252	3474
3	62592	0.434377	3475
3	62610	0.434502	3476
3	62628	0.434627	3477
3	62646	0.434752	3478
3	62664	0.434877	3479
3	62682	0.435002	3480
3	62700	0.435127	3481
3	62718	0.435252	3482
3	62736	0.435377	3483
3	62754	0.435502	3484
3	62772	0.435627	3485
3	62790	0.435752	3486
3	62808	0.435877	3487
3	62826	0.436002	3488
3	62844	0.436127	3489
3	62862	0.436252	3490
3	62880	0.436377	3491
3	62898	0.436502	3492
3	62916	0.436627	3493
3	62934	0.436752	3494
3	62952	0.436877	3495
3	62970	0.437002	3496
3	62988	0.437127	3497
3	63006	0.437252	3498
3	63024	0.437377	3499
3	63042	0.437502	3500
3	63060	0.437627	3501
3	63078	0.437752	3502
3	63096	0.437877	3503
3	63114	0.438002	3504
3	63132	0.438127	3505
3	63150	0.438252	3506
3	63168	0.438377	3507
3	63186	0.438502	3508
3	63204	0.438627	3509
3	63222	0.438752	3510
3	63240	0.438877	3511
3	63258	0.439002	3512
3	63276	0.439127	3513
3	63294	0.439252	3514
3	63312	0.439377	3515
3	63330	0.439502	3516
3	63348	0.439627	3517
3	63366	0.439752	3518
3	63384	0.439877	3519
3	63402	0.440002	3520
3	63420	0.440127	3521
3	63438	0.440252	3522
3	63456	0.440377	3523
3	63474	0.440502	3524
3	63492	0.440627	3525
3	63510	0.440752	3526
3	63528	0.440877	3527
3	63546	0.441002	3528
3	63564	0.441127	3529
3	63582	0.441252	3530
3	63600	0.441377	3531
3	63618	0.441502	3532
3	63636	0.441627	3533
3	63654	0.441752	3534
3	63672	0.441877	3535
3	63690	0.442002	3536
3	63708	0.442127	3537
3	63726	0.442252	3538
3	63744	0.442377	3539
3	63762	0.442502	3540
3	63780	0.442627	3541
3	63798	0.442752	3542
3	63816	0.442877	3543
3	63834	0.443002	3544
3	63852	0.443127	3545
3	63870	0.443252	3546
3	63888	0.443377	3547
3	63906	0.443502	3548
3	63924	0.443627	3549
3	63942	0.443752	3550
3	63960	0.443877	3551
3	63978	0.444002	3552
3	63996	0.444127	3553
3	64018	0.444252	3554
3	64036	0.444377	3555
3	64054	0.444502	3556
3	64072	0.444627	3557
3	64090	0.444752	3558
3	64108	0.444877	3559
3	64126	0.445002	3560
3	64144	0.445127	3561
3	64162	0.445252	3562
3	64180	0.445377	3563
3	64198	0.445502	3564
3	64216	0.445627	3565
3	64234	0.445752	3566
3	64252	0.445877	3567
3	64270	0.446002	3568
3	64288	0.446127	3569
3	64306	0.446252	3570
3	64324	0.446377	3571
3	64342	0.446502	3572
3	64360	0.446627	3573
3	64378	0.446752	3574
3	64396	0.446877	3575
3	64414	0.447002	3576
3	64432	0.447127	3577
3	64450	0.447252	3578
3	64468	0.447377	3579
3	64486	0.447502	3580
3	64504	0.447627	3581
3	64522	0.447752	3582
3	64540	0.447877	3583
3	64558	0.448002	3584
3	64576	0.448127	3585
3	64594	0.448252	3586
3	64612	0.448377	3587
3	64630	0.448502	3588
3	64648	0.448627	3589
3	64666	0.448752	3590
3	64684	0.448877	3591
3	64702	0.449002	3592
3	64720	0.449127	3593
3	64738	0.449252	3594
3	64756	0.449377	3595
3	64774	0.449502	3596
3	64792	0.449627	3597
3	64810	0.449752	3598
3	64828	0.449877	3599
3	64846	0.450002	3600
3	64864	0.450127	3601
3	64882	0.450252	3602
3	64900	0.450377	3603
3	64918	0.450502	3604
3	64936	0.450627	3605
3	64954	0.450752	3606
3	64972	0.450877	3607
3	64990	0.451002	3608
3	65008	0.451127	3609
3	65026	0.451252	3610
3	65044	0.451377	3611
3	65062	0.451502	3612
3	65080	0.451627	3613
3	65098	0.451752	3614
3	65116	0.451877	3615
3	65134	0.452002	3616
3	65152	0.452127	3617
3	65170	0.452252	3618
3	65188	0.452377	3619
3	65206	0.452502	3620
3	65224	0.452627	3621
3	65242	0.452752	3622
3	65260	0.452877	3623
3	65278	0.453002	3624
3	65296	0.453127	3625
3	65314	0.453252	3626
3	65332	0.453377	3627
3	65350	0.453502	3628
3	65368	0.453627	3629
3	65386	0.453752	3630
3	65404	0.453877	3631
3	65422	0.454002	3632
3	65440	0.454127	3633
3	65458	0.454252	3634
3	65476	0.454377	3635
3	65494	0.454502	3636
3	65512	0.454627	3637
3	65530	0.454752	3638
3	65548	0.454877	3639
3	65566	0.455002	3640
3	65584	0.455127	3641
3	65602	0.455252	3642
3	65620	0.455377	3643
3	65638	0.455502	3644
3	65656	0.455627	3645
3	65674	0.455752	3646
3	65692	0.455877	3647
3	65710	0.456002	3648
3	65728	0.456127	3649
3	65746	0.456252	3650
3	65764	0.456377	3651
3	65782	0.456502	3652
3	65800	0.456627	3653
3	65818	0.456752	3654
3	65836	0.456877	3655
3	65854	0.457002	3656
3	65872	0.457127	3657
3	65890	0.457252	3658
3	65908	0.457377	3659
3	65926	0.457502	3660
3	65944	0.457627	3661
3	65962	0.457752	3662
3	65980	0.457877	3663
3	65998	0.458002	3664
3	66016	0.458127	3665
3	66034	0.458252	3666
3	66052	0.458377	3667
3	66070	0.458502	3668
3	66088	0.458627	3669
3	66106	0.458752	3670
3	66124	0.458877	3671
3	66142	0.459002	3672
3	66160	0.459127	3673
3	66178	0.459252	3674
3	66196	0.459377	3675
3	66214	0.459502	3676
3	66232	0.459627	3677
3	66250	0.459752	3678
3	66268	0.459877	3679
3	66286	0.460002	3680
3	66304	0.460127	3681
3	66322	0.460252	3682
3	66340	0.460377	3683
3	66358	0.460502	3684
3	66376	0.460627	3685
3	66394	0.460752	3686
3	66412	0.460877	3687
3	66430	0.461002	3688
3	66448	0.461127	3689
3	66466	0.461252	3690
3	66484	0.461377	3691
3	66502	0.461502	3692
3	66520	0.461627	3693
3	66538	0.461752	3694
3	66556	0.461877	3695
3	66574	0.462002	3696
3	66592	0.462127	3697
3	66610	0.462252	3698
3	66628	0.462377	3699
3	66646	0.462502	3700
3	66664	0.462627	3701
3	66682	0.462752	3702
3	66700	0.462877	3703
3	66718	0.463002	3704
3	66736	0.463127	3705
3	66754	0.463252	3706
3	66772	0.463377	3707
3	66790	0.463502	3708
3	66808	0.463627	3709
3	66826	0.463752	3710
3	66844	0.463877	3711
3	66862	0.464002	3712
3	66880	0.464127	3713
3	66898	0.464252	3714
3	66916	0.464377	3715
3	66934	0.464502	3716
3	66952	0.464627	3717
3	66970	0.464752	3718
3	66988	0.464877	3719
3	67006	0.465002	3720
3	67024	0.465127	3721
3	67042	0.465252	3722
3	67060	0.465377	3723
3	67078	0.465502	3724
3	67096	0.465627	3725
3	67114	0.465752	3726
3	67132	0.465877	3727
3	67150	0.466002	3728
3	67168	0.466127	3729
3	67186	0.466252	3730
3	67204	0.466377	3731
3	67222	0.466502	3732
3	67240	0.466627	3733
3	67258	0.466752	3734
3	67276	0.466877	3735
3	67294	0.467002	3736
3	67312	0.467127	3737
3	67330	0.467252	3738
3	67348	0.467377	3739
3	67366	0.467502	3740
3	67384	0.467627	3741
3	67402	0.467752	3742
3	67420	0.467877	3743
3	67438	0.468002	3744
3	67456	0.468127	3745
3	67474	0.468252	3746
3	67492	0.468377	3747
3	67510	0.468502	3748
3	67528	0.468627	3749
3	67546	0.468752	3750
3	67564	0.468877	3751
3	67582	0.469002	3752
3	67600	0.469127	3753
3	67618	0.469252	3754
3	67636	0.469377	3755
3	67654	0.469502	3756
3	67672	0.469627	3757
3	67690	0.469752	3758
3	67708	0.469877	3759
3	67726	0.470002	3760
3	67744	0.470127	3761
3	67762	0.470252	3762
3	67780	0.470377	3763
3	67798	0.470502	3764
3	67816	0.470627	3765
3	67834	0.470752	3766
3	67852	0.470877	3767
3	67870	0.471002	3768
3	67888	0.471127	3769
3	67906	0.471252	3770
3	67924	0.471377	3771
3	67942	0.471502	3772
3	67960	0.471627	3773
3	67978	0.471752	3774
3	67996	0.471877	3775
3	68014	0.472002	3776
3	68032	0.472127	3777
3	68050	0.472252	3778
3	68068	0.472377	3779
3	68086	0.472502	3780
3	68104	0.472627	3781
3	68122	0.472752	3782
3	68140	0.472877	3783
3	68158	0.473002	3784
3	68176	0.473127	3785
3	68194	0.473252	3786
3	68212	0.473377	3787
3	68230	0.473502	3788
3	68248	0.473627	3789
3	68266	0.473752	3790
3	68284	0.473877	3791
3	68302	0.474002	3792
3	68320	0.474127	3793
3	68338	0.474252	3794
3	68356	0.474377	3795
3	68374	0.474502	3796
3	68392	0.474627	3797
3	68410	0.474752	3798
3	68428	0.474877	3799
3	68446	0.475002	3800
3	68464	0.475127	3801
3	68482	0.475252	3802
3	68500	0.475377	3803
3	68518	0.475502	3804
3	68536	0.475627	3805
3	68554	0.475752	3806
3	68572	0.475877	3807
3	68590	0.476002	3808
3	68608	0.476127	3809
3	68626	0.476252	3810
3	68644	0.476377	3811
3	68662	0.476502	3812
3	68680	0.476627	3813
3	68698	0.476752	3814
3	68716	0.476877	3815
3	68734	0.477002	3816
3	68752	0.477127	3817
3	68770	0.477252	3818
3	68788	0.477377	3819
3	68806	0.477502	3820
3	68824	0.477627	3821
3	68842	0.477752	3822
3	68860	0.477877	3823
3	68878	0.478002	3824
3	68896	0.478127	3825
3	68914	0.478252	3826
3	68932	0.478377	3827
3	68950	0.478502	3828
3	68968	0.478627	3829
3	68986	0.478752	3830
3	69004	0.478877	3831
3	69022	0.479002	3832
3	69040	0.479127	3833
3	69058	0.479252	3834
3	69076	0.479377	3835
3	69094	0.479502	3836
3	69112	0.479627	3837
3	69130	0.479752	3838
3	69148	0.479877	3839
3	69166	0.480002	3840
3	69184	0.480127	3841
3	69202	0.480252	3842
3	69220	0.480377	3843
3	69238	0.480502	3844
3	69256	0.480627	3845
3	69274	0.480752	3846
3	69292	0.480877	3847
3	69310	0.481002	3848
3	69328	0.481127	3849
3	69346	0.481252	3850
3	69368	0.481377	3851
3	69386	0.481502	3852
3	69404	0.481627	3853
3	69422	0.481752	3854
3	69440	0.481877	3855
3	69458	0.482002	3856
3	69476	0.482127	3857
3	69494	0.482252	3858
3	69512	0.482377	3859
3	69530	0.482502	3860
3	69548	0.482627	3861
3	69566	0.482752	3862
3	69584	0.482877	3863
3	69602	0.483002	3864
3	69620	0.483127	3865
3	69638	0.483252	3866
3	69656	0.483377	3867
3	69674	0.483502	3868
3	69692	0.483627	3869
3	69710	0.483752	3870
3	69728	0.483877	3871
3	69746	0.484002	3872
3	69764	0.484127	3873
3	69782	0.484252	3874
3	69800	0.484377	3875
3	69818	0.484502	3876
3	69836	0.484627	3877
3	69854	0.484752	3878
3	69872	0.484877	3879
3	69890	0.485002	3880
3	69908	0.485127	3881
3	69926	0.485252	3882
3	69944	0.485377	3883
3	69962	0.485502	3884
3	69980	0.485627	3885
3	69998	0.485752	3886
3	70016	0.485877	3887
3	70034	0.486002	3888
3	70052	0.486127	3889
3	70070	0.486252	3890
3	70088	0.486377	3891
3	70106	0.486502	3892
3	70124	0.486627	3893
3	70142	0.486752	3894
3	70160	0.486877	3895
3	70178	0.487002	3896
3	70196	0.487127	3897
3	70214	0.487252	3898
3	70232	0.487377	3899
3	70250	0.487502	3900
3	70268	0.487627	3901
3	70286	0.487752	3902
3	70304	0.487877	3903
3	70322	0.488002	3904
3	70340	0.488127	3905
3	70358	0.488252	3906
3	70376	0.488377	3907
3	70394	0.488502	3908
3	70412	0.488627	3909
3	70430	0.488752	3910
3	70448	0.488877	3911
3	70466	0.489002	3912
3	70484	0.489127	3913
3	70502	0.489252	3914
3	70520	0.489377	3915
3	70538	0.489502	3916
3	70556	0.489627	3917
3	70574	0.489752	3918
3	70592	0.489877	3919
3	70610	0.490002	3920
3	70628	0.490127	3921
3	70646	0.490252	3922
3	70664	0.490377	3923
3	70682	0.490502	3924
3	70700	0.490627	3925
3	70718	0.490752	3926
3	70736	0.490877	3927
3	70754	0.491002	3928
3	70772	0.491127	3929
3	70790	0.491252	3930
3	70808	0.491377	3931
3	70826	0.491502	3932
3	70844	0.491627	3933
3	70862	0.491752	3934
3	70880	0.491877	3935
3	70898	0.492002	3936
3	70916	0.492127	3937
3	70934	0.492252	3938
3	70952	0.492377	3939
3	70970	0.492502	3940
3	70988	0.492627	3941
3	71006	0.492752	3942
3	71024	0.492877	3943
3	71042	0.493002	3944
3	71060	0.493127	3945
3	71078	0.493252	3946
3	71096	0.493377	3947
3	71114	0.493502	3948
3	71132	0.493627	3949
3	71150	0.493752	3950
3	71168	0.493877	3951
3	71186	0.494002	3952
3	71204	0.494127	3953
3	71222	0.494252	3954
3	71240	0.494377	3955
3	71258	0.494502	3956
3	71276	0.494627	3957
3	71294	0.494752	3958
3	71312	0.494877	3959
3	71330	0.495002	3960
3	71348	0.495127	3961
3	71366	0.495252	3962
3	71384	0.495377	3963
3	71402	0.495502	3964
3	71420	0.495627	3965
3	71438	0.495752	3966
3	71456	0.495877	3967
3	71474	0.496002	3968
3	71492	0.496127	3969
3	71510	0.496252	3970
3	71528	0.496377	3971
3	71546	0.496502	3972
3	71564	0.496627	3973
3	71582	0.496752	3974
3	71600	0.496877	3975
3	71618	0.497002	3976
3	71636	0.497127	3977
3	71654	0.497252	3978
3	71672	0.497377	3979
3	71690	0.497502	3980
3	71708	0.497627	3981
3	71726	0.497752	3982
3	71744	0.497877	3983
3	71762	0.498002	3984
3	71780	0.498127	3985
3	71798	0.498252	3986
3	71816	0.498377	3987
3	71834	0.498502	3988
3	71852	0.498627	3989
3	71870	0.498752	3990
3	71888	0.498877	3991
3	71906	0.499002	3992
3	71924	0.499127	3993
3	71942	0.499252	3994
3	71960	0.499377	3995
3	71978	0.499502	3996
3	71996	0.499627	3997
3	72014	0.499752	3998
3	72032	0.499877	3999
3	72050	0.500002	4000
3	72068	0.500127	4001
3	72086	0.500252	4002
3	72104	0.500377	4003
3	72122	0.500502	4004
3	72140	0.500627	4005
3	72158	0.500752	4006
3	72176	0.500877	4007
3	72194	0.501002	4008
3	72212	0.501127	4009
3	72230	0.501252	4010
3	72248	0.501377	4011
3	72266	0.501502	4012
3	72284	0.501627	4013
3	72302	0.501752	4014
3	72320	0.501877	4015
3	72338	0.502002	4016
3	72356	0.502127	4017
3	72374	0.502252	4018
3	72392	0.502377	4019
3	72410	0.502502	4020
3	72428	0.502627	4021
3	72446	0.502752	4022
3	72464	0.502877	4023
3	72482	0.503002	4024
3	72500	0.503127	4025
3	72518	0.503252	4026
3	72536	0.503377	4027
3	72554	0.503502	4028
3	72572	0.503627	4029
3	72590	0.503752	4030
3	72608	0.503877	4031
3	72626	0.504002	4032
3	72644	0.504127	4033
3	72662	0.504252	4034
3	72680	0.504377	4035
3	72698	0.504502	4036
3	72716	0.504627	4037
3	72734	0.504752	4038
3	72752	0.504877	4039
3	72770	0.505002	4040
3	72788	0.505127	4041
3	72806	0.505252	4042
3	72824	0.505377	4043
3	72842	0.505502	4044
3	72860	0.505627	4045
3	72878	0.505752	4046
3	72896	0.505877	4047
3	72914	0.506002	4048
3	72932	0.506127	4049
3	72950	0.506252	4050
3	72968	0.506377	4051
3	72986	0.506502	4052
3	73004	0.506627	4053
3	73022	0.506752	4054
3	73040	0.506877	4055
3	73058	0.507002	4056
3	73076	0.507127	4057
3	73094	0.507252	4058
3	73112	0.507377	4059
3	73130	0.507502	4060
3	73148	0.507627	4061
3	73166	0.507752	4062
3	73184	0.507877	4063
3	73202	0.508002	4064
3	73220	0.508127	4065
3	73238	0.508252	4066
3	73256	0.508377	4067
3	73274	0.508502	4068
3	73292	0.508627	4069
3	73310	0.508752	4070
3	73328	0.508877	4071
3	73346	0.509002	4072
3	73364	0.509127	4073
3	73382	0.509252	4074
3	73400	0.509377	4075
3	73418	0.509502	4076
3	73436	0.509627	4077
3	73454	0.509752	4078
3	73472	0.509877	4079
3	73490	0.510002	4080
3	73508	0.510127	4081
3	73526	0.510252	4082
3	73544	0.510377	4083
3	73562	0.510502	4084
3	73580	0.510627	4085
3	73598	0.510752	4086
3	73616	0.510877	4087
3	73634	0.511002	4088
3	73652	0.511127	4089
3	73670	0.511252	4090
3	73688	0.511377	4091
3	73706	0.511502	4092
3	73724	0.511627	4093
3	73742	0.511752	4094
3	73760	0.511877	4095
3	73778	0.512002	4096
3	73796	0.512127	4097
3	73814	0.512252	4098
3	73832	0.512377	4099
3	73850	0.512502	4100
3	73868	0.512627	4101
3	73886	0.512752	4102
3	73904	0.512877	4103
3	73922	0.513002	4104
3	73940	0.513127	4105
3	73958	0.513252	4106
3	73976	0.513377	4107
3	73994	0.513502	4108
3	74012	0.513627	4109
3	74030	0.513752	4110
3	74048	0.513877	4111
3	74066	0.514002	4112
3	74084	0.514127	4113
3	74102	0.514252	4114
3	74120	0.514377	4115
3	74138	0.514502	4116
3	74156	0.514627	4117
3	74174	0.514752	4118
3	74192	0.514877	4119
3	74210	0.515002	4120
3	74228	0.515127	4121
3	74246	0.515252	4122
3	74264	0.515377	4123
3	74282	0.515502	4124
3	74300	0.515627	4125
3	74318	0.515752	4126
3	74336	0.515877	4127
3	74354	0.516002	4128
3	74372	0.516127	4129
3	74390	0.516252	4130
3	74408	0.516377	4131
3	74426	0.516502	4132
3	74444	0.516627	4133
3	74462	0.516752	4134
3	74480	0.516877	4135
3	74498	0.517002	4136
3	74516	0.517127	4137
3	74534	0.517252	4138
3	74552	0.517377	4139
3	74570	0.517502	4140
3	74588	0.517627	4141
3	74606	0.517752	4142
3	74624	0.517877	4143
3	74642	0.518002	4144
3	74660	0.518127	4145
3	74678	0.518252	4146
3	74696	0.518377	4147
3	74718	0.518502	4148
3	74736	0.518627	4149
3	74754	0.518752	4150
3	74772	0.518877	4151
3	74790	0.519002	4152
3	74808	0.519127	4153
3	74826	0.519252	4154
3	74844	0.519377	4155
3	74862	0.519502	4156
3	74880	0.519627	4157
3	74898	0.519752	4158
3	74916	0.519877	4159
3	74934	0.520002	4160
3	74952	0.520127	4161
3	74970	0.520252	4162
3	74988	0.520377	4163
3	75006	0.520502	4164
3	75024	0.520627	4165
3	75042	0.520752	4166
3	75060	0.520877	4167
3	75078	0.521002	4168
3	75096	0.521127	4169
3	75114	0.521252	4170
3	75132	0.521377	4171
3	75150	0.521502	4172
3	75168	0.521627	4173
3	75186	0.521752	4174
3	75204	0.521877	4175
3	75222	0.522002	4176
3	75240	0.522127	4177
3	75258	0.522252	4178
3	75276	0.522377	4179
3	75294	0.522502	4180
3	75312	0.522627	4181
3	75330	0.522752	4182
3	75348	0.522877	4183
3	75366	0.523002	4184
3	75384	0.523127	4185
3	75402	0.523252	4186
3	75420	0.523377	4187
3	75438	0.523502	4188
3	75456	0.523627	4189
3	75474	0.523752	4190
3	75492	0.523877	4191
3	75510	0.524002	4192
3	75528	0.524127	4193
3	75546	0.524252	4194
3	75564	0.524377	4195
3	75582	0.524502	4196
3	75600	0.524627	4197
3	75618	0.524752	4198
3	75636	0.524877	4199
3	75654	0.525002	4200
3	75672	0.525127	4201
3	75690	0.525252	4202
3	75708	0.525377	4203
3	75726	0.525502	4204
3	75744	0.525627	4205
3	75762	0.525752	4206
3	75780	0.525877	4207
3	75798	0.526002	4208
3	75816	0.526127	4209
3	75834	0.526252	4210
3	75852	0.526377	4211
3	75870	0.526502	4212
3	75888	0.526627	4213
3	75906	0.526752	4214
3	75924	0.526877	4215
3	75942	0.527002	4216
3	75960	0.527127	4217
3	75978	0.527252	4218
3	75996	0.527377	4219
3	76014	0.527502	4220
3	76032	0.527627	4221
3	76050	0.527752	4222
3	76068	0.527877	4223
3	76086	0.528002	4224
3	76104	0.528127	4225
3	76122	0.528252	4226
3	76140	0.528377	4227
3	76158	0.528502	4228
3	76176	0.528627	4229
3	76194	0.528752	4230
3	76212	0.528877	4231
3	76230	0.529002	4232
3	76248	0.529127	4233
3	76266	0.529252	4234
3	76284	0.529377	4235
3	76302	0.529502	4236
3	76320	0.529627	4237
3	76338	0.529752	4238
3	76356	0.529877	4239
3	76374	0.530002	4240
3	76392	0.530127	4241
3	76410	0.530252	4242
3	76428	0.530377	4243
3	76446	0.530502	4244
3	76464	0.530627	4245
3	76482	0.530752	4246
3	76500	0.530877	4247
3	76518	0.531002	4248
3	76536	0.531127	4249
3	76554	0.531252	4250
3	76572	0.531377	4251
3	76590	0.531502	4252
3	76608	0.531627	4253
3	76626	0.531752	4254
3	76644	0.531877	4255
3	76662	0.532002	4256
3	76680	0.532127	4257
3	76698	0.532252	4258
3	76716	0.532377	4259
3	76734	0.532502	4260
3	76752	0.532627	4261
3	76770	0.532752	4262
3	76788	0.532877	4263
3	76806	0.533002	4264
3	76824	0.533127	4265
3	76842	0.533252	4266
3	76860	0.533377	4267
3	76878	0.533502	4268
3	76896	0.533627	4269
3	76914	0.533752	4270
3	76932	0.533877	4271
3	76950	0.534002	4272
3	76968	0.534127	4273
3	76986	0.534252	4274
3	77004	0.534377	4275
3	77022	0.534502	4276
3	77040	0.534627	4277
3	77058	0.534752	4278
3	77076	0.534877	4279
3	77094	0.535002	4280
3	77112	0.535127	4281
3	77130	0.535252	4282
3	77148	0.535377	4283
3	77166	0.535502	4284
3	77184	0.535627	4285
3	77202	0.535752	4286
3	77220	0.535877	4287
3	77238	0.536002	4288
3	77256	0.536127	4289
3	77274	0.536252	4290
3	77292	0.536377	4291
3	77310	0.536502	4292
3	77328	0.536627	4293
3	77346	0.536752	4294
3	77364	0.536877	4295
3	77382	0.537002	4296
3	77400	0.537127	4297
3	77418	0.537252	4298
3	77436	0.537377	4299
3	77454	0.537502	4300
3	77472	0.537627	4301
3	77490	0.537752	4302
3	77508	0.537877	4303
3	77526	0.538002	4304
3	77544	0.538127	4305
3	77562	0.538252	4306
3	77580	0.538377	4307
3	77598	0.538502	4308
3	77616	0.538627	4309
3	77634	0.538752	4310
3	77652	0.538877	4311
3	77670	0.539002	4312
3	77688	0.539127	4313
3	77706	0.539252	4314
3	77724	0.539377	4315
3	77742	0.539502	4316
3	77760	0.539627	4317
3	77778	0.539752	4318
3	77796	0.539877	4319
3	77814	0.540002	4320
3	77832	0.540127	4321
3	77850	0.540252	4322
3	77868	0.540377	4323
3	77886	0.540502	4324
3	77904	0.540627	4325
3	77922	0.540752	4326
3	77940	0.540877	4327
3	77958	0.541002	4328
3	77976	0.541127	4329
3	77994	0.541252	4330
3	78012	0.541377	4331
3	78030	0.541502	4332
3	78048	0.541627	4333
3	78066	0.541752	4334
3	78084	0.541877	4335
3	78102	0.542002	4336
3	78120	0.542127	4337
3	78138	0.542252	4338
3	78156	0.542377	4339
3	78174	0.542502	4340
3	78192	0.542627	4341
3	78210	0.542752	4342
3	78228	0.542877	4343
3	78246	0.543002	4344
3	78264	0.543127	4345
3	78282	0.543252	4346
3	78300	0.543377	4347
3	78318	0.543502	4348
3	78336	0.543627	4349
3	78354	0.543752	4350
3	78372	0.543877	4351
3	78390	0.544002	4352
3	78408	0.544127	4353
3	78426	0.544252	4354
3	78444	0.544377	4355
3	78462	0.544502	4356
3	78480	0.544627	4357
3	78498	0.544752	4358
3	78516	0.544877	4359
3	78534	0.545002	4360
3	78552	0.545127	4361
3	78570	0.545252	4362
3	78588	0.545377	4363
3	78606	0.545502	4364
3	78624	0.545627	4365
3	78642	0.545752	4366
3	78660	0.545877	4367
3	78678	0.546002	4368
3	78696	0.546127	4369
3	78714	0.546252	4370
3	78732	0.546377	4371
3	78750	0.546502	4372
3	78768	0.546627	4373
3	78786	0.546752	4374
3	78804	0.546877	4375
3	78822	0.547002	4376
3	78840	0.547127	4377
3	78858	0.547252	4378
3	78876	0.547377	4379
3	78894	0.547502	4380
3	78912	0.547627	4381
3	78930	0.547752	4382
3	78948	0.547877	4383
3	78966	0.548002	4384
3	78984	0.548127	4385
3	79002	0.548252	4386
3	79020	0.548377	4387
3	79038	0.548502	4388
3	79056	0.548627	4389
3	79074	0.548752	4390
3	79092	0.548877	4391
3	79110	0.549002	4392
3	79128	0.549127	4393
3	79146	0.549252	4394
3	79164	0.549377	4395
3	79182	0.549502	4396
3	79200	0.549627	4397
3	79218	0.549752	4398
3	79236	0.549877	4399
3	79254	0.550002	4400
3	79272	0.550127	4401
3	79290	0.550252	4402
3	79308	0.550377	4403
3	79326	0.550502	4404
3	79344	0.550627	4405
3	79362	0.550752	4406
3	79380	0.550877	4407
3	79398	0.551002	4408
3	79416	0.551127	4409
3	79434	0.551252	4410
3	79452	0.551377	4411
3	79470	0.551502	4412
3	79488	0.551627	4413
3	79506	0.551752	4414
3	79524	0.551877	4415
3	79542	0.552002	4416
3	79560	0.552127	4417
3	79578	0.552252	4418
3	79596	0.552377	4419
3	79614	0.552502	4420
3	79632	0.552627	4421
3	79650	0.552752	4422
3	79668	0.552877	4423
3	79686	0.553002	4424
3	79704	0.553127	4425
3	79722	0.553252	4426
3	79740	0.553377	4427
3	79758	0.553502	4428
3	79776	0.553627	4429
3	79794	0.553752	4430
3	79812	0.553877	4431
3	79830	0.554002	4432
3	79848	0.554127	4433
3	79866	0.554252	4434
3	79884	0.554377	4435
3	79902	0.554502	4436
3	79920	0.554627	4437
3	79938	0.554752	4438
3	79956	0.554877	4439
3	79974	0.555002	4440
3	79992	0.555127	4441
3	80010	0.555252	4442
3	80028	0.555377	4443
3	80046	0.555502	4444
3	80066	0.555627	4445
3	80086	0.555752	4446
3	80104	0.555877	4447
3	80122	0.556002	4448
3	80140	0.556127	4449
3	80158	0.556252	4450
3	80176	0.556377	4451
3	80194	0.556502	4452
3	80212	0.556627	4453
3	80230	0.556752	4454
3	80248	0.556877	4455
3	80266	0.557002	4456
3	80284	0.557127	4457
3	80302	0.557252	4458
3	80320	0.557377	4459
3	80338	0.557502	4460
3	80356	0.557627	4461
3	80374	0.557752	4462
3	80392	0.557877	4463
3	80410	0.558002	4464
3	80428	0.558127	4465
3	80446	0.558252	4466
3	80464	0.558377	4467
3	80482	0.558502	4468
3	80500	0.558627	4469
3	80518	0.558752	4470
3	80536	0.558877	4471
3	80554	0.559002	4472
3	80572	0.559127	4473
3	80590	0.559252	4474
3	80608	0.559377	4475
3	80626	0.559502	4476
3	80644	0.559627	4477
3	80662	0.559752	4478
3	80680	0.559877	4479
3	80698	0.560002	4480
3	80716	0.560127	4481
3	80734	0.560252	4482
3	80752	0.560377	4483
3	80770	0.560502	4484
3	80788	0.560627	4485
3	80806	0.560752	4486
3	80824	0.560877	4487
3	80842	0.561002	4488
3	80860	0.561127	4489
3	80878	0.561252	4490
3	80896	0.561377	4491
3	80914	0.561502	4492
3	80932	0.561627	4493
3	80950	0.561752	4494
3	80968	0.561877	4495
3	80986	0.562002	4496
3	81004	0.562127	4497
3	81022	0.562252	4498
3	81040	0.562377	4499
3	81058	0.562502	4500
3	81076	0.562627	4501
3	81094	0.562752	4502
3	81112	0.562877	4503
3	81130	0.563002	4504
3	81148	0.563127	4505
3	81166	0.563252	4506
3	81184	0.563377	4507
3	81202	0.563502	4508
3	81220	0.563627	4509
3	81238	0.563752	4510
3	81256	0.563877	4511
3	81274	0.564002	4512
3	81292	0.564127	4513
3	81310	0.564252	4514
3	81328	0.564377	4515
3	81346	0.564502	4516
3	81364	0.564627	4517
3	81382	0.564752	4518
3	81400	0.564877	4519
3	81418	0.565002	4520
3	81436	0.565127	4521
3	81454	0.565252	4522
3	81472	0.565377	4523
3	81490	0.565502	4524
3	81508	0.565627	4525
3	81526	0.565752	4526
3	81544	0.565877	4527
3	81562	0.566002	4528
3	81580	0.566127	4529
3	81598	0.566252	4530
3	81616	0.566377	4531
3	81634	0.566502	4532
3	81652	0.566627	4533
3	81670	0.566752	4534
3	81688	0.566877	4535
3	81706	0.567002	4536
3	81724	0.567127	4537
3	81742	0.567252	4538
3	81760	0.567377	4539
3	81778	0.567502	4540
3	81796	0.567627	4541
3	81814	0.567752	4542
3	81832	0.567877	4543
3	81850	0.568002	4544
3	81868	0.568127	4545
3	81886	0.568252	4546
3	81904	0.568377	4547
3	81922	0.568502	4548
3	81940	0.568627	4549
3	81958	0.568752	4550
3	81976	0.568877	4551
3	81994	0.569002	4552
3	82012	0.569127	4553
3	82030	0.569252	4554
3	82048	0.569377	4555
3	82066	0.569502	4556
3	82084	0.569627	4557
3	82102	0.569752	4558
3	82120	0.569877	4559
3	82138	0.570002	4560
3	82156	0.570127	4561
3	82174	0.570252	4562
3	82192	0.570377	4563
3	82210	0.570502	4564
3	82228	0.570627	4565
3	82246	0.570752	4566
3	82264	0.570877	4567
3	82282	0.571002	4568
3	82300	0.571127	4569
3	82318	0.571252	4570
3	82336	0.571377	4571
3	82354	0.571502	4572
3	82372	0.571627	4573
3	82390	0.571752	4574
3	82408	0.571877	4575
3	82426	0.572002	4576
3	82444	0.572127	4577
3	82462	0.572252	4578
3	82480	0.572377	4579
3	82498	0.572502	4580
3	82516	0.572627	4581
3	82534	0.572752	4582
3	82552	0.572877	4583
3	82570	0.573002	4584
3	82588	0.573127	4585
3	82606	0.573252	4586
3	82624	0.573377	4587
3	82642	0.573502	4588
3	82660	0.573627	4589
3	82678	0.573752	4590
3	82696	0.573877	4591
3	82714	0.574002	4592
3	82732	0.574127	4593
3	82750	0.574252	4594
3	82768	0.574377	4595
3	82786	0.574502	4596
3	82804	0.574627	4597
3	82822	0.574752	4598
3	82840	0.574877	4599
3	82858	0.575002	4600
3	82876	0.575127	4601
3	82894	0.575252	4602
3	82912	0.575377	4603
3	82930	0.575502	4604
3	82948	0.575627	4605
3	82966	0.575752	4606
3	82984	0.575877	4607
3	83002	0.576002	4608
3	83020	0.576127	4609
3	83038	0.576252	4610
3	83056	0.576377	4611
3	83074	0.576502	4612
3	83092	0.576627	4613
3	83110	0.576752	4614
3	83128	0.576877	4615
3	83146	0.577002	4616
3	83164	0.577127	4617
3	83182	0.577252	4618
3	83200	0.577377	4619
3	83218	0.577502	4620
3	83236	0.577627	4621
3	83254	0.577752	4622
3	83272	0.577877	4623
3	83290	0.578002	4624
3	83308	0.578127	4625
3	83326	0.578252	4626
3	83344	0.578377	4627
3	83362	0.578502	4628
3	83380	0.578627	4629
3	83398	0.578752	4630
3	83416	0.578877	4631
3	83434	0.579002	4632
3	83452	0.579127	4633
3	83470	0.579252	4634
3	83488	0.579377	4635
3	83506	0.579502	4636
3	83524	0.579627	4637
3	83542	0.579752	4638
3	83560	0.579877	4639
3	83578	0.580002	4640
3	83596	0.580127	4641
3	83614	0.580252	4642
3	83632	0.580377	4643
3	83650	0.580502	4644
3	83668	0.580627	4645
3	83686	0.580752	4646
3	83704	0.580877	4647
3	83722	0.581002	4648
3	83740	0.581127	4649
3	83758	0.581252	4650
3	83776	0.581377	4651
3	83794	0.581502	4652
3	83812	0.581627	4653
3	83830	0.581752	4654
3	83848	0.581877	4655
3	83866	0.582002	4656
3	83884	0.582127	4657
3	83902	0.582252	4658
3	83920	0.582377	4659
3	83938	0.582502	4660
3	83956	0.582627	4661
3	83974	0.582752	4662
3	83992	0.582877	4663
3	84010	0.583002	4664
3	84028	0.583127	4665
3	84046	0.583252	4666
3	84064	0.583377	4667
3	84082	0.583502	4668
3	84100	0.583627	4669
3	84118	0.583752	4670
3	84136	0.583877	4671
3	84154	0.584002	4672
3	84172	0.584127	4673
3	84190	0.584252	4674
3	84208	0.584377	4675
3	84226	0.584502	4676
3	84244	0.584627	4677
3	84262	0.584752	4678
3	84280	0.584877	4679
3	84298	0.585002	4680
3	84316	0.585127	4681
3	84334	0.585252	4682
3	84352	0.585377	4683
3	84370	0.585502	4684
3	84388	0.585627	4685
3	84406	0.585752	4686
3	84424	0.585877	4687
3	84442	0.586002	4688
3	84460	0.586127	4689
3	84478	0.586252	4690
3	84496	0.586377	4691
3	84514	0.586502	4692
3	84532	0.586627	4693
3	84550	0.586752	4694
3	84568	0.586877	4695
3	84586	0.587002	4696
3	84604	0.587127	4697
3	84622	0.587252	4698
3	84640	0.587377	4699
3	84658	0.587502	4700
3	84676	0.587627	4701
3	84694	0.587752	4702
3	84712	0.587877	4703
3	84730	0.588002	4704
3	84748	0.588127	4705
3	84766	0.588252	4706
3	84784	0.588377	4707
3	84802	0.588502	4708
3	84820	0.588627	4709
3	84838	0.588752	4710
3	84856	0.588877	4711
3	84874	0.589002	4712
3	84892	0.589127	4713
3	84910	0.589252	4714
3	84928	0.589377	4715
3	84946	0.589502	4716
3	84964	0.589627	4717
3	84982	0.589752	4718
3	85000	0.589877	4719
3	85018	0.590002	4720
3	85036	0.590127	4721
3	85054	0.590252	4722
3	85072	0.590377	4723
3	85090	0.590502	4724
3	85108	0.590627	4725
3	85126	0.590752	4726
3	85144	0.590877	4727
3	85162	0.591002	4728
3	85180	0.591127	4729
3	85198	0.591252	4730
3	85216	0.591377	4731
3	85234	0.591502	4732
3	85252	0.591627	4733
3	85270	0.591752	4734
3	85288	0.591877	4735
3	85306	0.592002	4736
3	85324	0.592127	4737
3	85342	0.592252	4738
3	85360	0.592377	4739
3	85378	0.592502	4740
3	85396	0.592627	4741
3	85414	0.592752	4742
3	85436	0.592877	4743
3	85454	0.593002	4744
3	85472	0.593127	4745
3	85490	0.593252	4746
3	85508	0.593377	4747
3	85526	0.593502	4748
3	85544	0.593627	4749
3	85562	0.593752	4750
3	85580	0.593877	4751
3	85598	0.594002	4752
3	85616	0.594127	4753
3	85634	0.594252	4754
3	85652	0.594377	4755
3	85670	0.594502	4756
3	85688	0.594627	4757
3	85706	0.594752	4758
3	85724	0.594877	4759
3	85742	0.595002	4760
3	85760	0.595127	4761
3	85778	0.595252	4762
3	85796	0.595377	4763
3	85814	0.595502	4764
3	85832	0.595627	4765
3	85850	0.595752	4766
3	85868	0.595877	4767
3	85886	0.596002	4768
3	85904	0.596127	4769
3	85922	0.596252	4770
3	85940	0.596377	4771
3	85958	0.596502	4772
3	85976	0.596627	4773
3	85994	0.596752	4774
3	86012	0.596877	4775
3	86030	0.597002	4776
3	86048	0.597127	4777
3	86066	0.597252	4778
3	86084	0.597377	4779
3	86102	0.597502	4780
3	86120	0.597627	4781
3	86138	0.597752	4782
3	86156	0.597877	4783
3	86174	0.598002	4784
3	86192	0.598127	4785
3	86210	0.598252	4786
3	86228	0.598377	4787
3	86246	0.598502	4788
3	86264	0.598627	4789
3	86282	0.598752	4790
3	86300	0.598877	4791
3	86318	0.599002	4792
3	86336	0.599127	4793
3	86354	0.599252	4794
3	86372	0.599377	4795
3	86390	0.599502	4796
3	86408	0.599627	4797
3	86426	0.599752	4798
3	86444	0.599877	4799
3	86462	0.600002	4800
3	86480	0.600127	4801
3	86498	0.600252	4802
3	86516	0.600377	4803
3	86534	0.600502	4804
3	86552	0.600627	4805
3	86570	0.600752	4806
3	86588	0.600877	4807
3	86606	0.601002	4808
3	86624	0.601127	4809
3	86642	0.601252	4810
3	86660	0.601377	4811
3	86678	0.601502	4812
3	86696	0.601627	4813
3	86714	0.601752	4814
3	86732	0.601877	4815
3	86750	0.602002	4816
3	86768	0.602127	4817
3	86786	0.602252	4818
3	86804	0.602377	4819
3	86822	0.602502	4820
3	86840	0.602627	4821
3	86858	0.602752	4822
3	86876	0.602877	4823
3	86894	0.603002	4824
3	86912	0.603127	4825
3	86930	0.603252	4826
3	86948	0.603377	4827
3	86966	0.603502	4828
3	86984	0.603627	4829
3	87002	0.603752	4830
3	87020	0.603877	4831
3	87038	0.604002	4832
3	87056	0.604127	4833
3	87074	0.604252	4834
3	87092	0.604377	4835
3	87110	0.604502	4836
3	87128	0.604627	4837
3	87146	0.604752	4838
3	87164	0.604877	4839
3	87182	0.605002	4840
3	87200	0.605127	4841
3	87218	0.605252	4842
3	87236	0.605377	4843
3	87254	0.605502	4844
3	87272	0.605627	4845
3	87290	0.605752	4846
3	87308	0.605877	4847
3	87326	0.606002	4848
3	87344	0.606127	4849
3	87362	0.606252	4850
3	87380	0.606377	4851
3	87398	0.606502	4852
3	87416	0.606627	4853
3	87434	0.606752	4854
3	87452	0.606877	4855
3	87470	0.607002	4856
3	87488	0.607127	4857
3	87506	0.607252	4858
3	87524	0.607377	4859
3	87542	0.607502	4860
3	87560	0.607627	4861
3	87578	0.607752	4862
3	87596	0.607877	4863
3	87614	0.608002	4864
3	87632	0.608127	4865
3	87650	0.608252	4866
3	87668	0.608377	4867
3	87686	0.608502	4868
3	87704	0.608627	4869
3	87722	0.608752	4870
3	87740	0.608877	4871
3	87758	0.609002	4872
3	87776	0.609127	4873
3	87794	0.609252	4874
3	87812	0.609377	4875
3	87830	0.609502	4876
3	87848	0.609627	4877
3	87866	0.609752	4878
3	87884	0.609877	4879
3	87902	0.610002	4880
3	87920	0.610127	4881
3	87938	0.610252	4882
3	87956	0.610377	4883
3	87974	0.610502	4884
3	87992	0.610627	4885
3	88010	0.610752	4886
3	88028	0.610877	4887
3	88046	0.611002	4888
3	88064	0.611127	4889
3	88082	0.611252	4890
3	88100	0.611377	4891
3	88118	0.611502	4892
3	88136	0.611627	4893
3	88154	0.611752	4894
3	88172	0.611877	4895
3	88190	0.612002	4896
3	88208	0.612127	4897
3	88226	0.612252	4898
3	88244	0.612377	4899
3	88262	0.612502	4900
3	88280	0.612627	4901
3	88298	0.612752	4902
3	88316	0.612877	4903
3	88334	0.613002	4904
3	88352	0.613127	4905
3	88370	0.613252	4906
3	88388	0.613377	4907
3	88406	0.613502	4908
3	88424	0.613627	4909
3	88442	0.613752	4910
3	88460	0.613877	4911
3	88478	0.614002	4912
3	88496	0.614127	4913
3	88514	0.614252	4914
3	88532	0.614377	4915
3	88550	0.614502	4916
3	88568	0.614627	4917
3	88586	0.614752	4918
3	88604	0.614877	4919
3	88622	0.615002	4920
3	88640	0.615127	4921
3	88658	0.615252	4922
3	88676	0.615377	4923
3	88694	0.615502	4924
3	88712	0.615627	4925
3	88730	0.615752	4926
3	88748	0.615877	4927
3	88766	0.616002	4928
3	88784	0.616127	4929
3	88802	0.616252	4930
3	88820	0.616377	4931
3	88838	0.616502	4932
3	88856	0.616627	4933
3	88874	0.616752	4934
3	88892	0.616877	4935
3	88910	0.617002	4936
3	88928	0.617127	4937
3	88946	0.617252	4938
3	88964	0.617377	4939
3	88982	0.617502	4940
3	89000	0.617627	4941
3	89018	0.617752	4942
3	89036	0.617877	4943
3	89054	0.618002	4944
3	89072	0.618127	4945
3	89090	0.618252	4946
3	89108	0.618377	4947
3	89126	0.618502	4948
3	89144	0.618627	4949
3	89162	0.618752	4950
3	89180	0.618877	4951
3	89198	0.619002	4952
3	89216	0.619127	4953
3	89234	0.619252	4954
3	89252	0.619377	4955
3	89270	0.619502	4956
3	89288	0.619627	4957
3	89306	0.619752	4958
3	89324	0.619877	4959
3	89342	0.620002	4960
3	89360	0.620127	4961
3	89378	0.620252	4962
3	89396	0.620377	4963
3	89414	0.620502	4964
3	89432	0.620627	4965
3	89450	0.620752	4966
3	89468	0.620877	4967
3	89486	0.621002	4968
3	89504	0.621127	4969
3	89522	0.621252	4970
3	89540	0.621377	4971
3	89558	0.621502	4972
3	89576	0.621627	4973
3	89594	0.621752	4974
3	89612	0.621877	4975
3	89630	0.622002	4976
3	89648	0.622127	4977
3	89666	0.622252	4978
3	89684	0.622377	4979
3	89702	0.622502	4980
3	89720	0.622627	4981
3	89738	0.622752	4982
3	89756	0.622877	4983
3	89774	0.623002	4984
3	89792	0.623127	4985
3	89810	0.623252	4986
3	89828	0.623377	4987
3	89846	0.623502	4988
3	89864	0.623627	4989
3	89882	0.623752	4990
3	89900	0.623877	4991
3	89918	0.624002	4992
3	89936	0.624127	4993
3	89954	0.624252	4994
3	89972	0.624377	4995
3	89990	0.624502	4996
3	90008	0.624627	4997
3	90026	0.624752	4998
3	90044	0.624877	4999
3	90062	0.625002	5000
3	90080	0.625127	5001
3	90098	0.625252	5002
3	90116	0.625377	5003
3	90134	0.625502	5004
3	90152	0.625627	5005
3	90170	0.625752	5006
3	90188	0.625877	5007
3	90206	0.626002	5008
3	90224	0.626127	5009
3	90242	0.626252	5010
3	90260	0.626377	5011
3	90278	0.626502	5012
3	90296	0.626627	5013
3	90314	0.626752	5014
3	90332	0.626877	5015
3	90350	0.627002	5016
3	90368	0.627127	5017
3	90386	0.627252	5018
3	90404	0.627377	5019
3	90422	0.627502	5020
3	90440	0.627627	5021
3	90458	0.627752	5022
3	90476	0.627877	5023
3	90494	0.628002	5024
3	90512	0.628127	5025
3	90530	0.628252	5026
3	90548	0.628377	5027
3	90566	0.628502	5028
3	90584	0.628627	5029
3	90602	0.628752	5030
3	90620	0.628877	5031
3	90638	0.629002	5032
3	90656	0.629127	5033
3	90674	0.629252	5034
3	90692	0.629377	5035
3	90710	0.629502	5036
3	90728	0.629627	5037
3	90746	0.629752	5038
3	90764	0.629877	5039
3	90786	0.630002	5040
3	90804	0.630127	5041
3	90822	0.630252	5042
3	90840	0.630377	5043
3	90858	0.630502	5044
3	90876	0.630627	5045
3	90894	0.630752	5046
3	90912	0.630877	5047
3	90930	0.631002	5048
3	90948	0.631127	5049
3	90966	0.631252	5050
3	90984	0.631377	5051
3	91002	0.631502	5052
3	91020	0.631627	5053
3	91038	0.631752	5054
3	91056	0.631877	5055
3	91074	0.632002	5056
3	91092	0.632127	5057
3	91110	0.632252	5058
3	91128	0.632377	5059
3	91146	0.632502	5060
3	91164	0.632627	5061
3	91182	0.632752	5062
3	91200	0.632877	5063
3	91218	0.633002	5064
3	91236	0.633127	5065
3	91254	0.633252	5066
3	91272	0.633377	5067
3	91290	0.633502	5068
3	91308	0.633627	5069
3	91326	0.633752	5070
3	91344	0.633877	5071
3	91362	0.634002	5072
3	91380	0.634127	5073
3	91398	0.634252	5074
3	91416	0.634377	5075
3	91434	0.634502	5076
3	91452	0.634627	5077
3	91470	0.634752	5078
3	91488	0.634877	5079
3	91506	0.635002	5080
3	91524	0.635127	5081
3	91542	0.635252	5082
3	91560	0.635377	5083
3	91578	0.635502	5084
3	91596	0.635627	5085
3	91614	0.635752	5086
3	91632	0.635877	5087
3	91650	0.636002	5088
3	91668	0.636127	5089
3	91686	0.636252	5090
3	91704	0.636377	5091
3	91722	0.636502	5092
3	91740	0.636627	5093
3	91758	0.636752	5094
3	91776	0.636877	5095
3	91794	0.637002	5096
3	91812	0.637127	5097
3	91830	0.637252	5098
3	91848	0.637377	5099
3	91866	0.637502	5100
3	91884	0.637627	5101
3	91902	0.637752	5102
3	91920	0.637877	5103
3	91938	0.638002	5104
3	91956	0.638127	5105
3	91974	0.638252	5106
3	91992	0.638377	5107
3	92010	0.638502	5108
3	92028	0.638627	5109
3	92046	0.638752	5110
3	92064	0.638877	5111
3	92082	0.639002	5112
3	92100	0.639127	5113
3	92118	0.639252	5114
3	92136	0.639377	5115
3	92154	0.639502	5116
3	92172	0.639627	5117
3	92190	0.639752	5118
3	92208	0.639877	5119
3	92226	0.640002	5120
3	92244	0.640127	5121
3	92262	0.640252	5122
3	92280	0.640377	5123
3	92298	0.640502	5124
3	92316	0.640627	5125
3	92334	0.640752	5126
3	92352	0.640877	5127
3	92370	0.641002	5128
3	92388	0.641127	5129
3	92406	0.641252	5130
3	92424	0.641377	5131
3	92442	0.641502	5132
3	92460	0.641627	5133
3	92478	0.641752	5134
3	92496	0.641877	5135
3	92514	0.642002	5136
3	92532	0.642127	5137
3	92550	0.642252	5138
3	92568	0.642377	5139
3	92586	0.642502	5140
3	92604	0.642627	5141
3	92622	0.642752	5142
3	92640	0.642877	5143
3	92658	0.643002	5144
3	92676	0.643127	5145
3	92694	0.643252	5146
3	92712	0.643377	5147
3	92730	0.643502	5148
3	92748	0.643627	5149
3	92766	0.643752	5150
3	92784	0.643877	5151
3	92802	0.644002	5152
3	92820	0.644127	5153
3	92838	0.644252	5154
3	92856	0.644377	5155
3	92874	0.644502	5156
3	92892	0.644627	5157
3	92910	0.644752	5158
3	92928	0.644877	5159
3	92946	0.645002	5160
3	92964	0.645127	5161
3	92982	0.645252	5162
3	93000	0.645377	5163
3	93018	0.645502	5164
3	93036	0.645627	5165
3	93054	0.645752	5166
3	93072	0.645877	5167
3	93090	0.646002	5168
3	93108	0.646127	5169
3	93126	0.646252	5170
3	93144	0.646377	5171
3	93162	0.646502	5172
3	93180	0.646627	5173
3	93198	0.646752	5174
3	93216	0.646877	5175
3	93234	0.647002	5176
3	93252	0.647127	5177
3	93270	0.647252	5178
3	93288	0.647377	5179
3	93306	0.647502	5180
3	93324	0.647627	5181
3	93342	0.647752	5182
3	93360	0.647877	5183
3	93378	0.648002	5184
3	93396	0.648127	5185
3	93414	0.648252	5186
3	93432	0.648377	5187
3	93450	0.648502	5188
3	93468	0.648627	5189
3	93486	0.648752	5190
3	93504	0.648877	5191
3	93522	0.649002	5192
3	93540	0.649127	5193
3	93558	0.649252	5194
3	93576	0.649377	5195
3	93594	0.649502	5196
3	93612	0.649627	5197
3	93630	0.649752	5198
3	93648	0.649877	5199
3	93666	0.650002	5200
3	93684	0.650127	5201
3	93702	0.650252	5202
3	93720	0.650377	5203
3	93738	0.650502	5204
3	93756	0.650627	5205
3	93774	0.650752	5206
3	93792	0.650877	5207
3	93810	0.651002	5208
3	93828	0.651127	5209
3	93846	0.651252	5210
3	93864	0.651377	5211
3	93882	0.651502	5212
3	93900	0.651627	5213
3	93918	0.651752	5214
3	93936	0.651877	5215
3	93954	0.652002	5216
3	93972	0.652127	5217
3	93990	0.652252	5218
3	94008	0.652377	5219
3	94026	0.652502	5220
3	94044	0.652627	5221
3	94062	0.652752	5222
3	94080	0.652877	5223
3	94098	0.653002	5224
3	94116	0.653127	5225
3	94134	0.653252	5226
3	94152	0.653377	5227
3	94170	0.653502	5228
3	94188	0.653627	5229
3	94206	0.653752	5230
3	94224	0.653877	5231
3	94242	0.654002	5232
3	94260	0.654127	5233
3	94278	0.654252	5234
3	94296	0.654377	5235
3	94314	0.654502	5236
3	94332	0.654627	5237
3	94350	0.654752	5238
3	94368	0.654877	5239
3	94386	0.655002	5240
3	94404	0.655127	5241
3	94422	0.655252	5242
3	94440	0.655377	5243
3	94458	0.655502	5244
3	94476	0.655627	5245
3	94494	0.655752	5246
3	94512	0.655877	5247
3	94530	0.656002	5248
3	94548	0.656127	5249
3	94566	0.656252	5250
3	94584	0.656377	5251
3	94602	0.656502	5252
3	94620	0.656627	5253
3	94638	0.656752	5254
3	94656	0.656877	5255
3	94674	0.657002	5256
3	94692	0.657127	5257
3	94710	0.657252	5258
3	94728	0.657377	5259
3	94746	0.657502	5260
3	94764	0.657627	5261
3	94782	0.657752	5262
3	94800	0.657877	5263
3	94818	0.658002	5264
3	94836	0.658127	5265
3	94854	0.658252	5266
3	94872	0.658377	5267
3	94890	0.658502	5268
3	94908	0.658627	5269
3	94926	0.658752	5270
3	94944	0.658877	5271
3	94962	0.659002	5272
3	94980	0.659127	5273
3	94998	0.659252	5274
3	95016	0.659377	5275
3	95034	0.659502	5276
3	95052	0.659627	5277
3	95070	0.659752	5278
3	95088	0.659877	5279
3	95106	0.660002	5280
3	95124	0.660127	5281
3	95142	0.660252	5282
3	95160	0.660377	5283
3	95178	0.660502	5284
3	95196	0.660627	5285
3	95214	0.660752	5286
3	95232	0.660877	5287
3	95250	0.661002	5288
3	95268	0.661127	5289
3	95286	0.661252	5290
3	95304	0.661377	5291
3	95322	0.661502	5292
3	95340	0.661627	5293
3	95358	0.661752	5294
3	95376	0.661877	5295
3	95394	0.662002	5296
3	95412	0.662127	5297
3	95430	0.662252	5298
3	95448	0.662377	5299
3	95466	0.662502	5300
3	95484	0.662627	5301
3	95502	0.662752	5302
3	95520	0.662877	5303
3	95538	0.663002	5304
3	95556	0.663127	5305
3	95574	0.663252	5306
3	95592	0.663377	5307
3	95610	0.663502	5308
3	95628	0.663627	5309
3	95646	0.663752	5310
3	95664	0.663877	5311
3	95682	0.664002	5312
3	95700	0.664127	5313
3	95718	0.664252	5314
3	95736	0.664377	5315
3	95754	0.664502	5316
3	95772	0.664627	5317
3	95790	0.664752	5318
3	95808	0.664877	5319
3	95826	0.665002	5320
3	95844	0.665127	5321
3	95862	0.665252	5322
3	95880	0.665377	5323
3	95898	0.665502	5324
3	95916	0.665627	5325
3	95934	0.665752	5326
3	95952	0.665877	5327
3	95970	0.666002	5328
3	95988	0.666127	5329
3	96006	0.666252	5330
3	96024	0.666377	5331
3	96042	0.666502	5332
3	96060	0.666627	5333
3	96078	0.666752	5334
3	96096	0.666877	5335
3	96114	0.667002	5336
3	96136	0.667127	5337
3	96154	0.667252	5338
3	96172	0.667377	5339
3	96190	0.667502	5340
3	96208	0.667627	5341
3	96226	0.667752	5342
3	96244	0.667877	5343
3	96262	0.668002	5344
3	96280	0.668127	5345
3	96298	0.668252	5346
3	96316	0.668377	5347
3	96334	0.668502	5348
3	96352	0.668627	5349
3	96370	0.668752	5350
3	96388	0.668877	5351
3	96406	0.669002	5352
3	96424	0.669127	5353
3	96442	0.669252	5354
3	96460	0.669377	5355
3	96478	0.669502	5356
3	96496	0.669627	5357
3	96514	0.669752	5358
3	96532	0.669877	5359
3	96550	0.670002	5360
3	96568	0.670127	5361
3	96586	0.670252	5362
3	96604	0.670377	5363
3	96622	0.670502	5364
3	96640	0.670627	5365
3	96658	0.670752	5366
3	96676	0.670877	5367
3	96694	0.671002	5368
3	96712	0.671127	5369
3	96730	0.671252	5370
3	96748	0.671377	5371
3	96766	0.671502	5372
3	96784	0.671627	5373
3	96802	0.671752	5374
3	96820	0.671877	5375
3	96838	0.672002	5376
3	96856	0.672127	5377
3	96874	0.672252	5378
3	96892	0.672377	5379
3	96910	0.672502	5380
3	96928	0.672627	5381
3	96946	0.672752	5382
3	96964	0.672877	5383
3	96982	0.673002	5384
3	97000	0.673127	5385
3	97018	0.673252	5386
3	97036	0.673377	5387
3	97054	0.673502	5388
3	97072	0.673627	5389
3	97090	0.673752	5390
3	97108	0.673877	5391
3	97126	0.674002	5392
3	97144	0.674127	5393
3	97162	0.674252	5394
3	97180	0.674377	5395
3	97198	0.674502	5396
3	97216	0.674627	5397
3	97234	0.674752	5398
3	97252	0.674877	5399
3	97270	0.675002	5400
3	97288	0.675127	5401
3	97306	0.675252	5402
3	97324	0.675377	5403
3	97342	0.675502	5404
3	97360	0.675627	5405
3	97378	0.675752	5406
3	97396	0.675877	5407
3	97414	0.676002	5408
3	97432	0.676127	5409
3	97450	0.676252	5410
3	97468	0.676377	5411
3	97486	0.676502	5412
3	97504	0.676627	5413
3	97522	0.676752	5414
3	97540	0.676877	5415
3	97558	0.677002	5416
3	97576	0.677127	5417
3	97594	0.677252	5418
3	97612	0.677377	5419
3	97630	0.677502	5420
3	97648	0.677627	5421
3	97666	0.677752	5422
3	97684	0.677877	5423
3	97702	0.678002	5424
3	97720	0.678127	5425
3	97738	0.678252	5426
3	97756	0.678377	5427
3	97774	0.678502	5428
3	97792	0.678627	5429
3	97810	0.678752	5430
3	97828	0.678877	5431
3	97846	0.679002	5432
3	97864	0.679127	5433
3	97882	0.679252	5434
3	97900	0.679377	5435
3	97918	0.679502	5436
3	97936	0.679627	5437
3	97954	0.679752	5438
3	97972	0.679877	5439
3	97990	0.680002	5440
3	98008	0.680127	5441
3	98026	0.680252	5442
3	98044	0.680377	5443
3	98062	0.680502	5444
3	98080	0.680627	5445
3	98098	0.680752	5446
3	98116	0.680877	5447
3	98134	0.681002	5448
3	98152	0.681127	5449
3	98170	0.681252	5450
3	98188	0.681377	5451
3	98206	0.681502	5452
3	98224	0.681627	5453
3	98242	0.681752	5454
3	98260	0.681877	5455
3	98278	0.682002	5456
3	98296	0.682127	5457
3	98314	0.682252	5458
3	98332	0.682377	5459
3	98350	0.682502	5460
3	98368	0.682627	5461
3	98386	0.682752	5462
3	98404	0.682877	5463
3	98422	0.683002	5464
3	98440	0.683127	5465
3	98458	0.683252	5466
3	98476	0.683377	5467
3	98494	0.683502	5468
3	98512	0.683627	5469
3	98530	0.683752	5470
3	98548	0.683877	5471
3	98566	0.684002	5472
3	98584	0.684127	5473
3	98602	0.684252	5474
3	98620	0.684377	5475
3	98638	0.684502	5476
3	98656	0.684627	5477
3	98674	0.684752	5478
3	98692	0.684877	5479
3	98710	0.685002	5480
3	98728	0.685127	5481
3	98746	0.685252	5482
3	98764	0.685377	5483
3	98782	0.685502	5484
3	98800	0.685627	5485
3	98818	0.685752	5486
3	98836	0.685877	5487
3	98854	0.686002	5488
3	98872	0.686127	5489
3	98890	0.686252	5490
3	98908	0.686377	5491
3	98926	0.686502	5492
3	98944	0.686627	5493
3	98962	0.686752	5494
3	98980	0.686877	5495
3	98998	0.687002	5496
3	99016	0.687127	5497
3	99034	0.687252	5498
3	99052	0.687377	5499
3	99070	0.687502	5500
3	99088	0.687627	5501
3	99106	0.687752	5502
3	99124	0.687877	5503
3	99142	0.688002	5504
3	99160	0.688127	5505
3	99178	0.688252	5506
3	99196	0.688377	5507
3	99214	0.688502	5508
3	99232	0.688627	5509
3	99250	0.688752	5510
3	99268	0.688877	5511
3	99286	0.689002	5512
3	99304	0.689127	5513
3	99322	0.689252	5514
3	99340	0.689377	5515
3	99358	0.689502	5516
3	99376	0.689627	5517
3	99394	0.689752	5518
3	99412	0.689877	5519
3	99430	0.690002	5520
3	99448	0.690127	5521
3	99466	0.690252	5522
3	99484	0.690377	5523
3	99502	0.690502	5524
3	99520	0.690627	5525
3	99538	0.690752	5526
3	99556	0.690877	5527
3	99574	0.691002	5528
3	99592	0.691127	5529
3	99610	0.691252	5530
3	99628	0.691377	5531
3	99646	0.691502	5532
3	99664	0.691627	5533
3	99682	0.691752	5534
3	99700	0.691877	5535
3	99718	0.692002	5536
3	99736	0.692127	5537
3	99754	0.692252	5538
3	99772	0.692377	5539
3	99790	0.692502	5540
3	99808	0.692627	5541
3	99826	0.692752	5542
3	99844	0.692877	5543
3	99862	0.693002	5544
3	99880	0.693127	5545
3	99898	0.693252	5546
3	99916	0.693377	5547
3	99934	0.693502	5548
3	99952	0.693627	5549
3	99970	0.693752	5550
3	99988	0.693877	5551
3	100006	0.694002	5552
3	100024	0.694127	5553
3	100042	0.694252	5554
3	100060	0.694377	5555
3	100078	0.694502	5556
3	100096	0.694627	5557
3	100114	0.694752	5558
3	100132	0.694877	5559
3	100150	0.695002	5560
3	100168	0.695127	5561
3	100186	0.695252	5562
3	100204	0.695377	5563
3	100222	0.695502	5564
3	100240	0.695627	5565
3	100258	0.695752	5566
3	100276	0.695877	5567
3	100294	0.696002	5568
3	100312	0.696127	5569
3	100330	0.696252	5570
3	100348	0.696377	5571
3	100366	0.696502	5572
3	100384	0.696627	5573
3	100402	0.696752	5574
3	100420	0.696877	5575
3	100438	0.697002	5576
3	100456	0.697127	5577
3	100474	0.697252	5578
3	100492	0.697377	5579
3	100510	0.697502	5580
3	100528	0.697627	5581
3	100546	0.697752	5582
3	100564	0.697877	5583
3	100582	0.698002	5584
3	100600	0.698127	5585
3	100618	0.698252	5586
3	100636	0.698377	5587
3	100654	0.698502	5588
3	100672	0.698627	5589
3	100690	0.698752	5590
3	100708	0.698877	5591
3	100726	0.699002	5592
3	100744	0.699127	5593
3	100762	0.699252	5594
3	100780	0.699377	5595
3	100798	0.699502	5596
3	100816	0.699627	5597
3	100834	0.699752	5598
3	100852	0.699877	5599
3	100870	0.700002	5600
3	100888	0.700127	5601
3	100906	0.700252	5602
3	100924	0.700377	5603
3	100942	0.700502	5604
3	100960	0.700627	5605
3	100978	0.700752	5606
3	100996	0.700877	5607
3	101014	0.701002	5608
3	101032	0.701127	5609
3	101050	0.701252	5610
3	101068	0.701377	5611
3	101086	0.701502	5612
3	101104	0.701627	5613
3	101122	0.701752	5614
3	101140	0.701877	5615
3	101158	0.702002	5616
3	101176	0.702127	5617
3	101194	0.702252	5618
3	101212	0.702377	5619
3	101230	0.702502	5620
3	101248	0.702627	5621
3	101266	0.702752	5622
3	101284	0.702877	5623
3	101302	0.703002	5624
3	101320	0.703127	5625
3	101338	0.703252	5626
3	101356	0.703377	5627
3	101374	0.703502	5628
3	101392	0.703627	5629
3	101410	0.703752	5630
3	101428	0.703877	5631
3	101446	0.704002	5632
3	101464	0.704127	5633
3	101482	0.704252	5634
3	101504	0.704377	5635
3	101522	0.704502	5636
3	101540	0.704627	5637
3	101558	0.704752	5638
3	101576	0.704877	5639
3	101594	0.705002	5640
3	101612	0.705127	5641
3	101630	0.705252	5642
3	101648	0.705377	5643
3	101666	0.705502	5644
3	101684	0.705627	5645
3	101702	0.705752	5646
3	101720	0.705877	5647
3	101738	0.706002	5648
3	101756	0.706127	5649
3	101774	0.706252	5650
3	101792	0.706377	5651
3	101810	0.706502	5652
3	101828	0.706627	5653
3	101846	0.706752	5654
3	101864	0.706877	5655
3	101882	0.707002	5656
3	101900	0.707127	5657
3	101918	0.707252	5658
3	101936	0.707377	5659
3	101954	0.707502	5660
3	101972	0.707627	5661
3	101990	0.707752	5662
3	102008	0.707877	5663
3	102026	0.708002	5664
3	102044	0.708127	5665
3	102062	0.708252	5666
3	102080	0.708377	5667
3	102098	0.708502	5668
3	102116	0.708627	5669
3	102134	0.708752	5670
3	102152	0.708877	5671
3	102170	0.709002	5672
3	102188	0.709127	5673
3	102206	0.709252	5674
3	102224	0.709377	5675
3	102242	0.709502	5676
3	102260	0.709627	5677
3	102278	0.709752	5678
3	102296	0.709877	5679
3	102314	0.710002	5680
3	102332	0.710127	5681
3	102350	0.710252	5682
3	102368	0.710377	5683
3	102386	0.710502	5684
3	102404	0.710627	5685
3	102422	0.710752	5686
3	102440	0.710877	5687
3	102458	0.711002	5688
3	102476	0.711127	5689
3	102494	0.711252	5690
3	102512	0.711377	5691
3	102530	0.711502	5692
3	102548	0.711627	5693
3	102566	0.711752	5694
3	102584	0.711877	5695
3	102602	0.712002	5696
3	102620	0.712127	5697
3	102638	0.712252	5698
3	102656	0.712377	5699
3	102674	0.712502	5700
3	102692	0.712627	5701
3	102710	0.712752	5702
3	102728	0.712877	5703
3	102746	0.713002	5704
3	102764	0.713127	5705
3	102782	0.713252	5706
3	102800	0.713377	5707
3	102818	0.713502	5708
3	102836	0.713627	5709
3	102854	0.713752	5710
3	102872	0.713877	5711
3	102890	0.714002	5712
3	102908	0.714127	5713
3	102926	0.714252	5714
3	102944	0.714377	5715
3	102962	0.714502	5716
3	102980	0.714627	5717
3	102998	0.714752	5718
3	103016	0.714877	5719
3	103034	0.715002	5720
3	103052	0.715127	5721
3	103070	0.715252	5722
3	103088	0.715377	5723
3	103106	0.715502	5724
3	103124	0.715627	5725
3	103142	0.715752	5726
3	103160	0.715877	5727
3	103178	0.716002	5728
3	103196	0.716127	5729
3	103214	0.716252	5730
3	103232	0.716377	5731
3	103250	0.716502	5732
3	103268	0.716627	5733
3	103286	0.716752	5734
3	103304	0.716877	5735
3	103322	0.717002	5736
3	103340	0.717127	5737
3	103358	0.717252	5738
3	103376	0.717377	5739
3	103394	0.717502	5740
3	103412	0.717627	5741
3	103430	0.717752	5742
3	103448	0.717877	5743
3	103466	0.718002	5744
3	103484	0.718127	5745
3	103502	0.718252	5746
3	103520	0.718377	5747
3	103538	0.718502	5748
3	103556	0.718627	5749
3	103574	0.718752	5750
3	103592	0.718877	5751
3	103610	0.719002	5752
3	103628	0.719127	5753
3	103646	0.719252	5754
3	103664	0.719377	5755
3	103682	0.719502	5756
3	103700	0.719627	5757
3	103718	0.719752	5758
3	103736	0.719877	5759
3	103754	0.720002	5760
3	103772	0.720127	5761
3	103790	0.720252	5762
3	103808	0.720377	5763
3	103826	0.720502	5764
3	103844	0.720627	5765
3	103862	0.720752	5766
3	103880	0.720877	5767
3	103898	0.721002	5768
3	103916	0.721127	5769
3	103934	0.721252	5770
3	103952	0.721377	5771
3	103970	0.721502	5772
3	103988	0.721627	5773
3	104006	0.721752	5774
3	104024	0.721877	5775
3	104042	0.722002	5776
3	104060	0.722127	5777
3	104078	0.722252	5778
3	104096	0.722377	5779
3	104114	0.722502	5780
3	104132	0.722627	5781
3	104150	0.722752	5782
3	104168	0.722877	5783
3	104186	0.723002	5784
3	104204	0.723127	5785
3	104222	0.723252	5786
3	104240	0.723377	5787
3	104258	0.723502	5788
3	104276	0.723627	5789
3	104294	0.723752	5790
3	104312	0.723877	5791
3	104330	0.724002	5792
3	104348	0.724127	5793
3	104366	0.724252	5794
3	104384	0.724377	5795
3	104402	0.724502	5796
3	104420	0.724627	5797
3	104438	0.724752	5798
3	104456	0.724877	5799
3	104474	0.725002	5800
3	104492	0.725127	5801
3	104510	0.725252	5802
3	104528	0.725377	5803
3	104546	0.725502	5804
3	104564	0.725627	5805
3	104582	0.725752	5806
3	104600	0.725877	5807
3	104618	0.726002	5808
3	104636	0.726127	5809
3	104654	0.726252	5810
3	104672	0.726377	5811
3	104690	0.726502	5812
3	104708	0.726627	5813
3	104726	0.726752	5814
3	104744	0.726877	5815
3	104762	0.727002	5816
3	104780	0.727127	5817
3	104798	0.727252	5818
3	104816	0.727377	5819
3	104834	0.727502	5820
3	104852	0.727627	5821
3	104870	0.727752	5822
3	104888	0.727877	5823
3	104906	0.728002	5824
3	104924	0.728127	5825
3	104942	0.728252	5826
3	104960	0.728377	5827
3	104978	0.728502	5828
3	104996	0.728627	5829
3	105014	0.728752	5830
3	105032	0.728877	5831
3	105050	0.729002	5832
3	105068	0.729127	5833
3	105086	0.729252	5834
3	105104	0.729377	5835
3	105122	0.729502	5836
3	105140	0.729627	5837
3	105158	0.729752	5838
3	105176	0.729877	5839
3	105194	0.730002	5840
3	105212	0.730127	5841
3	105230	0.730252	5842
3	105248	0.730377	5843
3	105266	0.730502	5844
3	105284	0.730627	5845
3	105302	0.730752	5846
3	105320	0.730877	5847
3	105338	0.731002	5848
3	105356	0.731127	5849
3	105374	0.731252	5850
3	105392	0.731377	5851
3	105410	0.731502	5852
3	105428	0.731627	5853
3	105446	0.731752	5854
3	105464	0.731877	5855
3	105482	0.732002	5856
3	105500	0.732127	5857
3	105518	0.732252	5858
3	105536	0.732377	5859
3	105554	0.732502	5860
3	105572	0.732627	5861
3	105590	0.732752	5862
3	105608	0.732877	5863
3	105626	0.733002	5864
3	105644	0.733127	5865
3	105662	0.733252	5866
3	105680	0.733377	5867
3	105698	0.733502	5868
3	105716	0.733627	5869
3	105734	0.733752	5870
3	105752	0.733877	5871
3	105770	0.734002	5872
3	105788	0.734127	5873
3	105806	0.734252	5874
3	105824	0.734377	5875
3	105842	0.734502	5876
3	105860	0.734627	5877
3	105878	0.734752	5878
3	105896	0.734877	5879
3	105914	0.735002	5880
3	105932	0.735127	5881
3	105950	0.735252	5882
3	105968	0.735377	5883
3	105986	0.735502	5884
3	106004	0.735627	5885
3	106022	0.735752	5886
3	106040	0.735877	5887
3	106058	0.736002	5888
3	106076	0.736127	5889
3	106094	0.736252	5890
3	106112	0.736377	5891
3	106130	0.736502	5892
3	106148	0.736627	5893
3	106166	0.736752	5894
3	106184	0.736877	5895
3	106202	0.737002	5896
3	106220	0.737127	5897
3	106238	0.737252	5898
3	106256	0.737377	5899
3	106274	0.737502	5900
3	106292	0.737627	5901
3	106310	0.737752	5902
3	106328	0.737877	5903
3	106346	0.738002	5904
3	106364	0.738127	5905
3	106382	0.738252	5906
3	106400	0.738377	5907
3	106418	0.738502	5908
3	106436	0.738627	5909
3	106454	0.738752	5910
3	106472	0.738877	5911
3	106490	0.739002	5912
3	106508	0.739127	5913
3	106526	0.739252	5914
3	106544	0.739377	5915
3	106562	0.739502	5916
3	106580	0.739627	5917
3	106598	0.739752	5918
3	106616	0.739877	5919
3	106634	0.740002	5920
3	106652	0.740127	5921
3	106670	0.740252	5922
3	106688	0.740377	5923
3	106706	0.740502	5924
3	106724	0.740627	5925
3	106742	0.740752	5926
3	106760	0.740877	5927
3	106778	0.741002	5928
3	106796	0.741127	5929
3	106814	0.741252	5930
3	106832	0.741377	5931
3	106854	0.741502	5932
3	106872	0.741627	5933
3	106890	0.741752	5934
3	106908	0.741877	5935
3	106926	0.742002	5936
3	106944	0.742127	5937
3	106962	0.742252	5938
3	106980	0.742377	5939
3	106998	0.742502	5940
3	107016	0.742627	5941
3	107034	0.742752	5942
3	107052	0.742877	5943
3	107070	0.743002	5944
3	107088	0.743127	5945
3	107106	0.743252	5946
3	107124	0.743377	5947
3	107142	0.743502	5948
3	107160	0.743627	5949
3	107178	0.743752	5950
3	107196	0.743877	5951
3	107214	0.744002	5952
3	107232	0.744127	5953
3	107250	0.744252	5954
3	107268	0.744377	5955
3	107286	0.744502	5956
3	107304	0.744627	5957
3	107322	0.744752	5958
3	107340	0.744877	5959
3	107358	0.745002	5960
3	107376	0.745127	5961
3	107394	0.745252	5962
3	107412	0.745377	5963
3	107430	0.745502	5964
3	107448	0.745627	5965
3	107466	0.745752	5966
3	107484	0.745877	5967
3	107502	0.746002	5968
3	107520	0.746127	5969
3	107538	0.746252	5970
3	107556	0.746377	5971
3	107574	0.746502	5972
3	107592	0.746627	5973
3	107610	0.746752	5974
3	107628	0.746877	5975
3	107646	0.747002	5976
3	107664	0.747127	5977
3	107682	0.747252	5978
3	107700	0.747377	5979
3	107718	0.747502	5980
3	107736	0.747627	5981
3	107754	0.747752	5982
3	107772	0.747877	5983
3	107790	0.748002	5984
3	107808	0.748127	5985
3	107826	0.748252	5986
3	107844	0.748377	5987
3	107862	0.748502	5988
3	107880	0.748627	5989
3	107898	0.748752	5990
3	107916	0.748877	5991
3	107934	0.749002	5992
3	107952	0.749127	5993
3	107970	0.749252	5994
3	107988	0.749377	5995
3	108006	0.749502	5996
3	108024	0.749627	5997
3	108042	0.749752	5998
3	108060	0.749877	5999
3	108078	0.750002	6000
3	108096	0.750127	6001
3	108114	0.750252	6002
3	108132	0.750377	6003
3	108150	0.750502	6004
3	108168	0.750627	6005
3	108186	0.750752	6006
3	108204	0.750877	6007
3	108222	0.751002	6008
3	108240	0.751127	6009
3	108258	0.751252	6010
3	108276	0.751377	6011
3	108294	0.751502	6012
3	108312	0.751627	6013
3	108330	0.751752	6014
3	108348	0.751877	6015
3	108366	0.752002	6016
3	108384	0.752127	6017
3	108402	0.752252	6018
3	108420	0.752377	6019
3	108438	0.752502	6020
3	108456	0.752627	6021
3	108474	0.752752	6022
3	108492	0.752877	6023
3	108510	0.753002	6024
3	108528	0.753127	6025
3	108546	0.753252	6026
3	108564	0.753377	6027
3	108582	0.753502	6028
3	108600	0.753627	6029
3	108618	0.753752	6030
3	108636	0.753877	6031
3	108654	0.754002	6032
3	108672	0.754127	6033
3	108690	0.754252	6034
3	108708	0.754377	6035
3	108726	0.754502	6036
3	108744	0.754627	6037
3	108762	0.754752	6038
3	108780	0.754877	6039
3	108798	0.755002	6040
3	108816	0.755127	6041
3	108834	0.755252	6042
3	108852	0.755377	6043
3	108870	0.755502	6044
3	108888	0.755627	6045
3	108906	0.755752	6046
3	108924	0.755877	6047
3	108942	0.756002	6048
3	108960	0.756127	6049
3	108978	0.756252	6050
3	108996	0.756377	6051
3	109014	0.756502	6052
3	109032	0.756627	6053
3	109050	0.756752	6054
3	109068	0.756877	6055
3	109086	0.757002	6056
3	109104	0.757127	6057
3	109122	0.757252	6058
3	109140	0.757377	6059
3	109158	0.757502	6060
3	109176	0.757627	6061
3	109194	0.757752	6062
3	109212	0.757877	6063
3	109230	0.758002	6064
3	109248	0.758127	6065
3	109266	0.758252	6066
3	109284	0.758377	6067
3	109302	0.758502	6068
3	109320	0.758627	6069
3	109338	0.758752	6070
3	109356	0.758877	6071
3	109374	0.759002	6072
3	109392	0.759127	6073
3	109410	0.759252	6074
3	109428	0.759377	6075
3	109446	0.759502	6076
3	109464	0.759627	6077
3	109482	0.759752	6078
3	109500	0.759877	6079
3	109518	0.760002	6080
3	109536	0.760127	6081
3	109554	0.760252	6082
3	109572	0.760377	6083
3	109590	0.760502	6084
3	109608	0.760627	6085
3	109626	0.760752	6086
3	109644	0.760877	6087
3	109662	0.761002	6088
3	109680	0.761127	6089
3	109698	0.761252	6090
3	109716	0.761377	6091
3	109734	0.761502	6092
3	109752	0.761627	6093
3	109770	0.761752	6094
3	109788	0.761877	6095
3	109806	0.762002	6096
3	109824	0.762127	6097
3	109842	0.762252	6098
3	109860	0.762377	6099
3	109878	0.762502	6100
3	109896	0.762627	6101
3	109914	0.762752	6102
3	109932	0.762877	6103
3	109950	0.763002	6104
3	109968	0.763127	6105
3	109986	0.763252	6106
3	110004	0.763377	6107
3	110022	0.763502	6108
3	110040	0.763627	6109
3	110058	0.763752	6110
3	110076	0.763877	6111
3	110094	0.764002	6112
3	110112	0.764127	6113
3	110130	0.764252	6114
3	110148	0.764377	6115
3	110166	0.764502	6116
3	110184	0.764627	6117
3	110202	0.764752	6118
3	110220	0.764877	6119
3	110238	0.765002	6120
3	110256	0.765127	6121
3	110274	0.765252	6122
3	110292	0.765377	6123
3	110310	0.765502	6124
3	110328	0.765627	6125
3	110346	0.765752	6126
3	110364	0.765877	6127
3	110382	0.766002	6128
3	110400	0.766127	6129
3	110418	0.766252	6130
3	110436	0.766377	6131
3	110454	0.766502	6132
3	110472	0.766627	6133
3	110490	0.766752	6134
3	110508	0.766877	6135
3	110526	0.767002	6136
3	110544	0.767127	6137
3	110562	0.767252	6138
3	110580	0.767377	6139
3	110598	0.767502	6140
3	110616	0.767627	6141
3	110634	0.767752	6142
3	110652	0.767877	6143
3	110670	0.768002	6144
3	110688	0.768127	6145
3	110706	0.768252	6146
3	110724	0.768377	6147
3	110742	0.768502	6148
3	110760	0.768627	6149
3	110778	0.768752	6150
3	110796	0.768877	6151
3	110814	0.769002	6152
3	110832	0.769127	6153
3	110850	0.769252	6154
3	110868	0.769377	6155
3	110886	0.769502	6156
3	110904	0.769627	6157
3	110922	0.769752	6158
3	110940	0.769877	6159
3	110958	0.770002	6160
3	110976	0.770127	6161
3	110994	0.770252	6162
3	111012	0.770377	6163
3	111030	0.770502	6164
3	111048	0.770627	6165
3	111066	0.770752	6166
3	111084	0.770877	6167
3	111102	0.771002	6168
3	111120	0.771127	6169
3	111138	0.771252	6170
3	111156	0.771377	6171
3	111174	0.771502	6172
3	111192	0.771627	6173
3	111210	0.771752	6174
3	111228	0.771877	6175
3	111246	0.772002	6176
3	111264	0.772127	6177
3	111282	0.772252	6178
3	111300	0.772377	6179
3	111318	0.772502	6180
3	111336	0.772627	6181
3	111354	0.772752	6182
3	111372	0.772877	6183
3	111390	0.773002	6184
3	111408	0.773127	6185
3	111426	0.773252	6186
3	111444	0.773377	6187
3	111462	0.773502	6188
3	111480	0.773627	6189
3	111498	0.773752	6190
3	111516	0.773877	6191
3	111534	0.774002	6192
3	111552	0.774127	6193
3	111570	0.774252	6194
3	111588	0.774377	6195
3	111606	0.774502	6196
3	111624	0.774627	6197
3	111642	0.774752	6198
3	111660	0.774877	6199
3	111678	0.775002	6200
3	111696	0.775127	6201
3	111714	0.775252	6202
3	111732	0.775377	6203
3	111750	0.775502	6204
3	111768	0.775627	6205
3	111786	0.775752	6206
3	111804	0.775877	6207
3	111822	0.776002	6208
3	111840	0.776127	6209
3	111858	0.776252	6210
3	111876	0.776377	6211
3	111894	0.776502	6212
3	111912	0.776627	6213
3	111930	0.776752	6214
3	111948	0.776877	6215
3	111966	0.777002	6216
3	111984	0.777127	6217
3	112002	0.777252	6218
3	112020	0.777377	6219
3	112038	0.777502	6220
3	112056	0.777627	6221
3	112074	0.777752	6222
3	112092	0.777877	6223
3	112110	0.778002	6224
3	112128	0.778127	6225
3	112146	0.778252	6226
3	112164	0.778377	6227
3	112182	0.778502	6228
3	112204	0.778627	6229
3	112222	0.778752	6230
3	112240	0.778877	6231
3	112258	0.779002	6232
3	112276	0.779127	6233
3	112294	0.779252	6234
3	112312	0.779377	6235
3	112330	0.779502	6236
3	112348	0.779627	6237
3	112366	0.779752	6238
3	112384	0.779877	6239
3	112402	0.780002	6240
3	112420	0.780127	6241
3	112438	0.780252	6242
3	112456	0.780377	6243
3	112474	0.780502	6244
3	112492	0.780627	6245
3	112510	0.780752	6246
3	112528	0.780877	6247
3	112546	0.781002	6248
3	112564	0.781127	6249
3	112582	0.781252	6250
3	112600	0.781377	6251
3	112618	0.781502	6252
3	112636	0.781627	6253
3	112654	0.781752	6254
3	112672	0.781877	6255
3	112690	0.782002	6256
3	112708	0.782127	6257
3	112726	0.782252	6258
3	112744	0.782377	6259
3	112762	0.782502	6260
3	112780	0.782627	6261
3	112798	0.782752	6262
3	112816	0.782877	6263
3	112834	0.783002	6264
3	112852	0.783127	6265
3	112870	0.783252	6266
3	112888	0.783377	6267
3	112906	0.783502	6268
3	112924	0.783627	6269
3	112942	0.783752	6270
3	112960	0.783877	6271
3	112978	0.784002	6272
3	112996	0.784127	6273
3	113014	0.784252	6274
3	113032	0.784377	6275
3	113050	0.784502	6276
3	113068	0.784627	6277
3	113086	0.784752	6278
3	113104	0.784877	6279
3	113122	0.785002	6280
3	113140	0.785127	6281
3	113158	0.785252	6282
3	113176	0.785377	6283
3	113194	0.785502	6284
3	113212	0.785627	6285
3	113230	0.785752	6286
3	113248	0.785877	6287
3	113266	0.786002	6288
3	113284	0.786127	6289
3	113302	0.786252	6290
3	113320	0.786377	6291
3	113338	0.786502	6292
3	113356	0.786627	6293
3	113374	0.786752	6294
3	113392	0.786877	6295
3	113410	0.787002	6296
3	113428	0.787127	6297
3	113446	0.787252	6298
3	113464	0.787377	6299
3	113482	0.787502	6300
3	113500	0.787627	6301
3	113518	0.787752	6302
3	113536	0.787877	6303
3	113554	0.788002	6304
3	113572	0.788127	6305
3	113590	0.788252	6306
3	113608	0.788377	6307
3	113626	0.788502	6308
3	113644	0.788627	6309
3	113662	0.788752	6310
3	113680	0.788877	6311
3	113698	0.789002	6312
3	113716	0.789127	6313
3	113734	0.789252	6314
3	113752	0.789377	6315
3	113770	0.789502	6316
3	113788	0.789627	6317
3	113806	0.789752	6318
3	113824	0.789877	6319
3	113842	0.790002	6320
3	113860	0.790127	6321
3	113878	0.790252	6322
3	113896	0.790377	6323
3	113914	0.790502	6324
3	113932	0.790627	6325
3	113950	0.790752	6326
3	113968	0.790877	6327
3	113986	0.791002	6328
3	114004	0.791127	6329
3	114022	0.791252	6330
3	114040	0.791377	6331
3	114058	0.791502	6332
3	114076	0.791627	6333
3	114094	0.791752	6334
3	114112	0.791877	6335
3	114130	0.792002	6336
3	114148	0.792127	6337
3	114166	0.792252	6338
3	114184	0.792377	6339
3	114202	0.792502	6340
3	114220	0.792627	6341
3	114238	0.792752	6342
3	114256	0.792877	6343
3	114274	0.793002	6344
3	114292	0.793127	6345
3	114310	0.793252	6346
3	114328	0.793377	6347
3	114346	0.793502	6348
3	114364	0.793627	6349
3	114382	0.793752	6350
3	114400	0.793877	6351
3	114418	0.794002	6352
3	114436	0.794127	6353
3	114454	0.794252	6354
3	114472	0.794377	6355
3	114490	0.794502	6356
3	114508	0.794627	6357
3	114526	0.794752	6358
3	114544	0.794877	6359
3	114562	0.795002	6360
3	114580	0.795127	6361
3	114598	0.795252	6362
3	114616	0.795377	6363
3	114634	0.795502	6364
3	114652	0.795627	6365
3	114670	0.795752	6366
3	114688	0.795877	6367
3	114706	0.796002	6368
3	114724	0.796127	6369
3	114742	0.796252	6370
3	114760	0.796377	6371
3	114778	0.796502	6372
3	114796	0.796627	6373
3	114814	0.796752	6374
3	114832	0.796877	6375
3	114850	0.797002	6376
3	114868	0.797127	6377
3	114886	0.797252	6378
3	114904	0.797377	6379
3	114922	0.797502	6380
3	114940	0.797627	6381
3	114958	0.797752	6382
3	114976	0.797877	6383
3	114994	0.798002	6384
3	115012	0.798127	6385
3	115030	0.798252	6386
3	115048	0.798377	6387
3	115066	0.798502	6388
3	115084	0.798627	6389
3	115102	0.798752	6390
3	115120	0.798877	6391
3	115138	0.799002	6392
3	115156	0.799127	6393
3	115174	0.799252	6394
3	115192	0.799377	6395
3	115210	0.799502	6396
3	115228	0.799627	6397
3	115246	0.799752	6398
3	115264	0.799877	6399
3	115282	0.800002	6400
3	115300	0.800127	6401
3	115318	0.800252	6402
3	115336	0.800377	6403
3	115354	0.800502	6404
3	115372	0.800627	6405
3	115390	0.800752	6406
3	115408	0.800877	6407
3	115426	0.801002	6408
3	115444	0.801127	6409
3	115462	0.801252	6410
3	115480	0.801377	6411
3	115498	0.801502	6412
3	115516	0.801627	6413
3	115534	0.801752	6414
3	115552	0.801877	6415
3	115570	0.802002	6416
3	115588	0.802127	6417
3	115606	0.802252	6418
3	115624	0.802377	6419
3	115642	0.802502	6420
3	115660	0.802627	6421
3	115678	0.802752	6422
3	115696	0.802877	6423
3	115714	0.803002	6424
3	115732	0.803127	6425
3	115750	0.803252	6426
3	115768	0.803377	6427
3	115786	0.803502	6428
3	115804	0.803627	6429
3	115822	0.803752	6430
3	115840	0.803877	6431
3	115858	0.804002	6432
3	115876	0.804127	6433
3	115894	0.804252	6434
3	115912	0.804377	6435
3	115930	0.804502	6436
3	115948	0.804627	6437
3	115966	0.804752	6438
3	115984	0.804877	6439
3	116002	0.805002	6440
3	116020	0.805127	6441
3	116038	0.805252	6442
3	116056	0.805377	6443
3	116074	0.805502	6444
3	116092	0.805627	6445
3	116110	0.805752	6446
3	116128	0.805877	6447
3	116146	0.806002	6448
3	116164	0.806127	6449
3	116182	0.806252	6450
3	116200	0.806377	6451
3	116218	0.806502	6452
3	116236	0.806627	6453
3	116254	0.806752	6454
3	116272	0.806877	6455
3	116290	0.807002	6456
3	116308	0.807127	6457
3	116326	0.807252	6458
3	116344	0.807377	6459
3	116362	0.807502	6460
3	116380	0.807627	6461
3	116398	0.807752	6462
3	116416	0.807877	6463
3	116434	0.808002	6464
3	116452	0.808127	6465
3	116470	0.808252	6466
3	116488	0.808377	6467
3	116506	0.808502	6468
3	116524	0.808627	6469
3	116542	0.808752	6470
3	116560	0.808877	6471
3	116578	0.809002	6472
3	116596	0.809127	6473
3	116614	0.809252	6474
3	116632	0.809377	6475
3	116650	0.809502	6476
3	116668	0.809627	6477
3	116686	0.809752	6478
3	116704	0.809877	6479
3	116722	0.810002	6480
3	116740	0.810127	6481
3	116758	0.810252	6482
3	116776	0.810377	6483
3	116794	0.810502	6484
3	116812	0.810627	6485
3	116830	0.810752	6486
3	116848	0.810877	6487
3	116866	0.811002	6488
3	116884	0.811127	6489
3	116902	0.811252	6490
3	116920	0.811377	6491
3	116938	0.811502	6492
3	116956	0.811627	6493
3	116974	0.811752	6494
3	116992	0.811877	6495
3	117010	0.812002	6496
3	117028	0.812127	6497
3	117046	0.812252	6498
3	117064	0.812377	6499
3	117082	0.812502	6500
3	117100	0.812627	6501
3	117118	0.812752	6502
3	117136	0.812877	6503
3	117154	0.813002	6504
3	117172	0.813127	6505
3	117190	0.813252	6506
3	117208	0.813377	6507
3	117226	0.813502	6508
3	117244	0.813627	6509
3	117262	0.813752	6510
3	117280	0.813877	6511
3	117298	0.814002	6512
3	117316	0.814127	6513
3	117334	0.814252	6514
3	117352	0.814377	6515
3	117370	0.814502	6516
3	117388	0.814627	6517
3	117406	0.814752	6518
3	117424	0.814877	6519
3	117442	0.815002	6520
3	117460	0.815127	6521
3	117478	0.815252	6522
3	117496	0.815377	6523
3	117514	0.815502	6524
3	117532	0.815627	6525
3	117552	0.815752	6526
3	117572	0.815877	6527
3	117590	0.816002	6528
3	117608	0.816127	6529
3	117626	0.816252	6530
3	117644	0.816377	6531
3	117662	0.816502	6532
3	117680	0.816627	6533
3	117698	0.816752	6534
3	117716	0.816877	6535
3	117734	0.817002	6536
3	117752	0.817127	6537
3	117770	0.817252	6538
3	117788	0.817377	6539
3	117806	0.817502	6540
3	117824	0.817627	6541
3	117842	0.817752	6542
3	117860	0.817877	6543
3	117878	0.818002	6544
3	117896	0.818127	6545
3	117914	0.818252	6546
3	117932	0.818377	6547
3	117950	0.818502	6548
3	117968	0.818627	6549
3	117986	0.818752	6550
3	118004	0.818877	6551
3	118022	0.819002	6552
3	118040	0.819127	6553
3	118058	0.819252	6554
3	118076	0.819377	6555
3	118094	0.819502	6556
3	118112	0.819627	6557
3	118130	0.819752	6558
3	118148	0.819877	6559
3	118166	0.820002	6560
3	118184	0.820127	6561
3	118202	0.820252	6562
3	118220	0.820377	6563
3	118238	0.820502	6564
3	118256	0.820627	6565
3	118274	0.820752	6566
3	118292	0.820877	6567
3	118310	0.821002	6568
3	118328	0.821127	6569
3	118346	0.821252	6570
3	118364	0.821377	6571
3	118382	0.821502	6572
3	118400	0.821627	6573
3	118418	0.821752	6574
3	118436	0.821877	6575
3	118454	0.822002	6576
3	118472	0.822127	6577
3	118490	0.822252	6578
3	118508	0.822377	6579
3	118526	0.822502	6580
3	118544	0.822627	6581
3	118562	0.822752	6582
3	118580	0.822877	6583
3	118598	0.823002	6584
3	118616	0.823127	6585
3	118634	0.823252	6586
3	118652	0.823377	6587
3	118670	0.823502	6588
3	118688	0.823627	6589
3	118706	0.823752	6590
3	118724	0.823877	6591
3	118742	0.824002	6592
3	118760	0.824127	6593
3	118778	0.824252	6594
3	118796	0.824377	6595
3	118814	0.824502	6596
3	118832	0.824627	6597
3	118850	0.824752	6598
3	118868	0.824877	6599
3	118886	0.825002	6600
3	118904	0.825127	6601
3	118922	0.825252	6602
3	118940	0.825377	6603
3	118958	0.825502	6604
3	118976	0.825627	6605
3	118994	0.825752	6606
3	119012	0.825877	6607
3	119030	0.826002	6608
3	119048	0.826127	6609
3	119066	0.826252	6610
3	119084	0.826377	6611
3	119102	0.826502	6612
3	119120	0.826627	6613
3	119138	0.826752	6614
3	119156	0.826877	6615
3	119174	0.827002	6616
3	119192	0.827127	6617
3	119210	0.827252	6618
3	119228	0.827377	6619
3	119246	0.827502	6620
3	119264	0.827627	6621
3	119282	0.827752	6622
3	119300	0.827877	6623
3	119318	0.828002	6624
3	119336	0.828127	6625
3	119354	0.828252	6626
3	119372	0.828377	6627
3	119390	0.828502	6628
3	119408	0.828627	6629
3	119426	0.828752	6630
3	119444	0.828877	6631
3	119462	0.829002	6632
3	119480	0.829127	6633
3	119498	0.829252	6634
3	119516	0.829377	6635
3	119534	0.829502	6636
3	119552	0.829627	6637
3	119570	0.829752	6638
3	119588	0.829877	6639
3	119606	0.830002	6640
3	119624	0.830127	6641
3	119642	0.830252	6642
3	119660	0.830377	6643
3	119678	0.830502	6644
3	119696	0.830627	6645
3	119714	0.830752	6646
3	119732	0.830877	6647
3	119750	0.831002	6648
3	119768	0.831127	6649
3	119786	0.831252	6650
3	119804	0.831377	6651
3	119822	0.831502	6652
3	119840	0.831627	6653
3	119858	0.831752	6654
3	119876	0.831877	6655
3	119894	0.832002	6656
3	119912	0.832127	6657
3	119930	0.832252	6658
3	119948	0.832377	6659
3	119966	0.832502	6660
3	119984	0.832627	6661
3	120002	0.832752	6662
3	120020	0.832877	6663
3	120038	0.833002	6664
3	120056	0.833127	6665
3	120074	0.833252	6666
3	120092	0.833377	6667
3	120110	0.833502	6668
3	120128	0.833627	6669
3	120146	0.833752	6670
3	120164	0.833877	6671
3	120182	0.834002	6672
3	120200	0.834127	6673
3	120218	0.834252	6674
3	120236	0.834377	6675
3	120254	0.834502	6676
3	120272	0.834627	6677
3	120290	0.834752	6678
3	120308	0.834877	6679
3	120326	0.835002	6680
3	120344	0.835127	6681
3	120362	0.835252	6682
3	120380	0.835377	6683
3	120398	0.835502	6684
3	120416	0.835627	6685
3	120434	0.835752	6686
3	120452	0.835877	6687
3	120470	0.836002	6688
3	120488	0.836127	6689
3	120506	0.836252	6690
3	120524	0.836377	6691
3	120542	0.836502	6692
3	120560	0.836627	6693
3	120578	0.836752	6694
3	120596	0.836877	6695
3	120614	0.837002	6696
3	120632	0.837127	6697
3	120650	0.837252	6698
3	120668	0.837377	6699
3	120686	0.837502	6700
3	120704	0.837627	6701
3	120722	0.837752	6702
3	120740	0.837877	6703
3	120758	0.838002	6704
3	120776	0.838127	6705
3	120794	0.838252	6706
3	120812	0.838377	6707
3	120830	0.838502	6708
3	120848	0.838627	6709
3	120866	0.838752	6710
3	120884	0.838877	6711
3	120902	0.839002	6712
3	120920	0.839127	6713
3	120938	0.839252	6714
3	120956	0.839377	6715
3	120974	0.839502	6716
3	120992	0.839627	6717
3	121010	0.839752	6718
3	121028	0.839877	6719
3	121046	0.840002	6720
3	121064	0.840127	6721
3	121082	0.840252	6722
3	121100	0.840377	6723
3	121118	0.840502	6724
3	121136	0.840627	6725
3	121154	0.840752	6726
3	121172	0.840877	6727
3	121190	0.841002	6728
3	121208	0.841127	6729
3	121226	0.841252	6730
3	121244	0.841377	6731
3	121262	0.841502	6732
3	121280	0.841627	6733
3	121298	0.841752	6734
3	121316	0.841877	6735
3	121334	0.842002	6736
3	121352	0.842127	6737
3	121370	0.842252	6738
3	121388	0.842377	6739
3	121406	0.842502	6740
3	121424	0.842627	6741
3	121442	0.842752	6742
3	121460	0.842877	6743
3	121478	0.843002	6744
3	121496	0.843127	6745
3	121514	0.843252	6746
3	121532	0.843377	6747
3	121550	0.843502	6748
3	121568	0.843627	6749
3	121586	0.843752	6750
3	121604	0.843877	6751
3	121622	0.844002	6752
3	121640	0.844127	6753
3	121658	0.844252	6754
3	121676	0.844377	6755
3	121694	0.844502	6756
3	121712	0.844627	6757
3	121730	0.844752	6758
3	121748	0.844877	6759
3	121766	0.845002	6760
3	121784	0.845127	6761
3	121802	0.845252	6762
3	121820	0.845377	6763
3	121838	0.845502	6764
3	121856	0.845627	6765
3	121874	0.845752	6766
3	121892	0.845877	6767
3	121910	0.846002	6768
3	121928	0.846127	6769
3	121946	0.846252	6770
3	121964	0.846377	6771
3	121982	0.846502	6772
3	122000	0.846627	6773
3	122018	0.846752	6774
3	122036	0.846877	6775
3	122054	0.847002	6776
3	122072	0.847127	6777
3	122090	0.847252	6778
3	122108	0.847377	6779
3	122126	0.847502	6780
3	122144	0.847627	6781
3	122162	0.847752	6782
3	122180	0.847877	6783
3	122198	0.848002	6784
3	122216	0.848127	6785
3	122234	0.848252	6786
3	122252	0.848377	6787
3	122270	0.848502	6788
3	122288	0.848627	6789
3	122306	0.848752	6790
3	122324	0.848877	6791
3	122342	0.849002	6792
3	122360	0.849127	6793
3	122378	0.849252	6794
3	122396	0.849377	6795
3	122414	0.849502	6796
3	122432	0.849627	6797
3	122450	0.849752	6798
3	122468	0.849877	6799
3	122486	0.850002	6800
3	122504	0.850127	6801
3	122522	0.850252	6802
3	122540	0.850377	6803
3	122558	0.850502	6804
3	122576	0.850627	6805
3	122594	0.850752	6806
3	122612	0.850877	6807
3	122630	0.851002	6808
3	122648	0.851127	6809
3	122666	0.851252	6810
3	122684	0.851377	6811
3	122702	0.851502	6812
3	122720	0.851627	6813
3	122738	0.851752	6814
3	122756	0.851877	6815
3	122774	0.852002	6816
3	122792	0.852127	6817
3	122810	0.852252	6818
3	122828	0.852377	6819
3	122846	0.852502	6820
3	122864	0.852627	6821
3	122882	0.852752	6822
3	122900	0.852877	6823
3	122922	0.853002	6824
3	122940	0.853127	6825
3	122958	0.853252	6826
3	122976	0.853377	6827
3	122994	0.853502	6828
3	123012	0.853627	6829
3	123030	0.853752	6830
3	123048	0.853877	6831
3	123066	0.854002	6832
3	123084	0.854127	6833
3	123102	0.854252	6834
3	123120	0.854377	6835
3	123138	0.854502	6836
3	123156	0.854627	6837
3	123174	0.854752	6838
3	123192	0.854877	6839
3	123210	0.855002	6840
3	123228	0.855127	6841
3	123246	0.855252	6842
3	123264	0.855377	6843
3	123282	0.855502	6844
3	123300	0.855627	6845
3	123318	0.855752	6846
3	123336	0.855877	6847
3	123354	0.856002	6848
3	123372	0.856127	6849
3	123390	0.856252	6850
3	123408	0.856377	6851
3	123426	0.856502	6852
3	123444	0.856627	6853
3	123462	0.856752	6854
3	123480	0.856877	6855
3	123498	0.857002	6856
3	123516	0.857127	6857
3	123534	0.857252	6858
3	123552	0.857377	6859
3	123570	0.857502	6860
3	123588	0.857627	6861
3	123606	0.857752	6862
3	123624	0.857877	6863
3	123642	0.858002	6864
3	123660	0.858127	6865
3	123678	0.858252	6866
3	123696	0.858377	6867
3	123714	0.858502	6868
3	123732	0.858627	6869
3	123750	0.858752	6870
3	123768	0.858877	6871
3	123786	0.859002	6872
3	123804	0.859127	6873
3	123822	0.859252	6874
3	123840	0.859377	6875
3	123858	0.859502	6876
3	123876	0.859627	6877
3	123894	0.859752	6878
3	123912	0.859877	6879
3	123930	0.860002	6880
3	123948	0.860127	6881
3	123966	0.860252	6882
3	123984	0.860377	6883
3	124002	0.860502	6884
3	124020	0.860627	6885
3	124038	0.860752	6886
3	124056	0.860877	6887
3	124074	0.861002	6888
3	124092	0.861127	6889
3	124110	0.861252	6890
3	124128	0.861377	6891
3	124146	0.861502	6892
3	124164	0.861627	6893
3	124182	0.861752	6894
3	124200	0.861877	6895
3	124218	0.862002	6896
3	124236	0.862127	6897
3	124254	0.862252	6898
3	124272	0.862377	6899
3	124290	0.862502	6900
3	124308	0.862627	6901
3	124326	0.862752	6902
3	124344	0.862877	6903
3	124362	0.863002	6904
3	124380	0.863127	6905
3	124398	0.863252	6906
3	124416	0.863377	6907
3	124434	0.863502	6908
3	124452	0.863627	6909
3	124470	0.863752	6910
3	124488	0.863877	6911
3	124506	0.864002	6912
3	124524	0.864127	6913
3	124542	0.864252	6914
3	124560	0.864377	6915
3	124578	0.864502	6916
3	124596	0.864627	6917
3	124614	0.864752	6918
3	124632	0.864877	6919
3	124650	0.865002	6920
3	124668	0.865127	6921
3	124686	0.865252	6922
3	124704	0.865377	6923
3	124722	0.865502	6924
3	124740	0.865627	6925
3	124758	0.865752	6926
3	124776	0.865877	6927
3	124794	0.866002	6928
3	124812	0.866127	6929
3	124830	0.866252	6930
3	124848	0.866377	6931
3	124866	0.866502	6932
3	124884	0.866627	6933
3	124902	0.866752	6934
3	124920	0.866877	6935
3	124938	0.867002	6936
3	124956	0.867127	6937
3	124974	0.867252	6938
3	124992	0.867377	6939
3	125010	0.867502	6940
3	125028	0.867627	6941
3	125046	0.867752	6942
3	125064	0.867877	6943
3	125082	0.868002	6944
3	125100	0.868127	6945
3	125118	0.868252	6946
3	125136	0.868377	6947
3	125154	0.868502	6948
3	125172	0.868627	6949
3	125190	0.868752	6950
3	125208	0.868877	6951
3	125226	0.869002	6952
3	125244	0.869127	6953
3	125262	0.869252	6954
3	125280	0.869377	6955
3	125298	0.869502	6956
3	125316	0.869627	6957
3	125334	0.869752	6958
3	125352	0.869877	6959
3	125370	0.870002	6960
3	125388	0.870127	6961
3	125406	0.870252	6962
3	125424	0.870377	6963
3	125442	0.870502	6964
3	125460	0.870627	6965
3	125478	0.870752	6966
3	125496	0.870877	6967
3	125514	0.871002	6968
3	125532	0.871127	6969
3	125550	0.871252	6970
3	125568	0.871377	6971
3	125586	0.871502	6972
3	125604	0.871627	6973
3	125622	0.871752	6974
3	125640	0.871877	6975
3	125658	0.872002	6976
3	125676	0.872127	6977
3	125694	0.872252	6978
3	125712	0.872377	6979
3	125730	0.872502	6980
3	125748	0.872627	6981
3	125766	0.872752	6982
3	125784	0.872877	6983
3	125802	0.873002	6984
3	125820	0.873127	6985
3	125838	0.873252	6986
3	125856	0.873377	6987
3	125874	0.873502	6988
3	125892	0.873627	6989
3	125910	0.873752	6990
3	125928	0.873877	6991
3	125946	0.874002	6992
3	125964	0.874127	6993
3	125982	0.874252	6994
3	126000	0.874377	6995
3	126018	0.874502	6996
3	126036	0.874627	6997
3	126054	0.874752	6998
3	126072	0.874877	6999
3	126090	0.875002	7000
3	126108	0.875127	7001
3	126126	0.875252	7002
3	126144	0.875377	7003
3	126162	0.875502	7004
3	126180	0.875627	7005
3	126198	0.875752	7006
3	126216	0.875877	7007
3	126234	0.876002	7008
3	126252	0.876127	7009
3	126270	0.876252	7010
3	126288	0.876377	7011
3	126306	0.876502	7012
3	126324	0.876627	7013
3	126342	0.876752	7014
3	126360	0.876877	7015
3	126378	0.877002	7016
3	126396	0.877127	7017
3	126414	0.877252	7018
3	126432	0.877377	7019
3	126450	0.877502	7020
3	126468	0.877627	7021
3	126486	0.877752	7022
3	126504	0.877877	7023
3	126522	0.878002	7024
3	126540	0.878127	7025
3	126558	0.878252	7026
3	126576	0.878377	7027
3	126594	0.878502	7028
3	126612	0.878627	7029
3	126630	0.878752	7030
3	126648	0.878877	7031
3	126666	0.879002	7032
3	126684	0.879127	7033
3	126702	0.879252	7034
3	126720	0.879377	7035
3	126738	0.879502	7036
3	126756	0.879627	7037
3	126774	0.879752	7038
3	126792	0.879877	7039
3	126810	0.880002	7040
3	126828	0.880127	7041
3	126846	0.880252	7042
3	126864	0.880377	7043
3	126882	0.880502	7044
3	126900	0.880627	7045
3	126918	0.880752	7046
3	126936	0.880877	7047
3	126954	0.881002	7048
3	126972	0.881127	7049
3	126990	0.881252	7050
3	127008	0.881377	7051
3	127026	0.881502	7052
3	127044	0.881627	7053
3	127062	0.881752	7054
3	127080	0.881877	7055
3	127098	0.882002	7056
3	127116	0.882127	7057
3	127134	0.882252	7058
3	127152	0.882377	7059
3	127170	0.882502	7060
3	127188	0.882627	7061
3	127206	0.882752	7062
3	127224	0.882877	7063
3	127242	0.883002	7064
3	127260	0.883127	7065
3	127278	0.883252	7066
3	127296	0.883377	7067
3	127314	0.883502	7068
3	127332	0.883627	7069
3	127350	0.883752	7070
3	127368	0.883877	7071
3	127386	0.884002	7072
3	127404	0.884127	7073
3	127422	0.884252	7074
3	127440	0.884377	7075
3	127458	0.884502	7076
3	127476	0.884627	7077
3	127494	0.884752	7078
3	127512	0.884877	7079
3	127530	0.885002	7080
3	127548	0.885127	7081
3	127566	0.885252	7082
3	127584	0.885377	7083
3	127602	0.885502	7084
3	127620	0.885627	7085
3	127638	0.885752	7086
3	127656	0.885877	7087
3	127674	0.886002	7088
3	127692	0.886127	7089
3	127710	0.886252	7090
3	127728	0.886377	7091
3	127746	0.886502	7092
3	127764	0.886627	7093
3	127782	0.886752	7094
3	127800	0.886877	7095
3	127818	0.887002	7096
3	127836	0.887127	7097
3	127854	0.887252	7098
3	127872	0.887377	7099
3	127890	0.887502	7100
3	127908	0.887627	7101
3	127926	0.887752	7102
3	127944	0.887877	7103
3	127962	0.888002	7104
3	127980	0.888127	7105
3	127998	0.888252	7106
3	128016	0.888377	7107
3	128034	0.888502	7108
3	128052	0.888627	7109
3	128070	0.888752	7110
3	128088	0.888877	7111
3	128106	0.889002	7112
3	128124	0.889127	7113
3	128142	0.889252	7114
3	128160	0.889377	7115
3	128178	0.889502	7116
3	128196	0.889627	7117
3	128214	0.889752	7118
3	128232	0.889877	7119
3	128250	0.890002	7120
3	128272	0.890127	7121
3	128290	0.890252	7122
3	128308	0.890377	7123
3	128326	0.890502	7124
3	128344	0.890627	7125
3	128362	0.890752	7126
3	128380	0.890877	7127
3	128398	0.891002	7128
3	128416	0.891127	7129
3	128434	0.891252	7130
3	128452	0.891377	7131
3	128470	0.891502	7132
3	128488	0.891627	7133
3	128506	0.891752	7134
3	128524	0.891877	7135
3	128542	0.892002	7136
3	128560	0.892127	7137
3	128578	0.892252	7138
3	128596	0.892377	7139
3	128614	0.892502	7140
3	128632	0.892627	7141
3	128650	0.892752	7142
3	128668	0.892877	7143
3	128686	0.893002	7144
3	128704	0.893127	7145
3	128722	0.893252	7146
3	128740	0.893377	7147
3	128758	0.893502	7148
3	128776	0.893627	7149
3	128794	0.893752	7150
3	128812	0.893877	7151
3	128830	0.894002	7152
3	128848	0.894127	7153
3	128866	0.894252	7154
3	128884	0.894377	7155
3	128902	0.894502	7156
3	128920	0.894627	7157
3	128938	0.894752	7158
3	128956	0.894877	7159
3	128974	0.895002	7160
3	128992	0.895127	7161
3	129010	0.895252	7162
3	129028	0.895377	7163
3	129046	0.895502	7164
3	129064	0.895627	7165
3	129082	0.895752	7166
3	129100	0.895877	7167
3	129118	0.896002	7168
3	129136	0.896127	7169
3	129154	0.896252	7170
3	129172	0.896377	7171
3	129190	0.896502	7172
3	129208	0.896627	7173
3	129226	0.896752	7174
3	129244	0.896877	7175
3	129262	0.897002	7176
3	129280	0.897127	7177
3	129298	0.897252	7178
3	129316	0.897377	7179
3	129334	0.897502	7180
3	129352	0.897627	7181
3	129370	0.897752	7182
3	129388	0.897877	7183
3	129406	0.898002	7184
3	129424	0.898127	7185
3	129442	0.898252	7186
3	129460	0.898377	7187
3	129478	0.898502	7188
3	129496	0.898627	7189
3	129514	0.898752	7190
3	129532	0.898877	7191
3	129550	0.899002	7192
3	129568	0.899127	7193
3	129586	0.899252	7194
3	129604	0.899377	7195
3	129622	0.899502	7196
3	129640	0.899627	7197
3	129658	0.899752	7198
3	129676	0.899877	7199
3	129694	0.900002	7200
3	129712	0.900127	7201
3	129730	0.900252	7202
3	129748	0.900377	7203
3	129766	0.900502	7204
3	129784	0.900627	7205
3	129802	0.900752	7206
3	129820	0.900877	7207
3	129838	0.901002	7208
3	129856	0.901127	7209
3	129874	0.901252	7210
3	129892	0.901377	7211
3	129910	0.901502	7212
3	129928	0.901627	7213
3	129946	0.901752	7214
3	129964	0.901877	7215
3	129982	0.902002	7216
3	130000	0.902127	7217
3	130018	0.902252	7218
3	130036	0.902377	7219
3	130054	0.902502	7220
3	130072	0.902627	7221
3	130090	0.902752	7222
3	130108	0.902877	7223
3	130126	0.903002	7224
3	130144	0.903127	7225
3	130162	0.903252	7226
3	130180	0.903377	7227
3	130198	0.903502	7228
3	130216	0.903627	7229
3	130234	0.903752	7230
3	130252	0.903877	7231
3	130270	0.904002	7232
3	130288	0.904127	7233
3	130306	0.904252	7234
3	130324	0.904377	7235
3	130342	0.904502	7236
3	130360	0.904627	7237
3	130378	0.904752	7238
3	130396	0.904877	7239
3	130414	0.905002	7240
3	130432	0.905127	7241
3	130450	0.905252	7242
3	130468	0.905377	7243
3	130486	0.905502	7244
3	130504	0.905627	7245
3	130522	0.905752	7246
3	130540	0.905877	7247
3	130558	0.906002	7248
3	130576	0.906127	7249
3	130594	0.906252	7250
3	130612	0.906377	7251
3	130630	0.906502	7252
3	130648	0.906627	7253
3	130666	0.906752	7254
3	130684	0.906877	7255
3	130702	0.907002	7256
3	130720	0.907127	7257
3	130738	0.907252	7258
3	130756	0.907377	7259
3	130774	0.907502	7260
3	130792	0.907627	7261
3	130810	0.907752	7262
3	130828	0.907877	7263
3	130846	0.908002	7264
3	130864	0.908127	7265
3	130882	0.908252	7266
3	130900	0.908377	7267
3	130918	0.908502	7268
3	130936	0.908627	7269
3	130954	0.908752	7270
3	130972	0.908877	7271
3	130990	0.909002	7272
3	131008	0.909127	7273
3	131026	0.909252	7274
3	131044	0.909377	7275
3	131062	0.909502	7276
3	131080	0.909627	7277
3	131098	0.909752	7278
3	131116	0.909877	7279
3	131134	0.910002	7280
3	131152	0.910127	7281
3	131170	0.910252	7282
3	131188	0.910377	7283
3	131206	0.910502	7284
3	131224	0.910627	7285
3	131242	0.910752	7286
3	131260	0.910877	7287
3	131278	0.911002	7288
3	131296	0.911127	7289
3	131314	0.911252	7290
3	131332	0.911377	7291
3	131350	0.911502	7292
3	131368	0.911627	7293
3	131386	0.911752	7294
3	131404	0.911877	7295
3	131422	0.912002	7296
3	131440	0.912127	7297
3	131458	0.912252	7298
3	131476	0.912377	7299
3	131494	0.912502	7300
3	131512	0.912627	7301
3	131530	0.912752	7302
3	131548	0.912877	7303
3	131566	0.913002	7304
3	131584	0.913127	7305
3	131602	0.913252	7306
3	131620	0.913377	7307
3	131638	0.913502	7308
3	131656	0.913627	7309
3	131674	0.913752	7310
3	131692	0.913877	7311
3	131710	0.914002	7312
3	131728	0.914127	7313
3	131746	0.914252	7314
3	131764	0.914377	7315
3	131782	0.914502	7316
3	131800	0.914627	7317
3	131818	0.914752	7318
3	131836	0.914877	7319
3	131854	0.915002	7320
3	131872	0.915127	7321
3	131890	0.915252	7322
3	131908	0.915377	7323
3	131926	0.915502	7324
3	131944	0.915627	7325
3	131962	0.915752	7326
3	131980	0.915877	7327
3	131998	0.916002	7328
3	132016	0.916127	7329
3	132034	0.916252	7330
3	132052	0.916377	7331
3	132070	0.916502	7332
3	132088	0.916627	7333
3	132106	0.916752	7334
3	132124	0.916877	7335
3	132142	0.917002	7336
3	132160	0.917127	7337
3	132178	0.917252	7338
3	132196	0.917377	7339
3	132214	0.917502	7340
3	132232	0.917627	7341
3	132250	0.917752	7342
3	132268	0.917877	7343
3	132286	0.918002	7344
3	132304	0.918127	7345
3	132322	0.918252	7346
3	132340	0.918377	7347
3	132358	0.918502	7348
3	132376	0.918627	7349
3	132394	0.918752	7350
3	132412	0.918877	7351
3	132430	0.919002	7352
3	132448	0.919127	7353
3	132466	0.919252	7354
3	132484	0.919377	7355
3	132502	0.919502	7356
3	132520	0.919627	7357
3	132538	0.919752	7358
3	132556	0.919877	7359
3	132574	0.920002	7360
3	132592	0.920127	7361
3	132610	0.920252	7362
3	132628	0.920377	7363
3	132646	0.920502	7364
3	132664	0.920627	7365
3	132682	0.920752	7366
3	132700	0.920877	7367
3	132718	0.921002	7368
3	132736	0.921127	7369
3	132754	0.921252	7370
3	132772	0.921377	7371
3	132790	0.921502	7372
3	132808	0.921627	7373
3	132826	0.921752	7374
3	132844	0.921877	7375
3	132862	0.922002	7376
3	132880	0.922127	7377
3	132898	0.922252	7378
3	132916	0.922377	7379
3	132934	0.922502	7380
3	132952	0.922627	7381
3	132970	0.922752	7382
3	132988	0.922877	7383
3	133006	0.923002	7384
3	133024	0.923127	7385
3	133042	0.923252	7386
3	133060	0.923377	7387
3	133078	0.923502	7388
3	133096	0.923627	7389
3	133114	0.923752	7390
3	133132	0.923877	7391
3	133150	0.924002	7392
3	133168	0.924127	7393
3	133186	0.924252	7394
3	133204	0.924377	7395
3	133222	0.924502	7396
3	133240	0.924627	7397
3	133258	0.924752	7398
3	133276	0.924877	7399
3	133294	0.925002	7400
3	133312	0.925127	7401
3	133330	0.925252	7402
3	133348	0.925377	7403
3	133366	0.925502	7404
3	133384	0.925627	7405
3	133402	0.925752	7406
3	133420	0.925877	7407
3	133438	0.926002	7408
3	133456	0.926127	7409
3	133474	0.926252	7410
3	133492	0.926377	7411
3	133510	0.926502	7412
3	133528	0.926627	7413
3	133546	0.926752	7414
3	133564	0.926877	7415
3	133582	0.927002	7416
3	133600	0.927127	7417
3	133622	0.927252	7418
3	133640	0.927377	7419
3	133658	0.927502	7420
3	133676	0.927627	7421
3	133694	0.927752	7422
3	133712	0.927877	7423
3	133730	0.928002	7424
3	133748	0.928127	7425
3	133766	0.928252	7426
3	133784	0.928377	7427
3	133802	0.928502	7428
3	133820	0.928627	7429
3	133838	0.928752	7430
3	133856	0.928877	7431
3	133874	0.929002	7432
3	133892	0.929127	7433
3	133910	0.929252	7434
3	133928	0.929377	7435
3	133946	0.929502	7436
3	133964	0.929627	7437
3	133982	0.929752	7438
3	134000	0.929877	7439
3	134018	0.930002	7440
3	134036	0.930127	7441
3	134054	0.930252	7442
3	134072	0.930377	7443
3	134090	0.930502	7444
3	134108	0.930627	7445
3	134126	0.930752	7446
3	134144	0.930877	7447
3	134162	0.931002	7448
3	134180	0.931127	7449
3	134198	0.931252	7450
3	134216	0.931377	7451
3	134234	0.931502	7452
3	134252	0.931627	7453
3	134270	0.931752	7454
3	134288	0.931877	7455
3	134306	0.932002	7456
3	134324	0.932127	7457
3	134342	0.932252	7458
3	134360	0.932377	7459
3	134378	0.932502	7460
3	134396	0.932627	7461
3	134414	0.932752	7462
3	134432	0.932877	7463
3	134450	0.933002	7464
3	134468	0.933127	7465
3	134486	0.933252	7466
3	134504	0.933377	7467
3	134522	0.933502	7468
3	134540	0.933627	7469
3	134558	0.933752	7470
3	134576	0.933877	7471
3	134594	0.934002	7472
3	134612	0.934127	7473
3	134630	0.934252	7474
3	134648	0.934377	7475
3	134666	0.934502	7476
3	134684	0.934627	7477
3	134702	0.934752	7478
3	134720	0.934877	7479
3	134738	0.935002	7480
3	134756	0.935127	7481
3	134774	0.935252	7482
3	134792	0.935377	7483
3	134810	0.935502	7484
3	134828	0.935627	7485
3	134846	0.935752	7486
3	134864	0.935877	7487
3	134882	0.936002	7488
3	134900	0.936127	7489
3	134918	0.936252	7490
3	134936	0.936377	7491
3	134954	0.936502	7492
3	134972	0.936627	7493
3	134990	0.936752	7494
3	135008	0.936877	7495
3	135026	0.937002	7496
3	135044	0.937127	7497
3	135062	0.937252	7498
3	135080	0.937377	7499
3	135098	0.937502	7500
3	135116	0.937627	7501
3	135134	0.937752	7502
3	135152	0.937877	7503
3	135170	0.938002	7504
3	135188	0.938127	7505
3	135206	0.938252	7506
3	135224	0.938377	7507
3	135242	0.938502	7508
3	135260	0.938627	7509
3	135278	0.938752	7510
3	135296	0.938877	7511
3	135314	0.939002	7512
3	135332	0.939127	7513
3	135350	0.939252	7514
3	135368	0.939377	7515
3	135386	0.939502	7516
3	135404	0.939627	7517
3	135422	0.939752	7518
3	135440	0.939877	7519
3	135458	0.940002	7520
3	135476	0.940127	7521
3	135494	0.940252	7522
3	135512	0.940377	7523
3	135530	0.940502	7524
3	135548	0.940627	7525
3	135566	0.940752	7526
3	135584	0.940877	7527
3	135602	0.941002	7528
3	135620	0.941127	7529
3	135638	0.941252	7530
3	135656	0.941377	7531
3	135674	0.941502	7532
3	135692	0.941627	7533
3	135710	0.941752	7534
3	135728	0.941877	7535
3	135746	0.942002	7536
3	135764	0.942127	7537
3	135782	0.942252	7538
3	135800	0.942377	7539
3	135818	0.942502	7540
3	135836	0.942627	7541
3	135854	0.942752	7542
3	135872	0.942877	7543
3	135890	0.943002	7544
3	135908	0.943127	7545
3	135926	0.943252	7546
3	135944	0.943377	7547
3	135962	0.943502	7548
3	135980	0.943627	7549
3	135998	0.943752	7550
3	136016	0.943877	7551
3	136034	0.944002	7552
3	136052	0.944127	7553
3	136070	0.944252	7554
3	136088	0.944377	7555
3	136106	0.944502	7556
3	136124	0.944627	7557
3	136142	0.944752	7558
3	136160	0.944877	7559
3	136178	0.945002	7560
3	136196	0.945127	7561
3	136214	0.945252	7562
3	136232	0.945377	7563
3	136250	0.945502	7564
3	136268	0.945627	7565
3	136286	0.945752	7566
3	136304	0.945877	7567
3	136322	0.946002	7568
3	136340	0.946127	7569
3	136358	0.946252	7570
3	136376	0.946377	7571
3	136394	0.946502	7572
3	136412	0.946627	7573
3	136430	0.946752	7574
3	136448	0.946877	7575
3	136466	0.947002	7576
3	136484	0.947127	7577
3	136502	0.947252	7578
3	136520	0.947377	7579
3	136538	0.947502	7580
3	136556	0.947627	7581
3	136574	0.947752	7582
3	136592	0.947877	7583
3	136610	0.948002	7584
3	136628	0.948127	7585
3	136646	0.948252	7586
3	136664	0.948377	7587
3	136682	0.948502	7588
3	136700	0.948627	7589
3	136718	0.948752	7590
3	136736	0.948877	7591
3	136754	0.949002	7592
3	136772	0.949127	7593
3	136790	0.949252	7594
3	136808	0.949377	7595
3	136826	0.949502	7596
3	136844	0.949627	7597
3	136862	0.949752	7598
3	136880	0.949877	7599
3	136898	0.950002	7600
3	136916	0.950127	7601
3	136934	0.950252	7602
3	136952	0.950377	7603
3	136970	0.950502	7604
3	136988	0.950627	7605
3	137006	0.950752	7606
3	137024	0.950877	7607
3	137042	0.951002	7608
3	137060	0.951127	7609
3	137078	0.951252	7610
3	137096	0.951377	7611
3	137114	0.951502	7612
3	137132	0.951627	7613
3	137150	0.951752	7614
3	137168	0.951877	7615
3	137186	0.952002	7616
3	137204	0.952127	7617
3	137222	0.952252	7618
3	137240	0.952377	7619
3	137258	0.952502	7620
3	137276	0.952627	7621
3	137294	0.952752	7622
3	137312	0.952877	7623
3	137330	0.953002	7624
3	137348	0.953127	7625
3	137366	0.953252	7626
3	137384	0.953377	7627
3	137402	0.953502	7628
3	137420	0.953627	7629
3	137438	0.953752	7630
3	137456	0.953877	7631
3	137474	0.954002	7632
3	137492	0.954127	7633
3	137510	0.954252	7634
3	137528	0.954377	7635
3	137546	0.954502	7636
3	137564	0.954627	7637
3	137582	0.954752	7638
3	137600	0.954877	7639
3	137618	0.955002	7640
3	137636	0.955127	7641
3	137654	0.955252	7642
3	137672	0.955377	7643
3	137690	0.955502	7644
3	137708	0.955627	7645
3	137726	0.955752	7646
3	137744	0.955877	7647
3	137762	0.956002	7648
3	137780	0.956127	7649
3	137798	0.956252	7650
3	137816	0.956377	7651
3	137834	0.956502	7652
3	137852	0.956627	7653
3	137870	0.956752	7654
3	137888	0.956877	7655
3	137906	0.957002	7656
3	137924	0.957127	7657
3	137942	0.957252	7658
3	137960	0.957377	7659
3	137978	0.957502	7660
3	137996	0.957627	7661
3	138014	0.957752	7662
3	138032	0.957877	7663
3	138050	0.958002	7664
3	138068	0.958127	7665
3	138086	0.958252	7666
3	138104	0.958377	7667
3	138122	0.958502	7668
3	138140	0.958627	7669
3	138158	0.958752	7670
3	138176	0.958877	7671
3	138194	0.959002	7672
3	138212	0.959127	7673
3	138230	0.959252	7674
3	138248	0.959377	7675
3	138266	0.959502	7676
3	138284	0.959627	7677
3	138302	0.959752	7678
3	138320	0.959877	7679
3	138338	0.960002	7680
3	138356	0.960127	7681
3	138374	0.960252	7682
3	138392	0.960377	7683
3	138410	0.960502	7684
3	138428	0.960627	7685
3	138446	0.960752	7686
3	138464	0.960877	7687
3	138482	0.961002	7688
3	138500	0.961127	7689
3	138518	0.961252	7690
3	138536	0.961377	7691
3	138554	0.961502	7692
3	138572	0.961627	7693
3	138590	0.961752	7694
3	138608	0.961877	7695
3	138626	0.962002	7696
3	138644	0.962127	7697
3	138662	0.962252	7698
3	138680	0.962377	7699
3	138698	0.962502	7700
3	138716	0.962627	7701
3	138734	0.962752	7702
3	138752	0.962877	7703
3	138770	0.963002	7704
3	138788	0.963127	7705
3	138806	0.963252	7706
3	138824	0.963377	7707
3	138842	0.963502	7708
3	138860	0.963627	7709
3	138878	0.963752	7710
3	138896	0.963877	7711
3	138914	0.964002	7712
3	138932	0.964127	7713
3	138950	0.964252	7714
3	138968	0.964377	7715
3	138990	0.964502	7716
3	139008	0.964627	7717
3	139026	0.964752	7718
3	139044	0.964877	7719
3	139062	0.965002	7720
3	139080	0.965127	7721
3	139098	0.965252	7722
3	139116	0.965377	7723
3	139134	0.965502	7724
3	139152	0.965627	7725
3	139170	0.965752	7726
3	139188	0.965877	7727
3	139206	0.966002	7728
3	139224	0.966127	7729
3	139242	0.966252	7730
3	139260	0.966377	7731
3	139278	0.966502	7732
3	139296	0.966627	7733
3	139314	0.966752	7734
3	139332	0.966877	7735
3	139350	0.967002	7736
3	139368	0.967127	7737
3	139386	0.967252	7738
3	139404	0.967377	7739
3	139422	0.967502	7740
3	139440	0.967627	7741
3	139458	0.967752	7742
3	139476	0.967877	7743
3	139494	0.968002	7744
3	139512	0.968127	7745
3	139530	0.968252	7746
3	139548	0.968377	7747
3	139566	0.968502	7748
3	139584	0.968627	7749
3	139602	0.968752	7750
3	139620	0.968877	7751
3	139638	0.969002	7752
3	139656	0.969127	7753
3	139674	0.969252	7754
3	139692	0.969377	7755
3	139710	0.969502	7756
3	139728	0.969627	7757
3	139746	0.969752	7758
3	139764	0.969877	7759
3	139782	0.970002	7760
3	139800	0.970127	7761
3	139818	0.970252	7762
3	139836	0.970377	7763
3	139854	0.970502	7764
3	139872	0.970627	7765
3	139890	0.970752	7766
3	139908	0.970877	7767
3	139926	0.971002	7768
3	139944	0.971127	7769
3	139962	0.971252	7770
3	139980	0.971377	7771
3	139998	0.971502	7772
3	140016	0.971627	7773
3	140034	0.971752	7774
3	140052	0.971877	7775
3	140070	0.972002	7776
3	140088	0.972127	7777
3	140106	0.972252	7778
3	140124	0.972377	7779
3	140142	0.972502	7780
3	140160	0.972627	7781
3	140178	0.972752	7782
3	140196	0.972877	7783
3	140214	0.973002	7784
3	140232	0.973127	7785
3	140250	0.973252	7786
3	140268	0.973377	7787
3	140286	0.973502	7788
3	140304	0.973627	7789
3	140322	0.973752	7790
3	140340	0.973877	7791
3	140358	0.974002	7792
3	140376	0.974127	7793
3	140394	0.974252	7794
3	140412	0.974377	7795
3	140430	0.974502	7796
3	140448	0.974627	7797
3	140466	0.974752	7798
3	140484	0.974877	7799
3	140502	0.975002	7800
3	140520	0.975127	7801
3	140538	0.975252	7802
3	140556	0.975377	7803
3	140574	0.975502	7804
3	140592	0.975627	7805
3	140610	0.975752	7806
3	140628	0.975877	7807
3	140646	0.976002	7808
3	140664	0.976127	7809
3	140682	0.976252	7810
3	140700	0.976377	7811
3	140718	0.976502	7812
3	140736	0.976627	7813
3	140754	0.976752	7814
3	140772	0.976877	7815
3	140790	0.977002	7816
3	140808	0.977127	7817
3	140826	0.977252	7818
3	140844	0.977377	7819
3	140862	0.977502	7820
3	140880	0.977627	7821
3	140898	0.977752	7822
3	140916	0.977877	7823
3	140934	0.978002	7824
3	140952	0.978127	7825
3	140970	0.978252	7826
3	140988	0.978377	7827
3	141006	0.978502	7828
3	141024	0.978627	7829
3	141042	0.978752	7830
3	141060	0.978877	7831
3	141078	0.979002	7832
3	141096	0.979127	7833
3	141114	0.979252	7834
3	141132	0.979377	7835
3	141150	0.979502	7836
3	141168	0.979627	7837
3	141186	0.979752	7838
3	141204	0.979877	7839
3	141222	0.980002	7840
3	141240	0.980127	7841
3	141258	0.980252	7842
3	141276	0.980377	7843
3	141294	0.980502	7844
3	141312	0.980627	7845
3	141330	0.980752	7846
3	141348	0.980877	7847
3	141366	0.981002	7848
3	141384	0.981127	7849
3	141402	0.981252	7850
3	141420	0.981377	7851
3	141438	0.981502	7852
3	141456	0.981627	7853
3	141474	0.981752	7854
3	141492	0.981877	7855
3	141510	0.982002	7856
3	141528	0.982127	7857
3	141546	0.982252	7858
3	141564	0.982377	7859
3	141582	0.982502	7860
3	141600	0.982627	7861
3	141618	0.982752	7862
3	141636	0.982877	7863
3	141654	0.983002	7864
3	141672	0.983127	7865
3	141690	0.983252	7866
3	141708	0.983377	7867
3	141726	0.983502	7868
3	141744	0.983627	7869
3	141762	0.983752	7870
3	141780	0.983877	7871
3	141798	0.984002	7872
3	141816	0.984127	7873
3	141834	0.984252	7874
3	141852	0.984377	7875
3	141870	0.984502	7876
3	141888	0.984627	7877
3	141906	0.984752	7878
3	141924	0.984877	7879
3	141942	0.985002	7880
3	141960	0.985127	7881
3	141978	0.985252	7882
3	141996	0.985377	7883
3	142014	0.985502	7884
3	142032	0.985627	7885
3	142050	0.985752	7886
3	142068	0.985877	7887
3	142086	0.986002	7888
3	142104	0.986127	7889
3	142122	0.986252	7890
3	142140	0.986377	7891
3	142158	0.986502	7892
3	142176	0.986627	7893
3	142194	0.986752	7894
3	142212	0.986877	7895
3	142230	0.987002	7896
3	142248	0.987127	7897
3	142266	0.987252	7898
3	142284	0.987377	7899
3	142302	0.987502	7900
3	142320	0.987627	7901
3	142338	0.987752	7902
3	142356	0.987877	7903
3	142374	0.988002	7904
3	142392	0.988127	7905
3	142410	0.988252	7906
3	142428	0.988377	7907
3	142446	0.988502	7908
3	142464	0.988627	7909
3	142482	0.988752	7910
3	142500	0.988877	7911
3	142518	0.989002	7912
3	142536	0.989127	7913
3	142554	0.989252	7914
3	142572	0.989377	7915
3	142590	0.989502	7916
3	142608	0.989627	7917
3	142626	0.989752	7918
3	142644	0.989877	7919
3	142662	0.990002	7920
3	142680	0.990127	7921
3	142698	0.990252	7922
3	142716	0.990377	7923
3	142734	0.990502	7924
3	142752	0.990627	7925
3	142770	0.990752	7926
3	142788	0.990877	7927
3	142806	0.991002	7928
3	142824	0.991127	7929
3	142842	0.991252	7930
3	142860	0.991377	7931
3	142878	0.991502	7932
3	142896	0.991627	7933
3	142914	0.991752	7934
3	142932	0.991877	7935
3	142950	0.992002	7936
3	142968	0.992127	7937
3	142986	0.992252	7938
3	143004	0.992377	7939
3	143022	0.992502	7940
3	143040	0.992627	7941
3	143058	0.992752	7942
3	143076	0.992877	7943
3	143094	0.993002	7944
3	143112	0.993127	7945
3	143130	0.993252	7946
3	143148	0.993377	7947
3	143166	0.993502	7948
3	143184	0.993627	7949
3	143202	0.993752	7950
3	143220	0.993877	7951
3	143238	0.994002	7952
3	143256	0.994127	7953
3	143274	0.994252	7954
3	143292	0.994377	7955
3	143310	0.994502	7956
3	143328	0.994627	7957
3	143346	0.994752	7958
3	143364	0.994877	7959
3	143382	0.995002	7960
3	143400	0.995127	7961
3	143418	0.995252	7962
3	143436	0.995377	7963
3	143454	0.995502	7964
3	143472	0.995627	7965
3	143490	0.995752	7966
3	143508	0.995877	7967
3	143526	0.996002	7968
3	143544	0.996127	7969
3	143562	0.996252	7970
3	143580	0.996377	7971
3	143598	0.996502	7972
3	143616	0.996627	7973
3	143634	0.996752	7974
3	143652	0.996877	7975
3	143670	0.997002	7976
3	143688	0.997127	7977
3	143706	0.997252	7978
3	143724	0.997377	7979
3	143742	0.997502	7980
3	143760	0.997627	7981
3	143778	0.997752	7982
3	143796	0.997877	7983
3	143814	0.998002	7984
3	143832	0.998127	7985
3	143850	0.998252	7986
3	143868	0.998377	7987
3	143886	0.998502	7988
3	143904	0.998627	7989
3	143922	0.998752	7990
3	143940	0.998877	7991
3	143958	0.999002	7992
3	143976	0.999127	7993
3	143994	0.999252	7994
3	144012	0.999377	7995
3	144030	0.999502	7996
3	144048	0.999627	7997
3	144066	0.999752	7998
3	144084	0.999877	7999

