version 3
run STM4-0-20260508-12:30:56-9412
attr configname STM4
attr datetime 20260508-12:30:56
attr datetimef 20260508-123056
attr experiment STM4
attr inifile omnetpp.ini
attr iterationvars ""
attr iterationvarsd ""
attr iterationvarsf ""
attr measurement ""
attr network p2pNetwork
attr processid 9412
attr repetition 0
attr replication #0
attr resultdir results
attr runnumber 0
attr seedset 0
config debug-on-errors true
config image-path ../../../../../images
config *.lteA.stmLevel 1
config *.lteB.stmLevel 1
config *.lteA.numTributaries 1
config *.lteB.numTributaries 1
config **.packetSize 9720
config **.packetInterval "41.62 us"
config network p2pNetwork
config sim-time-limit 1s

vector 0 p2pNetwork.lteA stmWorkingSent:vector ETV
attr recordingmode vector
attr source stmWorkingSent
attr title "STM sent on working line"
vector 1 p2pNetwork.lteB stmWorkingSent:vector ETV
attr recordingmode vector
attr source stmWorkingSent
attr title "STM sent on working line"
vector 2 p2pNetwork.lteB stmWorkingReceived:vector ETV
attr recordingmode vector
attr source stmWorkingReceived
attr title "STM received on working line"
vector 3 p2pNetwork.lteA stmWorkingReceived:vector ETV
attr recordingmode vector
attr source stmWorkingReceived
attr title "STM received on working line"
0	13	0.000125	1
0	29	0.00025	2
0	45	0.000375	3
0	61	0.0005	4
0	77	0.000625	5
0	93	0.00075	6
0	109	0.000875	7
0	125	0.001	8
0	141	0.001125	9
0	157	0.00125	10
0	173	0.001375	11
0	189	0.0015	12
0	205	0.001625	13
0	221	0.00175	14
0	237	0.001875	15
0	253	0.002	16
0	269	0.002125	17
0	285	0.00225	18
0	301	0.002375	19
0	317	0.0025	20
0	333	0.002625	21
0	349	0.00275	22
0	365	0.002875	23
0	381	0.003	24
0	397	0.003125	25
0	413	0.00325	26
0	429	0.003375	27
0	445	0.0035	28
0	461	0.003625	29
0	477	0.00375	30
0	493	0.003875	31
0	509	0.004	32
0	525	0.004125	33
0	541	0.00425	34
0	557	0.004375	35
0	573	0.0045	36
0	589	0.004625	37
0	605	0.00475	38
0	621	0.004875	39
0	637	0.005	40
0	653	0.005125	41
0	669	0.00525	42
0	685	0.005375	43
0	701	0.0055	44
0	717	0.005625	45
0	733	0.00575	46
0	749	0.005875	47
0	765	0.006	48
0	781	0.006125	49
0	797	0.00625	50
0	813	0.006375	51
0	829	0.0065	52
0	845	0.006625	53
0	861	0.00675	54
0	877	0.006875	55
0	893	0.007	56
0	909	0.007125	57
0	925	0.00725	58
0	941	0.007375	59
0	957	0.0075	60
0	973	0.007625	61
0	989	0.00775	62
0	1005	0.007875	63
0	1021	0.008	64
0	1037	0.008125	65
0	1053	0.00825	66
0	1069	0.008375	67
0	1085	0.0085	68
0	1101	0.008625	69
0	1117	0.00875	70
0	1133	0.008875	71
0	1149	0.009	72
0	1165	0.009125	73
0	1181	0.00925	74
0	1197	0.009375	75
0	1213	0.0095	76
0	1229	0.009625	77
0	1245	0.00975	78
0	1261	0.009875	79
0	1277	0.01	80
0	1293	0.010125	81
0	1309	0.01025	82
0	1325	0.010375	83
0	1341	0.0105	84
0	1357	0.010625	85
0	1373	0.01075	86
0	1389	0.010875	87
0	1405	0.011	88
0	1421	0.011125	89
0	1437	0.01125	90
0	1453	0.011375	91
0	1469	0.0115	92
0	1485	0.011625	93
0	1501	0.01175	94
0	1517	0.011875	95
0	1533	0.012	96
0	1549	0.012125	97
0	1565	0.01225	98
0	1581	0.012375	99
0	1597	0.0125	100
0	1613	0.012625	101
0	1629	0.01275	102
0	1645	0.012875	103
0	1661	0.013	104
0	1677	0.013125	105
0	1693	0.01325	106
0	1709	0.013375	107
0	1725	0.0135	108
0	1741	0.013625	109
0	1757	0.01375	110
0	1773	0.013875	111
0	1789	0.014	112
0	1805	0.014125	113
0	1821	0.01425	114
0	1837	0.014375	115
0	1853	0.0145	116
0	1869	0.014625	117
0	1885	0.01475	118
0	1901	0.014875	119
0	1917	0.015	120
0	1933	0.015125	121
0	1949	0.01525	122
0	1965	0.015375	123
0	1981	0.0155	124
0	1997	0.015625	125
0	2013	0.01575	126
0	2029	0.015875	127
0	2045	0.016	128
0	2061	0.016125	129
0	2077	0.01625	130
0	2093	0.016375	131
0	2109	0.0165	132
0	2125	0.016625	133
0	2141	0.01675	134
0	2157	0.016875	135
0	2173	0.017	136
0	2189	0.017125	137
0	2205	0.01725	138
0	2221	0.017375	139
0	2237	0.0175	140
0	2253	0.017625	141
0	2269	0.01775	142
0	2285	0.017875	143
0	2301	0.018	144
0	2317	0.018125	145
0	2333	0.01825	146
0	2349	0.018375	147
0	2365	0.0185	148
0	2381	0.018625	149
0	2397	0.01875	150
0	2413	0.018875	151
0	2429	0.019	152
0	2445	0.019125	153
0	2461	0.01925	154
0	2477	0.019375	155
0	2493	0.0195	156
0	2509	0.019625	157
0	2525	0.01975	158
0	2541	0.019875	159
0	2557	0.02	160
0	2573	0.020125	161
0	2589	0.02025	162
0	2605	0.020375	163
0	2621	0.0205	164
0	2637	0.020625	165
0	2653	0.02075	166
0	2669	0.020875	167
0	2685	0.021	168
0	2701	0.021125	169
0	2717	0.02125	170
0	2733	0.021375	171
0	2749	0.0215	172
0	2765	0.021625	173
0	2781	0.02175	174
0	2797	0.021875	175
0	2813	0.022	176
0	2829	0.022125	177
0	2845	0.02225	178
0	2861	0.022375	179
0	2877	0.0225	180
0	2893	0.022625	181
0	2909	0.02275	182
0	2925	0.022875	183
0	2941	0.023	184
0	2957	0.023125	185
0	2973	0.02325	186
0	2989	0.023375	187
0	3005	0.0235	188
0	3021	0.023625	189
0	3037	0.02375	190
0	3053	0.023875	191
0	3069	0.024	192
0	3085	0.024125	193
0	3101	0.02425	194
0	3117	0.024375	195
0	3133	0.0245	196
0	3149	0.024625	197
0	3165	0.02475	198
0	3181	0.024875	199
0	3197	0.025	200
0	3213	0.025125	201
0	3229	0.02525	202
0	3245	0.025375	203
0	3261	0.0255	204
0	3277	0.025625	205
0	3293	0.02575	206
0	3309	0.025875	207
0	3325	0.026	208
0	3341	0.026125	209
0	3357	0.02625	210
0	3373	0.026375	211
0	3389	0.0265	212
0	3405	0.026625	213
0	3421	0.02675	214
0	3437	0.026875	215
0	3453	0.027	216
0	3469	0.027125	217
0	3485	0.02725	218
0	3501	0.027375	219
0	3517	0.0275	220
0	3533	0.027625	221
0	3549	0.02775	222
0	3565	0.027875	223
0	3581	0.028	224
0	3597	0.028125	225
0	3613	0.02825	226
0	3629	0.028375	227
0	3645	0.0285	228
0	3661	0.028625	229
0	3677	0.02875	230
0	3693	0.028875	231
0	3709	0.029	232
0	3725	0.029125	233
0	3741	0.02925	234
0	3757	0.029375	235
0	3773	0.0295	236
0	3789	0.029625	237
0	3805	0.02975	238
0	3821	0.029875	239
0	3837	0.03	240
0	3853	0.030125	241
0	3869	0.03025	242
0	3885	0.030375	243
0	3901	0.0305	244
0	3917	0.030625	245
0	3933	0.03075	246
0	3949	0.030875	247
0	3965	0.031	248
0	3981	0.031125	249
0	3997	0.03125	250
0	4013	0.031375	251
0	4029	0.0315	252
0	4045	0.031625	253
0	4061	0.03175	254
0	4077	0.031875	255
0	4093	0.032	256
0	4109	0.032125	257
0	4125	0.03225	258
0	4141	0.032375	259
0	4157	0.0325	260
0	4173	0.032625	261
0	4189	0.03275	262
0	4205	0.032875	263
0	4221	0.033	264
0	4237	0.033125	265
0	4253	0.03325	266
0	4269	0.033375	267
0	4285	0.0335	268
0	4301	0.033625	269
0	4317	0.03375	270
0	4333	0.033875	271
0	4349	0.034	272
0	4365	0.034125	273
0	4381	0.03425	274
0	4397	0.034375	275
0	4413	0.0345	276
0	4429	0.034625	277
0	4445	0.03475	278
0	4461	0.034875	279
0	4477	0.035	280
0	4493	0.035125	281
0	4509	0.03525	282
0	4525	0.035375	283
0	4541	0.0355	284
0	4557	0.035625	285
0	4573	0.03575	286
0	4589	0.035875	287
0	4605	0.036	288
0	4621	0.036125	289
0	4637	0.03625	290
0	4653	0.036375	291
0	4669	0.0365	292
0	4685	0.036625	293
0	4701	0.03675	294
0	4717	0.036875	295
0	4733	0.037	296
0	4749	0.037125	297
0	4769	0.03725	298
0	4785	0.037375	299
0	4801	0.0375	300
0	4817	0.037625	301
0	4833	0.03775	302
0	4849	0.037875	303
0	4865	0.038	304
0	4881	0.038125	305
0	4897	0.03825	306
0	4913	0.038375	307
0	4929	0.0385	308
0	4945	0.038625	309
0	4961	0.03875	310
0	4977	0.038875	311
0	4993	0.039	312
0	5009	0.039125	313
0	5025	0.03925	314
0	5041	0.039375	315
0	5057	0.0395	316
0	5073	0.039625	317
0	5089	0.03975	318
0	5105	0.039875	319
0	5121	0.04	320
0	5137	0.040125	321
0	5153	0.04025	322
0	5169	0.040375	323
0	5185	0.0405	324
0	5201	0.040625	325
0	5217	0.04075	326
0	5233	0.040875	327
0	5249	0.041	328
0	5265	0.041125	329
0	5281	0.04125	330
0	5297	0.041375	331
0	5313	0.0415	332
0	5329	0.041625	333
0	5345	0.04175	334
0	5361	0.041875	335
0	5377	0.042	336
0	5393	0.042125	337
0	5409	0.04225	338
0	5425	0.042375	339
0	5441	0.0425	340
0	5457	0.042625	341
0	5473	0.04275	342
0	5489	0.042875	343
0	5505	0.043	344
0	5521	0.043125	345
0	5537	0.04325	346
0	5553	0.043375	347
0	5569	0.0435	348
0	5585	0.043625	349
0	5601	0.04375	350
0	5617	0.043875	351
0	5633	0.044	352
0	5649	0.044125	353
0	5665	0.04425	354
0	5681	0.044375	355
0	5697	0.0445	356
0	5713	0.044625	357
0	5729	0.04475	358
0	5745	0.044875	359
0	5761	0.045	360
0	5777	0.045125	361
0	5793	0.04525	362
0	5809	0.045375	363
0	5825	0.0455	364
0	5841	0.045625	365
0	5857	0.04575	366
0	5873	0.045875	367
0	5889	0.046	368
0	5905	0.046125	369
0	5921	0.04625	370
0	5937	0.046375	371
0	5953	0.0465	372
0	5969	0.046625	373
0	5985	0.04675	374
0	6001	0.046875	375
0	6017	0.047	376
0	6033	0.047125	377
0	6049	0.04725	378
0	6065	0.047375	379
0	6081	0.0475	380
0	6097	0.047625	381
0	6113	0.04775	382
0	6129	0.047875	383
0	6145	0.048	384
0	6161	0.048125	385
0	6177	0.04825	386
0	6193	0.048375	387
0	6209	0.0485	388
0	6225	0.048625	389
0	6241	0.04875	390
0	6257	0.048875	391
0	6273	0.049	392
0	6289	0.049125	393
0	6305	0.04925	394
0	6321	0.049375	395
0	6337	0.0495	396
0	6353	0.049625	397
0	6369	0.04975	398
0	6385	0.049875	399
0	6401	0.05	400
0	6417	0.050125	401
0	6433	0.05025	402
0	6449	0.050375	403
0	6465	0.0505	404
0	6481	0.050625	405
0	6497	0.05075	406
0	6513	0.050875	407
0	6529	0.051	408
0	6545	0.051125	409
0	6561	0.05125	410
0	6577	0.051375	411
0	6593	0.0515	412
0	6609	0.051625	413
0	6625	0.05175	414
0	6641	0.051875	415
0	6657	0.052	416
0	6673	0.052125	417
0	6689	0.05225	418
0	6705	0.052375	419
0	6721	0.0525	420
0	6737	0.052625	421
0	6753	0.05275	422
0	6769	0.052875	423
0	6785	0.053	424
0	6801	0.053125	425
0	6817	0.05325	426
0	6833	0.053375	427
0	6849	0.0535	428
0	6865	0.053625	429
0	6881	0.05375	430
0	6897	0.053875	431
0	6913	0.054	432
0	6929	0.054125	433
0	6945	0.05425	434
0	6961	0.054375	435
0	6977	0.0545	436
0	6993	0.054625	437
0	7009	0.05475	438
0	7025	0.054875	439
0	7041	0.055	440
0	7057	0.055125	441
0	7073	0.05525	442
0	7089	0.055375	443
0	7105	0.0555	444
0	7121	0.055625	445
0	7137	0.05575	446
0	7153	0.055875	447
0	7169	0.056	448
0	7185	0.056125	449
0	7201	0.05625	450
0	7217	0.056375	451
0	7233	0.0565	452
0	7249	0.056625	453
0	7265	0.05675	454
0	7281	0.056875	455
0	7297	0.057	456
0	7313	0.057125	457
0	7329	0.05725	458
0	7345	0.057375	459
0	7361	0.0575	460
0	7377	0.057625	461
0	7393	0.05775	462
0	7409	0.057875	463
0	7425	0.058	464
0	7441	0.058125	465
0	7457	0.05825	466
0	7473	0.058375	467
0	7489	0.0585	468
0	7505	0.058625	469
0	7521	0.05875	470
0	7537	0.058875	471
0	7553	0.059	472
0	7569	0.059125	473
0	7585	0.05925	474
0	7601	0.059375	475
0	7617	0.0595	476
0	7633	0.059625	477
0	7649	0.05975	478
0	7665	0.059875	479
0	7681	0.06	480
0	7697	0.060125	481
0	7713	0.06025	482
0	7729	0.060375	483
0	7745	0.0605	484
0	7761	0.060625	485
0	7777	0.06075	486
0	7793	0.060875	487
0	7809	0.061	488
0	7825	0.061125	489
0	7841	0.06125	490
0	7857	0.061375	491
0	7873	0.0615	492
0	7889	0.061625	493
0	7905	0.06175	494
0	7921	0.061875	495
0	7937	0.062	496
0	7953	0.062125	497
0	7969	0.06225	498
0	7985	0.062375	499
0	8001	0.0625	500
0	8017	0.062625	501
0	8033	0.06275	502
0	8049	0.062875	503
0	8065	0.063	504
0	8081	0.063125	505
0	8097	0.06325	506
0	8113	0.063375	507
0	8129	0.0635	508
0	8145	0.063625	509
0	8161	0.06375	510
0	8177	0.063875	511
0	8193	0.064	512
0	8209	0.064125	513
0	8225	0.06425	514
0	8241	0.064375	515
0	8257	0.0645	516
0	8273	0.064625	517
0	8289	0.06475	518
0	8305	0.064875	519
0	8321	0.065	520
0	8337	0.065125	521
0	8353	0.06525	522
0	8369	0.065375	523
0	8385	0.0655	524
0	8401	0.065625	525
0	8417	0.06575	526
0	8433	0.065875	527
0	8449	0.066	528
0	8465	0.066125	529
0	8481	0.06625	530
0	8497	0.066375	531
0	8513	0.0665	532
0	8529	0.066625	533
0	8545	0.06675	534
0	8561	0.066875	535
0	8577	0.067	536
0	8593	0.067125	537
0	8609	0.06725	538
0	8625	0.067375	539
0	8641	0.0675	540
0	8657	0.067625	541
0	8673	0.06775	542
0	8689	0.067875	543
0	8705	0.068	544
0	8721	0.068125	545
0	8737	0.06825	546
0	8753	0.068375	547
0	8769	0.0685	548
0	8785	0.068625	549
0	8801	0.06875	550
0	8817	0.068875	551
0	8833	0.069	552
0	8849	0.069125	553
0	8865	0.06925	554
0	8881	0.069375	555
0	8897	0.0695	556
0	8913	0.069625	557
0	8929	0.06975	558
0	8945	0.069875	559
0	8961	0.07	560
0	8977	0.070125	561
0	8993	0.07025	562
0	9009	0.070375	563
0	9025	0.0705	564
0	9041	0.070625	565
0	9057	0.07075	566
0	9073	0.070875	567
0	9089	0.071	568
0	9105	0.071125	569
0	9121	0.07125	570
0	9137	0.071375	571
0	9153	0.0715	572
0	9169	0.071625	573
0	9185	0.07175	574
0	9201	0.071875	575
0	9217	0.072	576
0	9233	0.072125	577
0	9249	0.07225	578
0	9265	0.072375	579
0	9281	0.0725	580
0	9297	0.072625	581
0	9313	0.07275	582
0	9329	0.072875	583
0	9345	0.073	584
0	9361	0.073125	585
0	9377	0.07325	586
0	9393	0.073375	587
0	9409	0.0735	588
0	9425	0.073625	589
0	9441	0.07375	590
0	9457	0.073875	591
0	9473	0.074	592
0	9489	0.074125	593
0	9505	0.07425	594
0	9525	0.074375	595
0	9541	0.0745	596
0	9557	0.074625	597
0	9573	0.07475	598
0	9589	0.074875	599
0	9605	0.075	600
0	9621	0.075125	601
0	9637	0.07525	602
0	9653	0.075375	603
0	9669	0.0755	604
0	9685	0.075625	605
0	9701	0.07575	606
0	9717	0.075875	607
0	9733	0.076	608
0	9749	0.076125	609
0	9765	0.07625	610
0	9781	0.076375	611
0	9797	0.0765	612
0	9813	0.076625	613
0	9829	0.07675	614
0	9845	0.076875	615
0	9861	0.077	616
0	9877	0.077125	617
0	9893	0.07725	618
0	9909	0.077375	619
0	9925	0.0775	620
0	9941	0.077625	621
0	9957	0.07775	622
0	9973	0.077875	623
0	9989	0.078	624
0	10005	0.078125	625
0	10021	0.07825	626
0	10037	0.078375	627
0	10053	0.0785	628
0	10069	0.078625	629
0	10085	0.07875	630
0	10101	0.078875	631
0	10117	0.079	632
0	10133	0.079125	633
0	10149	0.07925	634
0	10165	0.079375	635
0	10181	0.0795	636
0	10197	0.079625	637
0	10213	0.07975	638
0	10229	0.079875	639
0	10245	0.08	640
0	10261	0.080125	641
0	10277	0.08025	642
0	10293	0.080375	643
0	10309	0.0805	644
0	10325	0.080625	645
0	10341	0.08075	646
0	10357	0.080875	647
0	10373	0.081	648
0	10389	0.081125	649
0	10405	0.08125	650
0	10421	0.081375	651
0	10437	0.0815	652
0	10453	0.081625	653
0	10469	0.08175	654
0	10485	0.081875	655
0	10501	0.082	656
0	10517	0.082125	657
0	10533	0.08225	658
0	10549	0.082375	659
0	10565	0.0825	660
0	10581	0.082625	661
0	10597	0.08275	662
0	10613	0.082875	663
0	10629	0.083	664
0	10645	0.083125	665
0	10661	0.08325	666
0	10677	0.083375	667
0	10693	0.0835	668
0	10709	0.083625	669
0	10725	0.08375	670
0	10741	0.083875	671
0	10757	0.084	672
0	10773	0.084125	673
0	10789	0.08425	674
0	10805	0.084375	675
0	10821	0.0845	676
0	10837	0.084625	677
0	10853	0.08475	678
0	10869	0.084875	679
0	10885	0.085	680
0	10901	0.085125	681
0	10917	0.08525	682
0	10933	0.085375	683
0	10949	0.0855	684
0	10965	0.085625	685
0	10981	0.08575	686
0	10997	0.085875	687
0	11013	0.086	688
0	11029	0.086125	689
0	11045	0.08625	690
0	11061	0.086375	691
0	11077	0.0865	692
0	11093	0.086625	693
0	11109	0.08675	694
0	11125	0.086875	695
0	11141	0.087	696
0	11157	0.087125	697
0	11173	0.08725	698
0	11189	0.087375	699
0	11205	0.0875	700
0	11221	0.087625	701
0	11237	0.08775	702
0	11253	0.087875	703
0	11269	0.088	704
0	11285	0.088125	705
0	11301	0.08825	706
0	11317	0.088375	707
0	11333	0.0885	708
0	11349	0.088625	709
0	11365	0.08875	710
0	11381	0.088875	711
0	11397	0.089	712
0	11413	0.089125	713
0	11429	0.08925	714
0	11445	0.089375	715
0	11461	0.0895	716
0	11477	0.089625	717
0	11493	0.08975	718
0	11509	0.089875	719
0	11525	0.09	720
0	11541	0.090125	721
0	11557	0.09025	722
0	11573	0.090375	723
0	11589	0.0905	724
0	11605	0.090625	725
0	11621	0.09075	726
0	11637	0.090875	727
0	11653	0.091	728
0	11669	0.091125	729
0	11685	0.09125	730
0	11701	0.091375	731
0	11717	0.0915	732
0	11733	0.091625	733
0	11749	0.09175	734
0	11765	0.091875	735
0	11781	0.092	736
0	11797	0.092125	737
0	11813	0.09225	738
0	11829	0.092375	739
0	11845	0.0925	740
0	11861	0.092625	741
0	11877	0.09275	742
0	11893	0.092875	743
0	11909	0.093	744
0	11925	0.093125	745
0	11941	0.09325	746
0	11957	0.093375	747
0	11973	0.0935	748
0	11989	0.093625	749
0	12005	0.09375	750
0	12021	0.093875	751
0	12037	0.094	752
0	12053	0.094125	753
0	12069	0.09425	754
0	12085	0.094375	755
0	12101	0.0945	756
0	12117	0.094625	757
0	12133	0.09475	758
0	12149	0.094875	759
0	12165	0.095	760
0	12181	0.095125	761
0	12197	0.09525	762
0	12213	0.095375	763
0	12229	0.0955	764
0	12245	0.095625	765
0	12261	0.09575	766
0	12277	0.095875	767
0	12293	0.096	768
0	12309	0.096125	769
0	12325	0.09625	770
0	12341	0.096375	771
0	12357	0.0965	772
0	12373	0.096625	773
0	12389	0.09675	774
0	12405	0.096875	775
0	12421	0.097	776
0	12437	0.097125	777
0	12453	0.09725	778
0	12469	0.097375	779
0	12485	0.0975	780
0	12501	0.097625	781
0	12517	0.09775	782
0	12533	0.097875	783
0	12549	0.098	784
0	12565	0.098125	785
0	12581	0.09825	786
0	12597	0.098375	787
0	12613	0.0985	788
0	12629	0.098625	789
0	12645	0.09875	790
0	12661	0.098875	791
0	12677	0.099	792
0	12693	0.099125	793
0	12709	0.09925	794
0	12725	0.099375	795
0	12741	0.0995	796
0	12757	0.099625	797
0	12773	0.09975	798
0	12789	0.099875	799
0	12805	0.1	800
0	12821	0.100125	801
0	12837	0.10025	802
0	12853	0.100375	803
0	12869	0.1005	804
0	12885	0.100625	805
0	12901	0.10075	806
0	12917	0.100875	807
0	12933	0.101	808
0	12949	0.101125	809
0	12965	0.10125	810
0	12981	0.101375	811
0	12997	0.1015	812
0	13013	0.101625	813
0	13029	0.10175	814
0	13045	0.101875	815
0	13061	0.102	816
0	13077	0.102125	817
0	13093	0.10225	818
0	13109	0.102375	819
0	13125	0.1025	820
0	13141	0.102625	821
0	13157	0.10275	822
0	13173	0.102875	823
0	13189	0.103	824
0	13205	0.103125	825
0	13221	0.10325	826
0	13237	0.103375	827
0	13253	0.1035	828
0	13269	0.103625	829
0	13285	0.10375	830
0	13301	0.103875	831
0	13317	0.104	832
0	13333	0.104125	833
0	13349	0.10425	834
0	13365	0.104375	835
0	13381	0.1045	836
0	13397	0.104625	837
0	13413	0.10475	838
0	13429	0.104875	839
0	13445	0.105	840
0	13461	0.105125	841
0	13477	0.10525	842
0	13493	0.105375	843
0	13509	0.1055	844
0	13525	0.105625	845
0	13541	0.10575	846
0	13557	0.105875	847
0	13573	0.106	848
0	13589	0.106125	849
0	13605	0.10625	850
0	13621	0.106375	851
0	13637	0.1065	852
0	13653	0.106625	853
0	13669	0.10675	854
0	13685	0.106875	855
0	13701	0.107	856
0	13717	0.107125	857
0	13733	0.10725	858
0	13749	0.107375	859
0	13765	0.1075	860
0	13781	0.107625	861
0	13797	0.10775	862
0	13813	0.107875	863
0	13829	0.108	864
0	13845	0.108125	865
0	13861	0.10825	866
0	13877	0.108375	867
0	13893	0.1085	868
0	13909	0.108625	869
0	13925	0.10875	870
0	13941	0.108875	871
0	13957	0.109	872
0	13973	0.109125	873
0	13989	0.10925	874
0	14005	0.109375	875
0	14021	0.1095	876
0	14037	0.109625	877
0	14053	0.10975	878
0	14069	0.109875	879
0	14085	0.11	880
0	14101	0.110125	881
0	14117	0.11025	882
0	14133	0.110375	883
0	14149	0.1105	884
0	14165	0.110625	885
0	14181	0.11075	886
0	14197	0.110875	887
0	14213	0.111	888
0	14229	0.111125	889
0	14245	0.11125	890
0	14261	0.111375	891
0	14281	0.1115	892
0	14297	0.111625	893
0	14313	0.11175	894
0	14329	0.111875	895
0	14345	0.112	896
0	14361	0.112125	897
0	14377	0.11225	898
0	14393	0.112375	899
0	14409	0.1125	900
0	14425	0.112625	901
0	14441	0.11275	902
0	14457	0.112875	903
0	14473	0.113	904
0	14489	0.113125	905
0	14505	0.11325	906
0	14521	0.113375	907
0	14537	0.1135	908
0	14553	0.113625	909
0	14569	0.11375	910
0	14585	0.113875	911
0	14601	0.114	912
0	14617	0.114125	913
0	14633	0.11425	914
0	14649	0.114375	915
0	14665	0.1145	916
0	14681	0.114625	917
0	14697	0.11475	918
0	14713	0.114875	919
0	14729	0.115	920
0	14745	0.115125	921
0	14761	0.11525	922
0	14777	0.115375	923
0	14793	0.1155	924
0	14809	0.115625	925
0	14825	0.11575	926
0	14841	0.115875	927
0	14857	0.116	928
0	14873	0.116125	929
0	14889	0.11625	930
0	14905	0.116375	931
0	14921	0.1165	932
0	14937	0.116625	933
0	14953	0.11675	934
0	14969	0.116875	935
0	14985	0.117	936
0	15001	0.117125	937
0	15017	0.11725	938
0	15033	0.117375	939
0	15049	0.1175	940
0	15065	0.117625	941
0	15081	0.11775	942
0	15097	0.117875	943
0	15113	0.118	944
0	15129	0.118125	945
0	15145	0.11825	946
0	15161	0.118375	947
0	15177	0.1185	948
0	15193	0.118625	949
0	15209	0.11875	950
0	15225	0.118875	951
0	15241	0.119	952
0	15257	0.119125	953
0	15273	0.11925	954
0	15289	0.119375	955
0	15305	0.1195	956
0	15321	0.119625	957
0	15337	0.11975	958
0	15353	0.119875	959
0	15369	0.12	960
0	15385	0.120125	961
0	15401	0.12025	962
0	15417	0.120375	963
0	15433	0.1205	964
0	15449	0.120625	965
0	15465	0.12075	966
0	15481	0.120875	967
0	15497	0.121	968
0	15513	0.121125	969
0	15529	0.12125	970
0	15545	0.121375	971
0	15561	0.1215	972
0	15577	0.121625	973
0	15593	0.12175	974
0	15609	0.121875	975
0	15625	0.122	976
0	15641	0.122125	977
0	15657	0.12225	978
0	15673	0.122375	979
0	15689	0.1225	980
0	15705	0.122625	981
0	15721	0.12275	982
0	15737	0.122875	983
0	15753	0.123	984
0	15769	0.123125	985
0	15785	0.12325	986
0	15801	0.123375	987
0	15817	0.1235	988
0	15833	0.123625	989
0	15849	0.12375	990
0	15865	0.123875	991
0	15881	0.124	992
0	15897	0.124125	993
0	15913	0.12425	994
0	15929	0.124375	995
0	15945	0.1245	996
0	15961	0.124625	997
0	15977	0.12475	998
0	15993	0.124875	999
0	16009	0.125	1000
0	16025	0.125125	1001
0	16041	0.12525	1002
0	16057	0.125375	1003
0	16073	0.1255	1004
0	16089	0.125625	1005
0	16105	0.12575	1006
0	16121	0.125875	1007
0	16137	0.126	1008
0	16153	0.126125	1009
0	16169	0.12625	1010
0	16185	0.126375	1011
0	16201	0.1265	1012
0	16217	0.126625	1013
0	16233	0.12675	1014
0	16249	0.126875	1015
0	16265	0.127	1016
0	16281	0.127125	1017
0	16297	0.12725	1018
0	16313	0.127375	1019
0	16329	0.1275	1020
0	16345	0.127625	1021
0	16361	0.12775	1022
0	16377	0.127875	1023
0	16393	0.128	1024
0	16409	0.128125	1025
0	16425	0.12825	1026
0	16441	0.128375	1027
0	16457	0.1285	1028
0	16473	0.128625	1029
0	16489	0.12875	1030
0	16505	0.128875	1031
0	16521	0.129	1032
0	16537	0.129125	1033
0	16553	0.12925	1034
0	16569	0.129375	1035
0	16585	0.1295	1036
0	16601	0.129625	1037
0	16617	0.12975	1038
0	16633	0.129875	1039
0	16649	0.13	1040
0	16665	0.130125	1041
0	16681	0.13025	1042
0	16697	0.130375	1043
0	16713	0.1305	1044
0	16729	0.130625	1045
0	16745	0.13075	1046
0	16761	0.130875	1047
0	16777	0.131	1048
0	16793	0.131125	1049
0	16809	0.13125	1050
0	16825	0.131375	1051
0	16841	0.1315	1052
0	16857	0.131625	1053
0	16873	0.13175	1054
0	16889	0.131875	1055
0	16905	0.132	1056
0	16921	0.132125	1057
0	16937	0.13225	1058
0	16953	0.132375	1059
0	16969	0.1325	1060
0	16985	0.132625	1061
0	17001	0.13275	1062
0	17017	0.132875	1063
0	17033	0.133	1064
0	17049	0.133125	1065
0	17065	0.13325	1066
0	17081	0.133375	1067
0	17097	0.1335	1068
0	17113	0.133625	1069
0	17129	0.13375	1070
0	17145	0.133875	1071
0	17161	0.134	1072
0	17177	0.134125	1073
0	17193	0.13425	1074
0	17209	0.134375	1075
0	17225	0.1345	1076
0	17241	0.134625	1077
0	17257	0.13475	1078
0	17273	0.134875	1079
0	17289	0.135	1080
0	17305	0.135125	1081
0	17321	0.13525	1082
0	17337	0.135375	1083
0	17353	0.1355	1084
0	17369	0.135625	1085
0	17385	0.13575	1086
0	17401	0.135875	1087
0	17417	0.136	1088
0	17433	0.136125	1089
0	17449	0.13625	1090
0	17465	0.136375	1091
0	17481	0.1365	1092
0	17497	0.136625	1093
0	17513	0.13675	1094
0	17529	0.136875	1095
0	17545	0.137	1096
0	17561	0.137125	1097
0	17577	0.13725	1098
0	17593	0.137375	1099
0	17609	0.1375	1100
0	17625	0.137625	1101
0	17641	0.13775	1102
0	17657	0.137875	1103
0	17673	0.138	1104
0	17689	0.138125	1105
0	17705	0.13825	1106
0	17721	0.138375	1107
0	17737	0.1385	1108
0	17753	0.138625	1109
0	17769	0.13875	1110
0	17785	0.138875	1111
0	17801	0.139	1112
0	17817	0.139125	1113
0	17833	0.13925	1114
0	17849	0.139375	1115
0	17865	0.1395	1116
0	17881	0.139625	1117
0	17897	0.13975	1118
0	17913	0.139875	1119
0	17929	0.14	1120
0	17945	0.140125	1121
0	17961	0.14025	1122
0	17977	0.140375	1123
0	17993	0.1405	1124
0	18009	0.140625	1125
0	18025	0.14075	1126
0	18041	0.140875	1127
0	18057	0.141	1128
0	18073	0.141125	1129
0	18089	0.14125	1130
0	18105	0.141375	1131
0	18121	0.1415	1132
0	18137	0.141625	1133
0	18153	0.14175	1134
0	18169	0.141875	1135
0	18185	0.142	1136
0	18201	0.142125	1137
0	18217	0.14225	1138
0	18233	0.142375	1139
0	18249	0.1425	1140
0	18265	0.142625	1141
0	18281	0.14275	1142
0	18297	0.142875	1143
0	18313	0.143	1144
0	18329	0.143125	1145
0	18345	0.14325	1146
0	18361	0.143375	1147
0	18377	0.1435	1148
0	18393	0.143625	1149
0	18409	0.14375	1150
0	18425	0.143875	1151
0	18441	0.144	1152
0	18457	0.144125	1153
0	18473	0.14425	1154
0	18489	0.144375	1155
0	18505	0.1445	1156
0	18521	0.144625	1157
0	18537	0.14475	1158
0	18553	0.144875	1159
0	18569	0.145	1160
0	18585	0.145125	1161
0	18601	0.14525	1162
0	18617	0.145375	1163
0	18633	0.1455	1164
0	18649	0.145625	1165
0	18665	0.14575	1166
0	18681	0.145875	1167
0	18697	0.146	1168
0	18713	0.146125	1169
0	18729	0.14625	1170
0	18745	0.146375	1171
0	18761	0.1465	1172
0	18777	0.146625	1173
0	18793	0.14675	1174
0	18809	0.146875	1175
0	18825	0.147	1176
0	18841	0.147125	1177
0	18857	0.14725	1178
0	18873	0.147375	1179
0	18889	0.1475	1180
0	18905	0.147625	1181
0	18921	0.14775	1182
0	18937	0.147875	1183
0	18953	0.148	1184
0	18969	0.148125	1185
0	18985	0.14825	1186
0	19001	0.148375	1187
0	19017	0.1485	1188
0	19033	0.148625	1189
0	19053	0.14875	1190
0	19069	0.148875	1191
0	19085	0.149	1192
0	19101	0.149125	1193
0	19117	0.14925	1194
0	19133	0.149375	1195
0	19149	0.1495	1196
0	19165	0.149625	1197
0	19181	0.14975	1198
0	19197	0.149875	1199
0	19213	0.15	1200
0	19229	0.150125	1201
0	19245	0.15025	1202
0	19261	0.150375	1203
0	19277	0.1505	1204
0	19293	0.150625	1205
0	19309	0.15075	1206
0	19325	0.150875	1207
0	19341	0.151	1208
0	19357	0.151125	1209
0	19373	0.15125	1210
0	19389	0.151375	1211
0	19405	0.1515	1212
0	19421	0.151625	1213
0	19437	0.15175	1214
0	19453	0.151875	1215
0	19469	0.152	1216
0	19485	0.152125	1217
0	19501	0.15225	1218
0	19517	0.152375	1219
0	19533	0.1525	1220
0	19549	0.152625	1221
0	19565	0.15275	1222
0	19581	0.152875	1223
0	19597	0.153	1224
0	19613	0.153125	1225
0	19629	0.15325	1226
0	19645	0.153375	1227
0	19661	0.1535	1228
0	19677	0.153625	1229
0	19693	0.15375	1230
0	19709	0.153875	1231
0	19725	0.154	1232
0	19741	0.154125	1233
0	19757	0.15425	1234
0	19773	0.154375	1235
0	19789	0.1545	1236
0	19805	0.154625	1237
0	19821	0.15475	1238
0	19837	0.154875	1239
0	19853	0.155	1240
0	19869	0.155125	1241
0	19885	0.15525	1242
0	19901	0.155375	1243
0	19917	0.1555	1244
0	19933	0.155625	1245
0	19949	0.15575	1246
0	19965	0.155875	1247
0	19981	0.156	1248
0	19997	0.156125	1249
0	20013	0.15625	1250
0	20029	0.156375	1251
0	20045	0.1565	1252
0	20061	0.156625	1253
0	20077	0.15675	1254
0	20093	0.156875	1255
0	20109	0.157	1256
0	20125	0.157125	1257
0	20141	0.15725	1258
0	20157	0.157375	1259
0	20173	0.1575	1260
0	20189	0.157625	1261
0	20205	0.15775	1262
0	20221	0.157875	1263
0	20237	0.158	1264
0	20253	0.158125	1265
0	20269	0.15825	1266
0	20285	0.158375	1267
0	20301	0.1585	1268
0	20317	0.158625	1269
0	20333	0.15875	1270
0	20349	0.158875	1271
0	20365	0.159	1272
0	20381	0.159125	1273
0	20397	0.15925	1274
0	20413	0.159375	1275
0	20429	0.1595	1276
0	20445	0.159625	1277
0	20461	0.15975	1278
0	20477	0.159875	1279
0	20493	0.16	1280
0	20509	0.160125	1281
0	20525	0.16025	1282
0	20541	0.160375	1283
0	20557	0.1605	1284
0	20573	0.160625	1285
0	20589	0.16075	1286
0	20605	0.160875	1287
0	20621	0.161	1288
0	20637	0.161125	1289
0	20653	0.16125	1290
0	20669	0.161375	1291
0	20685	0.1615	1292
0	20701	0.161625	1293
0	20717	0.16175	1294
0	20733	0.161875	1295
0	20749	0.162	1296
0	20765	0.162125	1297
0	20781	0.16225	1298
0	20797	0.162375	1299
0	20813	0.1625	1300
0	20829	0.162625	1301
0	20845	0.16275	1302
0	20861	0.162875	1303
0	20877	0.163	1304
0	20893	0.163125	1305
0	20909	0.16325	1306
0	20925	0.163375	1307
0	20941	0.1635	1308
0	20957	0.163625	1309
0	20973	0.16375	1310
0	20989	0.163875	1311
0	21005	0.164	1312
0	21021	0.164125	1313
0	21037	0.16425	1314
0	21053	0.164375	1315
0	21069	0.1645	1316
0	21085	0.164625	1317
0	21101	0.16475	1318
0	21117	0.164875	1319
0	21133	0.165	1320
0	21149	0.165125	1321
0	21165	0.16525	1322
0	21181	0.165375	1323
0	21197	0.1655	1324
0	21213	0.165625	1325
0	21229	0.16575	1326
0	21245	0.165875	1327
0	21261	0.166	1328
0	21277	0.166125	1329
0	21293	0.16625	1330
0	21309	0.166375	1331
0	21325	0.1665	1332
0	21341	0.166625	1333
0	21357	0.16675	1334
0	21373	0.166875	1335
0	21389	0.167	1336
0	21405	0.167125	1337
0	21421	0.16725	1338
0	21437	0.167375	1339
0	21453	0.1675	1340
0	21469	0.167625	1341
0	21485	0.16775	1342
0	21501	0.167875	1343
0	21517	0.168	1344
0	21533	0.168125	1345
0	21549	0.16825	1346
0	21565	0.168375	1347
0	21581	0.1685	1348
0	21597	0.168625	1349
0	21613	0.16875	1350
0	21629	0.168875	1351
0	21645	0.169	1352
0	21661	0.169125	1353
0	21677	0.16925	1354
0	21693	0.169375	1355
0	21709	0.1695	1356
0	21725	0.169625	1357
0	21741	0.16975	1358
0	21757	0.169875	1359
0	21773	0.17	1360
0	21789	0.170125	1361
0	21805	0.17025	1362
0	21821	0.170375	1363
0	21837	0.1705	1364
0	21853	0.170625	1365
0	21869	0.17075	1366
0	21885	0.170875	1367
0	21901	0.171	1368
0	21917	0.171125	1369
0	21933	0.17125	1370
0	21949	0.171375	1371
0	21965	0.1715	1372
0	21981	0.171625	1373
0	21997	0.17175	1374
0	22013	0.171875	1375
0	22029	0.172	1376
0	22045	0.172125	1377
0	22061	0.17225	1378
0	22077	0.172375	1379
0	22093	0.1725	1380
0	22109	0.172625	1381
0	22125	0.17275	1382
0	22141	0.172875	1383
0	22157	0.173	1384
0	22173	0.173125	1385
0	22189	0.17325	1386
0	22205	0.173375	1387
0	22221	0.1735	1388
0	22237	0.173625	1389
0	22253	0.17375	1390
0	22269	0.173875	1391
0	22285	0.174	1392
0	22301	0.174125	1393
0	22317	0.17425	1394
0	22333	0.174375	1395
0	22349	0.1745	1396
0	22365	0.174625	1397
0	22381	0.17475	1398
0	22397	0.174875	1399
0	22413	0.175	1400
0	22429	0.175125	1401
0	22445	0.17525	1402
0	22461	0.175375	1403
0	22477	0.1755	1404
0	22493	0.175625	1405
0	22509	0.17575	1406
0	22525	0.175875	1407
0	22541	0.176	1408
0	22557	0.176125	1409
0	22573	0.17625	1410
0	22589	0.176375	1411
0	22605	0.1765	1412
0	22621	0.176625	1413
0	22637	0.17675	1414
0	22653	0.176875	1415
0	22669	0.177	1416
0	22685	0.177125	1417
0	22701	0.17725	1418
0	22717	0.177375	1419
0	22733	0.1775	1420
0	22749	0.177625	1421
0	22765	0.17775	1422
0	22781	0.177875	1423
0	22797	0.178	1424
0	22813	0.178125	1425
0	22829	0.17825	1426
0	22845	0.178375	1427
0	22861	0.1785	1428
0	22877	0.178625	1429
0	22893	0.17875	1430
0	22909	0.178875	1431
0	22925	0.179	1432
0	22941	0.179125	1433
0	22957	0.17925	1434
0	22973	0.179375	1435
0	22989	0.1795	1436
0	23005	0.179625	1437
0	23021	0.17975	1438
0	23037	0.179875	1439
0	23053	0.18	1440
0	23069	0.180125	1441
0	23085	0.18025	1442
0	23101	0.180375	1443
0	23117	0.1805	1444
0	23133	0.180625	1445
0	23149	0.18075	1446
0	23165	0.180875	1447
0	23181	0.181	1448
0	23197	0.181125	1449
0	23213	0.18125	1450
0	23229	0.181375	1451
0	23245	0.1815	1452
0	23261	0.181625	1453
0	23277	0.18175	1454
0	23293	0.181875	1455
0	23309	0.182	1456
0	23325	0.182125	1457
0	23341	0.18225	1458
0	23357	0.182375	1459
0	23373	0.1825	1460
0	23389	0.182625	1461
0	23405	0.18275	1462
0	23421	0.182875	1463
0	23437	0.183	1464
0	23453	0.183125	1465
0	23469	0.18325	1466
0	23485	0.183375	1467
0	23501	0.1835	1468
0	23517	0.183625	1469
0	23533	0.18375	1470
0	23549	0.183875	1471
0	23565	0.184	1472
0	23581	0.184125	1473
0	23597	0.18425	1474
0	23613	0.184375	1475
0	23629	0.1845	1476
0	23645	0.184625	1477
0	23661	0.18475	1478
0	23677	0.184875	1479
0	23693	0.185	1480
0	23709	0.185125	1481
0	23725	0.18525	1482
0	23741	0.185375	1483
0	23757	0.1855	1484
0	23773	0.185625	1485
0	23789	0.18575	1486
0	23809	0.185875	1487
0	23825	0.186	1488
0	23841	0.186125	1489
0	23857	0.18625	1490
0	23873	0.186375	1491
0	23889	0.1865	1492
0	23905	0.186625	1493
0	23921	0.18675	1494
0	23937	0.186875	1495
0	23953	0.187	1496
0	23969	0.187125	1497
0	23985	0.18725	1498
0	24001	0.187375	1499
0	24017	0.1875	1500
0	24033	0.187625	1501
0	24049	0.18775	1502
0	24065	0.187875	1503
0	24081	0.188	1504
0	24097	0.188125	1505
0	24113	0.18825	1506
0	24129	0.188375	1507
0	24145	0.1885	1508
0	24161	0.188625	1509
0	24177	0.18875	1510
0	24193	0.188875	1511
0	24209	0.189	1512
0	24225	0.189125	1513
0	24241	0.18925	1514
0	24257	0.189375	1515
0	24273	0.1895	1516
0	24289	0.189625	1517
0	24305	0.18975	1518
0	24321	0.189875	1519
0	24337	0.19	1520
0	24353	0.190125	1521
0	24369	0.19025	1522
0	24385	0.190375	1523
0	24401	0.1905	1524
0	24417	0.190625	1525
0	24433	0.19075	1526
0	24449	0.190875	1527
0	24465	0.191	1528
0	24481	0.191125	1529
0	24497	0.19125	1530
0	24513	0.191375	1531
0	24529	0.1915	1532
0	24545	0.191625	1533
0	24561	0.19175	1534
0	24577	0.191875	1535
0	24593	0.192	1536
0	24609	0.192125	1537
0	24625	0.19225	1538
0	24641	0.192375	1539
0	24657	0.1925	1540
0	24673	0.192625	1541
0	24689	0.19275	1542
0	24705	0.192875	1543
0	24721	0.193	1544
0	24737	0.193125	1545
0	24753	0.19325	1546
0	24769	0.193375	1547
0	24785	0.1935	1548
0	24801	0.193625	1549
0	24817	0.19375	1550
0	24833	0.193875	1551
0	24849	0.194	1552
0	24865	0.194125	1553
0	24881	0.19425	1554
0	24897	0.194375	1555
0	24913	0.1945	1556
0	24929	0.194625	1557
0	24945	0.19475	1558
0	24961	0.194875	1559
0	24977	0.195	1560
0	24993	0.195125	1561
0	25009	0.19525	1562
0	25025	0.195375	1563
0	25041	0.1955	1564
0	25057	0.195625	1565
0	25073	0.19575	1566
0	25089	0.195875	1567
0	25105	0.196	1568
0	25121	0.196125	1569
0	25137	0.19625	1570
0	25153	0.196375	1571
0	25169	0.1965	1572
0	25185	0.196625	1573
0	25201	0.19675	1574
0	25217	0.196875	1575
0	25233	0.197	1576
0	25249	0.197125	1577
0	25265	0.19725	1578
0	25281	0.197375	1579
0	25297	0.1975	1580
0	25313	0.197625	1581
0	25329	0.19775	1582
0	25345	0.197875	1583
0	25361	0.198	1584
0	25377	0.198125	1585
0	25393	0.19825	1586
0	25409	0.198375	1587
0	25425	0.1985	1588
0	25441	0.198625	1589
0	25457	0.19875	1590
0	25473	0.198875	1591
0	25489	0.199	1592
0	25505	0.199125	1593
0	25521	0.19925	1594
0	25537	0.199375	1595
0	25553	0.1995	1596
0	25569	0.199625	1597
0	25585	0.19975	1598
0	25601	0.199875	1599
0	25617	0.2	1600
0	25633	0.200125	1601
0	25649	0.20025	1602
0	25665	0.200375	1603
0	25681	0.2005	1604
0	25697	0.200625	1605
0	25713	0.20075	1606
0	25729	0.200875	1607
0	25745	0.201	1608
0	25761	0.201125	1609
0	25777	0.20125	1610
0	25793	0.201375	1611
0	25809	0.2015	1612
0	25825	0.201625	1613
0	25841	0.20175	1614
0	25857	0.201875	1615
0	25873	0.202	1616
0	25889	0.202125	1617
0	25905	0.20225	1618
0	25921	0.202375	1619
0	25937	0.2025	1620
0	25953	0.202625	1621
0	25969	0.20275	1622
0	25985	0.202875	1623
0	26001	0.203	1624
0	26017	0.203125	1625
0	26033	0.20325	1626
0	26049	0.203375	1627
0	26065	0.2035	1628
0	26081	0.203625	1629
0	26097	0.20375	1630
0	26113	0.203875	1631
0	26129	0.204	1632
0	26145	0.204125	1633
0	26161	0.20425	1634
0	26177	0.204375	1635
0	26193	0.2045	1636
0	26209	0.204625	1637
0	26225	0.20475	1638
0	26241	0.204875	1639
0	26257	0.205	1640
0	26273	0.205125	1641
0	26289	0.20525	1642
0	26305	0.205375	1643
0	26321	0.2055	1644
0	26337	0.205625	1645
0	26353	0.20575	1646
0	26369	0.205875	1647
0	26385	0.206	1648
0	26401	0.206125	1649
0	26417	0.20625	1650
0	26433	0.206375	1651
0	26449	0.2065	1652
0	26465	0.206625	1653
0	26481	0.20675	1654
0	26497	0.206875	1655
0	26513	0.207	1656
0	26529	0.207125	1657
0	26545	0.20725	1658
0	26561	0.207375	1659
0	26577	0.2075	1660
0	26593	0.207625	1661
0	26609	0.20775	1662
0	26625	0.207875	1663
0	26641	0.208	1664
0	26657	0.208125	1665
0	26673	0.20825	1666
0	26689	0.208375	1667
0	26705	0.2085	1668
0	26721	0.208625	1669
0	26737	0.20875	1670
0	26753	0.208875	1671
0	26769	0.209	1672
0	26785	0.209125	1673
0	26801	0.20925	1674
0	26817	0.209375	1675
0	26833	0.2095	1676
0	26849	0.209625	1677
0	26865	0.20975	1678
0	26881	0.209875	1679
0	26897	0.21	1680
0	26913	0.210125	1681
0	26929	0.21025	1682
0	26945	0.210375	1683
0	26961	0.2105	1684
0	26977	0.210625	1685
0	26993	0.21075	1686
0	27009	0.210875	1687
0	27025	0.211	1688
0	27041	0.211125	1689
0	27057	0.21125	1690
0	27073	0.211375	1691
0	27089	0.2115	1692
0	27105	0.211625	1693
0	27121	0.21175	1694
0	27137	0.211875	1695
0	27153	0.212	1696
0	27169	0.212125	1697
0	27185	0.21225	1698
0	27201	0.212375	1699
0	27217	0.2125	1700
0	27233	0.212625	1701
0	27249	0.21275	1702
0	27265	0.212875	1703
0	27281	0.213	1704
0	27297	0.213125	1705
0	27313	0.21325	1706
0	27329	0.213375	1707
0	27345	0.2135	1708
0	27361	0.213625	1709
0	27377	0.21375	1710
0	27393	0.213875	1711
0	27409	0.214	1712
0	27425	0.214125	1713
0	27441	0.21425	1714
0	27457	0.214375	1715
0	27473	0.2145	1716
0	27489	0.214625	1717
0	27505	0.21475	1718
0	27521	0.214875	1719
0	27537	0.215	1720
0	27553	0.215125	1721
0	27569	0.21525	1722
0	27585	0.215375	1723
0	27601	0.2155	1724
0	27617	0.215625	1725
0	27633	0.21575	1726
0	27649	0.215875	1727
0	27665	0.216	1728
0	27681	0.216125	1729
0	27697	0.21625	1730
0	27713	0.216375	1731
0	27729	0.2165	1732
0	27745	0.216625	1733
0	27761	0.21675	1734
0	27777	0.216875	1735
0	27793	0.217	1736
0	27809	0.217125	1737
0	27825	0.21725	1738
0	27841	0.217375	1739
0	27857	0.2175	1740
0	27873	0.217625	1741
0	27889	0.21775	1742
0	27905	0.217875	1743
0	27921	0.218	1744
0	27937	0.218125	1745
0	27953	0.21825	1746
0	27969	0.218375	1747
0	27985	0.2185	1748
0	28001	0.218625	1749
0	28017	0.21875	1750
0	28033	0.218875	1751
0	28049	0.219	1752
0	28065	0.219125	1753
0	28081	0.21925	1754
0	28097	0.219375	1755
0	28113	0.2195	1756
0	28129	0.219625	1757
0	28145	0.21975	1758
0	28161	0.219875	1759
0	28177	0.22	1760
0	28193	0.220125	1761
0	28209	0.22025	1762
0	28225	0.220375	1763
0	28241	0.2205	1764
0	28257	0.220625	1765
0	28273	0.22075	1766
0	28289	0.220875	1767
0	28305	0.221	1768
0	28321	0.221125	1769
0	28337	0.22125	1770
0	28353	0.221375	1771
0	28369	0.2215	1772
0	28385	0.221625	1773
0	28401	0.22175	1774
0	28417	0.221875	1775
0	28433	0.222	1776
0	28449	0.222125	1777
0	28465	0.22225	1778
0	28481	0.222375	1779
0	28497	0.2225	1780
0	28513	0.222625	1781
0	28529	0.22275	1782
0	28545	0.222875	1783
0	28565	0.223	1784
0	28581	0.223125	1785
0	28597	0.22325	1786
0	28613	0.223375	1787
0	28629	0.2235	1788
0	28645	0.223625	1789
0	28661	0.22375	1790
0	28677	0.223875	1791
0	28693	0.224	1792
0	28709	0.224125	1793
0	28725	0.22425	1794
0	28741	0.224375	1795
0	28757	0.2245	1796
0	28773	0.224625	1797
0	28789	0.22475	1798
0	28805	0.224875	1799
0	28821	0.225	1800
0	28837	0.225125	1801
0	28853	0.22525	1802
0	28869	0.225375	1803
0	28885	0.2255	1804
0	28901	0.225625	1805
0	28917	0.22575	1806
0	28933	0.225875	1807
0	28949	0.226	1808
0	28965	0.226125	1809
0	28981	0.22625	1810
0	28997	0.226375	1811
0	29013	0.2265	1812
0	29029	0.226625	1813
0	29045	0.22675	1814
0	29061	0.226875	1815
0	29077	0.227	1816
0	29093	0.227125	1817
0	29109	0.22725	1818
0	29125	0.227375	1819
0	29141	0.2275	1820
0	29157	0.227625	1821
0	29173	0.22775	1822
0	29189	0.227875	1823
0	29205	0.228	1824
0	29221	0.228125	1825
0	29237	0.22825	1826
0	29253	0.228375	1827
0	29269	0.2285	1828
0	29285	0.228625	1829
0	29301	0.22875	1830
0	29317	0.228875	1831
0	29333	0.229	1832
0	29349	0.229125	1833
0	29365	0.22925	1834
0	29381	0.229375	1835
0	29397	0.2295	1836
0	29413	0.229625	1837
0	29429	0.22975	1838
0	29445	0.229875	1839
0	29461	0.23	1840
0	29477	0.230125	1841
0	29493	0.23025	1842
0	29509	0.230375	1843
0	29525	0.2305	1844
0	29541	0.230625	1845
0	29557	0.23075	1846
0	29573	0.230875	1847
0	29589	0.231	1848
0	29605	0.231125	1849
0	29621	0.23125	1850
0	29637	0.231375	1851
0	29653	0.2315	1852
0	29669	0.231625	1853
0	29685	0.23175	1854
0	29701	0.231875	1855
0	29717	0.232	1856
0	29733	0.232125	1857
0	29749	0.23225	1858
0	29765	0.232375	1859
0	29781	0.2325	1860
0	29797	0.232625	1861
0	29813	0.23275	1862
0	29829	0.232875	1863
0	29845	0.233	1864
0	29861	0.233125	1865
0	29877	0.23325	1866
0	29893	0.233375	1867
0	29909	0.2335	1868
0	29925	0.233625	1869
0	29941	0.23375	1870
0	29957	0.233875	1871
0	29973	0.234	1872
0	29989	0.234125	1873
0	30005	0.23425	1874
0	30021	0.234375	1875
0	30037	0.2345	1876
0	30053	0.234625	1877
0	30069	0.23475	1878
0	30085	0.234875	1879
0	30101	0.235	1880
0	30117	0.235125	1881
0	30133	0.23525	1882
0	30149	0.235375	1883
0	30165	0.2355	1884
0	30181	0.235625	1885
0	30197	0.23575	1886
0	30213	0.235875	1887
0	30229	0.236	1888
0	30245	0.236125	1889
0	30261	0.23625	1890
0	30277	0.236375	1891
0	30293	0.2365	1892
0	30309	0.236625	1893
0	30325	0.23675	1894
0	30341	0.236875	1895
0	30357	0.237	1896
0	30373	0.237125	1897
0	30389	0.23725	1898
0	30405	0.237375	1899
0	30421	0.2375	1900
0	30437	0.237625	1901
0	30453	0.23775	1902
0	30469	0.237875	1903
0	30485	0.238	1904
0	30501	0.238125	1905
0	30517	0.23825	1906
0	30533	0.238375	1907
0	30549	0.2385	1908
0	30565	0.238625	1909
0	30581	0.23875	1910
0	30597	0.238875	1911
0	30613	0.239	1912
0	30629	0.239125	1913
0	30645	0.23925	1914
0	30661	0.239375	1915
0	30677	0.2395	1916
0	30693	0.239625	1917
0	30709	0.23975	1918
0	30725	0.239875	1919
0	30741	0.24	1920
0	30757	0.240125	1921
0	30773	0.24025	1922
0	30789	0.240375	1923
0	30805	0.2405	1924
0	30821	0.240625	1925
0	30837	0.24075	1926
0	30853	0.240875	1927
0	30869	0.241	1928
0	30885	0.241125	1929
0	30901	0.24125	1930
0	30917	0.241375	1931
0	30933	0.2415	1932
0	30949	0.241625	1933
0	30965	0.24175	1934
0	30981	0.241875	1935
0	30997	0.242	1936
0	31013	0.242125	1937
0	31029	0.24225	1938
0	31045	0.242375	1939
0	31061	0.2425	1940
0	31077	0.242625	1941
0	31093	0.24275	1942
0	31109	0.242875	1943
0	31125	0.243	1944
0	31141	0.243125	1945
0	31157	0.24325	1946
0	31173	0.243375	1947
0	31189	0.2435	1948
0	31205	0.243625	1949
0	31221	0.24375	1950
0	31237	0.243875	1951
0	31253	0.244	1952
0	31269	0.244125	1953
0	31285	0.24425	1954
0	31301	0.244375	1955
0	31317	0.2445	1956
0	31333	0.244625	1957
0	31349	0.24475	1958
0	31365	0.244875	1959
0	31381	0.245	1960
0	31397	0.245125	1961
0	31413	0.24525	1962
0	31429	0.245375	1963
0	31445	0.2455	1964
0	31461	0.245625	1965
0	31477	0.24575	1966
0	31493	0.245875	1967
0	31509	0.246	1968
0	31525	0.246125	1969
0	31541	0.24625	1970
0	31557	0.246375	1971
0	31573	0.2465	1972
0	31589	0.246625	1973
0	31605	0.24675	1974
0	31621	0.246875	1975
0	31637	0.247	1976
0	31653	0.247125	1977
0	31669	0.24725	1978
0	31685	0.247375	1979
0	31701	0.2475	1980
0	31717	0.247625	1981
0	31733	0.24775	1982
0	31749	0.247875	1983
0	31765	0.248	1984
0	31781	0.248125	1985
0	31797	0.24825	1986
0	31813	0.248375	1987
0	31829	0.2485	1988
0	31845	0.248625	1989
0	31861	0.24875	1990
0	31877	0.248875	1991
0	31893	0.249	1992
0	31909	0.249125	1993
0	31925	0.24925	1994
0	31941	0.249375	1995
0	31957	0.2495	1996
0	31973	0.249625	1997
0	31989	0.24975	1998
0	32005	0.249875	1999
0	32021	0.25	2000
0	32037	0.250125	2001
0	32053	0.25025	2002
0	32069	0.250375	2003
0	32085	0.2505	2004
0	32101	0.250625	2005
0	32117	0.25075	2006
0	32133	0.250875	2007
0	32149	0.251	2008
0	32165	0.251125	2009
0	32181	0.25125	2010
0	32197	0.251375	2011
0	32213	0.2515	2012
0	32229	0.251625	2013
0	32245	0.25175	2014
0	32261	0.251875	2015
0	32277	0.252	2016
0	32293	0.252125	2017
0	32309	0.25225	2018
0	32325	0.252375	2019
0	32341	0.2525	2020
0	32357	0.252625	2021
0	32373	0.25275	2022
0	32389	0.252875	2023
0	32405	0.253	2024
0	32421	0.253125	2025
0	32437	0.25325	2026
0	32453	0.253375	2027
0	32469	0.2535	2028
0	32485	0.253625	2029
0	32501	0.25375	2030
0	32517	0.253875	2031
0	32533	0.254	2032
0	32549	0.254125	2033
0	32565	0.25425	2034
0	32581	0.254375	2035
0	32597	0.2545	2036
0	32613	0.254625	2037
0	32629	0.25475	2038
0	32645	0.254875	2039
0	32661	0.255	2040
0	32677	0.255125	2041
0	32693	0.25525	2042
0	32709	0.255375	2043
0	32725	0.2555	2044
0	32741	0.255625	2045
0	32757	0.25575	2046
0	32773	0.255875	2047
0	32789	0.256	2048
0	32805	0.256125	2049
0	32821	0.25625	2050
0	32837	0.256375	2051
0	32853	0.2565	2052
0	32869	0.256625	2053
0	32885	0.25675	2054
0	32901	0.256875	2055
0	32917	0.257	2056
0	32933	0.257125	2057
0	32949	0.25725	2058
0	32965	0.257375	2059
0	32981	0.2575	2060
0	32997	0.257625	2061
0	33013	0.25775	2062
0	33029	0.257875	2063
0	33045	0.258	2064
0	33061	0.258125	2065
0	33077	0.25825	2066
0	33093	0.258375	2067
0	33109	0.2585	2068
0	33125	0.258625	2069
0	33141	0.25875	2070
0	33157	0.258875	2071
0	33173	0.259	2072
0	33189	0.259125	2073
0	33205	0.25925	2074
0	33221	0.259375	2075
0	33237	0.2595	2076
0	33253	0.259625	2077
0	33269	0.25975	2078
0	33285	0.259875	2079
0	33301	0.26	2080
0	33317	0.260125	2081
0	33337	0.26025	2082
0	33353	0.260375	2083
0	33369	0.2605	2084
0	33385	0.260625	2085
0	33401	0.26075	2086
0	33417	0.260875	2087
0	33433	0.261	2088
0	33449	0.261125	2089
0	33465	0.26125	2090
0	33481	0.261375	2091
0	33497	0.2615	2092
0	33513	0.261625	2093
0	33529	0.26175	2094
0	33545	0.261875	2095
0	33561	0.262	2096
0	33577	0.262125	2097
0	33593	0.26225	2098
0	33609	0.262375	2099
0	33625	0.2625	2100
0	33641	0.262625	2101
0	33657	0.26275	2102
0	33673	0.262875	2103
0	33689	0.263	2104
0	33705	0.263125	2105
0	33721	0.26325	2106
0	33737	0.263375	2107
0	33753	0.2635	2108
0	33769	0.263625	2109
0	33785	0.26375	2110
0	33801	0.263875	2111
0	33817	0.264	2112
0	33833	0.264125	2113
0	33849	0.26425	2114
0	33865	0.264375	2115
0	33881	0.2645	2116
0	33897	0.264625	2117
0	33913	0.26475	2118
0	33929	0.264875	2119
0	33945	0.265	2120
0	33961	0.265125	2121
0	33977	0.26525	2122
0	33993	0.265375	2123
0	34009	0.2655	2124
0	34025	0.265625	2125
0	34041	0.26575	2126
0	34057	0.265875	2127
0	34073	0.266	2128
0	34089	0.266125	2129
0	34105	0.26625	2130
0	34121	0.266375	2131
0	34137	0.2665	2132
0	34153	0.266625	2133
0	34169	0.26675	2134
0	34185	0.266875	2135
0	34201	0.267	2136
0	34217	0.267125	2137
0	34233	0.26725	2138
0	34249	0.267375	2139
0	34265	0.2675	2140
0	34281	0.267625	2141
0	34297	0.26775	2142
0	34313	0.267875	2143
0	34329	0.268	2144
0	34345	0.268125	2145
0	34361	0.26825	2146
0	34377	0.268375	2147
0	34393	0.2685	2148
0	34409	0.268625	2149
0	34425	0.26875	2150
0	34441	0.268875	2151
0	34457	0.269	2152
0	34473	0.269125	2153
0	34489	0.26925	2154
0	34505	0.269375	2155
0	34521	0.2695	2156
0	34537	0.269625	2157
0	34553	0.26975	2158
0	34569	0.269875	2159
0	34585	0.27	2160
0	34601	0.270125	2161
0	34617	0.27025	2162
0	34633	0.270375	2163
0	34649	0.2705	2164
0	34665	0.270625	2165
0	34681	0.27075	2166
0	34697	0.270875	2167
0	34713	0.271	2168
0	34729	0.271125	2169
0	34745	0.27125	2170
0	34761	0.271375	2171
0	34777	0.2715	2172
0	34793	0.271625	2173
0	34809	0.27175	2174
0	34825	0.271875	2175
0	34841	0.272	2176
0	34857	0.272125	2177
0	34873	0.27225	2178
0	34889	0.272375	2179
0	34905	0.2725	2180
0	34921	0.272625	2181
0	34937	0.27275	2182
0	34953	0.272875	2183
0	34969	0.273	2184
0	34985	0.273125	2185
0	35001	0.27325	2186
0	35017	0.273375	2187
0	35033	0.2735	2188
0	35049	0.273625	2189
0	35065	0.27375	2190
0	35081	0.273875	2191
0	35097	0.274	2192
0	35113	0.274125	2193
0	35129	0.27425	2194
0	35145	0.274375	2195
0	35161	0.2745	2196
0	35177	0.274625	2197
0	35193	0.27475	2198
0	35209	0.274875	2199
0	35225	0.275	2200
0	35241	0.275125	2201
0	35257	0.27525	2202
0	35273	0.275375	2203
0	35289	0.2755	2204
0	35305	0.275625	2205
0	35321	0.27575	2206
0	35337	0.275875	2207
0	35353	0.276	2208
0	35369	0.276125	2209
0	35385	0.27625	2210
0	35401	0.276375	2211
0	35417	0.2765	2212
0	35433	0.276625	2213
0	35449	0.27675	2214
0	35465	0.276875	2215
0	35481	0.277	2216
0	35497	0.277125	2217
0	35513	0.27725	2218
0	35529	0.277375	2219
0	35545	0.2775	2220
0	35561	0.277625	2221
0	35577	0.27775	2222
0	35593	0.277875	2223
0	35609	0.278	2224
0	35625	0.278125	2225
0	35641	0.27825	2226
0	35657	0.278375	2227
0	35673	0.2785	2228
0	35689	0.278625	2229
0	35705	0.27875	2230
0	35721	0.278875	2231
0	35737	0.279	2232
0	35753	0.279125	2233
0	35769	0.27925	2234
0	35785	0.279375	2235
0	35801	0.2795	2236
0	35817	0.279625	2237
0	35833	0.27975	2238
0	35849	0.279875	2239
0	35865	0.28	2240
0	35881	0.280125	2241
0	35897	0.28025	2242
0	35913	0.280375	2243
0	35929	0.2805	2244
0	35945	0.280625	2245
0	35961	0.28075	2246
0	35977	0.280875	2247
0	35993	0.281	2248
0	36009	0.281125	2249
0	36025	0.28125	2250
0	36041	0.281375	2251
0	36057	0.2815	2252
0	36073	0.281625	2253
0	36089	0.28175	2254
0	36105	0.281875	2255
0	36121	0.282	2256
0	36137	0.282125	2257
0	36153	0.28225	2258
0	36169	0.282375	2259
0	36185	0.2825	2260
0	36201	0.282625	2261
0	36217	0.28275	2262
0	36233	0.282875	2263
0	36249	0.283	2264
0	36265	0.283125	2265
0	36281	0.28325	2266
0	36297	0.283375	2267
0	36313	0.2835	2268
0	36329	0.283625	2269
0	36345	0.28375	2270
0	36361	0.283875	2271
0	36377	0.284	2272
0	36393	0.284125	2273
0	36409	0.28425	2274
0	36425	0.284375	2275
0	36441	0.2845	2276
0	36457	0.284625	2277
0	36473	0.28475	2278
0	36489	0.284875	2279
0	36505	0.285	2280
0	36521	0.285125	2281
0	36537	0.28525	2282
0	36553	0.285375	2283
0	36569	0.2855	2284
0	36585	0.285625	2285
0	36601	0.28575	2286
0	36617	0.285875	2287
0	36633	0.286	2288
0	36649	0.286125	2289
0	36665	0.28625	2290
0	36681	0.286375	2291
0	36697	0.2865	2292
0	36713	0.286625	2293
0	36729	0.28675	2294
0	36745	0.286875	2295
0	36761	0.287	2296
0	36777	0.287125	2297
0	36793	0.28725	2298
0	36809	0.287375	2299
0	36825	0.2875	2300
0	36841	0.287625	2301
0	36857	0.28775	2302
0	36873	0.287875	2303
0	36889	0.288	2304
0	36905	0.288125	2305
0	36921	0.28825	2306
0	36937	0.288375	2307
0	36953	0.2885	2308
0	36969	0.288625	2309
0	36985	0.28875	2310
0	37001	0.288875	2311
0	37017	0.289	2312
0	37033	0.289125	2313
0	37049	0.28925	2314
0	37065	0.289375	2315
0	37081	0.2895	2316
0	37097	0.289625	2317
0	37113	0.28975	2318
0	37129	0.289875	2319
0	37145	0.29	2320
0	37161	0.290125	2321
0	37177	0.29025	2322
0	37193	0.290375	2323
0	37209	0.2905	2324
0	37225	0.290625	2325
0	37241	0.29075	2326
0	37257	0.290875	2327
0	37273	0.291	2328
0	37289	0.291125	2329
0	37305	0.29125	2330
0	37321	0.291375	2331
0	37337	0.2915	2332
0	37353	0.291625	2333
0	37369	0.29175	2334
0	37385	0.291875	2335
0	37401	0.292	2336
0	37417	0.292125	2337
0	37433	0.29225	2338
0	37449	0.292375	2339
0	37465	0.2925	2340
0	37481	0.292625	2341
0	37497	0.29275	2342
0	37513	0.292875	2343
0	37529	0.293	2344
0	37545	0.293125	2345
0	37561	0.29325	2346
0	37577	0.293375	2347
0	37593	0.2935	2348
0	37609	0.293625	2349
0	37625	0.29375	2350
0	37641	0.293875	2351
0	37657	0.294	2352
0	37673	0.294125	2353
0	37689	0.29425	2354
0	37705	0.294375	2355
0	37721	0.2945	2356
0	37737	0.294625	2357
0	37753	0.29475	2358
0	37769	0.294875	2359
0	37785	0.295	2360
0	37801	0.295125	2361
0	37817	0.29525	2362
0	37833	0.295375	2363
0	37849	0.2955	2364
0	37865	0.295625	2365
0	37881	0.29575	2366
0	37897	0.295875	2367
0	37913	0.296	2368
0	37929	0.296125	2369
0	37945	0.29625	2370
0	37961	0.296375	2371
0	37977	0.2965	2372
0	37993	0.296625	2373
0	38009	0.29675	2374
0	38025	0.296875	2375
0	38041	0.297	2376
0	38057	0.297125	2377
0	38073	0.29725	2378
0	38093	0.297375	2379
0	38109	0.2975	2380
0	38125	0.297625	2381
0	38141	0.29775	2382
0	38157	0.297875	2383
0	38173	0.298	2384
0	38189	0.298125	2385
0	38205	0.29825	2386
0	38221	0.298375	2387
0	38237	0.2985	2388
0	38253	0.298625	2389
0	38269	0.29875	2390
0	38285	0.298875	2391
0	38301	0.299	2392
0	38317	0.299125	2393
0	38333	0.29925	2394
0	38349	0.299375	2395
0	38365	0.2995	2396
0	38381	0.299625	2397
0	38397	0.29975	2398
0	38413	0.299875	2399
0	38429	0.3	2400
0	38445	0.300125	2401
0	38461	0.30025	2402
0	38477	0.300375	2403
0	38493	0.3005	2404
0	38509	0.300625	2405
0	38525	0.30075	2406
0	38541	0.300875	2407
0	38557	0.301	2408
0	38573	0.301125	2409
0	38589	0.30125	2410
0	38605	0.301375	2411
0	38621	0.3015	2412
0	38637	0.301625	2413
0	38653	0.30175	2414
0	38669	0.301875	2415
0	38685	0.302	2416
0	38701	0.302125	2417
0	38717	0.30225	2418
0	38733	0.302375	2419
0	38749	0.3025	2420
0	38765	0.302625	2421
0	38781	0.30275	2422
0	38797	0.302875	2423
0	38813	0.303	2424
0	38829	0.303125	2425
0	38845	0.30325	2426
0	38861	0.303375	2427
0	38877	0.3035	2428
0	38893	0.303625	2429
0	38909	0.30375	2430
0	38925	0.303875	2431
0	38941	0.304	2432
0	38957	0.304125	2433
0	38973	0.30425	2434
0	38989	0.304375	2435
0	39005	0.3045	2436
0	39021	0.304625	2437
0	39037	0.30475	2438
0	39053	0.304875	2439
0	39069	0.305	2440
0	39085	0.305125	2441
0	39101	0.30525	2442
0	39117	0.305375	2443
0	39133	0.3055	2444
0	39149	0.305625	2445
0	39165	0.30575	2446
0	39181	0.305875	2447
0	39197	0.306	2448
0	39213	0.306125	2449
0	39229	0.30625	2450
0	39245	0.306375	2451
0	39261	0.3065	2452
0	39277	0.306625	2453
0	39293	0.30675	2454
0	39309	0.306875	2455
0	39325	0.307	2456
0	39341	0.307125	2457
0	39357	0.30725	2458
0	39373	0.307375	2459
0	39389	0.3075	2460
0	39405	0.307625	2461
0	39421	0.30775	2462
0	39437	0.307875	2463
0	39453	0.308	2464
0	39469	0.308125	2465
0	39485	0.30825	2466
0	39501	0.308375	2467
0	39517	0.3085	2468
0	39533	0.308625	2469
0	39549	0.30875	2470
0	39565	0.308875	2471
0	39581	0.309	2472
0	39597	0.309125	2473
0	39613	0.30925	2474
0	39629	0.309375	2475
0	39645	0.3095	2476
0	39661	0.309625	2477
0	39677	0.30975	2478
0	39693	0.309875	2479
0	39709	0.31	2480
0	39725	0.310125	2481
0	39741	0.31025	2482
0	39757	0.310375	2483
0	39773	0.3105	2484
0	39789	0.310625	2485
0	39805	0.31075	2486
0	39821	0.310875	2487
0	39837	0.311	2488
0	39853	0.311125	2489
0	39869	0.31125	2490
0	39885	0.311375	2491
0	39901	0.3115	2492
0	39917	0.311625	2493
0	39933	0.31175	2494
0	39949	0.311875	2495
0	39965	0.312	2496
0	39981	0.312125	2497
0	39997	0.31225	2498
0	40013	0.312375	2499
0	40029	0.3125	2500
0	40045	0.312625	2501
0	40061	0.31275	2502
0	40077	0.312875	2503
0	40093	0.313	2504
0	40109	0.313125	2505
0	40125	0.31325	2506
0	40141	0.313375	2507
0	40157	0.3135	2508
0	40173	0.313625	2509
0	40189	0.31375	2510
0	40205	0.313875	2511
0	40221	0.314	2512
0	40237	0.314125	2513
0	40253	0.31425	2514
0	40269	0.314375	2515
0	40285	0.3145	2516
0	40301	0.314625	2517
0	40317	0.31475	2518
0	40333	0.314875	2519
0	40349	0.315	2520
0	40365	0.315125	2521
0	40381	0.31525	2522
0	40397	0.315375	2523
0	40413	0.3155	2524
0	40429	0.315625	2525
0	40445	0.31575	2526
0	40461	0.315875	2527
0	40477	0.316	2528
0	40493	0.316125	2529
0	40509	0.31625	2530
0	40525	0.316375	2531
0	40541	0.3165	2532
0	40557	0.316625	2533
0	40573	0.31675	2534
0	40589	0.316875	2535
0	40605	0.317	2536
0	40621	0.317125	2537
0	40637	0.31725	2538
0	40653	0.317375	2539
0	40669	0.3175	2540
0	40685	0.317625	2541
0	40701	0.31775	2542
0	40717	0.317875	2543
0	40733	0.318	2544
0	40749	0.318125	2545
0	40765	0.31825	2546
0	40781	0.318375	2547
0	40797	0.3185	2548
0	40813	0.318625	2549
0	40829	0.31875	2550
0	40845	0.318875	2551
0	40861	0.319	2552
0	40877	0.319125	2553
0	40893	0.31925	2554
0	40909	0.319375	2555
0	40925	0.3195	2556
0	40941	0.319625	2557
0	40957	0.31975	2558
0	40973	0.319875	2559
0	40989	0.32	2560
0	41005	0.320125	2561
0	41021	0.32025	2562
0	41037	0.320375	2563
0	41053	0.3205	2564
0	41069	0.320625	2565
0	41085	0.32075	2566
0	41101	0.320875	2567
0	41117	0.321	2568
0	41133	0.321125	2569
0	41149	0.32125	2570
0	41165	0.321375	2571
0	41181	0.3215	2572
0	41197	0.321625	2573
0	41213	0.32175	2574
0	41229	0.321875	2575
0	41245	0.322	2576
0	41261	0.322125	2577
0	41277	0.32225	2578
0	41293	0.322375	2579
0	41309	0.3225	2580
0	41325	0.322625	2581
0	41341	0.32275	2582
0	41357	0.322875	2583
0	41373	0.323	2584
0	41389	0.323125	2585
0	41405	0.32325	2586
0	41421	0.323375	2587
0	41437	0.3235	2588
0	41453	0.323625	2589
0	41469	0.32375	2590
0	41485	0.323875	2591
0	41501	0.324	2592
0	41517	0.324125	2593
0	41533	0.32425	2594
0	41549	0.324375	2595
0	41565	0.3245	2596
0	41581	0.324625	2597
0	41597	0.32475	2598
0	41613	0.324875	2599
0	41629	0.325	2600
0	41645	0.325125	2601
0	41661	0.32525	2602
0	41677	0.325375	2603
0	41693	0.3255	2604
0	41709	0.325625	2605
0	41725	0.32575	2606
0	41741	0.325875	2607
0	41757	0.326	2608
0	41773	0.326125	2609
0	41789	0.32625	2610
0	41805	0.326375	2611
0	41821	0.3265	2612
0	41837	0.326625	2613
0	41853	0.32675	2614
0	41869	0.326875	2615
0	41885	0.327	2616
0	41901	0.327125	2617
0	41917	0.32725	2618
0	41933	0.327375	2619
0	41949	0.3275	2620
0	41965	0.327625	2621
0	41981	0.32775	2622
0	41997	0.327875	2623
0	42013	0.328	2624
0	42029	0.328125	2625
0	42045	0.32825	2626
0	42061	0.328375	2627
0	42077	0.3285	2628
0	42093	0.328625	2629
0	42109	0.32875	2630
0	42125	0.328875	2631
0	42141	0.329	2632
0	42157	0.329125	2633
0	42173	0.32925	2634
0	42189	0.329375	2635
0	42205	0.3295	2636
0	42221	0.329625	2637
0	42237	0.32975	2638
0	42253	0.329875	2639
0	42269	0.33	2640
0	42285	0.330125	2641
0	42301	0.33025	2642
0	42317	0.330375	2643
0	42333	0.3305	2644
0	42349	0.330625	2645
0	42365	0.33075	2646
0	42381	0.330875	2647
0	42397	0.331	2648
0	42413	0.331125	2649
0	42429	0.33125	2650
0	42445	0.331375	2651
0	42461	0.3315	2652
0	42477	0.331625	2653
0	42493	0.33175	2654
0	42509	0.331875	2655
0	42525	0.332	2656
0	42541	0.332125	2657
0	42557	0.33225	2658
0	42573	0.332375	2659
0	42589	0.3325	2660
0	42605	0.332625	2661
0	42621	0.33275	2662
0	42637	0.332875	2663
0	42653	0.333	2664
0	42669	0.333125	2665
0	42685	0.33325	2666
0	42701	0.333375	2667
0	42717	0.3335	2668
0	42733	0.333625	2669
0	42749	0.33375	2670
0	42765	0.333875	2671
0	42781	0.334	2672
0	42797	0.334125	2673
0	42813	0.33425	2674
0	42829	0.334375	2675
0	42849	0.3345	2676
0	42865	0.334625	2677
0	42881	0.33475	2678
0	42897	0.334875	2679
0	42913	0.335	2680
0	42929	0.335125	2681
0	42945	0.33525	2682
0	42961	0.335375	2683
0	42977	0.3355	2684
0	42993	0.335625	2685
0	43009	0.33575	2686
0	43025	0.335875	2687
0	43041	0.336	2688
0	43057	0.336125	2689
0	43073	0.33625	2690
0	43089	0.336375	2691
0	43105	0.3365	2692
0	43121	0.336625	2693
0	43137	0.33675	2694
0	43153	0.336875	2695
0	43169	0.337	2696
0	43185	0.337125	2697
0	43201	0.33725	2698
0	43217	0.337375	2699
0	43233	0.3375	2700
0	43249	0.337625	2701
0	43265	0.33775	2702
0	43281	0.337875	2703
0	43297	0.338	2704
0	43313	0.338125	2705
0	43329	0.33825	2706
0	43345	0.338375	2707
0	43361	0.3385	2708
0	43377	0.338625	2709
0	43393	0.33875	2710
0	43409	0.338875	2711
0	43425	0.339	2712
0	43441	0.339125	2713
0	43457	0.33925	2714
0	43473	0.339375	2715
0	43489	0.3395	2716
0	43505	0.339625	2717
0	43521	0.33975	2718
0	43537	0.339875	2719
0	43553	0.34	2720
0	43569	0.340125	2721
0	43585	0.34025	2722
0	43601	0.340375	2723
0	43617	0.3405	2724
0	43633	0.340625	2725
0	43649	0.34075	2726
0	43665	0.340875	2727
0	43681	0.341	2728
0	43697	0.341125	2729
0	43713	0.34125	2730
0	43729	0.341375	2731
0	43745	0.3415	2732
0	43761	0.341625	2733
0	43777	0.34175	2734
0	43793	0.341875	2735
0	43809	0.342	2736
0	43825	0.342125	2737
0	43841	0.34225	2738
0	43857	0.342375	2739
0	43873	0.3425	2740
0	43889	0.342625	2741
0	43905	0.34275	2742
0	43921	0.342875	2743
0	43937	0.343	2744
0	43953	0.343125	2745
0	43969	0.34325	2746
0	43985	0.343375	2747
0	44001	0.3435	2748
0	44017	0.343625	2749
0	44033	0.34375	2750
0	44049	0.343875	2751
0	44065	0.344	2752
0	44081	0.344125	2753
0	44097	0.34425	2754
0	44113	0.344375	2755
0	44129	0.3445	2756
0	44145	0.344625	2757
0	44161	0.34475	2758
0	44177	0.344875	2759
0	44193	0.345	2760
0	44209	0.345125	2761
0	44225	0.34525	2762
0	44241	0.345375	2763
0	44257	0.3455	2764
0	44273	0.345625	2765
0	44289	0.34575	2766
0	44305	0.345875	2767
0	44321	0.346	2768
0	44337	0.346125	2769
0	44353	0.34625	2770
0	44369	0.346375	2771
0	44385	0.3465	2772
0	44401	0.346625	2773
0	44417	0.34675	2774
0	44433	0.346875	2775
0	44449	0.347	2776
0	44465	0.347125	2777
0	44481	0.34725	2778
0	44497	0.347375	2779
0	44513	0.3475	2780
0	44529	0.347625	2781
0	44545	0.34775	2782
0	44561	0.347875	2783
0	44577	0.348	2784
0	44593	0.348125	2785
0	44609	0.34825	2786
0	44625	0.348375	2787
0	44641	0.3485	2788
0	44657	0.348625	2789
0	44673	0.34875	2790
0	44689	0.348875	2791
0	44705	0.349	2792
0	44721	0.349125	2793
0	44737	0.34925	2794
0	44753	0.349375	2795
0	44769	0.3495	2796
0	44785	0.349625	2797
0	44801	0.34975	2798
0	44817	0.349875	2799
0	44833	0.35	2800
0	44849	0.350125	2801
0	44865	0.35025	2802
0	44881	0.350375	2803
0	44897	0.3505	2804
0	44913	0.350625	2805
0	44929	0.35075	2806
0	44945	0.350875	2807
0	44961	0.351	2808
0	44977	0.351125	2809
0	44993	0.35125	2810
0	45009	0.351375	2811
0	45025	0.3515	2812
0	45041	0.351625	2813
0	45057	0.35175	2814
0	45073	0.351875	2815
0	45089	0.352	2816
0	45105	0.352125	2817
0	45121	0.35225	2818
0	45137	0.352375	2819
0	45153	0.3525	2820
0	45169	0.352625	2821
0	45185	0.35275	2822
0	45201	0.352875	2823
0	45217	0.353	2824
0	45233	0.353125	2825
0	45249	0.35325	2826
0	45265	0.353375	2827
0	45281	0.3535	2828
0	45297	0.353625	2829
0	45313	0.35375	2830
0	45329	0.353875	2831
0	45345	0.354	2832
0	45361	0.354125	2833
0	45377	0.35425	2834
0	45393	0.354375	2835
0	45409	0.3545	2836
0	45425	0.354625	2837
0	45441	0.35475	2838
0	45457	0.354875	2839
0	45473	0.355	2840
0	45489	0.355125	2841
0	45505	0.35525	2842
0	45521	0.355375	2843
0	45537	0.3555	2844
0	45553	0.355625	2845
0	45569	0.35575	2846
0	45585	0.355875	2847
0	45601	0.356	2848
0	45617	0.356125	2849
0	45633	0.35625	2850
0	45649	0.356375	2851
0	45665	0.3565	2852
0	45681	0.356625	2853
0	45697	0.35675	2854
0	45713	0.356875	2855
0	45729	0.357	2856
0	45745	0.357125	2857
0	45761	0.35725	2858
0	45777	0.357375	2859
0	45793	0.3575	2860
0	45809	0.357625	2861
0	45825	0.35775	2862
0	45841	0.357875	2863
0	45857	0.358	2864
0	45873	0.358125	2865
0	45889	0.35825	2866
0	45905	0.358375	2867
0	45921	0.3585	2868
0	45937	0.358625	2869
0	45953	0.35875	2870
0	45969	0.358875	2871
0	45985	0.359	2872
0	46001	0.359125	2873
0	46017	0.35925	2874
0	46033	0.359375	2875
0	46049	0.3595	2876
0	46065	0.359625	2877
0	46081	0.35975	2878
0	46097	0.359875	2879
0	46113	0.36	2880
0	46129	0.360125	2881
0	46145	0.36025	2882
0	46161	0.360375	2883
0	46177	0.3605	2884
0	46193	0.360625	2885
0	46209	0.36075	2886
0	46225	0.360875	2887
0	46241	0.361	2888
0	46257	0.361125	2889
0	46273	0.36125	2890
0	46289	0.361375	2891
0	46305	0.3615	2892
0	46321	0.361625	2893
0	46337	0.36175	2894
0	46353	0.361875	2895
0	46369	0.362	2896
0	46385	0.362125	2897
0	46401	0.36225	2898
0	46417	0.362375	2899
0	46433	0.3625	2900
0	46449	0.362625	2901
0	46465	0.36275	2902
0	46481	0.362875	2903
0	46497	0.363	2904
0	46513	0.363125	2905
0	46529	0.36325	2906
0	46545	0.363375	2907
0	46561	0.3635	2908
0	46577	0.363625	2909
0	46593	0.36375	2910
0	46609	0.363875	2911
0	46625	0.364	2912
0	46641	0.364125	2913
0	46657	0.36425	2914
0	46673	0.364375	2915
0	46689	0.3645	2916
0	46705	0.364625	2917
0	46721	0.36475	2918
0	46737	0.364875	2919
0	46753	0.365	2920
0	46769	0.365125	2921
0	46785	0.36525	2922
0	46801	0.365375	2923
0	46817	0.3655	2924
0	46833	0.365625	2925
0	46849	0.36575	2926
0	46865	0.365875	2927
0	46881	0.366	2928
0	46897	0.366125	2929
0	46913	0.36625	2930
0	46929	0.366375	2931
0	46945	0.3665	2932
0	46961	0.366625	2933
0	46977	0.36675	2934
0	46993	0.366875	2935
0	47009	0.367	2936
0	47025	0.367125	2937
0	47041	0.36725	2938
0	47057	0.367375	2939
0	47073	0.3675	2940
0	47089	0.367625	2941
0	47105	0.36775	2942
0	47121	0.367875	2943
0	47137	0.368	2944
0	47153	0.368125	2945
0	47169	0.36825	2946
0	47185	0.368375	2947
0	47201	0.3685	2948
0	47217	0.368625	2949
0	47233	0.36875	2950
0	47249	0.368875	2951
0	47265	0.369	2952
0	47281	0.369125	2953
0	47297	0.36925	2954
0	47313	0.369375	2955
0	47329	0.3695	2956
0	47345	0.369625	2957
0	47361	0.36975	2958
0	47377	0.369875	2959
0	47393	0.37	2960
0	47409	0.370125	2961
0	47425	0.37025	2962
0	47441	0.370375	2963
0	47457	0.3705	2964
0	47473	0.370625	2965
0	47489	0.37075	2966
0	47505	0.370875	2967
0	47521	0.371	2968
0	47537	0.371125	2969
0	47553	0.37125	2970
0	47569	0.371375	2971
0	47585	0.3715	2972
0	47605	0.371625	2973
0	47621	0.37175	2974
0	47637	0.371875	2975
0	47653	0.372	2976
0	47669	0.372125	2977
0	47685	0.37225	2978
0	47701	0.372375	2979
0	47717	0.3725	2980
0	47733	0.372625	2981
0	47749	0.37275	2982
0	47765	0.372875	2983
0	47781	0.373	2984
0	47797	0.373125	2985
0	47813	0.37325	2986
0	47829	0.373375	2987
0	47845	0.3735	2988
0	47861	0.373625	2989
0	47877	0.37375	2990
0	47893	0.373875	2991
0	47909	0.374	2992
0	47925	0.374125	2993
0	47941	0.37425	2994
0	47957	0.374375	2995
0	47973	0.3745	2996
0	47989	0.374625	2997
0	48005	0.37475	2998
0	48021	0.374875	2999
0	48037	0.375	3000
0	48053	0.375125	3001
0	48069	0.37525	3002
0	48085	0.375375	3003
0	48101	0.3755	3004
0	48117	0.375625	3005
0	48133	0.37575	3006
0	48149	0.375875	3007
0	48165	0.376	3008
0	48181	0.376125	3009
0	48197	0.37625	3010
0	48213	0.376375	3011
0	48229	0.3765	3012
0	48245	0.376625	3013
0	48261	0.37675	3014
0	48277	0.376875	3015
0	48293	0.377	3016
0	48309	0.377125	3017
0	48325	0.37725	3018
0	48341	0.377375	3019
0	48357	0.3775	3020
0	48373	0.377625	3021
0	48389	0.37775	3022
0	48405	0.377875	3023
0	48421	0.378	3024
0	48437	0.378125	3025
0	48453	0.37825	3026
0	48469	0.378375	3027
0	48485	0.3785	3028
0	48501	0.378625	3029
0	48517	0.37875	3030
0	48533	0.378875	3031
0	48549	0.379	3032
0	48565	0.379125	3033
0	48581	0.37925	3034
0	48597	0.379375	3035
0	48613	0.3795	3036
0	48629	0.379625	3037
0	48645	0.37975	3038
0	48661	0.379875	3039
0	48677	0.38	3040
0	48693	0.380125	3041
0	48709	0.38025	3042
0	48725	0.380375	3043
0	48741	0.3805	3044
0	48757	0.380625	3045
0	48773	0.38075	3046
0	48789	0.380875	3047
0	48805	0.381	3048
0	48821	0.381125	3049
0	48837	0.38125	3050
0	48853	0.381375	3051
0	48869	0.3815	3052
0	48885	0.381625	3053
0	48901	0.38175	3054
0	48917	0.381875	3055
0	48933	0.382	3056
0	48949	0.382125	3057
0	48965	0.38225	3058
0	48981	0.382375	3059
0	48997	0.3825	3060
0	49013	0.382625	3061
0	49029	0.38275	3062
0	49045	0.382875	3063
0	49061	0.383	3064
0	49077	0.383125	3065
0	49093	0.38325	3066
0	49109	0.383375	3067
0	49125	0.3835	3068
0	49141	0.383625	3069
0	49157	0.38375	3070
0	49173	0.383875	3071
0	49189	0.384	3072
0	49205	0.384125	3073
0	49221	0.38425	3074
0	49237	0.384375	3075
0	49253	0.3845	3076
0	49269	0.384625	3077
0	49285	0.38475	3078
0	49301	0.384875	3079
0	49317	0.385	3080
0	49333	0.385125	3081
0	49349	0.38525	3082
0	49365	0.385375	3083
0	49381	0.3855	3084
0	49397	0.385625	3085
0	49413	0.38575	3086
0	49429	0.385875	3087
0	49445	0.386	3088
0	49461	0.386125	3089
0	49477	0.38625	3090
0	49493	0.386375	3091
0	49509	0.3865	3092
0	49525	0.386625	3093
0	49541	0.38675	3094
0	49557	0.386875	3095
0	49573	0.387	3096
0	49589	0.387125	3097
0	49605	0.38725	3098
0	49621	0.387375	3099
0	49637	0.3875	3100
0	49653	0.387625	3101
0	49669	0.38775	3102
0	49685	0.387875	3103
0	49701	0.388	3104
0	49717	0.388125	3105
0	49733	0.38825	3106
0	49749	0.388375	3107
0	49765	0.3885	3108
0	49781	0.388625	3109
0	49797	0.38875	3110
0	49813	0.388875	3111
0	49829	0.389	3112
0	49845	0.389125	3113
0	49861	0.38925	3114
0	49877	0.389375	3115
0	49893	0.3895	3116
0	49909	0.389625	3117
0	49925	0.38975	3118
0	49941	0.389875	3119
0	49957	0.39	3120
0	49973	0.390125	3121
0	49989	0.39025	3122
0	50005	0.390375	3123
0	50021	0.3905	3124
0	50037	0.390625	3125
0	50053	0.39075	3126
0	50069	0.390875	3127
0	50085	0.391	3128
0	50101	0.391125	3129
0	50117	0.39125	3130
0	50133	0.391375	3131
0	50149	0.3915	3132
0	50165	0.391625	3133
0	50181	0.39175	3134
0	50197	0.391875	3135
0	50213	0.392	3136
0	50229	0.392125	3137
0	50245	0.39225	3138
0	50261	0.392375	3139
0	50277	0.3925	3140
0	50293	0.392625	3141
0	50309	0.39275	3142
0	50325	0.392875	3143
0	50341	0.393	3144
0	50357	0.393125	3145
0	50373	0.39325	3146
0	50389	0.393375	3147
0	50405	0.3935	3148
0	50421	0.393625	3149
0	50437	0.39375	3150
0	50453	0.393875	3151
0	50469	0.394	3152
0	50485	0.394125	3153
0	50501	0.39425	3154
0	50517	0.394375	3155
0	50533	0.3945	3156
0	50549	0.394625	3157
0	50565	0.39475	3158
0	50581	0.394875	3159
0	50597	0.395	3160
0	50613	0.395125	3161
0	50629	0.39525	3162
0	50645	0.395375	3163
0	50661	0.3955	3164
0	50677	0.395625	3165
0	50693	0.39575	3166
0	50709	0.395875	3167
0	50725	0.396	3168
0	50741	0.396125	3169
0	50757	0.39625	3170
0	50773	0.396375	3171
0	50789	0.3965	3172
0	50805	0.396625	3173
0	50821	0.39675	3174
0	50837	0.396875	3175
0	50853	0.397	3176
0	50869	0.397125	3177
0	50885	0.39725	3178
0	50901	0.397375	3179
0	50917	0.3975	3180
0	50933	0.397625	3181
0	50949	0.39775	3182
0	50965	0.397875	3183
0	50981	0.398	3184
0	50997	0.398125	3185
0	51013	0.39825	3186
0	51029	0.398375	3187
0	51045	0.3985	3188
0	51061	0.398625	3189
0	51077	0.39875	3190
0	51093	0.398875	3191
0	51109	0.399	3192
0	51125	0.399125	3193
0	51141	0.39925	3194
0	51157	0.399375	3195
0	51173	0.3995	3196
0	51189	0.399625	3197
0	51205	0.39975	3198
0	51221	0.399875	3199
0	51237	0.4	3200
0	51253	0.400125	3201
0	51269	0.40025	3202
0	51285	0.400375	3203
0	51301	0.4005	3204
0	51317	0.400625	3205
0	51333	0.40075	3206
0	51349	0.400875	3207
0	51365	0.401	3208
0	51381	0.401125	3209
0	51397	0.40125	3210
0	51413	0.401375	3211
0	51429	0.4015	3212
0	51445	0.401625	3213
0	51461	0.40175	3214
0	51477	0.401875	3215
0	51493	0.402	3216
0	51509	0.402125	3217
0	51525	0.40225	3218
0	51541	0.402375	3219
0	51557	0.4025	3220
0	51573	0.402625	3221
0	51589	0.40275	3222
0	51605	0.402875	3223
0	51621	0.403	3224
0	51637	0.403125	3225
0	51653	0.40325	3226
0	51669	0.403375	3227
0	51685	0.4035	3228
0	51701	0.403625	3229
0	51717	0.40375	3230
0	51733	0.403875	3231
0	51749	0.404	3232
0	51765	0.404125	3233
0	51781	0.40425	3234
0	51797	0.404375	3235
0	51813	0.4045	3236
0	51829	0.404625	3237
0	51845	0.40475	3238
0	51861	0.404875	3239
0	51877	0.405	3240
0	51893	0.405125	3241
0	51909	0.40525	3242
0	51925	0.405375	3243
0	51941	0.4055	3244
0	51957	0.405625	3245
0	51973	0.40575	3246
0	51989	0.405875	3247
0	52005	0.406	3248
0	52021	0.406125	3249
0	52037	0.40625	3250
0	52053	0.406375	3251
0	52069	0.4065	3252
0	52085	0.406625	3253
0	52101	0.40675	3254
0	52117	0.406875	3255
0	52133	0.407	3256
0	52149	0.407125	3257
0	52165	0.40725	3258
0	52181	0.407375	3259
0	52197	0.4075	3260
0	52213	0.407625	3261
0	52229	0.40775	3262
0	52245	0.407875	3263
0	52261	0.408	3264
0	52277	0.408125	3265
0	52293	0.40825	3266
0	52309	0.408375	3267
0	52325	0.4085	3268
0	52341	0.408625	3269
0	52357	0.40875	3270
0	52377	0.408875	3271
0	52393	0.409	3272
0	52409	0.409125	3273
0	52425	0.40925	3274
0	52441	0.409375	3275
0	52457	0.4095	3276
0	52473	0.409625	3277
0	52489	0.40975	3278
0	52505	0.409875	3279
0	52521	0.41	3280
0	52537	0.410125	3281
0	52553	0.41025	3282
0	52569	0.410375	3283
0	52585	0.4105	3284
0	52601	0.410625	3285
0	52617	0.41075	3286
0	52633	0.410875	3287
0	52649	0.411	3288
0	52665	0.411125	3289
0	52681	0.41125	3290
0	52697	0.411375	3291
0	52713	0.4115	3292
0	52729	0.411625	3293
0	52745	0.41175	3294
0	52761	0.411875	3295
0	52777	0.412	3296
0	52793	0.412125	3297
0	52809	0.41225	3298
0	52825	0.412375	3299
0	52841	0.4125	3300
0	52857	0.412625	3301
0	52873	0.41275	3302
0	52889	0.412875	3303
0	52905	0.413	3304
0	52921	0.413125	3305
0	52937	0.41325	3306
0	52953	0.413375	3307
0	52969	0.4135	3308
0	52985	0.413625	3309
0	53001	0.41375	3310
0	53017	0.413875	3311
0	53033	0.414	3312
0	53049	0.414125	3313
0	53065	0.41425	3314
0	53081	0.414375	3315
0	53097	0.4145	3316
0	53113	0.414625	3317
0	53129	0.41475	3318
0	53145	0.414875	3319
0	53161	0.415	3320
0	53177	0.415125	3321
0	53193	0.41525	3322
0	53209	0.415375	3323
0	53225	0.4155	3324
0	53241	0.415625	3325
0	53257	0.41575	3326
0	53273	0.415875	3327
0	53289	0.416	3328
0	53305	0.416125	3329
0	53321	0.41625	3330
0	53337	0.416375	3331
0	53353	0.4165	3332
0	53369	0.416625	3333
0	53385	0.41675	3334
0	53401	0.416875	3335
0	53417	0.417	3336
0	53433	0.417125	3337
0	53449	0.41725	3338
0	53465	0.417375	3339
0	53481	0.4175	3340
0	53497	0.417625	3341
0	53513	0.41775	3342
0	53529	0.417875	3343
0	53545	0.418	3344
0	53561	0.418125	3345
0	53577	0.41825	3346
0	53593	0.418375	3347
0	53609	0.4185	3348
0	53625	0.418625	3349
0	53641	0.41875	3350
0	53657	0.418875	3351
0	53673	0.419	3352
0	53689	0.419125	3353
0	53705	0.41925	3354
0	53721	0.419375	3355
0	53737	0.4195	3356
0	53753	0.419625	3357
0	53769	0.41975	3358
0	53785	0.419875	3359
0	53801	0.42	3360
0	53817	0.420125	3361
0	53833	0.42025	3362
0	53849	0.420375	3363
0	53865	0.4205	3364
0	53881	0.420625	3365
0	53897	0.42075	3366
0	53913	0.420875	3367
0	53929	0.421	3368
0	53945	0.421125	3369
0	53961	0.42125	3370
0	53977	0.421375	3371
0	53993	0.4215	3372
0	54009	0.421625	3373
0	54025	0.42175	3374
0	54041	0.421875	3375
0	54057	0.422	3376
0	54073	0.422125	3377
0	54089	0.42225	3378
0	54105	0.422375	3379
0	54121	0.4225	3380
0	54137	0.422625	3381
0	54153	0.42275	3382
0	54169	0.422875	3383
0	54185	0.423	3384
0	54201	0.423125	3385
0	54217	0.42325	3386
0	54233	0.423375	3387
0	54249	0.4235	3388
0	54265	0.423625	3389
0	54281	0.42375	3390
0	54297	0.423875	3391
0	54313	0.424	3392
0	54329	0.424125	3393
0	54345	0.42425	3394
0	54361	0.424375	3395
0	54377	0.4245	3396
0	54393	0.424625	3397
0	54409	0.42475	3398
0	54425	0.424875	3399
0	54441	0.425	3400
0	54457	0.425125	3401
0	54473	0.42525	3402
0	54489	0.425375	3403
0	54505	0.4255	3404
0	54521	0.425625	3405
0	54537	0.42575	3406
0	54553	0.425875	3407
0	54569	0.426	3408
0	54585	0.426125	3409
0	54601	0.42625	3410
0	54617	0.426375	3411
0	54633	0.4265	3412
0	54649	0.426625	3413
0	54665	0.42675	3414
0	54681	0.426875	3415
0	54697	0.427	3416
0	54713	0.427125	3417
0	54729	0.42725	3418
0	54745	0.427375	3419
0	54761	0.4275	3420
0	54777	0.427625	3421
0	54793	0.42775	3422
0	54809	0.427875	3423
0	54825	0.428	3424
0	54841	0.428125	3425
0	54857	0.42825	3426
0	54873	0.428375	3427
0	54889	0.4285	3428
0	54905	0.428625	3429
0	54921	0.42875	3430
0	54937	0.428875	3431
0	54953	0.429	3432
0	54969	0.429125	3433
0	54985	0.42925	3434
0	55001	0.429375	3435
0	55017	0.4295	3436
0	55033	0.429625	3437
0	55049	0.42975	3438
0	55065	0.429875	3439
0	55081	0.43	3440
0	55097	0.430125	3441
0	55113	0.43025	3442
0	55129	0.430375	3443
0	55145	0.4305	3444
0	55161	0.430625	3445
0	55177	0.43075	3446
0	55193	0.430875	3447
0	55209	0.431	3448
0	55225	0.431125	3449
0	55241	0.43125	3450
0	55257	0.431375	3451
0	55273	0.4315	3452
0	55289	0.431625	3453
0	55305	0.43175	3454
0	55321	0.431875	3455
0	55337	0.432	3456
0	55353	0.432125	3457
0	55369	0.43225	3458
0	55385	0.432375	3459
0	55401	0.4325	3460
0	55417	0.432625	3461
0	55433	0.43275	3462
0	55449	0.432875	3463
0	55465	0.433	3464
0	55481	0.433125	3465
0	55497	0.43325	3466
0	55513	0.433375	3467
0	55529	0.4335	3468
0	55545	0.433625	3469
0	55561	0.43375	3470
0	55577	0.433875	3471
0	55593	0.434	3472
0	55609	0.434125	3473
0	55625	0.43425	3474
0	55641	0.434375	3475
0	55657	0.4345	3476
0	55673	0.434625	3477
0	55689	0.43475	3478
0	55705	0.434875	3479
0	55721	0.435	3480
0	55737	0.435125	3481
0	55753	0.43525	3482
0	55769	0.435375	3483
0	55785	0.4355	3484
0	55801	0.435625	3485
0	55817	0.43575	3486
0	55833	0.435875	3487
0	55849	0.436	3488
0	55865	0.436125	3489
0	55881	0.43625	3490
0	55897	0.436375	3491
0	55913	0.4365	3492
0	55929	0.436625	3493
0	55945	0.43675	3494
0	55961	0.436875	3495
0	55977	0.437	3496
0	55993	0.437125	3497
0	56009	0.43725	3498
0	56025	0.437375	3499
0	56041	0.4375	3500
0	56057	0.437625	3501
0	56073	0.43775	3502
0	56089	0.437875	3503
0	56105	0.438	3504
0	56121	0.438125	3505
0	56137	0.43825	3506
0	56153	0.438375	3507
0	56169	0.4385	3508
0	56185	0.438625	3509
0	56201	0.43875	3510
0	56217	0.438875	3511
0	56233	0.439	3512
0	56249	0.439125	3513
0	56265	0.43925	3514
0	56281	0.439375	3515
0	56297	0.4395	3516
0	56313	0.439625	3517
0	56329	0.43975	3518
0	56345	0.439875	3519
0	56361	0.44	3520
0	56377	0.440125	3521
0	56393	0.44025	3522
0	56409	0.440375	3523
0	56425	0.4405	3524
0	56441	0.440625	3525
0	56457	0.44075	3526
0	56473	0.440875	3527
0	56489	0.441	3528
0	56505	0.441125	3529
0	56521	0.44125	3530
0	56537	0.441375	3531
0	56553	0.4415	3532
0	56569	0.441625	3533
0	56585	0.44175	3534
0	56601	0.441875	3535
0	56617	0.442	3536
0	56633	0.442125	3537
0	56649	0.44225	3538
0	56665	0.442375	3539
0	56681	0.4425	3540
0	56697	0.442625	3541
0	56713	0.44275	3542
0	56729	0.442875	3543
0	56745	0.443	3544
0	56761	0.443125	3545
0	56777	0.44325	3546
0	56793	0.443375	3547
0	56809	0.4435	3548
0	56825	0.443625	3549
0	56841	0.44375	3550
0	56857	0.443875	3551
0	56873	0.444	3552
0	56889	0.444125	3553
0	56905	0.44425	3554
0	56921	0.444375	3555
0	56937	0.4445	3556
0	56953	0.444625	3557
0	56969	0.44475	3558
0	56985	0.444875	3559
0	57001	0.445	3560
0	57017	0.445125	3561
0	57033	0.44525	3562
0	57049	0.445375	3563
0	57065	0.4455	3564
0	57081	0.445625	3565
0	57097	0.44575	3566
0	57113	0.445875	3567
0	57133	0.446	3568
0	57149	0.446125	3569
0	57165	0.44625	3570
0	57181	0.446375	3571
0	57197	0.4465	3572
0	57213	0.446625	3573
0	57229	0.44675	3574
0	57245	0.446875	3575
0	57261	0.447	3576
0	57277	0.447125	3577
0	57293	0.44725	3578
0	57309	0.447375	3579
0	57325	0.4475	3580
0	57341	0.447625	3581
0	57357	0.44775	3582
0	57373	0.447875	3583
0	57389	0.448	3584
0	57405	0.448125	3585
0	57421	0.44825	3586
0	57437	0.448375	3587
0	57453	0.4485	3588
0	57469	0.448625	3589
0	57485	0.44875	3590
0	57501	0.448875	3591
0	57517	0.449	3592
0	57533	0.449125	3593
0	57549	0.44925	3594
0	57565	0.449375	3595
0	57581	0.4495	3596
0	57597	0.449625	3597
0	57613	0.44975	3598
0	57629	0.449875	3599
0	57645	0.45	3600
0	57661	0.450125	3601
0	57677	0.45025	3602
0	57693	0.450375	3603
0	57709	0.4505	3604
0	57725	0.450625	3605
0	57741	0.45075	3606
0	57757	0.450875	3607
0	57773	0.451	3608
0	57789	0.451125	3609
0	57805	0.45125	3610
0	57821	0.451375	3611
0	57837	0.4515	3612
0	57853	0.451625	3613
0	57869	0.45175	3614
0	57885	0.451875	3615
0	57901	0.452	3616
0	57917	0.452125	3617
0	57933	0.45225	3618
0	57949	0.452375	3619
0	57965	0.4525	3620
0	57981	0.452625	3621
0	57997	0.45275	3622
0	58013	0.452875	3623
0	58029	0.453	3624
0	58045	0.453125	3625
0	58061	0.45325	3626
0	58077	0.453375	3627
0	58093	0.4535	3628
0	58109	0.453625	3629
0	58125	0.45375	3630
0	58141	0.453875	3631
0	58157	0.454	3632
0	58173	0.454125	3633
0	58189	0.45425	3634
0	58205	0.454375	3635
0	58221	0.4545	3636
0	58237	0.454625	3637
0	58253	0.45475	3638
0	58269	0.454875	3639
0	58285	0.455	3640
0	58301	0.455125	3641
0	58317	0.45525	3642
0	58333	0.455375	3643
0	58349	0.4555	3644
0	58365	0.455625	3645
0	58381	0.45575	3646
0	58397	0.455875	3647
0	58413	0.456	3648
0	58429	0.456125	3649
0	58445	0.45625	3650
0	58461	0.456375	3651
0	58477	0.4565	3652
0	58493	0.456625	3653
0	58509	0.45675	3654
0	58525	0.456875	3655
0	58541	0.457	3656
0	58557	0.457125	3657
0	58573	0.45725	3658
0	58589	0.457375	3659
0	58605	0.4575	3660
0	58621	0.457625	3661
0	58637	0.45775	3662
0	58653	0.457875	3663
0	58669	0.458	3664
0	58685	0.458125	3665
0	58701	0.45825	3666
0	58717	0.458375	3667
0	58733	0.4585	3668
0	58749	0.458625	3669
0	58765	0.45875	3670
0	58781	0.458875	3671
0	58797	0.459	3672
0	58813	0.459125	3673
0	58829	0.45925	3674
0	58845	0.459375	3675
0	58861	0.4595	3676
0	58877	0.459625	3677
0	58893	0.45975	3678
0	58909	0.459875	3679
0	58925	0.46	3680
0	58941	0.460125	3681
0	58957	0.46025	3682
0	58973	0.460375	3683
0	58989	0.4605	3684
0	59005	0.460625	3685
0	59021	0.46075	3686
0	59037	0.460875	3687
0	59053	0.461	3688
0	59069	0.461125	3689
0	59085	0.46125	3690
0	59101	0.461375	3691
0	59117	0.4615	3692
0	59133	0.461625	3693
0	59149	0.46175	3694
0	59165	0.461875	3695
0	59181	0.462	3696
0	59197	0.462125	3697
0	59213	0.46225	3698
0	59229	0.462375	3699
0	59245	0.4625	3700
0	59261	0.462625	3701
0	59277	0.46275	3702
0	59293	0.462875	3703
0	59309	0.463	3704
0	59325	0.463125	3705
0	59341	0.46325	3706
0	59357	0.463375	3707
0	59373	0.4635	3708
0	59389	0.463625	3709
0	59405	0.46375	3710
0	59421	0.463875	3711
0	59437	0.464	3712
0	59453	0.464125	3713
0	59469	0.46425	3714
0	59485	0.464375	3715
0	59501	0.4645	3716
0	59517	0.464625	3717
0	59533	0.46475	3718
0	59549	0.464875	3719
0	59565	0.465	3720
0	59581	0.465125	3721
0	59597	0.46525	3722
0	59613	0.465375	3723
0	59629	0.4655	3724
0	59645	0.465625	3725
0	59661	0.46575	3726
0	59677	0.465875	3727
0	59693	0.466	3728
0	59709	0.466125	3729
0	59725	0.46625	3730
0	59741	0.466375	3731
0	59757	0.4665	3732
0	59773	0.466625	3733
0	59789	0.46675	3734
0	59805	0.466875	3735
0	59821	0.467	3736
0	59837	0.467125	3737
0	59853	0.46725	3738
0	59869	0.467375	3739
0	59885	0.4675	3740
0	59901	0.467625	3741
0	59917	0.46775	3742
0	59933	0.467875	3743
0	59949	0.468	3744
0	59965	0.468125	3745
0	59981	0.46825	3746
0	59997	0.468375	3747
0	60013	0.4685	3748
0	60029	0.468625	3749
0	60045	0.46875	3750
0	60061	0.468875	3751
0	60077	0.469	3752
0	60093	0.469125	3753
0	60109	0.46925	3754
0	60125	0.469375	3755
0	60141	0.4695	3756
0	60157	0.469625	3757
0	60173	0.46975	3758
0	60189	0.469875	3759
0	60205	0.47	3760
0	60221	0.470125	3761
0	60237	0.47025	3762
0	60253	0.470375	3763
0	60269	0.4705	3764
0	60285	0.470625	3765
0	60301	0.47075	3766
0	60317	0.470875	3767
0	60333	0.471	3768
0	60349	0.471125	3769
0	60365	0.47125	3770
0	60381	0.471375	3771
0	60397	0.4715	3772
0	60413	0.471625	3773
0	60429	0.47175	3774
0	60445	0.471875	3775
0	60461	0.472	3776
0	60477	0.472125	3777
0	60493	0.47225	3778
0	60509	0.472375	3779
0	60525	0.4725	3780
0	60541	0.472625	3781
0	60557	0.47275	3782
0	60573	0.472875	3783
0	60589	0.473	3784
0	60605	0.473125	3785
0	60621	0.47325	3786
0	60637	0.473375	3787
0	60653	0.4735	3788
0	60669	0.473625	3789
0	60685	0.47375	3790
0	60701	0.473875	3791
0	60717	0.474	3792
0	60733	0.474125	3793
0	60749	0.47425	3794
0	60765	0.474375	3795
0	60781	0.4745	3796
0	60797	0.474625	3797
0	60813	0.47475	3798
0	60829	0.474875	3799
0	60845	0.475	3800
0	60861	0.475125	3801
0	60877	0.47525	3802
0	60893	0.475375	3803
0	60909	0.4755	3804
0	60925	0.475625	3805
0	60941	0.47575	3806
0	60957	0.475875	3807
0	60973	0.476	3808
0	60989	0.476125	3809
0	61005	0.47625	3810
0	61021	0.476375	3811
0	61037	0.4765	3812
0	61053	0.476625	3813
0	61069	0.47675	3814
0	61085	0.476875	3815
0	61101	0.477	3816
0	61117	0.477125	3817
0	61133	0.47725	3818
0	61149	0.477375	3819
0	61165	0.4775	3820
0	61181	0.477625	3821
0	61197	0.47775	3822
0	61213	0.477875	3823
0	61229	0.478	3824
0	61245	0.478125	3825
0	61261	0.47825	3826
0	61277	0.478375	3827
0	61293	0.4785	3828
0	61309	0.478625	3829
0	61325	0.47875	3830
0	61341	0.478875	3831
0	61357	0.479	3832
0	61373	0.479125	3833
0	61389	0.47925	3834
0	61405	0.479375	3835
0	61421	0.4795	3836
0	61437	0.479625	3837
0	61453	0.47975	3838
0	61469	0.479875	3839
0	61485	0.48	3840
0	61501	0.480125	3841
0	61517	0.48025	3842
0	61533	0.480375	3843
0	61549	0.4805	3844
0	61565	0.480625	3845
0	61581	0.48075	3846
0	61597	0.480875	3847
0	61613	0.481	3848
0	61629	0.481125	3849
0	61645	0.48125	3850
0	61661	0.481375	3851
0	61677	0.4815	3852
0	61693	0.481625	3853
0	61709	0.48175	3854
0	61725	0.481875	3855
0	61741	0.482	3856
0	61757	0.482125	3857
0	61773	0.48225	3858
0	61789	0.482375	3859
0	61805	0.4825	3860
0	61821	0.482625	3861
0	61837	0.48275	3862
0	61853	0.482875	3863
0	61869	0.483	3864
0	61889	0.483125	3865
0	61905	0.48325	3866
0	61921	0.483375	3867
0	61937	0.4835	3868
0	61953	0.483625	3869
0	61969	0.48375	3870
0	61985	0.483875	3871
0	62001	0.484	3872
0	62017	0.484125	3873
0	62033	0.48425	3874
0	62049	0.484375	3875
0	62065	0.4845	3876
0	62081	0.484625	3877
0	62097	0.48475	3878
0	62113	0.484875	3879
0	62129	0.485	3880
0	62145	0.485125	3881
0	62161	0.48525	3882
0	62177	0.485375	3883
0	62193	0.4855	3884
0	62209	0.485625	3885
0	62225	0.48575	3886
0	62241	0.485875	3887
0	62257	0.486	3888
0	62273	0.486125	3889
0	62289	0.48625	3890
0	62305	0.486375	3891
0	62321	0.4865	3892
0	62337	0.486625	3893
0	62353	0.48675	3894
0	62369	0.486875	3895
0	62385	0.487	3896
0	62401	0.487125	3897
0	62417	0.48725	3898
0	62433	0.487375	3899
0	62449	0.4875	3900
0	62465	0.487625	3901
0	62481	0.48775	3902
0	62497	0.487875	3903
0	62513	0.488	3904
0	62529	0.488125	3905
0	62545	0.48825	3906
0	62561	0.488375	3907
0	62577	0.4885	3908
0	62593	0.488625	3909
0	62609	0.48875	3910
0	62625	0.488875	3911
0	62641	0.489	3912
0	62657	0.489125	3913
0	62673	0.48925	3914
0	62689	0.489375	3915
0	62705	0.4895	3916
0	62721	0.489625	3917
0	62737	0.48975	3918
0	62753	0.489875	3919
0	62769	0.49	3920
0	62785	0.490125	3921
0	62801	0.49025	3922
0	62817	0.490375	3923
0	62833	0.4905	3924
0	62849	0.490625	3925
0	62865	0.49075	3926
0	62881	0.490875	3927
0	62897	0.491	3928
0	62913	0.491125	3929
0	62929	0.49125	3930
0	62945	0.491375	3931
0	62961	0.4915	3932
0	62977	0.491625	3933
0	62993	0.49175	3934
0	63009	0.491875	3935
0	63025	0.492	3936
0	63041	0.492125	3937
0	63057	0.49225	3938
0	63073	0.492375	3939
0	63089	0.4925	3940
0	63105	0.492625	3941
0	63121	0.49275	3942
0	63137	0.492875	3943
0	63153	0.493	3944
0	63169	0.493125	3945
0	63185	0.49325	3946
0	63201	0.493375	3947
0	63217	0.4935	3948
0	63233	0.493625	3949
0	63249	0.49375	3950
0	63265	0.493875	3951
0	63281	0.494	3952
0	63297	0.494125	3953
0	63313	0.49425	3954
0	63329	0.494375	3955
0	63345	0.4945	3956
0	63361	0.494625	3957
0	63377	0.49475	3958
0	63393	0.494875	3959
0	63409	0.495	3960
0	63425	0.495125	3961
0	63441	0.49525	3962
0	63457	0.495375	3963
0	63473	0.4955	3964
0	63489	0.495625	3965
0	63505	0.49575	3966
0	63521	0.495875	3967
0	63537	0.496	3968
0	63553	0.496125	3969
0	63569	0.49625	3970
0	63585	0.496375	3971
0	63601	0.4965	3972
0	63617	0.496625	3973
0	63633	0.49675	3974
0	63649	0.496875	3975
0	63665	0.497	3976
0	63681	0.497125	3977
0	63697	0.49725	3978
0	63713	0.497375	3979
0	63729	0.4975	3980
0	63745	0.497625	3981
0	63761	0.49775	3982
0	63777	0.497875	3983
0	63793	0.498	3984
0	63809	0.498125	3985
0	63825	0.49825	3986
0	63841	0.498375	3987
0	63857	0.4985	3988
0	63873	0.498625	3989
0	63889	0.49875	3990
0	63905	0.498875	3991
0	63921	0.499	3992
0	63937	0.499125	3993
0	63953	0.49925	3994
0	63969	0.499375	3995
0	63985	0.4995	3996
0	64001	0.499625	3997
0	64017	0.49975	3998
0	64033	0.499875	3999
0	64049	0.5	4000
0	64065	0.500125	4001
0	64081	0.50025	4002
0	64097	0.500375	4003
0	64113	0.5005	4004
0	64129	0.500625	4005
0	64145	0.50075	4006
0	64161	0.500875	4007
0	64177	0.501	4008
0	64193	0.501125	4009
0	64209	0.50125	4010
0	64225	0.501375	4011
0	64241	0.5015	4012
0	64257	0.501625	4013
0	64273	0.50175	4014
0	64289	0.501875	4015
0	64305	0.502	4016
0	64321	0.502125	4017
0	64337	0.50225	4018
0	64353	0.502375	4019
0	64369	0.5025	4020
0	64385	0.502625	4021
0	64401	0.50275	4022
0	64417	0.502875	4023
0	64433	0.503	4024
0	64449	0.503125	4025
0	64465	0.50325	4026
0	64481	0.503375	4027
0	64497	0.5035	4028
0	64513	0.503625	4029
0	64529	0.50375	4030
0	64545	0.503875	4031
0	64561	0.504	4032
0	64577	0.504125	4033
0	64593	0.50425	4034
0	64609	0.504375	4035
0	64625	0.5045	4036
0	64641	0.504625	4037
0	64657	0.50475	4038
0	64673	0.504875	4039
0	64689	0.505	4040
0	64705	0.505125	4041
0	64721	0.50525	4042
0	64737	0.505375	4043
0	64753	0.5055	4044
0	64769	0.505625	4045
0	64785	0.50575	4046
0	64801	0.505875	4047
0	64817	0.506	4048
0	64833	0.506125	4049
0	64849	0.50625	4050
0	64865	0.506375	4051
0	64881	0.5065	4052
0	64897	0.506625	4053
0	64913	0.50675	4054
0	64929	0.506875	4055
0	64945	0.507	4056
0	64961	0.507125	4057
0	64977	0.50725	4058
0	64993	0.507375	4059
0	65009	0.5075	4060
0	65025	0.507625	4061
0	65041	0.50775	4062
0	65057	0.507875	4063
0	65073	0.508	4064
0	65089	0.508125	4065
0	65105	0.50825	4066
0	65121	0.508375	4067
0	65137	0.5085	4068
0	65153	0.508625	4069
0	65169	0.50875	4070
0	65185	0.508875	4071
0	65201	0.509	4072
0	65217	0.509125	4073
0	65233	0.50925	4074
0	65249	0.509375	4075
0	65265	0.5095	4076
0	65281	0.509625	4077
0	65297	0.50975	4078
0	65313	0.509875	4079
0	65329	0.51	4080
0	65345	0.510125	4081
0	65361	0.51025	4082
0	65377	0.510375	4083
0	65393	0.5105	4084
0	65409	0.510625	4085
0	65425	0.51075	4086
0	65441	0.510875	4087
0	65457	0.511	4088
0	65473	0.511125	4089
0	65489	0.51125	4090
0	65505	0.511375	4091
0	65521	0.5115	4092
0	65537	0.511625	4093
0	65553	0.51175	4094
0	65569	0.511875	4095
0	65585	0.512	4096
0	65601	0.512125	4097
0	65617	0.51225	4098
0	65633	0.512375	4099
0	65649	0.5125	4100
0	65665	0.512625	4101
0	65681	0.51275	4102
0	65697	0.512875	4103
0	65713	0.513	4104
0	65729	0.513125	4105
0	65745	0.51325	4106
0	65761	0.513375	4107
0	65777	0.5135	4108
0	65793	0.513625	4109
0	65809	0.51375	4110
0	65825	0.513875	4111
0	65841	0.514	4112
0	65857	0.514125	4113
0	65873	0.51425	4114
0	65889	0.514375	4115
0	65905	0.5145	4116
0	65921	0.514625	4117
0	65937	0.51475	4118
0	65953	0.514875	4119
0	65969	0.515	4120
0	65985	0.515125	4121
0	66001	0.51525	4122
0	66017	0.515375	4123
0	66033	0.5155	4124
0	66049	0.515625	4125
0	66065	0.51575	4126
0	66081	0.515875	4127
0	66097	0.516	4128
0	66113	0.516125	4129
0	66129	0.51625	4130
0	66145	0.516375	4131
0	66161	0.5165	4132
0	66177	0.516625	4133
0	66193	0.51675	4134
0	66209	0.516875	4135
0	66225	0.517	4136
0	66241	0.517125	4137
0	66257	0.51725	4138
0	66273	0.517375	4139
0	66289	0.5175	4140
0	66305	0.517625	4141
0	66321	0.51775	4142
0	66337	0.517875	4143
0	66353	0.518	4144
0	66369	0.518125	4145
0	66385	0.51825	4146
0	66401	0.518375	4147
0	66417	0.5185	4148
0	66433	0.518625	4149
0	66449	0.51875	4150
0	66465	0.518875	4151
0	66481	0.519	4152
0	66497	0.519125	4153
0	66513	0.51925	4154
0	66529	0.519375	4155
0	66545	0.5195	4156
0	66561	0.519625	4157
0	66577	0.51975	4158
0	66593	0.519875	4159
0	66609	0.52	4160
0	66625	0.520125	4161
0	66641	0.52025	4162
0	66661	0.520375	4163
0	66677	0.5205	4164
0	66693	0.520625	4165
0	66709	0.52075	4166
0	66725	0.520875	4167
0	66741	0.521	4168
0	66757	0.521125	4169
0	66773	0.52125	4170
0	66789	0.521375	4171
0	66805	0.5215	4172
0	66821	0.521625	4173
0	66837	0.52175	4174
0	66853	0.521875	4175
0	66869	0.522	4176
0	66885	0.522125	4177
0	66901	0.52225	4178
0	66917	0.522375	4179
0	66933	0.5225	4180
0	66949	0.522625	4181
0	66965	0.52275	4182
0	66981	0.522875	4183
0	66997	0.523	4184
0	67013	0.523125	4185
0	67029	0.52325	4186
0	67045	0.523375	4187
0	67061	0.5235	4188
0	67077	0.523625	4189
0	67093	0.52375	4190
0	67109	0.523875	4191
0	67125	0.524	4192
0	67141	0.524125	4193
0	67157	0.52425	4194
0	67173	0.524375	4195
0	67189	0.5245	4196
0	67205	0.524625	4197
0	67221	0.52475	4198
0	67237	0.524875	4199
0	67253	0.525	4200
0	67269	0.525125	4201
0	67285	0.52525	4202
0	67301	0.525375	4203
0	67317	0.5255	4204
0	67333	0.525625	4205
0	67349	0.52575	4206
0	67365	0.525875	4207
0	67381	0.526	4208
0	67397	0.526125	4209
0	67413	0.52625	4210
0	67429	0.526375	4211
0	67445	0.5265	4212
0	67461	0.526625	4213
0	67477	0.52675	4214
0	67493	0.526875	4215
0	67509	0.527	4216
0	67525	0.527125	4217
0	67541	0.52725	4218
0	67557	0.527375	4219
0	67573	0.5275	4220
0	67589	0.527625	4221
0	67605	0.52775	4222
0	67621	0.527875	4223
0	67637	0.528	4224
0	67653	0.528125	4225
0	67669	0.52825	4226
0	67685	0.528375	4227
0	67701	0.5285	4228
0	67717	0.528625	4229
0	67733	0.52875	4230
0	67749	0.528875	4231
0	67765	0.529	4232
0	67781	0.529125	4233
0	67797	0.52925	4234
0	67813	0.529375	4235
0	67829	0.5295	4236
0	67845	0.529625	4237
0	67861	0.52975	4238
0	67877	0.529875	4239
0	67893	0.53	4240
0	67909	0.530125	4241
0	67925	0.53025	4242
0	67941	0.530375	4243
0	67957	0.5305	4244
0	67973	0.530625	4245
0	67989	0.53075	4246
0	68005	0.530875	4247
0	68021	0.531	4248
0	68037	0.531125	4249
0	68053	0.53125	4250
0	68069	0.531375	4251
0	68085	0.5315	4252
0	68101	0.531625	4253
0	68117	0.53175	4254
0	68133	0.531875	4255
0	68149	0.532	4256
0	68165	0.532125	4257
0	68181	0.53225	4258
0	68197	0.532375	4259
0	68213	0.5325	4260
0	68229	0.532625	4261
0	68245	0.53275	4262
0	68261	0.532875	4263
0	68277	0.533	4264
0	68293	0.533125	4265
0	68309	0.53325	4266
0	68325	0.533375	4267
0	68341	0.5335	4268
0	68357	0.533625	4269
0	68373	0.53375	4270
0	68389	0.533875	4271
0	68405	0.534	4272
0	68421	0.534125	4273
0	68437	0.53425	4274
0	68453	0.534375	4275
0	68469	0.5345	4276
0	68485	0.534625	4277
0	68501	0.53475	4278
0	68517	0.534875	4279
0	68533	0.535	4280
0	68549	0.535125	4281
0	68565	0.53525	4282
0	68581	0.535375	4283
0	68597	0.5355	4284
0	68613	0.535625	4285
0	68629	0.53575	4286
0	68645	0.535875	4287
0	68661	0.536	4288
0	68677	0.536125	4289
0	68693	0.53625	4290
0	68709	0.536375	4291
0	68725	0.5365	4292
0	68741	0.536625	4293
0	68757	0.53675	4294
0	68773	0.536875	4295
0	68789	0.537	4296
0	68805	0.537125	4297
0	68821	0.53725	4298
0	68837	0.537375	4299
0	68853	0.5375	4300
0	68869	0.537625	4301
0	68885	0.53775	4302
0	68901	0.537875	4303
0	68917	0.538	4304
0	68933	0.538125	4305
0	68949	0.53825	4306
0	68965	0.538375	4307
0	68981	0.5385	4308
0	68997	0.538625	4309
0	69013	0.53875	4310
0	69029	0.538875	4311
0	69045	0.539	4312
0	69061	0.539125	4313
0	69077	0.53925	4314
0	69093	0.539375	4315
0	69109	0.5395	4316
0	69125	0.539625	4317
0	69141	0.53975	4318
0	69157	0.539875	4319
0	69173	0.54	4320
0	69189	0.540125	4321
0	69205	0.54025	4322
0	69221	0.540375	4323
0	69237	0.5405	4324
0	69253	0.540625	4325
0	69269	0.54075	4326
0	69285	0.540875	4327
0	69301	0.541	4328
0	69317	0.541125	4329
0	69333	0.54125	4330
0	69349	0.541375	4331
0	69365	0.5415	4332
0	69381	0.541625	4333
0	69397	0.54175	4334
0	69413	0.541875	4335
0	69429	0.542	4336
0	69445	0.542125	4337
0	69461	0.54225	4338
0	69477	0.542375	4339
0	69493	0.5425	4340
0	69509	0.542625	4341
0	69525	0.54275	4342
0	69541	0.542875	4343
0	69557	0.543	4344
0	69573	0.543125	4345
0	69589	0.54325	4346
0	69605	0.543375	4347
0	69621	0.5435	4348
0	69637	0.543625	4349
0	69653	0.54375	4350
0	69669	0.543875	4351
0	69685	0.544	4352
0	69701	0.544125	4353
0	69717	0.54425	4354
0	69733	0.544375	4355
0	69749	0.5445	4356
0	69765	0.544625	4357
0	69781	0.54475	4358
0	69797	0.544875	4359
0	69813	0.545	4360
0	69829	0.545125	4361
0	69845	0.54525	4362
0	69861	0.545375	4363
0	69877	0.5455	4364
0	69893	0.545625	4365
0	69909	0.54575	4366
0	69925	0.545875	4367
0	69941	0.546	4368
0	69957	0.546125	4369
0	69973	0.54625	4370
0	69989	0.546375	4371
0	70005	0.5465	4372
0	70021	0.546625	4373
0	70037	0.54675	4374
0	70053	0.546875	4375
0	70069	0.547	4376
0	70085	0.547125	4377
0	70101	0.54725	4378
0	70117	0.547375	4379
0	70133	0.5475	4380
0	70149	0.547625	4381
0	70165	0.54775	4382
0	70181	0.547875	4383
0	70197	0.548	4384
0	70213	0.548125	4385
0	70229	0.54825	4386
0	70245	0.548375	4387
0	70261	0.5485	4388
0	70277	0.548625	4389
0	70293	0.54875	4390
0	70309	0.548875	4391
0	70325	0.549	4392
0	70341	0.549125	4393
0	70357	0.54925	4394
0	70373	0.549375	4395
0	70389	0.5495	4396
0	70405	0.549625	4397
0	70421	0.54975	4398
0	70437	0.549875	4399
0	70453	0.55	4400
0	70469	0.550125	4401
0	70485	0.55025	4402
0	70501	0.550375	4403
0	70517	0.5505	4404
0	70533	0.550625	4405
0	70549	0.55075	4406
0	70565	0.550875	4407
0	70581	0.551	4408
0	70597	0.551125	4409
0	70613	0.55125	4410
0	70629	0.551375	4411
0	70645	0.5515	4412
0	70661	0.551625	4413
0	70677	0.55175	4414
0	70693	0.551875	4415
0	70709	0.552	4416
0	70725	0.552125	4417
0	70741	0.55225	4418
0	70757	0.552375	4419
0	70773	0.5525	4420
0	70789	0.552625	4421
0	70805	0.55275	4422
0	70821	0.552875	4423
0	70837	0.553	4424
0	70853	0.553125	4425
0	70869	0.55325	4426
0	70885	0.553375	4427
0	70901	0.5535	4428
0	70917	0.553625	4429
0	70933	0.55375	4430
0	70949	0.553875	4431
0	70965	0.554	4432
0	70981	0.554125	4433
0	70997	0.55425	4434
0	71013	0.554375	4435
0	71029	0.5545	4436
0	71045	0.554625	4437
0	71061	0.55475	4438
0	71077	0.554875	4439
0	71093	0.555	4440
0	71109	0.555125	4441
0	71125	0.55525	4442
0	71141	0.555375	4443
0	71157	0.5555	4444
0	71173	0.555625	4445
0	71189	0.55575	4446
0	71205	0.555875	4447
0	71221	0.556	4448
0	71237	0.556125	4449
0	71253	0.55625	4450
0	71269	0.556375	4451
0	71285	0.5565	4452
0	71301	0.556625	4453
0	71317	0.55675	4454
0	71333	0.556875	4455
0	71349	0.557	4456
0	71365	0.557125	4457
0	71381	0.55725	4458
0	71397	0.557375	4459
0	71417	0.5575	4460
0	71433	0.557625	4461
0	71449	0.55775	4462
0	71465	0.557875	4463
0	71481	0.558	4464
0	71497	0.558125	4465
0	71513	0.55825	4466
0	71529	0.558375	4467
0	71545	0.5585	4468
0	71561	0.558625	4469
0	71577	0.55875	4470
0	71593	0.558875	4471
0	71609	0.559	4472
0	71625	0.559125	4473
0	71641	0.55925	4474
0	71657	0.559375	4475
0	71673	0.5595	4476
0	71689	0.559625	4477
0	71705	0.55975	4478
0	71721	0.559875	4479
0	71737	0.56	4480
0	71753	0.560125	4481
0	71769	0.56025	4482
0	71785	0.560375	4483
0	71801	0.5605	4484
0	71817	0.560625	4485
0	71833	0.56075	4486
0	71849	0.560875	4487
0	71865	0.561	4488
0	71881	0.561125	4489
0	71897	0.56125	4490
0	71913	0.561375	4491
0	71929	0.5615	4492
0	71945	0.561625	4493
0	71961	0.56175	4494
0	71977	0.561875	4495
0	71993	0.562	4496
0	72009	0.562125	4497
0	72025	0.56225	4498
0	72041	0.562375	4499
0	72057	0.5625	4500
0	72073	0.562625	4501
0	72089	0.56275	4502
0	72105	0.562875	4503
0	72121	0.563	4504
0	72137	0.563125	4505
0	72153	0.56325	4506
0	72169	0.563375	4507
0	72185	0.5635	4508
0	72201	0.563625	4509
0	72217	0.56375	4510
0	72233	0.563875	4511
0	72249	0.564	4512
0	72265	0.564125	4513
0	72281	0.56425	4514
0	72297	0.564375	4515
0	72313	0.5645	4516
0	72329	0.564625	4517
0	72345	0.56475	4518
0	72361	0.564875	4519
0	72377	0.565	4520
0	72393	0.565125	4521
0	72409	0.56525	4522
0	72425	0.565375	4523
0	72441	0.5655	4524
0	72457	0.565625	4525
0	72473	0.56575	4526
0	72489	0.565875	4527
0	72505	0.566	4528
0	72521	0.566125	4529
0	72537	0.56625	4530
0	72553	0.566375	4531
0	72569	0.5665	4532
0	72585	0.566625	4533
0	72601	0.56675	4534
0	72617	0.566875	4535
0	72633	0.567	4536
0	72649	0.567125	4537
0	72665	0.56725	4538
0	72681	0.567375	4539
0	72697	0.5675	4540
0	72713	0.567625	4541
0	72729	0.56775	4542
0	72745	0.567875	4543
0	72761	0.568	4544
0	72777	0.568125	4545
0	72793	0.56825	4546
0	72809	0.568375	4547
0	72825	0.5685	4548
0	72841	0.568625	4549
0	72857	0.56875	4550
0	72873	0.568875	4551
0	72889	0.569	4552
0	72905	0.569125	4553
0	72921	0.56925	4554
0	72937	0.569375	4555
0	72953	0.5695	4556
0	72969	0.569625	4557
0	72985	0.56975	4558
0	73001	0.569875	4559
0	73017	0.57	4560
0	73033	0.570125	4561
0	73049	0.57025	4562
0	73065	0.570375	4563
0	73081	0.5705	4564
0	73097	0.570625	4565
0	73113	0.57075	4566
0	73129	0.570875	4567
0	73145	0.571	4568
0	73161	0.571125	4569
0	73177	0.57125	4570
0	73193	0.571375	4571
0	73209	0.5715	4572
0	73225	0.571625	4573
0	73241	0.57175	4574
0	73257	0.571875	4575
0	73273	0.572	4576
0	73289	0.572125	4577
0	73305	0.57225	4578
0	73321	0.572375	4579
0	73337	0.5725	4580
0	73353	0.572625	4581
0	73369	0.57275	4582
0	73385	0.572875	4583
0	73401	0.573	4584
0	73417	0.573125	4585
0	73433	0.57325	4586
0	73449	0.573375	4587
0	73465	0.5735	4588
0	73481	0.573625	4589
0	73497	0.57375	4590
0	73513	0.573875	4591
0	73529	0.574	4592
0	73545	0.574125	4593
0	73561	0.57425	4594
0	73577	0.574375	4595
0	73593	0.5745	4596
0	73609	0.574625	4597
0	73625	0.57475	4598
0	73641	0.574875	4599
0	73657	0.575	4600
0	73673	0.575125	4601
0	73689	0.57525	4602
0	73705	0.575375	4603
0	73721	0.5755	4604
0	73737	0.575625	4605
0	73753	0.57575	4606
0	73769	0.575875	4607
0	73785	0.576	4608
0	73801	0.576125	4609
0	73817	0.57625	4610
0	73833	0.576375	4611
0	73849	0.5765	4612
0	73865	0.576625	4613
0	73881	0.57675	4614
0	73897	0.576875	4615
0	73913	0.577	4616
0	73929	0.577125	4617
0	73945	0.57725	4618
0	73961	0.577375	4619
0	73977	0.5775	4620
0	73993	0.577625	4621
0	74009	0.57775	4622
0	74025	0.577875	4623
0	74041	0.578	4624
0	74057	0.578125	4625
0	74073	0.57825	4626
0	74089	0.578375	4627
0	74105	0.5785	4628
0	74121	0.578625	4629
0	74137	0.57875	4630
0	74153	0.578875	4631
0	74169	0.579	4632
0	74185	0.579125	4633
0	74201	0.57925	4634
0	74217	0.579375	4635
0	74233	0.5795	4636
0	74249	0.579625	4637
0	74265	0.57975	4638
0	74281	0.579875	4639
0	74297	0.58	4640
0	74313	0.580125	4641
0	74329	0.58025	4642
0	74345	0.580375	4643
0	74361	0.5805	4644
0	74377	0.580625	4645
0	74393	0.58075	4646
0	74409	0.580875	4647
0	74425	0.581	4648
0	74441	0.581125	4649
0	74457	0.58125	4650
0	74473	0.581375	4651
0	74489	0.5815	4652
0	74505	0.581625	4653
0	74521	0.58175	4654
0	74537	0.581875	4655
0	74553	0.582	4656
0	74569	0.582125	4657
0	74585	0.58225	4658
0	74601	0.582375	4659
0	74617	0.5825	4660
0	74633	0.582625	4661
0	74649	0.58275	4662
0	74665	0.582875	4663
0	74681	0.583	4664
0	74697	0.583125	4665
0	74713	0.58325	4666
0	74729	0.583375	4667
0	74745	0.5835	4668
0	74761	0.583625	4669
0	74777	0.58375	4670
0	74793	0.583875	4671
0	74809	0.584	4672
0	74825	0.584125	4673
0	74841	0.58425	4674
0	74857	0.584375	4675
0	74873	0.5845	4676
0	74889	0.584625	4677
0	74905	0.58475	4678
0	74921	0.584875	4679
0	74937	0.585	4680
0	74953	0.585125	4681
0	74969	0.58525	4682
0	74985	0.585375	4683
0	75001	0.5855	4684
0	75017	0.585625	4685
0	75033	0.58575	4686
0	75049	0.585875	4687
0	75065	0.586	4688
0	75081	0.586125	4689
0	75097	0.58625	4690
0	75113	0.586375	4691
0	75129	0.5865	4692
0	75145	0.586625	4693
0	75161	0.58675	4694
0	75177	0.586875	4695
0	75193	0.587	4696
0	75209	0.587125	4697
0	75225	0.58725	4698
0	75241	0.587375	4699
0	75257	0.5875	4700
0	75273	0.587625	4701
0	75289	0.58775	4702
0	75305	0.587875	4703
0	75321	0.588	4704
0	75337	0.588125	4705
0	75353	0.58825	4706
0	75369	0.588375	4707
0	75385	0.5885	4708
0	75401	0.588625	4709
0	75417	0.58875	4710
0	75433	0.588875	4711
0	75449	0.589	4712
0	75465	0.589125	4713
0	75481	0.58925	4714
0	75497	0.589375	4715
0	75513	0.5895	4716
0	75529	0.589625	4717
0	75545	0.58975	4718
0	75561	0.589875	4719
0	75577	0.59	4720
0	75593	0.590125	4721
0	75609	0.59025	4722
0	75625	0.590375	4723
0	75641	0.5905	4724
0	75657	0.590625	4725
0	75673	0.59075	4726
0	75689	0.590875	4727
0	75705	0.591	4728
0	75721	0.591125	4729
0	75737	0.59125	4730
0	75753	0.591375	4731
0	75769	0.5915	4732
0	75785	0.591625	4733
0	75801	0.59175	4734
0	75817	0.591875	4735
0	75833	0.592	4736
0	75849	0.592125	4737
0	75865	0.59225	4738
0	75881	0.592375	4739
0	75897	0.5925	4740
0	75913	0.592625	4741
0	75929	0.59275	4742
0	75945	0.592875	4743
0	75961	0.593	4744
0	75977	0.593125	4745
0	75993	0.59325	4746
0	76009	0.593375	4747
0	76025	0.5935	4748
0	76041	0.593625	4749
0	76057	0.59375	4750
0	76073	0.593875	4751
0	76089	0.594	4752
0	76105	0.594125	4753
0	76121	0.59425	4754
0	76137	0.594375	4755
0	76153	0.5945	4756
0	76173	0.594625	4757
0	76189	0.59475	4758
0	76205	0.594875	4759
0	76221	0.595	4760
0	76237	0.595125	4761
0	76253	0.59525	4762
0	76269	0.595375	4763
0	76285	0.5955	4764
0	76301	0.595625	4765
0	76317	0.59575	4766
0	76333	0.595875	4767
0	76349	0.596	4768
0	76365	0.596125	4769
0	76381	0.59625	4770
0	76397	0.596375	4771
0	76413	0.5965	4772
0	76429	0.596625	4773
0	76445	0.59675	4774
0	76461	0.596875	4775
0	76477	0.597	4776
0	76493	0.597125	4777
0	76509	0.59725	4778
0	76525	0.597375	4779
0	76541	0.5975	4780
0	76557	0.597625	4781
0	76573	0.59775	4782
0	76589	0.597875	4783
0	76605	0.598	4784
0	76621	0.598125	4785
0	76637	0.59825	4786
0	76653	0.598375	4787
0	76669	0.5985	4788
0	76685	0.598625	4789
0	76701	0.59875	4790
0	76717	0.598875	4791
0	76733	0.599	4792
0	76749	0.599125	4793
0	76765	0.59925	4794
0	76781	0.599375	4795
0	76797	0.5995	4796
0	76813	0.599625	4797
0	76829	0.59975	4798
0	76845	0.599875	4799
0	76861	0.6	4800
0	76877	0.600125	4801
0	76893	0.60025	4802
0	76909	0.600375	4803
0	76925	0.6005	4804
0	76941	0.600625	4805
0	76957	0.60075	4806
0	76973	0.600875	4807
0	76989	0.601	4808
0	77005	0.601125	4809
0	77021	0.60125	4810
0	77037	0.601375	4811
0	77053	0.6015	4812
0	77069	0.601625	4813
0	77085	0.60175	4814
0	77101	0.601875	4815
0	77117	0.602	4816
0	77133	0.602125	4817
0	77149	0.60225	4818
0	77165	0.602375	4819
0	77181	0.6025	4820
0	77197	0.602625	4821
0	77213	0.60275	4822
0	77229	0.602875	4823
0	77245	0.603	4824
0	77261	0.603125	4825
0	77277	0.60325	4826
0	77293	0.603375	4827
0	77309	0.6035	4828
0	77325	0.603625	4829
0	77341	0.60375	4830
0	77357	0.603875	4831
0	77373	0.604	4832
0	77389	0.604125	4833
0	77405	0.60425	4834
0	77421	0.604375	4835
0	77437	0.6045	4836
0	77453	0.604625	4837
0	77469	0.60475	4838
0	77485	0.604875	4839
0	77501	0.605	4840
0	77517	0.605125	4841
0	77533	0.60525	4842
0	77549	0.605375	4843
0	77565	0.6055	4844
0	77581	0.605625	4845
0	77597	0.60575	4846
0	77613	0.605875	4847
0	77629	0.606	4848
0	77645	0.606125	4849
0	77661	0.60625	4850
0	77677	0.606375	4851
0	77693	0.6065	4852
0	77709	0.606625	4853
0	77725	0.60675	4854
0	77741	0.606875	4855
0	77757	0.607	4856
0	77773	0.607125	4857
0	77789	0.60725	4858
0	77805	0.607375	4859
0	77821	0.6075	4860
0	77837	0.607625	4861
0	77853	0.60775	4862
0	77869	0.607875	4863
0	77885	0.608	4864
0	77901	0.608125	4865
0	77917	0.60825	4866
0	77933	0.608375	4867
0	77949	0.6085	4868
0	77965	0.608625	4869
0	77981	0.60875	4870
0	77997	0.608875	4871
0	78013	0.609	4872
0	78029	0.609125	4873
0	78045	0.60925	4874
0	78061	0.609375	4875
0	78077	0.6095	4876
0	78093	0.609625	4877
0	78109	0.60975	4878
0	78125	0.609875	4879
0	78141	0.61	4880
0	78157	0.610125	4881
0	78173	0.61025	4882
0	78189	0.610375	4883
0	78205	0.6105	4884
0	78221	0.610625	4885
0	78237	0.61075	4886
0	78253	0.610875	4887
0	78269	0.611	4888
0	78285	0.611125	4889
0	78301	0.61125	4890
0	78317	0.611375	4891
0	78333	0.6115	4892
0	78349	0.611625	4893
0	78365	0.61175	4894
0	78381	0.611875	4895
0	78397	0.612	4896
0	78413	0.612125	4897
0	78429	0.61225	4898
0	78445	0.612375	4899
0	78461	0.6125	4900
0	78477	0.612625	4901
0	78493	0.61275	4902
0	78509	0.612875	4903
0	78525	0.613	4904
0	78541	0.613125	4905
0	78557	0.61325	4906
0	78573	0.613375	4907
0	78589	0.6135	4908
0	78605	0.613625	4909
0	78621	0.61375	4910
0	78637	0.613875	4911
0	78653	0.614	4912
0	78669	0.614125	4913
0	78685	0.61425	4914
0	78701	0.614375	4915
0	78717	0.6145	4916
0	78733	0.614625	4917
0	78749	0.61475	4918
0	78765	0.614875	4919
0	78781	0.615	4920
0	78797	0.615125	4921
0	78813	0.61525	4922
0	78829	0.615375	4923
0	78845	0.6155	4924
0	78861	0.615625	4925
0	78877	0.61575	4926
0	78893	0.615875	4927
0	78909	0.616	4928
0	78925	0.616125	4929
0	78941	0.61625	4930
0	78957	0.616375	4931
0	78973	0.6165	4932
0	78989	0.616625	4933
0	79005	0.61675	4934
0	79021	0.616875	4935
0	79037	0.617	4936
0	79053	0.617125	4937
0	79069	0.61725	4938
0	79085	0.617375	4939
0	79101	0.6175	4940
0	79117	0.617625	4941
0	79133	0.61775	4942
0	79149	0.617875	4943
0	79165	0.618	4944
0	79181	0.618125	4945
0	79197	0.61825	4946
0	79213	0.618375	4947
0	79229	0.6185	4948
0	79245	0.618625	4949
0	79261	0.61875	4950
0	79277	0.618875	4951
0	79293	0.619	4952
0	79309	0.619125	4953
0	79325	0.61925	4954
0	79341	0.619375	4955
0	79357	0.6195	4956
0	79373	0.619625	4957
0	79389	0.61975	4958
0	79405	0.619875	4959
0	79421	0.62	4960
0	79437	0.620125	4961
0	79453	0.62025	4962
0	79469	0.620375	4963
0	79485	0.6205	4964
0	79501	0.620625	4965
0	79517	0.62075	4966
0	79533	0.620875	4967
0	79549	0.621	4968
0	79565	0.621125	4969
0	79581	0.62125	4970
0	79597	0.621375	4971
0	79613	0.6215	4972
0	79629	0.621625	4973
0	79645	0.62175	4974
0	79661	0.621875	4975
0	79677	0.622	4976
0	79693	0.622125	4977
0	79709	0.62225	4978
0	79725	0.622375	4979
0	79741	0.6225	4980
0	79757	0.622625	4981
0	79773	0.62275	4982
0	79789	0.622875	4983
0	79805	0.623	4984
0	79821	0.623125	4985
0	79837	0.62325	4986
0	79853	0.623375	4987
0	79869	0.6235	4988
0	79885	0.623625	4989
0	79901	0.62375	4990
0	79917	0.623875	4991
0	79933	0.624	4992
0	79949	0.624125	4993
0	79965	0.62425	4994
0	79981	0.624375	4995
0	79997	0.6245	4996
0	80013	0.624625	4997
0	80029	0.62475	4998
0	80045	0.624875	4999
0	80061	0.625	5000
0	80077	0.625125	5001
0	80093	0.62525	5002
0	80109	0.625375	5003
0	80125	0.6255	5004
0	80141	0.625625	5005
0	80157	0.62575	5006
0	80173	0.625875	5007
0	80189	0.626	5008
0	80205	0.626125	5009
0	80221	0.62625	5010
0	80237	0.626375	5011
0	80253	0.6265	5012
0	80269	0.626625	5013
0	80285	0.62675	5014
0	80301	0.626875	5015
0	80317	0.627	5016
0	80333	0.627125	5017
0	80349	0.62725	5018
0	80365	0.627375	5019
0	80381	0.6275	5020
0	80397	0.627625	5021
0	80413	0.62775	5022
0	80429	0.627875	5023
0	80445	0.628	5024
0	80461	0.628125	5025
0	80477	0.62825	5026
0	80493	0.628375	5027
0	80509	0.6285	5028
0	80525	0.628625	5029
0	80541	0.62875	5030
0	80557	0.628875	5031
0	80573	0.629	5032
0	80589	0.629125	5033
0	80605	0.62925	5034
0	80621	0.629375	5035
0	80637	0.6295	5036
0	80653	0.629625	5037
0	80669	0.62975	5038
0	80685	0.629875	5039
0	80701	0.63	5040
0	80717	0.630125	5041
0	80733	0.63025	5042
0	80749	0.630375	5043
0	80765	0.6305	5044
0	80781	0.630625	5045
0	80797	0.63075	5046
0	80813	0.630875	5047
0	80829	0.631	5048
0	80845	0.631125	5049
0	80861	0.63125	5050
0	80877	0.631375	5051
0	80893	0.6315	5052
0	80909	0.631625	5053
0	80929	0.63175	5054
0	80945	0.631875	5055
0	80961	0.632	5056
0	80977	0.632125	5057
0	80993	0.63225	5058
0	81009	0.632375	5059
0	81025	0.6325	5060
0	81041	0.632625	5061
0	81057	0.63275	5062
0	81073	0.632875	5063
0	81089	0.633	5064
0	81105	0.633125	5065
0	81121	0.63325	5066
0	81137	0.633375	5067
0	81153	0.6335	5068
0	81169	0.633625	5069
0	81185	0.63375	5070
0	81201	0.633875	5071
0	81217	0.634	5072
0	81233	0.634125	5073
0	81249	0.63425	5074
0	81265	0.634375	5075
0	81281	0.6345	5076
0	81297	0.634625	5077
0	81313	0.63475	5078
0	81329	0.634875	5079
0	81345	0.635	5080
0	81361	0.635125	5081
0	81377	0.63525	5082
0	81393	0.635375	5083
0	81409	0.6355	5084
0	81425	0.635625	5085
0	81441	0.63575	5086
0	81457	0.635875	5087
0	81473	0.636	5088
0	81489	0.636125	5089
0	81505	0.63625	5090
0	81521	0.636375	5091
0	81537	0.6365	5092
0	81553	0.636625	5093
0	81569	0.63675	5094
0	81585	0.636875	5095
0	81601	0.637	5096
0	81617	0.637125	5097
0	81633	0.63725	5098
0	81649	0.637375	5099
0	81665	0.6375	5100
0	81681	0.637625	5101
0	81697	0.63775	5102
0	81713	0.637875	5103
0	81729	0.638	5104
0	81745	0.638125	5105
0	81761	0.63825	5106
0	81777	0.638375	5107
0	81793	0.6385	5108
0	81809	0.638625	5109
0	81825	0.63875	5110
0	81841	0.638875	5111
0	81857	0.639	5112
0	81873	0.639125	5113
0	81889	0.63925	5114
0	81905	0.639375	5115
0	81921	0.6395	5116
0	81937	0.639625	5117
0	81953	0.63975	5118
0	81969	0.639875	5119
0	81985	0.64	5120
0	82001	0.640125	5121
0	82017	0.64025	5122
0	82033	0.640375	5123
0	82049	0.6405	5124
0	82065	0.640625	5125
0	82081	0.64075	5126
0	82097	0.640875	5127
0	82113	0.641	5128
0	82129	0.641125	5129
0	82145	0.64125	5130
0	82161	0.641375	5131
0	82177	0.6415	5132
0	82193	0.641625	5133
0	82209	0.64175	5134
0	82225	0.641875	5135
0	82241	0.642	5136
0	82257	0.642125	5137
0	82273	0.64225	5138
0	82289	0.642375	5139
0	82305	0.6425	5140
0	82321	0.642625	5141
0	82337	0.64275	5142
0	82353	0.642875	5143
0	82369	0.643	5144
0	82385	0.643125	5145
0	82401	0.64325	5146
0	82417	0.643375	5147
0	82433	0.6435	5148
0	82449	0.643625	5149
0	82465	0.64375	5150
0	82481	0.643875	5151
0	82497	0.644	5152
0	82513	0.644125	5153
0	82529	0.64425	5154
0	82545	0.644375	5155
0	82561	0.6445	5156
0	82577	0.644625	5157
0	82593	0.64475	5158
0	82609	0.644875	5159
0	82625	0.645	5160
0	82641	0.645125	5161
0	82657	0.64525	5162
0	82673	0.645375	5163
0	82689	0.6455	5164
0	82705	0.645625	5165
0	82721	0.64575	5166
0	82737	0.645875	5167
0	82753	0.646	5168
0	82769	0.646125	5169
0	82785	0.64625	5170
0	82801	0.646375	5171
0	82817	0.6465	5172
0	82833	0.646625	5173
0	82849	0.64675	5174
0	82865	0.646875	5175
0	82881	0.647	5176
0	82897	0.647125	5177
0	82913	0.64725	5178
0	82929	0.647375	5179
0	82945	0.6475	5180
0	82961	0.647625	5181
0	82977	0.64775	5182
0	82993	0.647875	5183
0	83009	0.648	5184
0	83025	0.648125	5185
0	83041	0.64825	5186
0	83057	0.648375	5187
0	83073	0.6485	5188
0	83089	0.648625	5189
0	83105	0.64875	5190
0	83121	0.648875	5191
0	83137	0.649	5192
0	83153	0.649125	5193
0	83169	0.64925	5194
0	83185	0.649375	5195
0	83201	0.6495	5196
0	83217	0.649625	5197
0	83233	0.64975	5198
0	83249	0.649875	5199
0	83265	0.65	5200
0	83281	0.650125	5201
0	83297	0.65025	5202
0	83313	0.650375	5203
0	83329	0.6505	5204
0	83345	0.650625	5205
0	83361	0.65075	5206
0	83377	0.650875	5207
0	83393	0.651	5208
0	83409	0.651125	5209
0	83425	0.65125	5210
0	83441	0.651375	5211
0	83457	0.6515	5212
0	83473	0.651625	5213
0	83489	0.65175	5214
0	83505	0.651875	5215
0	83521	0.652	5216
0	83537	0.652125	5217
0	83553	0.65225	5218
0	83569	0.652375	5219
0	83585	0.6525	5220
0	83601	0.652625	5221
0	83617	0.65275	5222
0	83633	0.652875	5223
0	83649	0.653	5224
0	83665	0.653125	5225
0	83681	0.65325	5226
0	83697	0.653375	5227
0	83713	0.6535	5228
0	83729	0.653625	5229
0	83745	0.65375	5230
0	83761	0.653875	5231
0	83777	0.654	5232
0	83793	0.654125	5233
0	83809	0.65425	5234
0	83825	0.654375	5235
0	83841	0.6545	5236
0	83857	0.654625	5237
0	83873	0.65475	5238
0	83889	0.654875	5239
0	83905	0.655	5240
0	83921	0.655125	5241
0	83937	0.65525	5242
0	83953	0.655375	5243
0	83969	0.6555	5244
0	83985	0.655625	5245
0	84001	0.65575	5246
0	84017	0.655875	5247
0	84033	0.656	5248
0	84049	0.656125	5249
0	84065	0.65625	5250
0	84081	0.656375	5251
0	84097	0.6565	5252
0	84113	0.656625	5253
0	84129	0.65675	5254
0	84145	0.656875	5255
0	84161	0.657	5256
0	84177	0.657125	5257
0	84193	0.65725	5258
0	84209	0.657375	5259
0	84225	0.6575	5260
0	84241	0.657625	5261
0	84257	0.65775	5262
0	84273	0.657875	5263
0	84289	0.658	5264
0	84305	0.658125	5265
0	84321	0.65825	5266
0	84337	0.658375	5267
0	84353	0.6585	5268
0	84369	0.658625	5269
0	84385	0.65875	5270
0	84401	0.658875	5271
0	84417	0.659	5272
0	84433	0.659125	5273
0	84449	0.65925	5274
0	84465	0.659375	5275
0	84481	0.6595	5276
0	84497	0.659625	5277
0	84513	0.65975	5278
0	84529	0.659875	5279
0	84545	0.66	5280
0	84561	0.660125	5281
0	84577	0.66025	5282
0	84593	0.660375	5283
0	84609	0.6605	5284
0	84625	0.660625	5285
0	84641	0.66075	5286
0	84657	0.660875	5287
0	84673	0.661	5288
0	84689	0.661125	5289
0	84705	0.66125	5290
0	84721	0.661375	5291
0	84737	0.6615	5292
0	84753	0.661625	5293
0	84769	0.66175	5294
0	84785	0.661875	5295
0	84801	0.662	5296
0	84817	0.662125	5297
0	84833	0.66225	5298
0	84849	0.662375	5299
0	84865	0.6625	5300
0	84881	0.662625	5301
0	84897	0.66275	5302
0	84913	0.662875	5303
0	84929	0.663	5304
0	84945	0.663125	5305
0	84961	0.66325	5306
0	84977	0.663375	5307
0	84993	0.6635	5308
0	85009	0.663625	5309
0	85025	0.66375	5310
0	85041	0.663875	5311
0	85057	0.664	5312
0	85073	0.664125	5313
0	85089	0.66425	5314
0	85105	0.664375	5315
0	85121	0.6645	5316
0	85137	0.664625	5317
0	85153	0.66475	5318
0	85169	0.664875	5319
0	85185	0.665	5320
0	85201	0.665125	5321
0	85217	0.66525	5322
0	85233	0.665375	5323
0	85249	0.6655	5324
0	85265	0.665625	5325
0	85281	0.66575	5326
0	85297	0.665875	5327
0	85313	0.666	5328
0	85329	0.666125	5329
0	85345	0.66625	5330
0	85361	0.666375	5331
0	85377	0.6665	5332
0	85393	0.666625	5333
0	85409	0.66675	5334
0	85425	0.666875	5335
0	85441	0.667	5336
0	85457	0.667125	5337
0	85473	0.66725	5338
0	85489	0.667375	5339
0	85505	0.6675	5340
0	85521	0.667625	5341
0	85537	0.66775	5342
0	85553	0.667875	5343
0	85569	0.668	5344
0	85585	0.668125	5345
0	85601	0.66825	5346
0	85617	0.668375	5347
0	85633	0.6685	5348
0	85649	0.668625	5349
0	85665	0.66875	5350
0	85681	0.668875	5351
0	85701	0.669	5352
0	85717	0.669125	5353
0	85733	0.66925	5354
0	85749	0.669375	5355
0	85765	0.6695	5356
0	85781	0.669625	5357
0	85797	0.66975	5358
0	85813	0.669875	5359
0	85829	0.67	5360
0	85845	0.670125	5361
0	85861	0.67025	5362
0	85877	0.670375	5363
0	85893	0.6705	5364
0	85909	0.670625	5365
0	85925	0.67075	5366
0	85941	0.670875	5367
0	85957	0.671	5368
0	85973	0.671125	5369
0	85989	0.67125	5370
0	86005	0.671375	5371
0	86021	0.6715	5372
0	86037	0.671625	5373
0	86053	0.67175	5374
0	86069	0.671875	5375
0	86085	0.672	5376
0	86101	0.672125	5377
0	86117	0.67225	5378
0	86133	0.672375	5379
0	86149	0.6725	5380
0	86165	0.672625	5381
0	86181	0.67275	5382
0	86197	0.672875	5383
0	86213	0.673	5384
0	86229	0.673125	5385
0	86245	0.67325	5386
0	86261	0.673375	5387
0	86277	0.6735	5388
0	86293	0.673625	5389
0	86309	0.67375	5390
0	86325	0.673875	5391
0	86341	0.674	5392
0	86357	0.674125	5393
0	86373	0.67425	5394
0	86389	0.674375	5395
0	86405	0.6745	5396
0	86421	0.674625	5397
0	86437	0.67475	5398
0	86453	0.674875	5399
0	86469	0.675	5400
0	86485	0.675125	5401
0	86501	0.67525	5402
0	86517	0.675375	5403
0	86533	0.6755	5404
0	86549	0.675625	5405
0	86565	0.67575	5406
0	86581	0.675875	5407
0	86597	0.676	5408
0	86613	0.676125	5409
0	86629	0.67625	5410
0	86645	0.676375	5411
0	86661	0.6765	5412
0	86677	0.676625	5413
0	86693	0.67675	5414
0	86709	0.676875	5415
0	86725	0.677	5416
0	86741	0.677125	5417
0	86757	0.67725	5418
0	86773	0.677375	5419
0	86789	0.6775	5420
0	86805	0.677625	5421
0	86821	0.67775	5422
0	86837	0.677875	5423
0	86853	0.678	5424
0	86869	0.678125	5425
0	86885	0.67825	5426
0	86901	0.678375	5427
0	86917	0.6785	5428
0	86933	0.678625	5429
0	86949	0.67875	5430
0	86965	0.678875	5431
0	86981	0.679	5432
0	86997	0.679125	5433
0	87013	0.67925	5434
0	87029	0.679375	5435
0	87045	0.6795	5436
0	87061	0.679625	5437
0	87077	0.67975	5438
0	87093	0.679875	5439
0	87109	0.68	5440
0	87125	0.680125	5441
0	87141	0.68025	5442
0	87157	0.680375	5443
0	87173	0.6805	5444
0	87189	0.680625	5445
0	87205	0.68075	5446
0	87221	0.680875	5447
0	87237	0.681	5448
0	87253	0.681125	5449
0	87269	0.68125	5450
0	87285	0.681375	5451
0	87301	0.6815	5452
0	87317	0.681625	5453
0	87333	0.68175	5454
0	87349	0.681875	5455
0	87365	0.682	5456
0	87381	0.682125	5457
0	87397	0.68225	5458
0	87413	0.682375	5459
0	87429	0.6825	5460
0	87445	0.682625	5461
0	87461	0.68275	5462
0	87477	0.682875	5463
0	87493	0.683	5464
0	87509	0.683125	5465
0	87525	0.68325	5466
0	87541	0.683375	5467
0	87557	0.6835	5468
0	87573	0.683625	5469
0	87589	0.68375	5470
0	87605	0.683875	5471
0	87621	0.684	5472
0	87637	0.684125	5473
0	87653	0.68425	5474
0	87669	0.684375	5475
0	87685	0.6845	5476
0	87701	0.684625	5477
0	87717	0.68475	5478
0	87733	0.684875	5479
0	87749	0.685	5480
0	87765	0.685125	5481
0	87781	0.68525	5482
0	87797	0.685375	5483
0	87813	0.6855	5484
0	87829	0.685625	5485
0	87845	0.68575	5486
0	87861	0.685875	5487
0	87877	0.686	5488
0	87893	0.686125	5489
0	87909	0.68625	5490
0	87925	0.686375	5491
0	87941	0.6865	5492
0	87957	0.686625	5493
0	87973	0.68675	5494
0	87989	0.686875	5495
0	88005	0.687	5496
0	88021	0.687125	5497
0	88037	0.68725	5498
0	88053	0.687375	5499
0	88069	0.6875	5500
0	88085	0.687625	5501
0	88101	0.68775	5502
0	88117	0.687875	5503
0	88133	0.688	5504
0	88149	0.688125	5505
0	88165	0.68825	5506
0	88181	0.688375	5507
0	88197	0.6885	5508
0	88213	0.688625	5509
0	88229	0.68875	5510
0	88245	0.688875	5511
0	88261	0.689	5512
0	88277	0.689125	5513
0	88293	0.68925	5514
0	88309	0.689375	5515
0	88325	0.6895	5516
0	88341	0.689625	5517
0	88357	0.68975	5518
0	88373	0.689875	5519
0	88389	0.69	5520
0	88405	0.690125	5521
0	88421	0.69025	5522
0	88437	0.690375	5523
0	88453	0.6905	5524
0	88469	0.690625	5525
0	88485	0.69075	5526
0	88501	0.690875	5527
0	88517	0.691	5528
0	88533	0.691125	5529
0	88549	0.69125	5530
0	88565	0.691375	5531
0	88581	0.6915	5532
0	88597	0.691625	5533
0	88613	0.69175	5534
0	88629	0.691875	5535
0	88645	0.692	5536
0	88661	0.692125	5537
0	88677	0.69225	5538
0	88693	0.692375	5539
0	88709	0.6925	5540
0	88725	0.692625	5541
0	88741	0.69275	5542
0	88757	0.692875	5543
0	88773	0.693	5544
0	88789	0.693125	5545
0	88805	0.69325	5546
0	88821	0.693375	5547
0	88837	0.6935	5548
0	88853	0.693625	5549
0	88869	0.69375	5550
0	88885	0.693875	5551
0	88901	0.694	5552
0	88917	0.694125	5553
0	88933	0.69425	5554
0	88949	0.694375	5555
0	88965	0.6945	5556
0	88981	0.694625	5557
0	88997	0.69475	5558
0	89013	0.694875	5559
0	89029	0.695	5560
0	89045	0.695125	5561
0	89061	0.69525	5562
0	89077	0.695375	5563
0	89093	0.6955	5564
0	89109	0.695625	5565
0	89125	0.69575	5566
0	89141	0.695875	5567
0	89157	0.696	5568
0	89173	0.696125	5569
0	89189	0.69625	5570
0	89205	0.696375	5571
0	89221	0.6965	5572
0	89237	0.696625	5573
0	89253	0.69675	5574
0	89269	0.696875	5575
0	89285	0.697	5576
0	89301	0.697125	5577
0	89317	0.69725	5578
0	89333	0.697375	5579
0	89349	0.6975	5580
0	89365	0.697625	5581
0	89381	0.69775	5582
0	89397	0.697875	5583
0	89413	0.698	5584
0	89429	0.698125	5585
0	89445	0.69825	5586
0	89461	0.698375	5587
0	89477	0.6985	5588
0	89493	0.698625	5589
0	89509	0.69875	5590
0	89525	0.698875	5591
0	89541	0.699	5592
0	89557	0.699125	5593
0	89573	0.69925	5594
0	89589	0.699375	5595
0	89605	0.6995	5596
0	89621	0.699625	5597
0	89637	0.69975	5598
0	89653	0.699875	5599
0	89669	0.7	5600
0	89685	0.700125	5601
0	89701	0.70025	5602
0	89717	0.700375	5603
0	89733	0.7005	5604
0	89749	0.700625	5605
0	89765	0.70075	5606
0	89781	0.700875	5607
0	89797	0.701	5608
0	89813	0.701125	5609
0	89829	0.70125	5610
0	89845	0.701375	5611
0	89861	0.7015	5612
0	89877	0.701625	5613
0	89893	0.70175	5614
0	89909	0.701875	5615
0	89925	0.702	5616
0	89941	0.702125	5617
0	89957	0.70225	5618
0	89973	0.702375	5619
0	89989	0.7025	5620
0	90005	0.702625	5621
0	90021	0.70275	5622
0	90037	0.702875	5623
0	90053	0.703	5624
0	90069	0.703125	5625
0	90085	0.70325	5626
0	90101	0.703375	5627
0	90117	0.7035	5628
0	90133	0.703625	5629
0	90149	0.70375	5630
0	90165	0.703875	5631
0	90181	0.704	5632
0	90197	0.704125	5633
0	90213	0.70425	5634
0	90229	0.704375	5635
0	90245	0.7045	5636
0	90261	0.704625	5637
0	90277	0.70475	5638
0	90293	0.704875	5639
0	90309	0.705	5640
0	90325	0.705125	5641
0	90341	0.70525	5642
0	90357	0.705375	5643
0	90373	0.7055	5644
0	90389	0.705625	5645
0	90405	0.70575	5646
0	90421	0.705875	5647
0	90437	0.706	5648
0	90457	0.706125	5649
0	90473	0.70625	5650
0	90489	0.706375	5651
0	90505	0.7065	5652
0	90521	0.706625	5653
0	90537	0.70675	5654
0	90553	0.706875	5655
0	90569	0.707	5656
0	90585	0.707125	5657
0	90601	0.70725	5658
0	90617	0.707375	5659
0	90633	0.7075	5660
0	90649	0.707625	5661
0	90665	0.70775	5662
0	90681	0.707875	5663
0	90697	0.708	5664
0	90713	0.708125	5665
0	90729	0.70825	5666
0	90745	0.708375	5667
0	90761	0.7085	5668
0	90777	0.708625	5669
0	90793	0.70875	5670
0	90809	0.708875	5671
0	90825	0.709	5672
0	90841	0.709125	5673
0	90857	0.70925	5674
0	90873	0.709375	5675
0	90889	0.7095	5676
0	90905	0.709625	5677
0	90921	0.70975	5678
0	90937	0.709875	5679
0	90953	0.71	5680
0	90969	0.710125	5681
0	90985	0.71025	5682
0	91001	0.710375	5683
0	91017	0.7105	5684
0	91033	0.710625	5685
0	91049	0.71075	5686
0	91065	0.710875	5687
0	91081	0.711	5688
0	91097	0.711125	5689
0	91113	0.71125	5690
0	91129	0.711375	5691
0	91145	0.7115	5692
0	91161	0.711625	5693
0	91177	0.71175	5694
0	91193	0.711875	5695
0	91209	0.712	5696
0	91225	0.712125	5697
0	91241	0.71225	5698
0	91257	0.712375	5699
0	91273	0.7125	5700
0	91289	0.712625	5701
0	91305	0.71275	5702
0	91321	0.712875	5703
0	91337	0.713	5704
0	91353	0.713125	5705
0	91369	0.71325	5706
0	91385	0.713375	5707
0	91401	0.7135	5708
0	91417	0.713625	5709
0	91433	0.71375	5710
0	91449	0.713875	5711
0	91465	0.714	5712
0	91481	0.714125	5713
0	91497	0.71425	5714
0	91513	0.714375	5715
0	91529	0.7145	5716
0	91545	0.714625	5717
0	91561	0.71475	5718
0	91577	0.714875	5719
0	91593	0.715	5720
0	91609	0.715125	5721
0	91625	0.71525	5722
0	91641	0.715375	5723
0	91657	0.7155	5724
0	91673	0.715625	5725
0	91689	0.71575	5726
0	91705	0.715875	5727
0	91721	0.716	5728
0	91737	0.716125	5729
0	91753	0.71625	5730
0	91769	0.716375	5731
0	91785	0.7165	5732
0	91801	0.716625	5733
0	91817	0.71675	5734
0	91833	0.716875	5735
0	91849	0.717	5736
0	91865	0.717125	5737
0	91881	0.71725	5738
0	91897	0.717375	5739
0	91913	0.7175	5740
0	91929	0.717625	5741
0	91945	0.71775	5742
0	91961	0.717875	5743
0	91977	0.718	5744
0	91993	0.718125	5745
0	92009	0.71825	5746
0	92025	0.718375	5747
0	92041	0.7185	5748
0	92057	0.718625	5749
0	92073	0.71875	5750
0	92089	0.718875	5751
0	92105	0.719	5752
0	92121	0.719125	5753
0	92137	0.71925	5754
0	92153	0.719375	5755
0	92169	0.7195	5756
0	92185	0.719625	5757
0	92201	0.71975	5758
0	92217	0.719875	5759
0	92233	0.72	5760
0	92249	0.720125	5761
0	92265	0.72025	5762
0	92281	0.720375	5763
0	92297	0.7205	5764
0	92313	0.720625	5765
0	92329	0.72075	5766
0	92345	0.720875	5767
0	92361	0.721	5768
0	92377	0.721125	5769
0	92393	0.72125	5770
0	92409	0.721375	5771
0	92425	0.7215	5772
0	92441	0.721625	5773
0	92457	0.72175	5774
0	92473	0.721875	5775
0	92489	0.722	5776
0	92505	0.722125	5777
0	92521	0.72225	5778
0	92537	0.722375	5779
0	92553	0.7225	5780
0	92569	0.722625	5781
0	92585	0.72275	5782
0	92601	0.722875	5783
0	92617	0.723	5784
0	92633	0.723125	5785
0	92649	0.72325	5786
0	92665	0.723375	5787
0	92681	0.7235	5788
0	92697	0.723625	5789
0	92713	0.72375	5790
0	92729	0.723875	5791
0	92745	0.724	5792
0	92761	0.724125	5793
0	92777	0.72425	5794
0	92793	0.724375	5795
0	92809	0.7245	5796
0	92825	0.724625	5797
0	92841	0.72475	5798
0	92857	0.724875	5799
0	92873	0.725	5800
0	92889	0.725125	5801
0	92905	0.72525	5802
0	92921	0.725375	5803
0	92937	0.7255	5804
0	92953	0.725625	5805
0	92969	0.72575	5806
0	92985	0.725875	5807
0	93001	0.726	5808
0	93017	0.726125	5809
0	93033	0.72625	5810
0	93049	0.726375	5811
0	93065	0.7265	5812
0	93081	0.726625	5813
0	93097	0.72675	5814
0	93113	0.726875	5815
0	93129	0.727	5816
0	93145	0.727125	5817
0	93161	0.72725	5818
0	93177	0.727375	5819
0	93193	0.7275	5820
0	93209	0.727625	5821
0	93225	0.72775	5822
0	93241	0.727875	5823
0	93257	0.728	5824
0	93273	0.728125	5825
0	93289	0.72825	5826
0	93305	0.728375	5827
0	93321	0.7285	5828
0	93337	0.728625	5829
0	93353	0.72875	5830
0	93369	0.728875	5831
0	93385	0.729	5832
0	93401	0.729125	5833
0	93417	0.72925	5834
0	93433	0.729375	5835
0	93449	0.7295	5836
0	93465	0.729625	5837
0	93481	0.72975	5838
0	93497	0.729875	5839
0	93513	0.73	5840
0	93529	0.730125	5841
0	93545	0.73025	5842
0	93561	0.730375	5843
0	93577	0.7305	5844
0	93593	0.730625	5845
0	93609	0.73075	5846
0	93625	0.730875	5847
0	93641	0.731	5848
0	93657	0.731125	5849
0	93673	0.73125	5850
0	93689	0.731375	5851
0	93705	0.7315	5852
0	93721	0.731625	5853
0	93737	0.73175	5854
0	93753	0.731875	5855
0	93769	0.732	5856
0	93785	0.732125	5857
0	93801	0.73225	5858
0	93817	0.732375	5859
0	93833	0.7325	5860
0	93849	0.732625	5861
0	93865	0.73275	5862
0	93881	0.732875	5863
0	93897	0.733	5864
0	93913	0.733125	5865
0	93929	0.73325	5866
0	93945	0.733375	5867
0	93961	0.7335	5868
0	93977	0.733625	5869
0	93993	0.73375	5870
0	94009	0.733875	5871
0	94025	0.734	5872
0	94041	0.734125	5873
0	94057	0.73425	5874
0	94073	0.734375	5875
0	94089	0.7345	5876
0	94105	0.734625	5877
0	94121	0.73475	5878
0	94137	0.734875	5879
0	94153	0.735	5880
0	94169	0.735125	5881
0	94185	0.73525	5882
0	94201	0.735375	5883
0	94217	0.7355	5884
0	94233	0.735625	5885
0	94249	0.73575	5886
0	94265	0.735875	5887
0	94281	0.736	5888
0	94297	0.736125	5889
0	94313	0.73625	5890
0	94329	0.736375	5891
0	94345	0.7365	5892
0	94361	0.736625	5893
0	94377	0.73675	5894
0	94393	0.736875	5895
0	94409	0.737	5896
0	94425	0.737125	5897
0	94441	0.73725	5898
0	94457	0.737375	5899
0	94473	0.7375	5900
0	94489	0.737625	5901
0	94505	0.73775	5902
0	94521	0.737875	5903
0	94537	0.738	5904
0	94553	0.738125	5905
0	94569	0.73825	5906
0	94585	0.738375	5907
0	94601	0.7385	5908
0	94617	0.738625	5909
0	94633	0.73875	5910
0	94649	0.738875	5911
0	94665	0.739	5912
0	94681	0.739125	5913
0	94697	0.73925	5914
0	94713	0.739375	5915
0	94729	0.7395	5916
0	94745	0.739625	5917
0	94761	0.73975	5918
0	94777	0.739875	5919
0	94793	0.74	5920
0	94809	0.740125	5921
0	94825	0.74025	5922
0	94841	0.740375	5923
0	94857	0.7405	5924
0	94873	0.740625	5925
0	94889	0.74075	5926
0	94905	0.740875	5927
0	94921	0.741	5928
0	94937	0.741125	5929
0	94953	0.74125	5930
0	94969	0.741375	5931
0	94985	0.7415	5932
0	95001	0.741625	5933
0	95017	0.74175	5934
0	95033	0.741875	5935
0	95049	0.742	5936
0	95065	0.742125	5937
0	95081	0.74225	5938
0	95097	0.742375	5939
0	95113	0.7425	5940
0	95129	0.742625	5941
0	95145	0.74275	5942
0	95161	0.742875	5943
0	95177	0.743	5944
0	95193	0.743125	5945
0	95213	0.74325	5946
0	95229	0.743375	5947
0	95245	0.7435	5948
0	95261	0.743625	5949
0	95277	0.74375	5950
0	95293	0.743875	5951
0	95309	0.744	5952
0	95325	0.744125	5953
0	95341	0.74425	5954
0	95357	0.744375	5955
0	95373	0.7445	5956
0	95389	0.744625	5957
0	95405	0.74475	5958
0	95421	0.744875	5959
0	95437	0.745	5960
0	95453	0.745125	5961
0	95469	0.74525	5962
0	95485	0.745375	5963
0	95501	0.7455	5964
0	95517	0.745625	5965
0	95533	0.74575	5966
0	95549	0.745875	5967
0	95565	0.746	5968
0	95581	0.746125	5969
0	95597	0.74625	5970
0	95613	0.746375	5971
0	95629	0.7465	5972
0	95645	0.746625	5973
0	95661	0.74675	5974
0	95677	0.746875	5975
0	95693	0.747	5976
0	95709	0.747125	5977
0	95725	0.74725	5978
0	95741	0.747375	5979
0	95757	0.7475	5980
0	95773	0.747625	5981
0	95789	0.74775	5982
0	95805	0.747875	5983
0	95821	0.748	5984
0	95837	0.748125	5985
0	95853	0.74825	5986
0	95869	0.748375	5987
0	95885	0.7485	5988
0	95901	0.748625	5989
0	95917	0.74875	5990
0	95933	0.748875	5991
0	95949	0.749	5992
0	95965	0.749125	5993
0	95981	0.74925	5994
0	95997	0.749375	5995
0	96013	0.7495	5996
0	96029	0.749625	5997
0	96045	0.74975	5998
0	96061	0.749875	5999
0	96077	0.75	6000
0	96093	0.750125	6001
0	96109	0.75025	6002
0	96125	0.750375	6003
0	96141	0.7505	6004
0	96157	0.750625	6005
0	96173	0.75075	6006
0	96189	0.750875	6007
0	96205	0.751	6008
0	96221	0.751125	6009
0	96237	0.75125	6010
0	96253	0.751375	6011
0	96269	0.7515	6012
0	96285	0.751625	6013
0	96301	0.75175	6014
0	96317	0.751875	6015
0	96333	0.752	6016
0	96349	0.752125	6017
0	96365	0.75225	6018
0	96381	0.752375	6019
0	96397	0.7525	6020
0	96413	0.752625	6021
0	96429	0.75275	6022
0	96445	0.752875	6023
0	96461	0.753	6024
0	96477	0.753125	6025
0	96493	0.75325	6026
0	96509	0.753375	6027
0	96525	0.7535	6028
0	96541	0.753625	6029
0	96557	0.75375	6030
0	96573	0.753875	6031
0	96589	0.754	6032
0	96605	0.754125	6033
0	96621	0.75425	6034
0	96637	0.754375	6035
0	96653	0.7545	6036
0	96669	0.754625	6037
0	96685	0.75475	6038
0	96701	0.754875	6039
0	96717	0.755	6040
0	96733	0.755125	6041
0	96749	0.75525	6042
0	96765	0.755375	6043
0	96781	0.7555	6044
0	96797	0.755625	6045
0	96813	0.75575	6046
0	96829	0.755875	6047
0	96845	0.756	6048
0	96861	0.756125	6049
0	96877	0.75625	6050
0	96893	0.756375	6051
0	96909	0.7565	6052
0	96925	0.756625	6053
0	96941	0.75675	6054
0	96957	0.756875	6055
0	96973	0.757	6056
0	96989	0.757125	6057
0	97005	0.75725	6058
0	97021	0.757375	6059
0	97037	0.7575	6060
0	97053	0.757625	6061
0	97069	0.75775	6062
0	97085	0.757875	6063
0	97101	0.758	6064
0	97117	0.758125	6065
0	97133	0.75825	6066
0	97149	0.758375	6067
0	97165	0.7585	6068
0	97181	0.758625	6069
0	97197	0.75875	6070
0	97213	0.758875	6071
0	97229	0.759	6072
0	97245	0.759125	6073
0	97261	0.75925	6074
0	97277	0.759375	6075
0	97293	0.7595	6076
0	97309	0.759625	6077
0	97325	0.75975	6078
0	97341	0.759875	6079
0	97357	0.76	6080
0	97373	0.760125	6081
0	97389	0.76025	6082
0	97405	0.760375	6083
0	97421	0.7605	6084
0	97437	0.760625	6085
0	97453	0.76075	6086
0	97469	0.760875	6087
0	97485	0.761	6088
0	97501	0.761125	6089
0	97517	0.76125	6090
0	97533	0.761375	6091
0	97549	0.7615	6092
0	97565	0.761625	6093
0	97581	0.76175	6094
0	97597	0.761875	6095
0	97613	0.762	6096
0	97629	0.762125	6097
0	97645	0.76225	6098
0	97661	0.762375	6099
0	97677	0.7625	6100
0	97693	0.762625	6101
0	97709	0.76275	6102
0	97725	0.762875	6103
0	97741	0.763	6104
0	97757	0.763125	6105
0	97773	0.76325	6106
0	97789	0.763375	6107
0	97805	0.7635	6108
0	97821	0.763625	6109
0	97837	0.76375	6110
0	97853	0.763875	6111
0	97869	0.764	6112
0	97885	0.764125	6113
0	97901	0.76425	6114
0	97917	0.764375	6115
0	97933	0.7645	6116
0	97949	0.764625	6117
0	97965	0.76475	6118
0	97981	0.764875	6119
0	97997	0.765	6120
0	98013	0.765125	6121
0	98029	0.76525	6122
0	98045	0.765375	6123
0	98061	0.7655	6124
0	98077	0.765625	6125
0	98093	0.76575	6126
0	98109	0.765875	6127
0	98125	0.766	6128
0	98141	0.766125	6129
0	98157	0.76625	6130
0	98173	0.766375	6131
0	98189	0.7665	6132
0	98205	0.766625	6133
0	98221	0.76675	6134
0	98237	0.766875	6135
0	98253	0.767	6136
0	98269	0.767125	6137
0	98285	0.76725	6138
0	98301	0.767375	6139
0	98317	0.7675	6140
0	98333	0.767625	6141
0	98349	0.76775	6142
0	98365	0.767875	6143
0	98381	0.768	6144
0	98397	0.768125	6145
0	98413	0.76825	6146
0	98429	0.768375	6147
0	98445	0.7685	6148
0	98461	0.768625	6149
0	98477	0.76875	6150
0	98493	0.768875	6151
0	98509	0.769	6152
0	98525	0.769125	6153
0	98541	0.76925	6154
0	98557	0.769375	6155
0	98573	0.7695	6156
0	98589	0.769625	6157
0	98605	0.76975	6158
0	98621	0.769875	6159
0	98637	0.77	6160
0	98653	0.770125	6161
0	98669	0.77025	6162
0	98685	0.770375	6163
0	98701	0.7705	6164
0	98717	0.770625	6165
0	98733	0.77075	6166
0	98749	0.770875	6167
0	98765	0.771	6168
0	98781	0.771125	6169
0	98797	0.77125	6170
0	98813	0.771375	6171
0	98829	0.7715	6172
0	98845	0.771625	6173
0	98861	0.77175	6174
0	98877	0.771875	6175
0	98893	0.772	6176
0	98909	0.772125	6177
0	98925	0.77225	6178
0	98941	0.772375	6179
0	98957	0.7725	6180
0	98973	0.772625	6181
0	98989	0.77275	6182
0	99005	0.772875	6183
0	99021	0.773	6184
0	99037	0.773125	6185
0	99053	0.77325	6186
0	99069	0.773375	6187
0	99085	0.7735	6188
0	99101	0.773625	6189
0	99117	0.77375	6190
0	99133	0.773875	6191
0	99149	0.774	6192
0	99165	0.774125	6193
0	99181	0.77425	6194
0	99197	0.774375	6195
0	99213	0.7745	6196
0	99229	0.774625	6197
0	99245	0.77475	6198
0	99261	0.774875	6199
0	99277	0.775	6200
0	99293	0.775125	6201
0	99309	0.77525	6202
0	99325	0.775375	6203
0	99341	0.7755	6204
0	99357	0.775625	6205
0	99373	0.77575	6206
0	99389	0.775875	6207
0	99405	0.776	6208
0	99421	0.776125	6209
0	99437	0.77625	6210
0	99453	0.776375	6211
0	99469	0.7765	6212
0	99485	0.776625	6213
0	99501	0.77675	6214
0	99517	0.776875	6215
0	99533	0.777	6216
0	99549	0.777125	6217
0	99565	0.77725	6218
0	99581	0.777375	6219
0	99597	0.7775	6220
0	99613	0.777625	6221
0	99629	0.77775	6222
0	99645	0.777875	6223
0	99661	0.778	6224
0	99677	0.778125	6225
0	99693	0.77825	6226
0	99709	0.778375	6227
0	99725	0.7785	6228
0	99741	0.778625	6229
0	99757	0.77875	6230
0	99773	0.778875	6231
0	99789	0.779	6232
0	99805	0.779125	6233
0	99821	0.77925	6234
0	99837	0.779375	6235
0	99853	0.7795	6236
0	99869	0.779625	6237
0	99885	0.77975	6238
0	99901	0.779875	6239
0	99917	0.78	6240
0	99933	0.780125	6241
0	99949	0.78025	6242
0	99965	0.780375	6243
0	99985	0.7805	6244
0	100001	0.780625	6245
0	100017	0.78075	6246
0	100033	0.780875	6247
0	100049	0.781	6248
0	100065	0.781125	6249
0	100081	0.78125	6250
0	100097	0.781375	6251
0	100113	0.7815	6252
0	100129	0.781625	6253
0	100145	0.78175	6254
0	100161	0.781875	6255
0	100177	0.782	6256
0	100193	0.782125	6257
0	100209	0.78225	6258
0	100225	0.782375	6259
0	100241	0.7825	6260
0	100257	0.782625	6261
0	100273	0.78275	6262
0	100289	0.782875	6263
0	100305	0.783	6264
0	100321	0.783125	6265
0	100337	0.78325	6266
0	100353	0.783375	6267
0	100369	0.7835	6268
0	100385	0.783625	6269
0	100401	0.78375	6270
0	100417	0.783875	6271
0	100433	0.784	6272
0	100449	0.784125	6273
0	100465	0.78425	6274
0	100481	0.784375	6275
0	100497	0.7845	6276
0	100513	0.784625	6277
0	100529	0.78475	6278
0	100545	0.784875	6279
0	100561	0.785	6280
0	100577	0.785125	6281
0	100593	0.78525	6282
0	100609	0.785375	6283
0	100625	0.7855	6284
0	100641	0.785625	6285
0	100657	0.78575	6286
0	100673	0.785875	6287
0	100689	0.786	6288
0	100705	0.786125	6289
0	100721	0.78625	6290
0	100737	0.786375	6291
0	100753	0.7865	6292
0	100769	0.786625	6293
0	100785	0.78675	6294
0	100801	0.786875	6295
0	100817	0.787	6296
0	100833	0.787125	6297
0	100849	0.78725	6298
0	100865	0.787375	6299
0	100881	0.7875	6300
0	100897	0.787625	6301
0	100913	0.78775	6302
0	100929	0.787875	6303
0	100945	0.788	6304
0	100961	0.788125	6305
0	100977	0.78825	6306
0	100993	0.788375	6307
0	101009	0.7885	6308
0	101025	0.788625	6309
0	101041	0.78875	6310
0	101057	0.788875	6311
0	101073	0.789	6312
0	101089	0.789125	6313
0	101105	0.78925	6314
0	101121	0.789375	6315
0	101137	0.7895	6316
0	101153	0.789625	6317
0	101169	0.78975	6318
0	101185	0.789875	6319
0	101201	0.79	6320
0	101217	0.790125	6321
0	101233	0.79025	6322
0	101249	0.790375	6323
0	101265	0.7905	6324
0	101281	0.790625	6325
0	101297	0.79075	6326
0	101313	0.790875	6327
0	101329	0.791	6328
0	101345	0.791125	6329
0	101361	0.79125	6330
0	101377	0.791375	6331
0	101393	0.7915	6332
0	101409	0.791625	6333
0	101425	0.79175	6334
0	101441	0.791875	6335
0	101457	0.792	6336
0	101473	0.792125	6337
0	101489	0.79225	6338
0	101505	0.792375	6339
0	101521	0.7925	6340
0	101537	0.792625	6341
0	101553	0.79275	6342
0	101569	0.792875	6343
0	101585	0.793	6344
0	101601	0.793125	6345
0	101617	0.79325	6346
0	101633	0.793375	6347
0	101649	0.7935	6348
0	101665	0.793625	6349
0	101681	0.79375	6350
0	101697	0.793875	6351
0	101713	0.794	6352
0	101729	0.794125	6353
0	101745	0.79425	6354
0	101761	0.794375	6355
0	101777	0.7945	6356
0	101793	0.794625	6357
0	101809	0.79475	6358
0	101825	0.794875	6359
0	101841	0.795	6360
0	101857	0.795125	6361
0	101873	0.79525	6362
0	101889	0.795375	6363
0	101905	0.7955	6364
0	101921	0.795625	6365
0	101937	0.79575	6366
0	101953	0.795875	6367
0	101969	0.796	6368
0	101985	0.796125	6369
0	102001	0.79625	6370
0	102017	0.796375	6371
0	102033	0.7965	6372
0	102049	0.796625	6373
0	102065	0.79675	6374
0	102081	0.796875	6375
0	102097	0.797	6376
0	102113	0.797125	6377
0	102129	0.79725	6378
0	102145	0.797375	6379
0	102161	0.7975	6380
0	102177	0.797625	6381
0	102193	0.79775	6382
0	102209	0.797875	6383
0	102225	0.798	6384
0	102241	0.798125	6385
0	102257	0.79825	6386
0	102273	0.798375	6387
0	102289	0.7985	6388
0	102305	0.798625	6389
0	102321	0.79875	6390
0	102337	0.798875	6391
0	102353	0.799	6392
0	102369	0.799125	6393
0	102385	0.79925	6394
0	102401	0.799375	6395
0	102417	0.7995	6396
0	102433	0.799625	6397
0	102449	0.79975	6398
0	102465	0.799875	6399
0	102481	0.8	6400
0	102497	0.800125	6401
0	102513	0.80025	6402
0	102529	0.800375	6403
0	102545	0.8005	6404
0	102561	0.800625	6405
0	102577	0.80075	6406
0	102593	0.800875	6407
0	102609	0.801	6408
0	102625	0.801125	6409
0	102641	0.80125	6410
0	102657	0.801375	6411
0	102673	0.8015	6412
0	102689	0.801625	6413
0	102705	0.80175	6414
0	102721	0.801875	6415
0	102737	0.802	6416
0	102753	0.802125	6417
0	102769	0.80225	6418
0	102785	0.802375	6419
0	102801	0.8025	6420
0	102817	0.802625	6421
0	102833	0.80275	6422
0	102849	0.802875	6423
0	102865	0.803	6424
0	102881	0.803125	6425
0	102897	0.80325	6426
0	102913	0.803375	6427
0	102929	0.8035	6428
0	102945	0.803625	6429
0	102961	0.80375	6430
0	102977	0.803875	6431
0	102993	0.804	6432
0	103009	0.804125	6433
0	103025	0.80425	6434
0	103041	0.804375	6435
0	103057	0.8045	6436
0	103073	0.804625	6437
0	103089	0.80475	6438
0	103105	0.804875	6439
0	103121	0.805	6440
0	103137	0.805125	6441
0	103153	0.80525	6442
0	103169	0.805375	6443
0	103185	0.8055	6444
0	103201	0.805625	6445
0	103217	0.80575	6446
0	103233	0.805875	6447
0	103249	0.806	6448
0	103265	0.806125	6449
0	103281	0.80625	6450
0	103297	0.806375	6451
0	103313	0.8065	6452
0	103329	0.806625	6453
0	103345	0.80675	6454
0	103361	0.806875	6455
0	103377	0.807	6456
0	103393	0.807125	6457
0	103409	0.80725	6458
0	103425	0.807375	6459
0	103441	0.8075	6460
0	103457	0.807625	6461
0	103473	0.80775	6462
0	103489	0.807875	6463
0	103505	0.808	6464
0	103521	0.808125	6465
0	103537	0.80825	6466
0	103553	0.808375	6467
0	103569	0.8085	6468
0	103585	0.808625	6469
0	103601	0.80875	6470
0	103617	0.808875	6471
0	103633	0.809	6472
0	103649	0.809125	6473
0	103665	0.80925	6474
0	103681	0.809375	6475
0	103697	0.8095	6476
0	103713	0.809625	6477
0	103729	0.80975	6478
0	103745	0.809875	6479
0	103761	0.81	6480
0	103777	0.810125	6481
0	103793	0.81025	6482
0	103809	0.810375	6483
0	103825	0.8105	6484
0	103841	0.810625	6485
0	103857	0.81075	6486
0	103873	0.810875	6487
0	103889	0.811	6488
0	103905	0.811125	6489
0	103921	0.81125	6490
0	103937	0.811375	6491
0	103953	0.8115	6492
0	103969	0.811625	6493
0	103985	0.81175	6494
0	104001	0.811875	6495
0	104017	0.812	6496
0	104033	0.812125	6497
0	104049	0.81225	6498
0	104065	0.812375	6499
0	104081	0.8125	6500
0	104097	0.812625	6501
0	104113	0.81275	6502
0	104129	0.812875	6503
0	104145	0.813	6504
0	104161	0.813125	6505
0	104177	0.81325	6506
0	104193	0.813375	6507
0	104209	0.8135	6508
0	104225	0.813625	6509
0	104241	0.81375	6510
0	104257	0.813875	6511
0	104273	0.814	6512
0	104289	0.814125	6513
0	104305	0.81425	6514
0	104321	0.814375	6515
0	104337	0.8145	6516
0	104353	0.814625	6517
0	104369	0.81475	6518
0	104385	0.814875	6519
0	104401	0.815	6520
0	104417	0.815125	6521
0	104433	0.81525	6522
0	104449	0.815375	6523
0	104465	0.8155	6524
0	104481	0.815625	6525
0	104497	0.81575	6526
0	104513	0.815875	6527
0	104529	0.816	6528
0	104545	0.816125	6529
0	104561	0.81625	6530
0	104577	0.816375	6531
0	104593	0.8165	6532
0	104609	0.816625	6533
0	104625	0.81675	6534
0	104641	0.816875	6535
0	104657	0.817	6536
0	104673	0.817125	6537
0	104689	0.81725	6538
0	104705	0.817375	6539
0	104721	0.8175	6540
0	104741	0.817625	6541
0	104757	0.81775	6542
0	104773	0.817875	6543
0	104789	0.818	6544
0	104805	0.818125	6545
0	104821	0.81825	6546
0	104837	0.818375	6547
0	104853	0.8185	6548
0	104869	0.818625	6549
0	104885	0.81875	6550
0	104901	0.818875	6551
0	104917	0.819	6552
0	104933	0.819125	6553
0	104949	0.81925	6554
0	104965	0.819375	6555
0	104981	0.8195	6556
0	104997	0.819625	6557
0	105013	0.81975	6558
0	105029	0.819875	6559
0	105045	0.82	6560
0	105061	0.820125	6561
0	105077	0.82025	6562
0	105093	0.820375	6563
0	105109	0.8205	6564
0	105125	0.820625	6565
0	105141	0.82075	6566
0	105157	0.820875	6567
0	105173	0.821	6568
0	105189	0.821125	6569
0	105205	0.82125	6570
0	105221	0.821375	6571
0	105237	0.8215	6572
0	105253	0.821625	6573
0	105269	0.82175	6574
0	105285	0.821875	6575
0	105301	0.822	6576
0	105317	0.822125	6577
0	105333	0.82225	6578
0	105349	0.822375	6579
0	105365	0.8225	6580
0	105381	0.822625	6581
0	105397	0.82275	6582
0	105413	0.822875	6583
0	105429	0.823	6584
0	105445	0.823125	6585
0	105461	0.82325	6586
0	105477	0.823375	6587
0	105493	0.8235	6588
0	105509	0.823625	6589
0	105525	0.82375	6590
0	105541	0.823875	6591
0	105557	0.824	6592
0	105573	0.824125	6593
0	105589	0.82425	6594
0	105605	0.824375	6595
0	105621	0.8245	6596
0	105637	0.824625	6597
0	105653	0.82475	6598
0	105669	0.824875	6599
0	105685	0.825	6600
0	105701	0.825125	6601
0	105717	0.82525	6602
0	105733	0.825375	6603
0	105749	0.8255	6604
0	105765	0.825625	6605
0	105781	0.82575	6606
0	105797	0.825875	6607
0	105813	0.826	6608
0	105829	0.826125	6609
0	105845	0.82625	6610
0	105861	0.826375	6611
0	105877	0.8265	6612
0	105893	0.826625	6613
0	105909	0.82675	6614
0	105925	0.826875	6615
0	105941	0.827	6616
0	105957	0.827125	6617
0	105973	0.82725	6618
0	105989	0.827375	6619
0	106005	0.8275	6620
0	106021	0.827625	6621
0	106037	0.82775	6622
0	106053	0.827875	6623
0	106069	0.828	6624
0	106085	0.828125	6625
0	106101	0.82825	6626
0	106117	0.828375	6627
0	106133	0.8285	6628
0	106149	0.828625	6629
0	106165	0.82875	6630
0	106181	0.828875	6631
0	106197	0.829	6632
0	106213	0.829125	6633
0	106229	0.82925	6634
0	106245	0.829375	6635
0	106261	0.8295	6636
0	106277	0.829625	6637
0	106293	0.82975	6638
0	106309	0.829875	6639
0	106325	0.83	6640
0	106341	0.830125	6641
0	106357	0.83025	6642
0	106373	0.830375	6643
0	106389	0.8305	6644
0	106405	0.830625	6645
0	106421	0.83075	6646
0	106437	0.830875	6647
0	106453	0.831	6648
0	106469	0.831125	6649
0	106485	0.83125	6650
0	106501	0.831375	6651
0	106517	0.8315	6652
0	106533	0.831625	6653
0	106549	0.83175	6654
0	106565	0.831875	6655
0	106581	0.832	6656
0	106597	0.832125	6657
0	106613	0.83225	6658
0	106629	0.832375	6659
0	106645	0.8325	6660
0	106661	0.832625	6661
0	106677	0.83275	6662
0	106693	0.832875	6663
0	106709	0.833	6664
0	106725	0.833125	6665
0	106741	0.83325	6666
0	106757	0.833375	6667
0	106773	0.8335	6668
0	106789	0.833625	6669
0	106805	0.83375	6670
0	106821	0.833875	6671
0	106837	0.834	6672
0	106853	0.834125	6673
0	106869	0.83425	6674
0	106885	0.834375	6675
0	106901	0.8345	6676
0	106917	0.834625	6677
0	106933	0.83475	6678
0	106949	0.834875	6679
0	106965	0.835	6680
0	106981	0.835125	6681
0	106997	0.83525	6682
0	107013	0.835375	6683
0	107029	0.8355	6684
0	107045	0.835625	6685
0	107061	0.83575	6686
0	107077	0.835875	6687
0	107093	0.836	6688
0	107109	0.836125	6689
0	107125	0.83625	6690
0	107141	0.836375	6691
0	107157	0.8365	6692
0	107173	0.836625	6693
0	107189	0.83675	6694
0	107205	0.836875	6695
0	107221	0.837	6696
0	107237	0.837125	6697
0	107253	0.83725	6698
0	107269	0.837375	6699
0	107285	0.8375	6700
0	107301	0.837625	6701
0	107317	0.83775	6702
0	107333	0.837875	6703
0	107349	0.838	6704
0	107365	0.838125	6705
0	107381	0.83825	6706
0	107397	0.838375	6707
0	107413	0.8385	6708
0	107429	0.838625	6709
0	107445	0.83875	6710
0	107461	0.838875	6711
0	107477	0.839	6712
0	107493	0.839125	6713
0	107509	0.83925	6714
0	107525	0.839375	6715
0	107541	0.8395	6716
0	107557	0.839625	6717
0	107573	0.83975	6718
0	107589	0.839875	6719
0	107605	0.84	6720
0	107621	0.840125	6721
0	107637	0.84025	6722
0	107653	0.840375	6723
0	107669	0.8405	6724
0	107685	0.840625	6725
0	107701	0.84075	6726
0	107717	0.840875	6727
0	107733	0.841	6728
0	107749	0.841125	6729
0	107765	0.84125	6730
0	107781	0.841375	6731
0	107797	0.8415	6732
0	107813	0.841625	6733
0	107829	0.84175	6734
0	107845	0.841875	6735
0	107861	0.842	6736
0	107877	0.842125	6737
0	107893	0.84225	6738
0	107909	0.842375	6739
0	107925	0.8425	6740
0	107941	0.842625	6741
0	107957	0.84275	6742
0	107973	0.842875	6743
0	107989	0.843	6744
0	108005	0.843125	6745
0	108021	0.84325	6746
0	108037	0.843375	6747
0	108053	0.8435	6748
0	108069	0.843625	6749
0	108085	0.84375	6750
0	108101	0.843875	6751
0	108117	0.844	6752
0	108133	0.844125	6753
0	108149	0.84425	6754
0	108165	0.844375	6755
0	108181	0.8445	6756
0	108197	0.844625	6757
0	108213	0.84475	6758
0	108229	0.844875	6759
0	108245	0.845	6760
0	108261	0.845125	6761
0	108277	0.84525	6762
0	108293	0.845375	6763
0	108309	0.8455	6764
0	108325	0.845625	6765
0	108341	0.84575	6766
0	108357	0.845875	6767
0	108373	0.846	6768
0	108389	0.846125	6769
0	108405	0.84625	6770
0	108421	0.846375	6771
0	108437	0.8465	6772
0	108453	0.846625	6773
0	108469	0.84675	6774
0	108485	0.846875	6775
0	108501	0.847	6776
0	108517	0.847125	6777
0	108533	0.84725	6778
0	108549	0.847375	6779
0	108565	0.8475	6780
0	108581	0.847625	6781
0	108597	0.84775	6782
0	108613	0.847875	6783
0	108629	0.848	6784
0	108645	0.848125	6785
0	108661	0.84825	6786
0	108677	0.848375	6787
0	108693	0.8485	6788
0	108709	0.848625	6789
0	108725	0.84875	6790
0	108741	0.848875	6791
0	108757	0.849	6792
0	108773	0.849125	6793
0	108789	0.84925	6794
0	108805	0.849375	6795
0	108821	0.8495	6796
0	108837	0.849625	6797
0	108853	0.84975	6798
0	108869	0.849875	6799
0	108885	0.85	6800
0	108901	0.850125	6801
0	108917	0.85025	6802
0	108933	0.850375	6803
0	108949	0.8505	6804
0	108965	0.850625	6805
0	108981	0.85075	6806
0	108997	0.850875	6807
0	109013	0.851	6808
0	109029	0.851125	6809
0	109045	0.85125	6810
0	109061	0.851375	6811
0	109077	0.8515	6812
0	109093	0.851625	6813
0	109109	0.85175	6814
0	109125	0.851875	6815
0	109141	0.852	6816
0	109157	0.852125	6817
0	109173	0.85225	6818
0	109189	0.852375	6819
0	109205	0.8525	6820
0	109221	0.852625	6821
0	109237	0.85275	6822
0	109253	0.852875	6823
0	109269	0.853	6824
0	109285	0.853125	6825
0	109301	0.85325	6826
0	109317	0.853375	6827
0	109333	0.8535	6828
0	109349	0.853625	6829
0	109365	0.85375	6830
0	109381	0.853875	6831
0	109397	0.854	6832
0	109413	0.854125	6833
0	109429	0.85425	6834
0	109445	0.854375	6835
0	109461	0.8545	6836
0	109477	0.854625	6837
0	109497	0.85475	6838
0	109513	0.854875	6839
0	109529	0.855	6840
0	109545	0.855125	6841
0	109561	0.85525	6842
0	109577	0.855375	6843
0	109593	0.8555	6844
0	109609	0.855625	6845
0	109625	0.85575	6846
0	109641	0.855875	6847
0	109657	0.856	6848
0	109673	0.856125	6849
0	109689	0.85625	6850
0	109705	0.856375	6851
0	109721	0.8565	6852
0	109737	0.856625	6853
0	109753	0.85675	6854
0	109769	0.856875	6855
0	109785	0.857	6856
0	109801	0.857125	6857
0	109817	0.85725	6858
0	109833	0.857375	6859
0	109849	0.8575	6860
0	109865	0.857625	6861
0	109881	0.85775	6862
0	109897	0.857875	6863
0	109913	0.858	6864
0	109929	0.858125	6865
0	109945	0.85825	6866
0	109961	0.858375	6867
0	109977	0.8585	6868
0	109993	0.858625	6869
0	110009	0.85875	6870
0	110025	0.858875	6871
0	110041	0.859	6872
0	110057	0.859125	6873
0	110073	0.85925	6874
0	110089	0.859375	6875
0	110105	0.8595	6876
0	110121	0.859625	6877
0	110137	0.85975	6878
0	110153	0.859875	6879
0	110169	0.86	6880
0	110185	0.860125	6881
0	110201	0.86025	6882
0	110217	0.860375	6883
0	110233	0.8605	6884
0	110249	0.860625	6885
0	110265	0.86075	6886
0	110281	0.860875	6887
0	110297	0.861	6888
0	110313	0.861125	6889
0	110329	0.86125	6890
0	110345	0.861375	6891
0	110361	0.8615	6892
0	110377	0.861625	6893
0	110393	0.86175	6894
0	110409	0.861875	6895
0	110425	0.862	6896
0	110441	0.862125	6897
0	110457	0.86225	6898
0	110473	0.862375	6899
0	110489	0.8625	6900
0	110505	0.862625	6901
0	110521	0.86275	6902
0	110537	0.862875	6903
0	110553	0.863	6904
0	110569	0.863125	6905
0	110585	0.86325	6906
0	110601	0.863375	6907
0	110617	0.8635	6908
0	110633	0.863625	6909
0	110649	0.86375	6910
0	110665	0.863875	6911
0	110681	0.864	6912
0	110697	0.864125	6913
0	110713	0.86425	6914
0	110729	0.864375	6915
0	110745	0.8645	6916
0	110761	0.864625	6917
0	110777	0.86475	6918
0	110793	0.864875	6919
0	110809	0.865	6920
0	110825	0.865125	6921
0	110841	0.86525	6922
0	110857	0.865375	6923
0	110873	0.8655	6924
0	110889	0.865625	6925
0	110905	0.86575	6926
0	110921	0.865875	6927
0	110937	0.866	6928
0	110953	0.866125	6929
0	110969	0.86625	6930
0	110985	0.866375	6931
0	111001	0.8665	6932
0	111017	0.866625	6933
0	111033	0.86675	6934
0	111049	0.866875	6935
0	111065	0.867	6936
0	111081	0.867125	6937
0	111097	0.86725	6938
0	111113	0.867375	6939
0	111129	0.8675	6940
0	111145	0.867625	6941
0	111161	0.86775	6942
0	111177	0.867875	6943
0	111193	0.868	6944
0	111209	0.868125	6945
0	111225	0.86825	6946
0	111241	0.868375	6947
0	111257	0.8685	6948
0	111273	0.868625	6949
0	111289	0.86875	6950
0	111305	0.868875	6951
0	111321	0.869	6952
0	111337	0.869125	6953
0	111353	0.86925	6954
0	111369	0.869375	6955
0	111385	0.8695	6956
0	111401	0.869625	6957
0	111417	0.86975	6958
0	111433	0.869875	6959
0	111449	0.87	6960
0	111465	0.870125	6961
0	111481	0.87025	6962
0	111497	0.870375	6963
0	111513	0.8705	6964
0	111529	0.870625	6965
0	111545	0.87075	6966
0	111561	0.870875	6967
0	111577	0.871	6968
0	111593	0.871125	6969
0	111609	0.87125	6970
0	111625	0.871375	6971
0	111641	0.8715	6972
0	111657	0.871625	6973
0	111673	0.87175	6974
0	111689	0.871875	6975
0	111705	0.872	6976
0	111721	0.872125	6977
0	111737	0.87225	6978
0	111753	0.872375	6979
0	111769	0.8725	6980
0	111785	0.872625	6981
0	111801	0.87275	6982
0	111817	0.872875	6983
0	111833	0.873	6984
0	111849	0.873125	6985
0	111865	0.87325	6986
0	111881	0.873375	6987
0	111897	0.8735	6988
0	111913	0.873625	6989
0	111929	0.87375	6990
0	111945	0.873875	6991
0	111961	0.874	6992
0	111977	0.874125	6993
0	111993	0.87425	6994
0	112009	0.874375	6995
0	112025	0.8745	6996
0	112041	0.874625	6997
0	112057	0.87475	6998
0	112073	0.874875	6999
0	112089	0.875	7000
0	112105	0.875125	7001
0	112121	0.87525	7002
0	112137	0.875375	7003
0	112153	0.8755	7004
0	112169	0.875625	7005
0	112185	0.87575	7006
0	112201	0.875875	7007
0	112217	0.876	7008
0	112233	0.876125	7009
0	112249	0.87625	7010
0	112265	0.876375	7011
0	112281	0.8765	7012
0	112297	0.876625	7013
0	112313	0.87675	7014
0	112329	0.876875	7015
0	112345	0.877	7016
0	112361	0.877125	7017
0	112377	0.87725	7018
0	112393	0.877375	7019
0	112409	0.8775	7020
0	112425	0.877625	7021
0	112441	0.87775	7022
0	112457	0.877875	7023
0	112473	0.878	7024
0	112489	0.878125	7025
0	112505	0.87825	7026
0	112521	0.878375	7027
0	112537	0.8785	7028
0	112553	0.878625	7029
0	112569	0.87875	7030
0	112585	0.878875	7031
0	112601	0.879	7032
0	112617	0.879125	7033
0	112633	0.87925	7034
0	112649	0.879375	7035
0	112665	0.8795	7036
0	112681	0.879625	7037
0	112697	0.87975	7038
0	112713	0.879875	7039
0	112729	0.88	7040
0	112745	0.880125	7041
0	112761	0.88025	7042
0	112777	0.880375	7043
0	112793	0.8805	7044
0	112809	0.880625	7045
0	112825	0.88075	7046
0	112841	0.880875	7047
0	112857	0.881	7048
0	112873	0.881125	7049
0	112889	0.88125	7050
0	112905	0.881375	7051
0	112921	0.8815	7052
0	112937	0.881625	7053
0	112953	0.88175	7054
0	112969	0.881875	7055
0	112985	0.882	7056
0	113001	0.882125	7057
0	113017	0.88225	7058
0	113033	0.882375	7059
0	113049	0.8825	7060
0	113065	0.882625	7061
0	113081	0.88275	7062
0	113097	0.882875	7063
0	113113	0.883	7064
0	113129	0.883125	7065
0	113145	0.88325	7066
0	113161	0.883375	7067
0	113177	0.8835	7068
0	113193	0.883625	7069
0	113209	0.88375	7070
0	113225	0.883875	7071
0	113241	0.884	7072
0	113257	0.884125	7073
0	113273	0.88425	7074
0	113289	0.884375	7075
0	113305	0.8845	7076
0	113321	0.884625	7077
0	113337	0.88475	7078
0	113353	0.884875	7079
0	113369	0.885	7080
0	113385	0.885125	7081
0	113401	0.88525	7082
0	113417	0.885375	7083
0	113433	0.8855	7084
0	113449	0.885625	7085
0	113465	0.88575	7086
0	113481	0.885875	7087
0	113497	0.886	7088
0	113513	0.886125	7089
0	113529	0.88625	7090
0	113545	0.886375	7091
0	113561	0.8865	7092
0	113577	0.886625	7093
0	113593	0.88675	7094
0	113609	0.886875	7095
0	113625	0.887	7096
0	113641	0.887125	7097
0	113657	0.88725	7098
0	113673	0.887375	7099
0	113689	0.8875	7100
0	113705	0.887625	7101
0	113721	0.88775	7102
0	113737	0.887875	7103
0	113753	0.888	7104
0	113769	0.888125	7105
0	113785	0.88825	7106
0	113801	0.888375	7107
0	113817	0.8885	7108
0	113833	0.888625	7109
0	113849	0.88875	7110
0	113865	0.888875	7111
0	113881	0.889	7112
0	113897	0.889125	7113
0	113913	0.88925	7114
0	113929	0.889375	7115
0	113945	0.8895	7116
0	113961	0.889625	7117
0	113977	0.88975	7118
0	113993	0.889875	7119
0	114009	0.89	7120
0	114025	0.890125	7121
0	114041	0.89025	7122
0	114057	0.890375	7123
0	114073	0.8905	7124
0	114089	0.890625	7125
0	114105	0.89075	7126
0	114121	0.890875	7127
0	114137	0.891	7128
0	114153	0.891125	7129
0	114169	0.89125	7130
0	114185	0.891375	7131
0	114201	0.8915	7132
0	114217	0.891625	7133
0	114233	0.89175	7134
0	114253	0.891875	7135
0	114269	0.892	7136
0	114285	0.892125	7137
0	114301	0.89225	7138
0	114317	0.892375	7139
0	114333	0.8925	7140
0	114349	0.892625	7141
0	114365	0.89275	7142
0	114381	0.892875	7143
0	114397	0.893	7144
0	114413	0.893125	7145
0	114429	0.89325	7146
0	114445	0.893375	7147
0	114461	0.8935	7148
0	114477	0.893625	7149
0	114493	0.89375	7150
0	114509	0.893875	7151
0	114525	0.894	7152
0	114541	0.894125	7153
0	114557	0.89425	7154
0	114573	0.894375	7155
0	114589	0.8945	7156
0	114605	0.894625	7157
0	114621	0.89475	7158
0	114637	0.894875	7159
0	114653	0.895	7160
0	114669	0.895125	7161
0	114685	0.89525	7162
0	114701	0.895375	7163
0	114717	0.8955	7164
0	114733	0.895625	7165
0	114749	0.89575	7166
0	114765	0.895875	7167
0	114781	0.896	7168
0	114797	0.896125	7169
0	114813	0.89625	7170
0	114829	0.896375	7171
0	114845	0.8965	7172
0	114861	0.896625	7173
0	114877	0.89675	7174
0	114893	0.896875	7175
0	114909	0.897	7176
0	114925	0.897125	7177
0	114941	0.89725	7178
0	114957	0.897375	7179
0	114973	0.8975	7180
0	114989	0.897625	7181
0	115005	0.89775	7182
0	115021	0.897875	7183
0	115037	0.898	7184
0	115053	0.898125	7185
0	115069	0.89825	7186
0	115085	0.898375	7187
0	115101	0.8985	7188
0	115117	0.898625	7189
0	115133	0.89875	7190
0	115149	0.898875	7191
0	115165	0.899	7192
0	115181	0.899125	7193
0	115197	0.89925	7194
0	115213	0.899375	7195
0	115229	0.8995	7196
0	115245	0.899625	7197
0	115261	0.89975	7198
0	115277	0.899875	7199
0	115293	0.9	7200
0	115309	0.900125	7201
0	115325	0.90025	7202
0	115341	0.900375	7203
0	115357	0.9005	7204
0	115373	0.900625	7205
0	115389	0.90075	7206
0	115405	0.900875	7207
0	115421	0.901	7208
0	115437	0.901125	7209
0	115453	0.90125	7210
0	115469	0.901375	7211
0	115485	0.9015	7212
0	115501	0.901625	7213
0	115517	0.90175	7214
0	115533	0.901875	7215
0	115549	0.902	7216
0	115565	0.902125	7217
0	115581	0.90225	7218
0	115597	0.902375	7219
0	115613	0.9025	7220
0	115629	0.902625	7221
0	115645	0.90275	7222
0	115661	0.902875	7223
0	115677	0.903	7224
0	115693	0.903125	7225
0	115709	0.90325	7226
0	115725	0.903375	7227
0	115741	0.9035	7228
0	115757	0.903625	7229
0	115773	0.90375	7230
0	115789	0.903875	7231
0	115805	0.904	7232
0	115821	0.904125	7233
0	115837	0.90425	7234
0	115853	0.904375	7235
0	115869	0.9045	7236
0	115885	0.904625	7237
0	115901	0.90475	7238
0	115917	0.904875	7239
0	115933	0.905	7240
0	115949	0.905125	7241
0	115965	0.90525	7242
0	115981	0.905375	7243
0	115997	0.9055	7244
0	116013	0.905625	7245
0	116029	0.90575	7246
0	116045	0.905875	7247
0	116061	0.906	7248
0	116077	0.906125	7249
0	116093	0.90625	7250
0	116109	0.906375	7251
0	116125	0.9065	7252
0	116141	0.906625	7253
0	116157	0.90675	7254
0	116173	0.906875	7255
0	116189	0.907	7256
0	116205	0.907125	7257
0	116221	0.90725	7258
0	116237	0.907375	7259
0	116253	0.9075	7260
0	116269	0.907625	7261
0	116285	0.90775	7262
0	116301	0.907875	7263
0	116317	0.908	7264
0	116333	0.908125	7265
0	116349	0.90825	7266
0	116365	0.908375	7267
0	116381	0.9085	7268
0	116397	0.908625	7269
0	116413	0.90875	7270
0	116429	0.908875	7271
0	116445	0.909	7272
0	116461	0.909125	7273
0	116477	0.90925	7274
0	116493	0.909375	7275
0	116509	0.9095	7276
0	116525	0.909625	7277
0	116541	0.90975	7278
0	116557	0.909875	7279
0	116573	0.91	7280
0	116589	0.910125	7281
0	116605	0.91025	7282
0	116621	0.910375	7283
0	116637	0.9105	7284
0	116653	0.910625	7285
0	116669	0.91075	7286
0	116685	0.910875	7287
0	116701	0.911	7288
0	116717	0.911125	7289
0	116733	0.91125	7290
0	116749	0.911375	7291
0	116765	0.9115	7292
0	116781	0.911625	7293
0	116797	0.91175	7294
0	116813	0.911875	7295
0	116829	0.912	7296
0	116845	0.912125	7297
0	116861	0.91225	7298
0	116877	0.912375	7299
0	116893	0.9125	7300
0	116909	0.912625	7301
0	116925	0.91275	7302
0	116941	0.912875	7303
0	116957	0.913	7304
0	116973	0.913125	7305
0	116989	0.91325	7306
0	117005	0.913375	7307
0	117021	0.9135	7308
0	117037	0.913625	7309
0	117053	0.91375	7310
0	117069	0.913875	7311
0	117085	0.914	7312
0	117101	0.914125	7313
0	117117	0.91425	7314
0	117133	0.914375	7315
0	117149	0.9145	7316
0	117165	0.914625	7317
0	117181	0.91475	7318
0	117197	0.914875	7319
0	117213	0.915	7320
0	117229	0.915125	7321
0	117245	0.91525	7322
0	117261	0.915375	7323
0	117277	0.9155	7324
0	117293	0.915625	7325
0	117309	0.91575	7326
0	117325	0.915875	7327
0	117341	0.916	7328
0	117357	0.916125	7329
0	117373	0.91625	7330
0	117389	0.916375	7331
0	117405	0.9165	7332
0	117421	0.916625	7333
0	117437	0.91675	7334
0	117453	0.916875	7335
0	117469	0.917	7336
0	117485	0.917125	7337
0	117501	0.91725	7338
0	117517	0.917375	7339
0	117533	0.9175	7340
0	117549	0.917625	7341
0	117565	0.91775	7342
0	117581	0.917875	7343
0	117597	0.918	7344
0	117613	0.918125	7345
0	117629	0.91825	7346
0	117645	0.918375	7347
0	117661	0.9185	7348
0	117677	0.918625	7349
0	117693	0.91875	7350
0	117709	0.918875	7351
0	117725	0.919	7352
0	117741	0.919125	7353
0	117757	0.91925	7354
0	117773	0.919375	7355
0	117789	0.9195	7356
0	117805	0.919625	7357
0	117821	0.91975	7358
0	117837	0.919875	7359
0	117853	0.92	7360
0	117869	0.920125	7361
0	117885	0.92025	7362
0	117901	0.920375	7363
0	117917	0.9205	7364
0	117933	0.920625	7365
0	117949	0.92075	7366
0	117965	0.920875	7367
0	117981	0.921	7368
0	117997	0.921125	7369
0	118013	0.92125	7370
0	118029	0.921375	7371
0	118045	0.9215	7372
0	118061	0.921625	7373
0	118077	0.92175	7374
0	118093	0.921875	7375
0	118109	0.922	7376
0	118125	0.922125	7377
0	118141	0.92225	7378
0	118157	0.922375	7379
0	118173	0.9225	7380
0	118189	0.922625	7381
0	118205	0.92275	7382
0	118221	0.922875	7383
0	118237	0.923	7384
0	118253	0.923125	7385
0	118269	0.92325	7386
0	118285	0.923375	7387
0	118301	0.9235	7388
0	118317	0.923625	7389
0	118333	0.92375	7390
0	118349	0.923875	7391
0	118365	0.924	7392
0	118381	0.924125	7393
0	118397	0.92425	7394
0	118413	0.924375	7395
0	118429	0.9245	7396
0	118445	0.924625	7397
0	118461	0.92475	7398
0	118477	0.924875	7399
0	118493	0.925	7400
0	118509	0.925125	7401
0	118525	0.92525	7402
0	118541	0.925375	7403
0	118557	0.9255	7404
0	118573	0.925625	7405
0	118589	0.92575	7406
0	118605	0.925875	7407
0	118621	0.926	7408
0	118637	0.926125	7409
0	118653	0.92625	7410
0	118669	0.926375	7411
0	118685	0.9265	7412
0	118701	0.926625	7413
0	118717	0.92675	7414
0	118733	0.926875	7415
0	118749	0.927	7416
0	118765	0.927125	7417
0	118781	0.92725	7418
0	118797	0.927375	7419
0	118813	0.9275	7420
0	118829	0.927625	7421
0	118845	0.92775	7422
0	118861	0.927875	7423
0	118877	0.928	7424
0	118893	0.928125	7425
0	118909	0.92825	7426
0	118925	0.928375	7427
0	118941	0.9285	7428
0	118957	0.928625	7429
0	118973	0.92875	7430
0	118989	0.928875	7431
0	119005	0.929	7432
0	119025	0.929125	7433
0	119041	0.92925	7434
0	119057	0.929375	7435
0	119073	0.9295	7436
0	119089	0.929625	7437
0	119105	0.92975	7438
0	119121	0.929875	7439
0	119137	0.93	7440
0	119153	0.930125	7441
0	119169	0.93025	7442
0	119185	0.930375	7443
0	119201	0.9305	7444
0	119217	0.930625	7445
0	119233	0.93075	7446
0	119249	0.930875	7447
0	119265	0.931	7448
0	119281	0.931125	7449
0	119297	0.93125	7450
0	119313	0.931375	7451
0	119329	0.9315	7452
0	119345	0.931625	7453
0	119361	0.93175	7454
0	119377	0.931875	7455
0	119393	0.932	7456
0	119409	0.932125	7457
0	119425	0.93225	7458
0	119441	0.932375	7459
0	119457	0.9325	7460
0	119473	0.932625	7461
0	119489	0.93275	7462
0	119505	0.932875	7463
0	119521	0.933	7464
0	119537	0.933125	7465
0	119553	0.93325	7466
0	119569	0.933375	7467
0	119585	0.9335	7468
0	119601	0.933625	7469
0	119617	0.93375	7470
0	119633	0.933875	7471
0	119649	0.934	7472
0	119665	0.934125	7473
0	119681	0.93425	7474
0	119697	0.934375	7475
0	119713	0.9345	7476
0	119729	0.934625	7477
0	119745	0.93475	7478
0	119761	0.934875	7479
0	119777	0.935	7480
0	119793	0.935125	7481
0	119809	0.93525	7482
0	119825	0.935375	7483
0	119841	0.9355	7484
0	119857	0.935625	7485
0	119873	0.93575	7486
0	119889	0.935875	7487
0	119905	0.936	7488
0	119921	0.936125	7489
0	119937	0.93625	7490
0	119953	0.936375	7491
0	119969	0.9365	7492
0	119985	0.936625	7493
0	120001	0.93675	7494
0	120017	0.936875	7495
0	120033	0.937	7496
0	120049	0.937125	7497
0	120065	0.93725	7498
0	120081	0.937375	7499
0	120097	0.9375	7500
0	120113	0.937625	7501
0	120129	0.93775	7502
0	120145	0.937875	7503
0	120161	0.938	7504
0	120177	0.938125	7505
0	120193	0.93825	7506
0	120209	0.938375	7507
0	120225	0.9385	7508
0	120241	0.938625	7509
0	120257	0.93875	7510
0	120273	0.938875	7511
0	120289	0.939	7512
0	120305	0.939125	7513
0	120321	0.93925	7514
0	120337	0.939375	7515
0	120353	0.9395	7516
0	120369	0.939625	7517
0	120385	0.93975	7518
0	120401	0.939875	7519
0	120417	0.94	7520
0	120433	0.940125	7521
0	120449	0.94025	7522
0	120465	0.940375	7523
0	120481	0.9405	7524
0	120497	0.940625	7525
0	120513	0.94075	7526
0	120529	0.940875	7527
0	120545	0.941	7528
0	120561	0.941125	7529
0	120577	0.94125	7530
0	120593	0.941375	7531
0	120609	0.9415	7532
0	120625	0.941625	7533
0	120641	0.94175	7534
0	120657	0.941875	7535
0	120673	0.942	7536
0	120689	0.942125	7537
0	120705	0.94225	7538
0	120721	0.942375	7539
0	120737	0.9425	7540
0	120753	0.942625	7541
0	120769	0.94275	7542
0	120785	0.942875	7543
0	120801	0.943	7544
0	120817	0.943125	7545
0	120833	0.94325	7546
0	120849	0.943375	7547
0	120865	0.9435	7548
0	120881	0.943625	7549
0	120897	0.94375	7550
0	120913	0.943875	7551
0	120929	0.944	7552
0	120945	0.944125	7553
0	120961	0.94425	7554
0	120977	0.944375	7555
0	120993	0.9445	7556
0	121009	0.944625	7557
0	121025	0.94475	7558
0	121041	0.944875	7559
0	121057	0.945	7560
0	121073	0.945125	7561
0	121089	0.94525	7562
0	121105	0.945375	7563
0	121121	0.9455	7564
0	121137	0.945625	7565
0	121153	0.94575	7566
0	121169	0.945875	7567
0	121185	0.946	7568
0	121201	0.946125	7569
0	121217	0.94625	7570
0	121233	0.946375	7571
0	121249	0.9465	7572
0	121265	0.946625	7573
0	121281	0.94675	7574
0	121297	0.946875	7575
0	121313	0.947	7576
0	121329	0.947125	7577
0	121345	0.94725	7578
0	121361	0.947375	7579
0	121377	0.9475	7580
0	121393	0.947625	7581
0	121409	0.94775	7582
0	121425	0.947875	7583
0	121441	0.948	7584
0	121457	0.948125	7585
0	121473	0.94825	7586
0	121489	0.948375	7587
0	121505	0.9485	7588
0	121521	0.948625	7589
0	121537	0.94875	7590
0	121553	0.948875	7591
0	121569	0.949	7592
0	121585	0.949125	7593
0	121601	0.94925	7594
0	121617	0.949375	7595
0	121633	0.9495	7596
0	121649	0.949625	7597
0	121665	0.94975	7598
0	121681	0.949875	7599
0	121697	0.95	7600
0	121713	0.950125	7601
0	121729	0.95025	7602
0	121745	0.950375	7603
0	121761	0.9505	7604
0	121777	0.950625	7605
0	121793	0.95075	7606
0	121809	0.950875	7607
0	121825	0.951	7608
0	121841	0.951125	7609
0	121857	0.95125	7610
0	121873	0.951375	7611
0	121889	0.9515	7612
0	121905	0.951625	7613
0	121921	0.95175	7614
0	121937	0.951875	7615
0	121953	0.952	7616
0	121969	0.952125	7617
0	121985	0.95225	7618
0	122001	0.952375	7619
0	122017	0.9525	7620
0	122033	0.952625	7621
0	122049	0.95275	7622
0	122065	0.952875	7623
0	122081	0.953	7624
0	122097	0.953125	7625
0	122113	0.95325	7626
0	122129	0.953375	7627
0	122145	0.9535	7628
0	122161	0.953625	7629
0	122177	0.95375	7630
0	122193	0.953875	7631
0	122209	0.954	7632
0	122225	0.954125	7633
0	122241	0.95425	7634
0	122257	0.954375	7635
0	122273	0.9545	7636
0	122289	0.954625	7637
0	122305	0.95475	7638
0	122321	0.954875	7639
0	122337	0.955	7640
0	122353	0.955125	7641
0	122369	0.95525	7642
0	122385	0.955375	7643
0	122401	0.9555	7644
0	122417	0.955625	7645
0	122433	0.95575	7646
0	122449	0.955875	7647
0	122465	0.956	7648
0	122481	0.956125	7649
0	122497	0.95625	7650
0	122513	0.956375	7651
0	122529	0.9565	7652
0	122545	0.956625	7653
0	122561	0.95675	7654
0	122577	0.956875	7655
0	122593	0.957	7656
0	122609	0.957125	7657
0	122625	0.95725	7658
0	122641	0.957375	7659
0	122657	0.9575	7660
0	122673	0.957625	7661
0	122689	0.95775	7662
0	122705	0.957875	7663
0	122721	0.958	7664
0	122737	0.958125	7665
0	122753	0.95825	7666
0	122769	0.958375	7667
0	122785	0.9585	7668
0	122801	0.958625	7669
0	122817	0.95875	7670
0	122833	0.958875	7671
0	122849	0.959	7672
0	122865	0.959125	7673
0	122881	0.95925	7674
0	122897	0.959375	7675
0	122913	0.9595	7676
0	122929	0.959625	7677
0	122945	0.95975	7678
0	122961	0.959875	7679
0	122977	0.96	7680
0	122993	0.960125	7681
0	123009	0.96025	7682
0	123025	0.960375	7683
0	123041	0.9605	7684
0	123057	0.960625	7685
0	123073	0.96075	7686
0	123089	0.960875	7687
0	123105	0.961	7688
0	123121	0.961125	7689
0	123137	0.96125	7690
0	123153	0.961375	7691
0	123169	0.9615	7692
0	123185	0.961625	7693
0	123201	0.96175	7694
0	123217	0.961875	7695
0	123233	0.962	7696
0	123249	0.962125	7697
0	123265	0.96225	7698
0	123281	0.962375	7699
0	123297	0.9625	7700
0	123313	0.962625	7701
0	123329	0.96275	7702
0	123345	0.962875	7703
0	123361	0.963	7704
0	123377	0.963125	7705
0	123393	0.96325	7706
0	123409	0.963375	7707
0	123425	0.9635	7708
0	123441	0.963625	7709
0	123457	0.96375	7710
0	123473	0.963875	7711
0	123489	0.964	7712
0	123505	0.964125	7713
0	123521	0.96425	7714
0	123537	0.964375	7715
0	123553	0.9645	7716
0	123569	0.964625	7717
0	123585	0.96475	7718
0	123601	0.964875	7719
0	123617	0.965	7720
0	123633	0.965125	7721
0	123649	0.96525	7722
0	123665	0.965375	7723
0	123681	0.9655	7724
0	123697	0.965625	7725
0	123713	0.96575	7726
0	123729	0.965875	7727
0	123745	0.966	7728
0	123761	0.966125	7729
0	123781	0.96625	7730
0	123797	0.966375	7731
0	123813	0.9665	7732
0	123829	0.966625	7733
0	123845	0.96675	7734
0	123861	0.966875	7735
0	123877	0.967	7736
0	123893	0.967125	7737
0	123909	0.96725	7738
0	123925	0.967375	7739
0	123941	0.9675	7740
0	123957	0.967625	7741
0	123973	0.96775	7742
0	123989	0.967875	7743
0	124005	0.968	7744
0	124021	0.968125	7745
0	124037	0.96825	7746
0	124053	0.968375	7747
0	124069	0.9685	7748
0	124085	0.968625	7749
0	124101	0.96875	7750
0	124117	0.968875	7751
0	124133	0.969	7752
0	124149	0.969125	7753
0	124165	0.96925	7754
0	124181	0.969375	7755
0	124197	0.9695	7756
0	124213	0.969625	7757
0	124229	0.96975	7758
0	124245	0.969875	7759
0	124261	0.97	7760
0	124277	0.970125	7761
0	124293	0.97025	7762
0	124309	0.970375	7763
0	124325	0.9705	7764
0	124341	0.970625	7765
0	124357	0.97075	7766
0	124373	0.970875	7767
0	124389	0.971	7768
0	124405	0.971125	7769
0	124421	0.97125	7770
0	124437	0.971375	7771
0	124453	0.9715	7772
0	124469	0.971625	7773
0	124485	0.97175	7774
0	124501	0.971875	7775
0	124517	0.972	7776
0	124533	0.972125	7777
0	124549	0.97225	7778
0	124565	0.972375	7779
0	124581	0.9725	7780
0	124597	0.972625	7781
0	124613	0.97275	7782
0	124629	0.972875	7783
0	124645	0.973	7784
0	124661	0.973125	7785
0	124677	0.97325	7786
0	124693	0.973375	7787
0	124709	0.9735	7788
0	124725	0.973625	7789
0	124741	0.97375	7790
0	124757	0.973875	7791
0	124773	0.974	7792
0	124789	0.974125	7793
0	124805	0.97425	7794
0	124821	0.974375	7795
0	124837	0.9745	7796
0	124853	0.974625	7797
0	124869	0.97475	7798
0	124885	0.974875	7799
0	124901	0.975	7800
0	124917	0.975125	7801
0	124933	0.97525	7802
0	124949	0.975375	7803
0	124965	0.9755	7804
0	124981	0.975625	7805
0	124997	0.97575	7806
0	125013	0.975875	7807
0	125029	0.976	7808
0	125045	0.976125	7809
0	125061	0.97625	7810
0	125077	0.976375	7811
0	125093	0.9765	7812
0	125109	0.976625	7813
0	125125	0.97675	7814
0	125141	0.976875	7815
0	125157	0.977	7816
0	125173	0.977125	7817
0	125189	0.97725	7818
0	125205	0.977375	7819
0	125221	0.9775	7820
0	125237	0.977625	7821
0	125253	0.97775	7822
0	125269	0.977875	7823
0	125285	0.978	7824
0	125301	0.978125	7825
0	125317	0.97825	7826
0	125333	0.978375	7827
0	125349	0.9785	7828
0	125365	0.978625	7829
0	125381	0.97875	7830
0	125397	0.978875	7831
0	125413	0.979	7832
0	125429	0.979125	7833
0	125445	0.97925	7834
0	125461	0.979375	7835
0	125477	0.9795	7836
0	125493	0.979625	7837
0	125509	0.97975	7838
0	125525	0.979875	7839
0	125541	0.98	7840
0	125557	0.980125	7841
0	125573	0.98025	7842
0	125589	0.980375	7843
0	125605	0.9805	7844
0	125621	0.980625	7845
0	125637	0.98075	7846
0	125653	0.980875	7847
0	125669	0.981	7848
0	125685	0.981125	7849
0	125701	0.98125	7850
0	125717	0.981375	7851
0	125733	0.9815	7852
0	125749	0.981625	7853
0	125765	0.98175	7854
0	125781	0.981875	7855
0	125797	0.982	7856
0	125813	0.982125	7857
0	125829	0.98225	7858
0	125845	0.982375	7859
0	125861	0.9825	7860
0	125877	0.982625	7861
0	125893	0.98275	7862
0	125909	0.982875	7863
0	125925	0.983	7864
0	125941	0.983125	7865
0	125957	0.98325	7866
0	125973	0.983375	7867
0	125989	0.9835	7868
0	126005	0.983625	7869
0	126021	0.98375	7870
0	126037	0.983875	7871
0	126053	0.984	7872
0	126069	0.984125	7873
0	126085	0.98425	7874
0	126101	0.984375	7875
0	126117	0.9845	7876
0	126133	0.984625	7877
0	126149	0.98475	7878
0	126165	0.984875	7879
0	126181	0.985	7880
0	126197	0.985125	7881
0	126213	0.98525	7882
0	126229	0.985375	7883
0	126245	0.9855	7884
0	126261	0.985625	7885
0	126277	0.98575	7886
0	126293	0.985875	7887
0	126309	0.986	7888
0	126325	0.986125	7889
0	126341	0.98625	7890
0	126357	0.986375	7891
0	126373	0.9865	7892
0	126389	0.986625	7893
0	126405	0.98675	7894
0	126421	0.986875	7895
0	126437	0.987	7896
0	126453	0.987125	7897
0	126469	0.98725	7898
0	126485	0.987375	7899
0	126501	0.9875	7900
0	126517	0.987625	7901
0	126533	0.98775	7902
0	126549	0.987875	7903
0	126565	0.988	7904
0	126581	0.988125	7905
0	126597	0.98825	7906
0	126613	0.988375	7907
0	126629	0.9885	7908
0	126645	0.988625	7909
0	126661	0.98875	7910
0	126677	0.988875	7911
0	126693	0.989	7912
0	126709	0.989125	7913
0	126725	0.98925	7914
0	126741	0.989375	7915
0	126757	0.9895	7916
0	126773	0.989625	7917
0	126789	0.98975	7918
0	126805	0.989875	7919
0	126821	0.99	7920
0	126837	0.990125	7921
0	126853	0.99025	7922
0	126869	0.990375	7923
0	126885	0.9905	7924
0	126901	0.990625	7925
0	126917	0.99075	7926
0	126933	0.990875	7927
0	126949	0.991	7928
0	126965	0.991125	7929
0	126981	0.99125	7930
0	126997	0.991375	7931
0	127013	0.9915	7932
0	127029	0.991625	7933
0	127045	0.99175	7934
0	127061	0.991875	7935
0	127077	0.992	7936
0	127093	0.992125	7937
0	127109	0.99225	7938
0	127125	0.992375	7939
0	127141	0.9925	7940
0	127157	0.992625	7941
0	127173	0.99275	7942
0	127189	0.992875	7943
0	127205	0.993	7944
0	127221	0.993125	7945
0	127237	0.99325	7946
0	127253	0.993375	7947
0	127269	0.9935	7948
0	127285	0.993625	7949
0	127301	0.99375	7950
0	127317	0.993875	7951
0	127333	0.994	7952
0	127349	0.994125	7953
0	127365	0.99425	7954
0	127381	0.994375	7955
0	127397	0.9945	7956
0	127413	0.994625	7957
0	127429	0.99475	7958
0	127445	0.994875	7959
0	127461	0.995	7960
0	127477	0.995125	7961
0	127493	0.99525	7962
0	127509	0.995375	7963
0	127525	0.9955	7964
0	127541	0.995625	7965
0	127557	0.99575	7966
0	127573	0.995875	7967
0	127589	0.996	7968
0	127605	0.996125	7969
0	127621	0.99625	7970
0	127637	0.996375	7971
0	127653	0.9965	7972
0	127669	0.996625	7973
0	127685	0.99675	7974
0	127701	0.996875	7975
0	127717	0.997	7976
0	127733	0.997125	7977
0	127749	0.99725	7978
0	127765	0.997375	7979
0	127781	0.9975	7980
0	127797	0.997625	7981
0	127813	0.99775	7982
0	127829	0.997875	7983
0	127845	0.998	7984
0	127861	0.998125	7985
0	127877	0.99825	7986
0	127893	0.998375	7987
0	127909	0.9985	7988
0	127925	0.998625	7989
0	127941	0.99875	7990
0	127957	0.998875	7991
0	127973	0.999	7992
0	127989	0.999125	7993
0	128005	0.99925	7994
0	128021	0.999375	7995
0	128037	0.9995	7996
0	128053	0.999625	7997
0	128069	0.99975	7998
0	128085	0.999875	7999
0	128101	1	8000
1	14	0.000125	1
1	30	0.00025	2
1	46	0.000375	3
1	62	0.0005	4
1	78	0.000625	5
1	94	0.00075	6
1	110	0.000875	7
1	126	0.001	8
1	142	0.001125	9
1	158	0.00125	10
1	174	0.001375	11
1	190	0.0015	12
1	206	0.001625	13
1	222	0.00175	14
1	238	0.001875	15
1	254	0.002	16
1	270	0.002125	17
1	286	0.00225	18
1	302	0.002375	19
1	318	0.0025	20
1	334	0.002625	21
1	350	0.00275	22
1	366	0.002875	23
1	382	0.003	24
1	398	0.003125	25
1	414	0.00325	26
1	430	0.003375	27
1	446	0.0035	28
1	462	0.003625	29
1	478	0.00375	30
1	494	0.003875	31
1	510	0.004	32
1	526	0.004125	33
1	542	0.00425	34
1	558	0.004375	35
1	574	0.0045	36
1	590	0.004625	37
1	606	0.00475	38
1	622	0.004875	39
1	638	0.005	40
1	654	0.005125	41
1	670	0.00525	42
1	686	0.005375	43
1	702	0.0055	44
1	718	0.005625	45
1	734	0.00575	46
1	750	0.005875	47
1	766	0.006	48
1	782	0.006125	49
1	798	0.00625	50
1	814	0.006375	51
1	830	0.0065	52
1	846	0.006625	53
1	862	0.00675	54
1	878	0.006875	55
1	894	0.007	56
1	910	0.007125	57
1	926	0.00725	58
1	942	0.007375	59
1	958	0.0075	60
1	974	0.007625	61
1	990	0.00775	62
1	1006	0.007875	63
1	1022	0.008	64
1	1038	0.008125	65
1	1054	0.00825	66
1	1070	0.008375	67
1	1086	0.0085	68
1	1102	0.008625	69
1	1118	0.00875	70
1	1134	0.008875	71
1	1150	0.009	72
1	1166	0.009125	73
1	1182	0.00925	74
1	1198	0.009375	75
1	1214	0.0095	76
1	1230	0.009625	77
1	1246	0.00975	78
1	1262	0.009875	79
1	1278	0.01	80
1	1294	0.010125	81
1	1310	0.01025	82
1	1326	0.010375	83
1	1342	0.0105	84
1	1358	0.010625	85
1	1374	0.01075	86
1	1390	0.010875	87
1	1406	0.011	88
1	1422	0.011125	89
1	1438	0.01125	90
1	1454	0.011375	91
1	1470	0.0115	92
1	1486	0.011625	93
1	1502	0.01175	94
1	1518	0.011875	95
1	1534	0.012	96
1	1550	0.012125	97
1	1566	0.01225	98
1	1582	0.012375	99
1	1598	0.0125	100
1	1614	0.012625	101
1	1630	0.01275	102
1	1646	0.012875	103
1	1662	0.013	104
1	1678	0.013125	105
1	1694	0.01325	106
1	1710	0.013375	107
1	1726	0.0135	108
1	1742	0.013625	109
1	1758	0.01375	110
1	1774	0.013875	111
1	1790	0.014	112
1	1806	0.014125	113
1	1822	0.01425	114
1	1838	0.014375	115
1	1854	0.0145	116
1	1870	0.014625	117
1	1886	0.01475	118
1	1902	0.014875	119
1	1918	0.015	120
1	1934	0.015125	121
1	1950	0.01525	122
1	1966	0.015375	123
1	1982	0.0155	124
1	1998	0.015625	125
1	2014	0.01575	126
1	2030	0.015875	127
1	2046	0.016	128
1	2062	0.016125	129
1	2078	0.01625	130
1	2094	0.016375	131
1	2110	0.0165	132
1	2126	0.016625	133
1	2142	0.01675	134
1	2158	0.016875	135
1	2174	0.017	136
1	2190	0.017125	137
1	2206	0.01725	138
1	2222	0.017375	139
1	2238	0.0175	140
1	2254	0.017625	141
1	2270	0.01775	142
1	2286	0.017875	143
1	2302	0.018	144
1	2318	0.018125	145
1	2334	0.01825	146
1	2350	0.018375	147
1	2366	0.0185	148
1	2382	0.018625	149
1	2398	0.01875	150
1	2414	0.018875	151
1	2430	0.019	152
1	2446	0.019125	153
1	2462	0.01925	154
1	2478	0.019375	155
1	2494	0.0195	156
1	2510	0.019625	157
1	2526	0.01975	158
1	2542	0.019875	159
1	2558	0.02	160
1	2574	0.020125	161
1	2590	0.02025	162
1	2606	0.020375	163
1	2622	0.0205	164
1	2638	0.020625	165
1	2654	0.02075	166
1	2670	0.020875	167
1	2686	0.021	168
1	2702	0.021125	169
1	2718	0.02125	170
1	2734	0.021375	171
1	2750	0.0215	172
1	2766	0.021625	173
1	2782	0.02175	174
1	2798	0.021875	175
1	2814	0.022	176
1	2830	0.022125	177
1	2846	0.02225	178
1	2862	0.022375	179
1	2878	0.0225	180
1	2894	0.022625	181
1	2910	0.02275	182
1	2926	0.022875	183
1	2942	0.023	184
1	2958	0.023125	185
1	2974	0.02325	186
1	2990	0.023375	187
1	3006	0.0235	188
1	3022	0.023625	189
1	3038	0.02375	190
1	3054	0.023875	191
1	3070	0.024	192
1	3086	0.024125	193
1	3102	0.02425	194
1	3118	0.024375	195
1	3134	0.0245	196
1	3150	0.024625	197
1	3166	0.02475	198
1	3182	0.024875	199
1	3198	0.025	200
1	3214	0.025125	201
1	3230	0.02525	202
1	3246	0.025375	203
1	3262	0.0255	204
1	3278	0.025625	205
1	3294	0.02575	206
1	3310	0.025875	207
1	3326	0.026	208
1	3342	0.026125	209
1	3358	0.02625	210
1	3374	0.026375	211
1	3390	0.0265	212
1	3406	0.026625	213
1	3422	0.02675	214
1	3438	0.026875	215
1	3454	0.027	216
1	3470	0.027125	217
1	3486	0.02725	218
1	3502	0.027375	219
1	3518	0.0275	220
1	3534	0.027625	221
1	3550	0.02775	222
1	3566	0.027875	223
1	3582	0.028	224
1	3598	0.028125	225
1	3614	0.02825	226
1	3630	0.028375	227
1	3646	0.0285	228
1	3662	0.028625	229
1	3678	0.02875	230
1	3694	0.028875	231
1	3710	0.029	232
1	3726	0.029125	233
1	3742	0.02925	234
1	3758	0.029375	235
1	3774	0.0295	236
1	3790	0.029625	237
1	3806	0.02975	238
1	3822	0.029875	239
1	3838	0.03	240
1	3854	0.030125	241
1	3870	0.03025	242
1	3886	0.030375	243
1	3902	0.0305	244
1	3918	0.030625	245
1	3934	0.03075	246
1	3950	0.030875	247
1	3966	0.031	248
1	3982	0.031125	249
1	3998	0.03125	250
1	4014	0.031375	251
1	4030	0.0315	252
1	4046	0.031625	253
1	4062	0.03175	254
1	4078	0.031875	255
1	4094	0.032	256
1	4110	0.032125	257
1	4126	0.03225	258
1	4142	0.032375	259
1	4158	0.0325	260
1	4174	0.032625	261
1	4190	0.03275	262
1	4206	0.032875	263
1	4222	0.033	264
1	4238	0.033125	265
1	4254	0.03325	266
1	4270	0.033375	267
1	4286	0.0335	268
1	4302	0.033625	269
1	4318	0.03375	270
1	4334	0.033875	271
1	4350	0.034	272
1	4366	0.034125	273
1	4382	0.03425	274
1	4398	0.034375	275
1	4414	0.0345	276
1	4430	0.034625	277
1	4446	0.03475	278
1	4462	0.034875	279
1	4478	0.035	280
1	4494	0.035125	281
1	4510	0.03525	282
1	4526	0.035375	283
1	4542	0.0355	284
1	4558	0.035625	285
1	4574	0.03575	286
1	4590	0.035875	287
1	4606	0.036	288
1	4622	0.036125	289
1	4638	0.03625	290
1	4654	0.036375	291
1	4670	0.0365	292
1	4686	0.036625	293
1	4702	0.03675	294
1	4718	0.036875	295
1	4734	0.037	296
1	4750	0.037125	297
1	4770	0.03725	298
1	4786	0.037375	299
1	4802	0.0375	300
1	4818	0.037625	301
1	4834	0.03775	302
1	4850	0.037875	303
1	4866	0.038	304
1	4882	0.038125	305
1	4898	0.03825	306
1	4914	0.038375	307
1	4930	0.0385	308
1	4946	0.038625	309
1	4962	0.03875	310
1	4978	0.038875	311
1	4994	0.039	312
1	5010	0.039125	313
1	5026	0.03925	314
1	5042	0.039375	315
1	5058	0.0395	316
1	5074	0.039625	317
1	5090	0.03975	318
1	5106	0.039875	319
1	5122	0.04	320
1	5138	0.040125	321
1	5154	0.04025	322
1	5170	0.040375	323
1	5186	0.0405	324
1	5202	0.040625	325
1	5218	0.04075	326
1	5234	0.040875	327
1	5250	0.041	328
1	5266	0.041125	329
1	5282	0.04125	330
1	5298	0.041375	331
1	5314	0.0415	332
1	5330	0.041625	333
1	5346	0.04175	334
1	5362	0.041875	335
1	5378	0.042	336
1	5394	0.042125	337
1	5410	0.04225	338
1	5426	0.042375	339
1	5442	0.0425	340
1	5458	0.042625	341
1	5474	0.04275	342
1	5490	0.042875	343
1	5506	0.043	344
1	5522	0.043125	345
1	5538	0.04325	346
1	5554	0.043375	347
1	5570	0.0435	348
1	5586	0.043625	349
1	5602	0.04375	350
1	5618	0.043875	351
1	5634	0.044	352
1	5650	0.044125	353
1	5666	0.04425	354
1	5682	0.044375	355
1	5698	0.0445	356
1	5714	0.044625	357
1	5730	0.04475	358
1	5746	0.044875	359
1	5762	0.045	360
1	5778	0.045125	361
1	5794	0.04525	362
1	5810	0.045375	363
1	5826	0.0455	364
1	5842	0.045625	365
1	5858	0.04575	366
1	5874	0.045875	367
1	5890	0.046	368
1	5906	0.046125	369
1	5922	0.04625	370
1	5938	0.046375	371
1	5954	0.0465	372
1	5970	0.046625	373
1	5986	0.04675	374
1	6002	0.046875	375
1	6018	0.047	376
1	6034	0.047125	377
1	6050	0.04725	378
1	6066	0.047375	379
1	6082	0.0475	380
1	6098	0.047625	381
1	6114	0.04775	382
1	6130	0.047875	383
1	6146	0.048	384
1	6162	0.048125	385
1	6178	0.04825	386
1	6194	0.048375	387
1	6210	0.0485	388
1	6226	0.048625	389
1	6242	0.04875	390
1	6258	0.048875	391
1	6274	0.049	392
1	6290	0.049125	393
1	6306	0.04925	394
1	6322	0.049375	395
1	6338	0.0495	396
1	6354	0.049625	397
1	6370	0.04975	398
1	6386	0.049875	399
1	6402	0.05	400
1	6418	0.050125	401
1	6434	0.05025	402
1	6450	0.050375	403
1	6466	0.0505	404
1	6482	0.050625	405
1	6498	0.05075	406
1	6514	0.050875	407
1	6530	0.051	408
1	6546	0.051125	409
1	6562	0.05125	410
1	6578	0.051375	411
1	6594	0.0515	412
1	6610	0.051625	413
1	6626	0.05175	414
1	6642	0.051875	415
1	6658	0.052	416
1	6674	0.052125	417
1	6690	0.05225	418
1	6706	0.052375	419
1	6722	0.0525	420
1	6738	0.052625	421
1	6754	0.05275	422
1	6770	0.052875	423
1	6786	0.053	424
1	6802	0.053125	425
1	6818	0.05325	426
1	6834	0.053375	427
1	6850	0.0535	428
1	6866	0.053625	429
1	6882	0.05375	430
1	6898	0.053875	431
1	6914	0.054	432
1	6930	0.054125	433
1	6946	0.05425	434
1	6962	0.054375	435
1	6978	0.0545	436
1	6994	0.054625	437
1	7010	0.05475	438
1	7026	0.054875	439
1	7042	0.055	440
1	7058	0.055125	441
1	7074	0.05525	442
1	7090	0.055375	443
1	7106	0.0555	444
1	7122	0.055625	445
1	7138	0.05575	446
1	7154	0.055875	447
1	7170	0.056	448
1	7186	0.056125	449
1	7202	0.05625	450
1	7218	0.056375	451
1	7234	0.0565	452
1	7250	0.056625	453
1	7266	0.05675	454
1	7282	0.056875	455
1	7298	0.057	456
1	7314	0.057125	457
1	7330	0.05725	458
1	7346	0.057375	459
1	7362	0.0575	460
1	7378	0.057625	461
1	7394	0.05775	462
1	7410	0.057875	463
1	7426	0.058	464
1	7442	0.058125	465
1	7458	0.05825	466
1	7474	0.058375	467
1	7490	0.0585	468
1	7506	0.058625	469
1	7522	0.05875	470
1	7538	0.058875	471
1	7554	0.059	472
1	7570	0.059125	473
1	7586	0.05925	474
1	7602	0.059375	475
1	7618	0.0595	476
1	7634	0.059625	477
1	7650	0.05975	478
1	7666	0.059875	479
1	7682	0.06	480
1	7698	0.060125	481
1	7714	0.06025	482
1	7730	0.060375	483
1	7746	0.0605	484
1	7762	0.060625	485
1	7778	0.06075	486
1	7794	0.060875	487
1	7810	0.061	488
1	7826	0.061125	489
1	7842	0.06125	490
1	7858	0.061375	491
1	7874	0.0615	492
1	7890	0.061625	493
1	7906	0.06175	494
1	7922	0.061875	495
1	7938	0.062	496
1	7954	0.062125	497
1	7970	0.06225	498
1	7986	0.062375	499
1	8002	0.0625	500
1	8018	0.062625	501
1	8034	0.06275	502
1	8050	0.062875	503
1	8066	0.063	504
1	8082	0.063125	505
1	8098	0.06325	506
1	8114	0.063375	507
1	8130	0.0635	508
1	8146	0.063625	509
1	8162	0.06375	510
1	8178	0.063875	511
1	8194	0.064	512
1	8210	0.064125	513
1	8226	0.06425	514
1	8242	0.064375	515
1	8258	0.0645	516
1	8274	0.064625	517
1	8290	0.06475	518
1	8306	0.064875	519
1	8322	0.065	520
1	8338	0.065125	521
1	8354	0.06525	522
1	8370	0.065375	523
1	8386	0.0655	524
1	8402	0.065625	525
1	8418	0.06575	526
1	8434	0.065875	527
1	8450	0.066	528
1	8466	0.066125	529
1	8482	0.06625	530
1	8498	0.066375	531
1	8514	0.0665	532
1	8530	0.066625	533
1	8546	0.06675	534
1	8562	0.066875	535
1	8578	0.067	536
1	8594	0.067125	537
1	8610	0.06725	538
1	8626	0.067375	539
1	8642	0.0675	540
1	8658	0.067625	541
1	8674	0.06775	542
1	8690	0.067875	543
1	8706	0.068	544
1	8722	0.068125	545
1	8738	0.06825	546
1	8754	0.068375	547
1	8770	0.0685	548
1	8786	0.068625	549
1	8802	0.06875	550
1	8818	0.068875	551
1	8834	0.069	552
1	8850	0.069125	553
1	8866	0.06925	554
1	8882	0.069375	555
1	8898	0.0695	556
1	8914	0.069625	557
1	8930	0.06975	558
1	8946	0.069875	559
1	8962	0.07	560
1	8978	0.070125	561
1	8994	0.07025	562
1	9010	0.070375	563
1	9026	0.0705	564
1	9042	0.070625	565
1	9058	0.07075	566
1	9074	0.070875	567
1	9090	0.071	568
1	9106	0.071125	569
1	9122	0.07125	570
1	9138	0.071375	571
1	9154	0.0715	572
1	9170	0.071625	573
1	9186	0.07175	574
1	9202	0.071875	575
1	9218	0.072	576
1	9234	0.072125	577
1	9250	0.07225	578
1	9266	0.072375	579
1	9282	0.0725	580
1	9298	0.072625	581
1	9314	0.07275	582
1	9330	0.072875	583
1	9346	0.073	584
1	9362	0.073125	585
1	9378	0.07325	586
1	9394	0.073375	587
1	9410	0.0735	588
1	9426	0.073625	589
1	9442	0.07375	590
1	9458	0.073875	591
1	9474	0.074	592
1	9490	0.074125	593
1	9506	0.07425	594
1	9526	0.074375	595
1	9542	0.0745	596
1	9558	0.074625	597
1	9574	0.07475	598
1	9590	0.074875	599
1	9606	0.075	600
1	9622	0.075125	601
1	9638	0.07525	602
1	9654	0.075375	603
1	9670	0.0755	604
1	9686	0.075625	605
1	9702	0.07575	606
1	9718	0.075875	607
1	9734	0.076	608
1	9750	0.076125	609
1	9766	0.07625	610
1	9782	0.076375	611
1	9798	0.0765	612
1	9814	0.076625	613
1	9830	0.07675	614
1	9846	0.076875	615
1	9862	0.077	616
1	9878	0.077125	617
1	9894	0.07725	618
1	9910	0.077375	619
1	9926	0.0775	620
1	9942	0.077625	621
1	9958	0.07775	622
1	9974	0.077875	623
1	9990	0.078	624
1	10006	0.078125	625
1	10022	0.07825	626
1	10038	0.078375	627
1	10054	0.0785	628
1	10070	0.078625	629
1	10086	0.07875	630
1	10102	0.078875	631
1	10118	0.079	632
1	10134	0.079125	633
1	10150	0.07925	634
1	10166	0.079375	635
1	10182	0.0795	636
1	10198	0.079625	637
1	10214	0.07975	638
1	10230	0.079875	639
1	10246	0.08	640
1	10262	0.080125	641
1	10278	0.08025	642
1	10294	0.080375	643
1	10310	0.0805	644
1	10326	0.080625	645
1	10342	0.08075	646
1	10358	0.080875	647
1	10374	0.081	648
1	10390	0.081125	649
1	10406	0.08125	650
1	10422	0.081375	651
1	10438	0.0815	652
1	10454	0.081625	653
1	10470	0.08175	654
1	10486	0.081875	655
1	10502	0.082	656
1	10518	0.082125	657
1	10534	0.08225	658
1	10550	0.082375	659
1	10566	0.0825	660
1	10582	0.082625	661
1	10598	0.08275	662
1	10614	0.082875	663
1	10630	0.083	664
1	10646	0.083125	665
1	10662	0.08325	666
1	10678	0.083375	667
1	10694	0.0835	668
1	10710	0.083625	669
1	10726	0.08375	670
1	10742	0.083875	671
1	10758	0.084	672
1	10774	0.084125	673
1	10790	0.08425	674
1	10806	0.084375	675
1	10822	0.0845	676
1	10838	0.084625	677
1	10854	0.08475	678
1	10870	0.084875	679
1	10886	0.085	680
1	10902	0.085125	681
1	10918	0.08525	682
1	10934	0.085375	683
1	10950	0.0855	684
1	10966	0.085625	685
1	10982	0.08575	686
1	10998	0.085875	687
1	11014	0.086	688
1	11030	0.086125	689
1	11046	0.08625	690
1	11062	0.086375	691
1	11078	0.0865	692
1	11094	0.086625	693
1	11110	0.08675	694
1	11126	0.086875	695
1	11142	0.087	696
1	11158	0.087125	697
1	11174	0.08725	698
1	11190	0.087375	699
1	11206	0.0875	700
1	11222	0.087625	701
1	11238	0.08775	702
1	11254	0.087875	703
1	11270	0.088	704
1	11286	0.088125	705
1	11302	0.08825	706
1	11318	0.088375	707
1	11334	0.0885	708
1	11350	0.088625	709
1	11366	0.08875	710
1	11382	0.088875	711
1	11398	0.089	712
1	11414	0.089125	713
1	11430	0.08925	714
1	11446	0.089375	715
1	11462	0.0895	716
1	11478	0.089625	717
1	11494	0.08975	718
1	11510	0.089875	719
1	11526	0.09	720
1	11542	0.090125	721
1	11558	0.09025	722
1	11574	0.090375	723
1	11590	0.0905	724
1	11606	0.090625	725
1	11622	0.09075	726
1	11638	0.090875	727
1	11654	0.091	728
1	11670	0.091125	729
1	11686	0.09125	730
1	11702	0.091375	731
1	11718	0.0915	732
1	11734	0.091625	733
1	11750	0.09175	734
1	11766	0.091875	735
1	11782	0.092	736
1	11798	0.092125	737
1	11814	0.09225	738
1	11830	0.092375	739
1	11846	0.0925	740
1	11862	0.092625	741
1	11878	0.09275	742
1	11894	0.092875	743
1	11910	0.093	744
1	11926	0.093125	745
1	11942	0.09325	746
1	11958	0.093375	747
1	11974	0.0935	748
1	11990	0.093625	749
1	12006	0.09375	750
1	12022	0.093875	751
1	12038	0.094	752
1	12054	0.094125	753
1	12070	0.09425	754
1	12086	0.094375	755
1	12102	0.0945	756
1	12118	0.094625	757
1	12134	0.09475	758
1	12150	0.094875	759
1	12166	0.095	760
1	12182	0.095125	761
1	12198	0.09525	762
1	12214	0.095375	763
1	12230	0.0955	764
1	12246	0.095625	765
1	12262	0.09575	766
1	12278	0.095875	767
1	12294	0.096	768
1	12310	0.096125	769
1	12326	0.09625	770
1	12342	0.096375	771
1	12358	0.0965	772
1	12374	0.096625	773
1	12390	0.09675	774
1	12406	0.096875	775
1	12422	0.097	776
1	12438	0.097125	777
1	12454	0.09725	778
1	12470	0.097375	779
1	12486	0.0975	780
1	12502	0.097625	781
1	12518	0.09775	782
1	12534	0.097875	783
1	12550	0.098	784
1	12566	0.098125	785
1	12582	0.09825	786
1	12598	0.098375	787
1	12614	0.0985	788
1	12630	0.098625	789
1	12646	0.09875	790
1	12662	0.098875	791
1	12678	0.099	792
1	12694	0.099125	793
1	12710	0.09925	794
1	12726	0.099375	795
1	12742	0.0995	796
1	12758	0.099625	797
1	12774	0.09975	798
1	12790	0.099875	799
1	12806	0.1	800
1	12822	0.100125	801
1	12838	0.10025	802
1	12854	0.100375	803
1	12870	0.1005	804
1	12886	0.100625	805
1	12902	0.10075	806
1	12918	0.100875	807
1	12934	0.101	808
1	12950	0.101125	809
1	12966	0.10125	810
1	12982	0.101375	811
1	12998	0.1015	812
1	13014	0.101625	813
1	13030	0.10175	814
1	13046	0.101875	815
1	13062	0.102	816
1	13078	0.102125	817
1	13094	0.10225	818
1	13110	0.102375	819
1	13126	0.1025	820
1	13142	0.102625	821
1	13158	0.10275	822
1	13174	0.102875	823
1	13190	0.103	824
1	13206	0.103125	825
1	13222	0.10325	826
1	13238	0.103375	827
1	13254	0.1035	828
1	13270	0.103625	829
1	13286	0.10375	830
1	13302	0.103875	831
1	13318	0.104	832
1	13334	0.104125	833
1	13350	0.10425	834
1	13366	0.104375	835
1	13382	0.1045	836
1	13398	0.104625	837
1	13414	0.10475	838
1	13430	0.104875	839
1	13446	0.105	840
1	13462	0.105125	841
1	13478	0.10525	842
1	13494	0.105375	843
1	13510	0.1055	844
1	13526	0.105625	845
1	13542	0.10575	846
1	13558	0.105875	847
1	13574	0.106	848
1	13590	0.106125	849
1	13606	0.10625	850
1	13622	0.106375	851
1	13638	0.1065	852
1	13654	0.106625	853
1	13670	0.10675	854
1	13686	0.106875	855
1	13702	0.107	856
1	13718	0.107125	857
1	13734	0.10725	858
1	13750	0.107375	859
1	13766	0.1075	860
1	13782	0.107625	861
1	13798	0.10775	862
1	13814	0.107875	863
1	13830	0.108	864
1	13846	0.108125	865
1	13862	0.10825	866
1	13878	0.108375	867
1	13894	0.1085	868
1	13910	0.108625	869
1	13926	0.10875	870
1	13942	0.108875	871
1	13958	0.109	872
1	13974	0.109125	873
1	13990	0.10925	874
1	14006	0.109375	875
1	14022	0.1095	876
1	14038	0.109625	877
1	14054	0.10975	878
1	14070	0.109875	879
1	14086	0.11	880
1	14102	0.110125	881
1	14118	0.11025	882
1	14134	0.110375	883
1	14150	0.1105	884
1	14166	0.110625	885
1	14182	0.11075	886
1	14198	0.110875	887
1	14214	0.111	888
1	14230	0.111125	889
1	14246	0.11125	890
1	14262	0.111375	891
1	14282	0.1115	892
1	14298	0.111625	893
1	14314	0.11175	894
1	14330	0.111875	895
1	14346	0.112	896
1	14362	0.112125	897
1	14378	0.11225	898
1	14394	0.112375	899
1	14410	0.1125	900
1	14426	0.112625	901
1	14442	0.11275	902
1	14458	0.112875	903
1	14474	0.113	904
1	14490	0.113125	905
1	14506	0.11325	906
1	14522	0.113375	907
1	14538	0.1135	908
1	14554	0.113625	909
1	14570	0.11375	910
1	14586	0.113875	911
1	14602	0.114	912
1	14618	0.114125	913
1	14634	0.11425	914
1	14650	0.114375	915
1	14666	0.1145	916
1	14682	0.114625	917
1	14698	0.11475	918
1	14714	0.114875	919
1	14730	0.115	920
1	14746	0.115125	921
1	14762	0.11525	922
1	14778	0.115375	923
1	14794	0.1155	924
1	14810	0.115625	925
1	14826	0.11575	926
1	14842	0.115875	927
1	14858	0.116	928
1	14874	0.116125	929
1	14890	0.11625	930
1	14906	0.116375	931
1	14922	0.1165	932
1	14938	0.116625	933
1	14954	0.11675	934
1	14970	0.116875	935
1	14986	0.117	936
1	15002	0.117125	937
1	15018	0.11725	938
1	15034	0.117375	939
1	15050	0.1175	940
1	15066	0.117625	941
1	15082	0.11775	942
1	15098	0.117875	943
1	15114	0.118	944
1	15130	0.118125	945
1	15146	0.11825	946
1	15162	0.118375	947
1	15178	0.1185	948
1	15194	0.118625	949
1	15210	0.11875	950
1	15226	0.118875	951
1	15242	0.119	952
1	15258	0.119125	953
1	15274	0.11925	954
1	15290	0.119375	955
1	15306	0.1195	956
1	15322	0.119625	957
1	15338	0.11975	958
1	15354	0.119875	959
1	15370	0.12	960
1	15386	0.120125	961
1	15402	0.12025	962
1	15418	0.120375	963
1	15434	0.1205	964
1	15450	0.120625	965
1	15466	0.12075	966
1	15482	0.120875	967
1	15498	0.121	968
1	15514	0.121125	969
1	15530	0.12125	970
1	15546	0.121375	971
1	15562	0.1215	972
1	15578	0.121625	973
1	15594	0.12175	974
1	15610	0.121875	975
1	15626	0.122	976
1	15642	0.122125	977
1	15658	0.12225	978
1	15674	0.122375	979
1	15690	0.1225	980
1	15706	0.122625	981
1	15722	0.12275	982
1	15738	0.122875	983
1	15754	0.123	984
1	15770	0.123125	985
1	15786	0.12325	986
1	15802	0.123375	987
1	15818	0.1235	988
1	15834	0.123625	989
1	15850	0.12375	990
1	15866	0.123875	991
1	15882	0.124	992
1	15898	0.124125	993
1	15914	0.12425	994
1	15930	0.124375	995
1	15946	0.1245	996
1	15962	0.124625	997
1	15978	0.12475	998
1	15994	0.124875	999
1	16010	0.125	1000
1	16026	0.125125	1001
1	16042	0.12525	1002
1	16058	0.125375	1003
1	16074	0.1255	1004
1	16090	0.125625	1005
1	16106	0.12575	1006
1	16122	0.125875	1007
1	16138	0.126	1008
1	16154	0.126125	1009
1	16170	0.12625	1010
1	16186	0.126375	1011
1	16202	0.1265	1012
1	16218	0.126625	1013
1	16234	0.12675	1014
1	16250	0.126875	1015
1	16266	0.127	1016
1	16282	0.127125	1017
1	16298	0.12725	1018
1	16314	0.127375	1019
1	16330	0.1275	1020
1	16346	0.127625	1021
1	16362	0.12775	1022
1	16378	0.127875	1023
1	16394	0.128	1024
1	16410	0.128125	1025
1	16426	0.12825	1026
1	16442	0.128375	1027
1	16458	0.1285	1028
1	16474	0.128625	1029
1	16490	0.12875	1030
1	16506	0.128875	1031
1	16522	0.129	1032
1	16538	0.129125	1033
1	16554	0.12925	1034
1	16570	0.129375	1035
1	16586	0.1295	1036
1	16602	0.129625	1037
1	16618	0.12975	1038
1	16634	0.129875	1039
1	16650	0.13	1040
1	16666	0.130125	1041
1	16682	0.13025	1042
1	16698	0.130375	1043
1	16714	0.1305	1044
1	16730	0.130625	1045
1	16746	0.13075	1046
1	16762	0.130875	1047
1	16778	0.131	1048
1	16794	0.131125	1049
1	16810	0.13125	1050
1	16826	0.131375	1051
1	16842	0.1315	1052
1	16858	0.131625	1053
1	16874	0.13175	1054
1	16890	0.131875	1055
1	16906	0.132	1056
1	16922	0.132125	1057
1	16938	0.13225	1058
1	16954	0.132375	1059
1	16970	0.1325	1060
1	16986	0.132625	1061
1	17002	0.13275	1062
1	17018	0.132875	1063
1	17034	0.133	1064
1	17050	0.133125	1065
1	17066	0.13325	1066
1	17082	0.133375	1067
1	17098	0.1335	1068
1	17114	0.133625	1069
1	17130	0.13375	1070
1	17146	0.133875	1071
1	17162	0.134	1072
1	17178	0.134125	1073
1	17194	0.13425	1074
1	17210	0.134375	1075
1	17226	0.1345	1076
1	17242	0.134625	1077
1	17258	0.13475	1078
1	17274	0.134875	1079
1	17290	0.135	1080
1	17306	0.135125	1081
1	17322	0.13525	1082
1	17338	0.135375	1083
1	17354	0.1355	1084
1	17370	0.135625	1085
1	17386	0.13575	1086
1	17402	0.135875	1087
1	17418	0.136	1088
1	17434	0.136125	1089
1	17450	0.13625	1090
1	17466	0.136375	1091
1	17482	0.1365	1092
1	17498	0.136625	1093
1	17514	0.13675	1094
1	17530	0.136875	1095
1	17546	0.137	1096
1	17562	0.137125	1097
1	17578	0.13725	1098
1	17594	0.137375	1099
1	17610	0.1375	1100
1	17626	0.137625	1101
1	17642	0.13775	1102
1	17658	0.137875	1103
1	17674	0.138	1104
1	17690	0.138125	1105
1	17706	0.13825	1106
1	17722	0.138375	1107
1	17738	0.1385	1108
1	17754	0.138625	1109
1	17770	0.13875	1110
1	17786	0.138875	1111
1	17802	0.139	1112
1	17818	0.139125	1113
1	17834	0.13925	1114
1	17850	0.139375	1115
1	17866	0.1395	1116
1	17882	0.139625	1117
1	17898	0.13975	1118
1	17914	0.139875	1119
1	17930	0.14	1120
1	17946	0.140125	1121
1	17962	0.14025	1122
1	17978	0.140375	1123
1	17994	0.1405	1124
1	18010	0.140625	1125
1	18026	0.14075	1126
1	18042	0.140875	1127
1	18058	0.141	1128
1	18074	0.141125	1129
1	18090	0.14125	1130
1	18106	0.141375	1131
1	18122	0.1415	1132
1	18138	0.141625	1133
1	18154	0.14175	1134
1	18170	0.141875	1135
1	18186	0.142	1136
1	18202	0.142125	1137
1	18218	0.14225	1138
1	18234	0.142375	1139
1	18250	0.1425	1140
1	18266	0.142625	1141
1	18282	0.14275	1142
1	18298	0.142875	1143
1	18314	0.143	1144
1	18330	0.143125	1145
1	18346	0.14325	1146
1	18362	0.143375	1147
1	18378	0.1435	1148
1	18394	0.143625	1149
1	18410	0.14375	1150
1	18426	0.143875	1151
1	18442	0.144	1152
1	18458	0.144125	1153
1	18474	0.14425	1154
1	18490	0.144375	1155
1	18506	0.1445	1156
1	18522	0.144625	1157
1	18538	0.14475	1158
1	18554	0.144875	1159
1	18570	0.145	1160
1	18586	0.145125	1161
1	18602	0.14525	1162
1	18618	0.145375	1163
1	18634	0.1455	1164
1	18650	0.145625	1165
1	18666	0.14575	1166
1	18682	0.145875	1167
1	18698	0.146	1168
1	18714	0.146125	1169
1	18730	0.14625	1170
1	18746	0.146375	1171
1	18762	0.1465	1172
1	18778	0.146625	1173
1	18794	0.14675	1174
1	18810	0.146875	1175
1	18826	0.147	1176
1	18842	0.147125	1177
1	18858	0.14725	1178
1	18874	0.147375	1179
1	18890	0.1475	1180
1	18906	0.147625	1181
1	18922	0.14775	1182
1	18938	0.147875	1183
1	18954	0.148	1184
1	18970	0.148125	1185
1	18986	0.14825	1186
1	19002	0.148375	1187
1	19018	0.1485	1188
1	19034	0.148625	1189
1	19054	0.14875	1190
1	19070	0.148875	1191
1	19086	0.149	1192
1	19102	0.149125	1193
1	19118	0.14925	1194
1	19134	0.149375	1195
1	19150	0.1495	1196
1	19166	0.149625	1197
1	19182	0.14975	1198
1	19198	0.149875	1199
1	19214	0.15	1200
1	19230	0.150125	1201
1	19246	0.15025	1202
1	19262	0.150375	1203
1	19278	0.1505	1204
1	19294	0.150625	1205
1	19310	0.15075	1206
1	19326	0.150875	1207
1	19342	0.151	1208
1	19358	0.151125	1209
1	19374	0.15125	1210
1	19390	0.151375	1211
1	19406	0.1515	1212
1	19422	0.151625	1213
1	19438	0.15175	1214
1	19454	0.151875	1215
1	19470	0.152	1216
1	19486	0.152125	1217
1	19502	0.15225	1218
1	19518	0.152375	1219
1	19534	0.1525	1220
1	19550	0.152625	1221
1	19566	0.15275	1222
1	19582	0.152875	1223
1	19598	0.153	1224
1	19614	0.153125	1225
1	19630	0.15325	1226
1	19646	0.153375	1227
1	19662	0.1535	1228
1	19678	0.153625	1229
1	19694	0.15375	1230
1	19710	0.153875	1231
1	19726	0.154	1232
1	19742	0.154125	1233
1	19758	0.15425	1234
1	19774	0.154375	1235
1	19790	0.1545	1236
1	19806	0.154625	1237
1	19822	0.15475	1238
1	19838	0.154875	1239
1	19854	0.155	1240
1	19870	0.155125	1241
1	19886	0.15525	1242
1	19902	0.155375	1243
1	19918	0.1555	1244
1	19934	0.155625	1245
1	19950	0.15575	1246
1	19966	0.155875	1247
1	19982	0.156	1248
1	19998	0.156125	1249
1	20014	0.15625	1250
1	20030	0.156375	1251
1	20046	0.1565	1252
1	20062	0.156625	1253
1	20078	0.15675	1254
1	20094	0.156875	1255
1	20110	0.157	1256
1	20126	0.157125	1257
1	20142	0.15725	1258
1	20158	0.157375	1259
1	20174	0.1575	1260
1	20190	0.157625	1261
1	20206	0.15775	1262
1	20222	0.157875	1263
1	20238	0.158	1264
1	20254	0.158125	1265
1	20270	0.15825	1266
1	20286	0.158375	1267
1	20302	0.1585	1268
1	20318	0.158625	1269
1	20334	0.15875	1270
1	20350	0.158875	1271
1	20366	0.159	1272
1	20382	0.159125	1273
1	20398	0.15925	1274
1	20414	0.159375	1275
1	20430	0.1595	1276
1	20446	0.159625	1277
1	20462	0.15975	1278
1	20478	0.159875	1279
1	20494	0.16	1280
1	20510	0.160125	1281
1	20526	0.16025	1282
1	20542	0.160375	1283
1	20558	0.1605	1284
1	20574	0.160625	1285
1	20590	0.16075	1286
1	20606	0.160875	1287
1	20622	0.161	1288
1	20638	0.161125	1289
1	20654	0.16125	1290
1	20670	0.161375	1291
1	20686	0.1615	1292
1	20702	0.161625	1293
1	20718	0.16175	1294
1	20734	0.161875	1295
1	20750	0.162	1296
1	20766	0.162125	1297
1	20782	0.16225	1298
1	20798	0.162375	1299
1	20814	0.1625	1300
1	20830	0.162625	1301
1	20846	0.16275	1302
1	20862	0.162875	1303
1	20878	0.163	1304
1	20894	0.163125	1305
1	20910	0.16325	1306
1	20926	0.163375	1307
1	20942	0.1635	1308
1	20958	0.163625	1309
1	20974	0.16375	1310
1	20990	0.163875	1311
1	21006	0.164	1312
1	21022	0.164125	1313
1	21038	0.16425	1314
1	21054	0.164375	1315
1	21070	0.1645	1316
1	21086	0.164625	1317
1	21102	0.16475	1318
1	21118	0.164875	1319
1	21134	0.165	1320
1	21150	0.165125	1321
1	21166	0.16525	1322
1	21182	0.165375	1323
1	21198	0.1655	1324
1	21214	0.165625	1325
1	21230	0.16575	1326
1	21246	0.165875	1327
1	21262	0.166	1328
1	21278	0.166125	1329
1	21294	0.16625	1330
1	21310	0.166375	1331
1	21326	0.1665	1332
1	21342	0.166625	1333
1	21358	0.16675	1334
1	21374	0.166875	1335
1	21390	0.167	1336
1	21406	0.167125	1337
1	21422	0.16725	1338
1	21438	0.167375	1339
1	21454	0.1675	1340
1	21470	0.167625	1341
1	21486	0.16775	1342
1	21502	0.167875	1343
1	21518	0.168	1344
1	21534	0.168125	1345
1	21550	0.16825	1346
1	21566	0.168375	1347
1	21582	0.1685	1348
1	21598	0.168625	1349
1	21614	0.16875	1350
1	21630	0.168875	1351
1	21646	0.169	1352
1	21662	0.169125	1353
1	21678	0.16925	1354
1	21694	0.169375	1355
1	21710	0.1695	1356
1	21726	0.169625	1357
1	21742	0.16975	1358
1	21758	0.169875	1359
1	21774	0.17	1360
1	21790	0.170125	1361
1	21806	0.17025	1362
1	21822	0.170375	1363
1	21838	0.1705	1364
1	21854	0.170625	1365
1	21870	0.17075	1366
1	21886	0.170875	1367
1	21902	0.171	1368
1	21918	0.171125	1369
1	21934	0.17125	1370
1	21950	0.171375	1371
1	21966	0.1715	1372
1	21982	0.171625	1373
1	21998	0.17175	1374
1	22014	0.171875	1375
1	22030	0.172	1376
1	22046	0.172125	1377
1	22062	0.17225	1378
1	22078	0.172375	1379
1	22094	0.1725	1380
1	22110	0.172625	1381
1	22126	0.17275	1382
1	22142	0.172875	1383
1	22158	0.173	1384
1	22174	0.173125	1385
1	22190	0.17325	1386
1	22206	0.173375	1387
1	22222	0.1735	1388
1	22238	0.173625	1389
1	22254	0.17375	1390
1	22270	0.173875	1391
1	22286	0.174	1392
1	22302	0.174125	1393
1	22318	0.17425	1394
1	22334	0.174375	1395
1	22350	0.1745	1396
1	22366	0.174625	1397
1	22382	0.17475	1398
1	22398	0.174875	1399
1	22414	0.175	1400
1	22430	0.175125	1401
1	22446	0.17525	1402
1	22462	0.175375	1403
1	22478	0.1755	1404
1	22494	0.175625	1405
1	22510	0.17575	1406
1	22526	0.175875	1407
1	22542	0.176	1408
1	22558	0.176125	1409
1	22574	0.17625	1410
1	22590	0.176375	1411
1	22606	0.1765	1412
1	22622	0.176625	1413
1	22638	0.17675	1414
1	22654	0.176875	1415
1	22670	0.177	1416
1	22686	0.177125	1417
1	22702	0.17725	1418
1	22718	0.177375	1419
1	22734	0.1775	1420
1	22750	0.177625	1421
1	22766	0.17775	1422
1	22782	0.177875	1423
1	22798	0.178	1424
1	22814	0.178125	1425
1	22830	0.17825	1426
1	22846	0.178375	1427
1	22862	0.1785	1428
1	22878	0.178625	1429
1	22894	0.17875	1430
1	22910	0.178875	1431
1	22926	0.179	1432
1	22942	0.179125	1433
1	22958	0.17925	1434
1	22974	0.179375	1435
1	22990	0.1795	1436
1	23006	0.179625	1437
1	23022	0.17975	1438
1	23038	0.179875	1439
1	23054	0.18	1440
1	23070	0.180125	1441
1	23086	0.18025	1442
1	23102	0.180375	1443
1	23118	0.1805	1444
1	23134	0.180625	1445
1	23150	0.18075	1446
1	23166	0.180875	1447
1	23182	0.181	1448
1	23198	0.181125	1449
1	23214	0.18125	1450
1	23230	0.181375	1451
1	23246	0.1815	1452
1	23262	0.181625	1453
1	23278	0.18175	1454
1	23294	0.181875	1455
1	23310	0.182	1456
1	23326	0.182125	1457
1	23342	0.18225	1458
1	23358	0.182375	1459
1	23374	0.1825	1460
1	23390	0.182625	1461
1	23406	0.18275	1462
1	23422	0.182875	1463
1	23438	0.183	1464
1	23454	0.183125	1465
1	23470	0.18325	1466
1	23486	0.183375	1467
1	23502	0.1835	1468
1	23518	0.183625	1469
1	23534	0.18375	1470
1	23550	0.183875	1471
1	23566	0.184	1472
1	23582	0.184125	1473
1	23598	0.18425	1474
1	23614	0.184375	1475
1	23630	0.1845	1476
1	23646	0.184625	1477
1	23662	0.18475	1478
1	23678	0.184875	1479
1	23694	0.185	1480
1	23710	0.185125	1481
1	23726	0.18525	1482
1	23742	0.185375	1483
1	23758	0.1855	1484
1	23774	0.185625	1485
1	23790	0.18575	1486
1	23810	0.185875	1487
1	23826	0.186	1488
1	23842	0.186125	1489
1	23858	0.18625	1490
1	23874	0.186375	1491
1	23890	0.1865	1492
1	23906	0.186625	1493
1	23922	0.18675	1494
1	23938	0.186875	1495
1	23954	0.187	1496
1	23970	0.187125	1497
1	23986	0.18725	1498
1	24002	0.187375	1499
1	24018	0.1875	1500
1	24034	0.187625	1501
1	24050	0.18775	1502
1	24066	0.187875	1503
1	24082	0.188	1504
1	24098	0.188125	1505
1	24114	0.18825	1506
1	24130	0.188375	1507
1	24146	0.1885	1508
1	24162	0.188625	1509
1	24178	0.18875	1510
1	24194	0.188875	1511
1	24210	0.189	1512
1	24226	0.189125	1513
1	24242	0.18925	1514
1	24258	0.189375	1515
1	24274	0.1895	1516
1	24290	0.189625	1517
1	24306	0.18975	1518
1	24322	0.189875	1519
1	24338	0.19	1520
1	24354	0.190125	1521
1	24370	0.19025	1522
1	24386	0.190375	1523
1	24402	0.1905	1524
1	24418	0.190625	1525
1	24434	0.19075	1526
1	24450	0.190875	1527
1	24466	0.191	1528
1	24482	0.191125	1529
1	24498	0.19125	1530
1	24514	0.191375	1531
1	24530	0.1915	1532
1	24546	0.191625	1533
1	24562	0.19175	1534
1	24578	0.191875	1535
1	24594	0.192	1536
1	24610	0.192125	1537
1	24626	0.19225	1538
1	24642	0.192375	1539
1	24658	0.1925	1540
1	24674	0.192625	1541
1	24690	0.19275	1542
1	24706	0.192875	1543
1	24722	0.193	1544
1	24738	0.193125	1545
1	24754	0.19325	1546
1	24770	0.193375	1547
1	24786	0.1935	1548
1	24802	0.193625	1549
1	24818	0.19375	1550
1	24834	0.193875	1551
1	24850	0.194	1552
1	24866	0.194125	1553
1	24882	0.19425	1554
1	24898	0.194375	1555
1	24914	0.1945	1556
1	24930	0.194625	1557
1	24946	0.19475	1558
1	24962	0.194875	1559
1	24978	0.195	1560
1	24994	0.195125	1561
1	25010	0.19525	1562
1	25026	0.195375	1563
1	25042	0.1955	1564
1	25058	0.195625	1565
1	25074	0.19575	1566
1	25090	0.195875	1567
1	25106	0.196	1568
1	25122	0.196125	1569
1	25138	0.19625	1570
1	25154	0.196375	1571
1	25170	0.1965	1572
1	25186	0.196625	1573
1	25202	0.19675	1574
1	25218	0.196875	1575
1	25234	0.197	1576
1	25250	0.197125	1577
1	25266	0.19725	1578
1	25282	0.197375	1579
1	25298	0.1975	1580
1	25314	0.197625	1581
1	25330	0.19775	1582
1	25346	0.197875	1583
1	25362	0.198	1584
1	25378	0.198125	1585
1	25394	0.19825	1586
1	25410	0.198375	1587
1	25426	0.1985	1588
1	25442	0.198625	1589
1	25458	0.19875	1590
1	25474	0.198875	1591
1	25490	0.199	1592
1	25506	0.199125	1593
1	25522	0.19925	1594
1	25538	0.199375	1595
1	25554	0.1995	1596
1	25570	0.199625	1597
1	25586	0.19975	1598
1	25602	0.199875	1599
1	25618	0.2	1600
1	25634	0.200125	1601
1	25650	0.20025	1602
1	25666	0.200375	1603
1	25682	0.2005	1604
1	25698	0.200625	1605
1	25714	0.20075	1606
1	25730	0.200875	1607
1	25746	0.201	1608
1	25762	0.201125	1609
1	25778	0.20125	1610
1	25794	0.201375	1611
1	25810	0.2015	1612
1	25826	0.201625	1613
1	25842	0.20175	1614
1	25858	0.201875	1615
1	25874	0.202	1616
1	25890	0.202125	1617
1	25906	0.20225	1618
1	25922	0.202375	1619
1	25938	0.2025	1620
1	25954	0.202625	1621
1	25970	0.20275	1622
1	25986	0.202875	1623
1	26002	0.203	1624
1	26018	0.203125	1625
1	26034	0.20325	1626
1	26050	0.203375	1627
1	26066	0.2035	1628
1	26082	0.203625	1629
1	26098	0.20375	1630
1	26114	0.203875	1631
1	26130	0.204	1632
1	26146	0.204125	1633
1	26162	0.20425	1634
1	26178	0.204375	1635
1	26194	0.2045	1636
1	26210	0.204625	1637
1	26226	0.20475	1638
1	26242	0.204875	1639
1	26258	0.205	1640
1	26274	0.205125	1641
1	26290	0.20525	1642
1	26306	0.205375	1643
1	26322	0.2055	1644
1	26338	0.205625	1645
1	26354	0.20575	1646
1	26370	0.205875	1647
1	26386	0.206	1648
1	26402	0.206125	1649
1	26418	0.20625	1650
1	26434	0.206375	1651
1	26450	0.2065	1652
1	26466	0.206625	1653
1	26482	0.20675	1654
1	26498	0.206875	1655
1	26514	0.207	1656
1	26530	0.207125	1657
1	26546	0.20725	1658
1	26562	0.207375	1659
1	26578	0.2075	1660
1	26594	0.207625	1661
1	26610	0.20775	1662
1	26626	0.207875	1663
1	26642	0.208	1664
1	26658	0.208125	1665
1	26674	0.20825	1666
1	26690	0.208375	1667
1	26706	0.2085	1668
1	26722	0.208625	1669
1	26738	0.20875	1670
1	26754	0.208875	1671
1	26770	0.209	1672
1	26786	0.209125	1673
1	26802	0.20925	1674
1	26818	0.209375	1675
1	26834	0.2095	1676
1	26850	0.209625	1677
1	26866	0.20975	1678
1	26882	0.209875	1679
1	26898	0.21	1680
1	26914	0.210125	1681
1	26930	0.21025	1682
1	26946	0.210375	1683
1	26962	0.2105	1684
1	26978	0.210625	1685
1	26994	0.21075	1686
1	27010	0.210875	1687
1	27026	0.211	1688
1	27042	0.211125	1689
1	27058	0.21125	1690
1	27074	0.211375	1691
1	27090	0.2115	1692
1	27106	0.211625	1693
1	27122	0.21175	1694
1	27138	0.211875	1695
1	27154	0.212	1696
1	27170	0.212125	1697
1	27186	0.21225	1698
1	27202	0.212375	1699
1	27218	0.2125	1700
1	27234	0.212625	1701
1	27250	0.21275	1702
1	27266	0.212875	1703
1	27282	0.213	1704
1	27298	0.213125	1705
1	27314	0.21325	1706
1	27330	0.213375	1707
1	27346	0.2135	1708
1	27362	0.213625	1709
1	27378	0.21375	1710
1	27394	0.213875	1711
1	27410	0.214	1712
1	27426	0.214125	1713
1	27442	0.21425	1714
1	27458	0.214375	1715
1	27474	0.2145	1716
1	27490	0.214625	1717
1	27506	0.21475	1718
1	27522	0.214875	1719
1	27538	0.215	1720
1	27554	0.215125	1721
1	27570	0.21525	1722
1	27586	0.215375	1723
1	27602	0.2155	1724
1	27618	0.215625	1725
1	27634	0.21575	1726
1	27650	0.215875	1727
1	27666	0.216	1728
1	27682	0.216125	1729
1	27698	0.21625	1730
1	27714	0.216375	1731
1	27730	0.2165	1732
1	27746	0.216625	1733
1	27762	0.21675	1734
1	27778	0.216875	1735
1	27794	0.217	1736
1	27810	0.217125	1737
1	27826	0.21725	1738
1	27842	0.217375	1739
1	27858	0.2175	1740
1	27874	0.217625	1741
1	27890	0.21775	1742
1	27906	0.217875	1743
1	27922	0.218	1744
1	27938	0.218125	1745
1	27954	0.21825	1746
1	27970	0.218375	1747
1	27986	0.2185	1748
1	28002	0.218625	1749
1	28018	0.21875	1750
1	28034	0.218875	1751
1	28050	0.219	1752
1	28066	0.219125	1753
1	28082	0.21925	1754
1	28098	0.219375	1755
1	28114	0.2195	1756
1	28130	0.219625	1757
1	28146	0.21975	1758
1	28162	0.219875	1759
1	28178	0.22	1760
1	28194	0.220125	1761
1	28210	0.22025	1762
1	28226	0.220375	1763
1	28242	0.2205	1764
1	28258	0.220625	1765
1	28274	0.22075	1766
1	28290	0.220875	1767
1	28306	0.221	1768
1	28322	0.221125	1769
1	28338	0.22125	1770
1	28354	0.221375	1771
1	28370	0.2215	1772
1	28386	0.221625	1773
1	28402	0.22175	1774
1	28418	0.221875	1775
1	28434	0.222	1776
1	28450	0.222125	1777
1	28466	0.22225	1778
1	28482	0.222375	1779
1	28498	0.2225	1780
1	28514	0.222625	1781
1	28530	0.22275	1782
1	28546	0.222875	1783
1	28566	0.223	1784
1	28582	0.223125	1785
1	28598	0.22325	1786
1	28614	0.223375	1787
1	28630	0.2235	1788
1	28646	0.223625	1789
1	28662	0.22375	1790
1	28678	0.223875	1791
1	28694	0.224	1792
1	28710	0.224125	1793
1	28726	0.22425	1794
1	28742	0.224375	1795
1	28758	0.2245	1796
1	28774	0.224625	1797
1	28790	0.22475	1798
1	28806	0.224875	1799
1	28822	0.225	1800
1	28838	0.225125	1801
1	28854	0.22525	1802
1	28870	0.225375	1803
1	28886	0.2255	1804
1	28902	0.225625	1805
1	28918	0.22575	1806
1	28934	0.225875	1807
1	28950	0.226	1808
1	28966	0.226125	1809
1	28982	0.22625	1810
1	28998	0.226375	1811
1	29014	0.2265	1812
1	29030	0.226625	1813
1	29046	0.22675	1814
1	29062	0.226875	1815
1	29078	0.227	1816
1	29094	0.227125	1817
1	29110	0.22725	1818
1	29126	0.227375	1819
1	29142	0.2275	1820
1	29158	0.227625	1821
1	29174	0.22775	1822
1	29190	0.227875	1823
1	29206	0.228	1824
1	29222	0.228125	1825
1	29238	0.22825	1826
1	29254	0.228375	1827
1	29270	0.2285	1828
1	29286	0.228625	1829
1	29302	0.22875	1830
1	29318	0.228875	1831
1	29334	0.229	1832
1	29350	0.229125	1833
1	29366	0.22925	1834
1	29382	0.229375	1835
1	29398	0.2295	1836
1	29414	0.229625	1837
1	29430	0.22975	1838
1	29446	0.229875	1839
1	29462	0.23	1840
1	29478	0.230125	1841
1	29494	0.23025	1842
1	29510	0.230375	1843
1	29526	0.2305	1844
1	29542	0.230625	1845
1	29558	0.23075	1846
1	29574	0.230875	1847
1	29590	0.231	1848
1	29606	0.231125	1849
1	29622	0.23125	1850
1	29638	0.231375	1851
1	29654	0.2315	1852
1	29670	0.231625	1853
1	29686	0.23175	1854
1	29702	0.231875	1855
1	29718	0.232	1856
1	29734	0.232125	1857
1	29750	0.23225	1858
1	29766	0.232375	1859
1	29782	0.2325	1860
1	29798	0.232625	1861
1	29814	0.23275	1862
1	29830	0.232875	1863
1	29846	0.233	1864
1	29862	0.233125	1865
1	29878	0.23325	1866
1	29894	0.233375	1867
1	29910	0.2335	1868
1	29926	0.233625	1869
1	29942	0.23375	1870
1	29958	0.233875	1871
1	29974	0.234	1872
1	29990	0.234125	1873
1	30006	0.23425	1874
1	30022	0.234375	1875
1	30038	0.2345	1876
1	30054	0.234625	1877
1	30070	0.23475	1878
1	30086	0.234875	1879
1	30102	0.235	1880
1	30118	0.235125	1881
1	30134	0.23525	1882
1	30150	0.235375	1883
1	30166	0.2355	1884
1	30182	0.235625	1885
1	30198	0.23575	1886
1	30214	0.235875	1887
1	30230	0.236	1888
1	30246	0.236125	1889
1	30262	0.23625	1890
1	30278	0.236375	1891
1	30294	0.2365	1892
1	30310	0.236625	1893
1	30326	0.23675	1894
1	30342	0.236875	1895
1	30358	0.237	1896
1	30374	0.237125	1897
1	30390	0.23725	1898
1	30406	0.237375	1899
1	30422	0.2375	1900
1	30438	0.237625	1901
1	30454	0.23775	1902
1	30470	0.237875	1903
1	30486	0.238	1904
1	30502	0.238125	1905
1	30518	0.23825	1906
1	30534	0.238375	1907
1	30550	0.2385	1908
1	30566	0.238625	1909
1	30582	0.23875	1910
1	30598	0.238875	1911
1	30614	0.239	1912
1	30630	0.239125	1913
1	30646	0.23925	1914
1	30662	0.239375	1915
1	30678	0.2395	1916
1	30694	0.239625	1917
1	30710	0.23975	1918
1	30726	0.239875	1919
1	30742	0.24	1920
1	30758	0.240125	1921
1	30774	0.24025	1922
1	30790	0.240375	1923
1	30806	0.2405	1924
1	30822	0.240625	1925
1	30838	0.24075	1926
1	30854	0.240875	1927
1	30870	0.241	1928
1	30886	0.241125	1929
1	30902	0.24125	1930
1	30918	0.241375	1931
1	30934	0.2415	1932
1	30950	0.241625	1933
1	30966	0.24175	1934
1	30982	0.241875	1935
1	30998	0.242	1936
1	31014	0.242125	1937
1	31030	0.24225	1938
1	31046	0.242375	1939
1	31062	0.2425	1940
1	31078	0.242625	1941
1	31094	0.24275	1942
1	31110	0.242875	1943
1	31126	0.243	1944
1	31142	0.243125	1945
1	31158	0.24325	1946
1	31174	0.243375	1947
1	31190	0.2435	1948
1	31206	0.243625	1949
1	31222	0.24375	1950
1	31238	0.243875	1951
1	31254	0.244	1952
1	31270	0.244125	1953
1	31286	0.24425	1954
1	31302	0.244375	1955
1	31318	0.2445	1956
1	31334	0.244625	1957
1	31350	0.24475	1958
1	31366	0.244875	1959
1	31382	0.245	1960
1	31398	0.245125	1961
1	31414	0.24525	1962
1	31430	0.245375	1963
1	31446	0.2455	1964
1	31462	0.245625	1965
1	31478	0.24575	1966
1	31494	0.245875	1967
1	31510	0.246	1968
1	31526	0.246125	1969
1	31542	0.24625	1970
1	31558	0.246375	1971
1	31574	0.2465	1972
1	31590	0.246625	1973
1	31606	0.24675	1974
1	31622	0.246875	1975
1	31638	0.247	1976
1	31654	0.247125	1977
1	31670	0.24725	1978
1	31686	0.247375	1979
1	31702	0.2475	1980
1	31718	0.247625	1981
1	31734	0.24775	1982
1	31750	0.247875	1983
1	31766	0.248	1984
1	31782	0.248125	1985
1	31798	0.24825	1986
1	31814	0.248375	1987
1	31830	0.2485	1988
1	31846	0.248625	1989
1	31862	0.24875	1990
1	31878	0.248875	1991
1	31894	0.249	1992
1	31910	0.249125	1993
1	31926	0.24925	1994
1	31942	0.249375	1995
1	31958	0.2495	1996
1	31974	0.249625	1997
1	31990	0.24975	1998
1	32006	0.249875	1999
1	32022	0.25	2000
1	32038	0.250125	2001
1	32054	0.25025	2002
1	32070	0.250375	2003
1	32086	0.2505	2004
1	32102	0.250625	2005
1	32118	0.25075	2006
1	32134	0.250875	2007
1	32150	0.251	2008
1	32166	0.251125	2009
1	32182	0.25125	2010
1	32198	0.251375	2011
1	32214	0.2515	2012
1	32230	0.251625	2013
1	32246	0.25175	2014
1	32262	0.251875	2015
1	32278	0.252	2016
1	32294	0.252125	2017
1	32310	0.25225	2018
1	32326	0.252375	2019
1	32342	0.2525	2020
1	32358	0.252625	2021
1	32374	0.25275	2022
1	32390	0.252875	2023
1	32406	0.253	2024
1	32422	0.253125	2025
1	32438	0.25325	2026
1	32454	0.253375	2027
1	32470	0.2535	2028
1	32486	0.253625	2029
1	32502	0.25375	2030
1	32518	0.253875	2031
1	32534	0.254	2032
1	32550	0.254125	2033
1	32566	0.25425	2034
1	32582	0.254375	2035
1	32598	0.2545	2036
1	32614	0.254625	2037
1	32630	0.25475	2038
1	32646	0.254875	2039
1	32662	0.255	2040
1	32678	0.255125	2041
1	32694	0.25525	2042
1	32710	0.255375	2043
1	32726	0.2555	2044
1	32742	0.255625	2045
1	32758	0.25575	2046
1	32774	0.255875	2047
1	32790	0.256	2048
1	32806	0.256125	2049
1	32822	0.25625	2050
1	32838	0.256375	2051
1	32854	0.2565	2052
1	32870	0.256625	2053
1	32886	0.25675	2054
1	32902	0.256875	2055
1	32918	0.257	2056
1	32934	0.257125	2057
1	32950	0.25725	2058
1	32966	0.257375	2059
1	32982	0.2575	2060
1	32998	0.257625	2061
1	33014	0.25775	2062
1	33030	0.257875	2063
1	33046	0.258	2064
1	33062	0.258125	2065
1	33078	0.25825	2066
1	33094	0.258375	2067
1	33110	0.2585	2068
1	33126	0.258625	2069
1	33142	0.25875	2070
1	33158	0.258875	2071
1	33174	0.259	2072
1	33190	0.259125	2073
1	33206	0.25925	2074
1	33222	0.259375	2075
1	33238	0.2595	2076
1	33254	0.259625	2077
1	33270	0.25975	2078
1	33286	0.259875	2079
1	33302	0.26	2080
1	33318	0.260125	2081
1	33338	0.26025	2082
1	33354	0.260375	2083
1	33370	0.2605	2084
1	33386	0.260625	2085
1	33402	0.26075	2086
1	33418	0.260875	2087
1	33434	0.261	2088
1	33450	0.261125	2089
1	33466	0.26125	2090
1	33482	0.261375	2091
1	33498	0.2615	2092
1	33514	0.261625	2093
1	33530	0.26175	2094
1	33546	0.261875	2095
1	33562	0.262	2096
1	33578	0.262125	2097
1	33594	0.26225	2098
1	33610	0.262375	2099
1	33626	0.2625	2100
1	33642	0.262625	2101
1	33658	0.26275	2102
1	33674	0.262875	2103
1	33690	0.263	2104
1	33706	0.263125	2105
1	33722	0.26325	2106
1	33738	0.263375	2107
1	33754	0.2635	2108
1	33770	0.263625	2109
1	33786	0.26375	2110
1	33802	0.263875	2111
1	33818	0.264	2112
1	33834	0.264125	2113
1	33850	0.26425	2114
1	33866	0.264375	2115
1	33882	0.2645	2116
1	33898	0.264625	2117
1	33914	0.26475	2118
1	33930	0.264875	2119
1	33946	0.265	2120
1	33962	0.265125	2121
1	33978	0.26525	2122
1	33994	0.265375	2123
1	34010	0.2655	2124
1	34026	0.265625	2125
1	34042	0.26575	2126
1	34058	0.265875	2127
1	34074	0.266	2128
1	34090	0.266125	2129
1	34106	0.26625	2130
1	34122	0.266375	2131
1	34138	0.2665	2132
1	34154	0.266625	2133
1	34170	0.26675	2134
1	34186	0.266875	2135
1	34202	0.267	2136
1	34218	0.267125	2137
1	34234	0.26725	2138
1	34250	0.267375	2139
1	34266	0.2675	2140
1	34282	0.267625	2141
1	34298	0.26775	2142
1	34314	0.267875	2143
1	34330	0.268	2144
1	34346	0.268125	2145
1	34362	0.26825	2146
1	34378	0.268375	2147
1	34394	0.2685	2148
1	34410	0.268625	2149
1	34426	0.26875	2150
1	34442	0.268875	2151
1	34458	0.269	2152
1	34474	0.269125	2153
1	34490	0.26925	2154
1	34506	0.269375	2155
1	34522	0.2695	2156
1	34538	0.269625	2157
1	34554	0.26975	2158
1	34570	0.269875	2159
1	34586	0.27	2160
1	34602	0.270125	2161
1	34618	0.27025	2162
1	34634	0.270375	2163
1	34650	0.2705	2164
1	34666	0.270625	2165
1	34682	0.27075	2166
1	34698	0.270875	2167
1	34714	0.271	2168
1	34730	0.271125	2169
1	34746	0.27125	2170
1	34762	0.271375	2171
1	34778	0.2715	2172
1	34794	0.271625	2173
1	34810	0.27175	2174
1	34826	0.271875	2175
1	34842	0.272	2176
1	34858	0.272125	2177
1	34874	0.27225	2178
1	34890	0.272375	2179
1	34906	0.2725	2180
1	34922	0.272625	2181
1	34938	0.27275	2182
1	34954	0.272875	2183
1	34970	0.273	2184
1	34986	0.273125	2185
1	35002	0.27325	2186
1	35018	0.273375	2187
1	35034	0.2735	2188
1	35050	0.273625	2189
1	35066	0.27375	2190
1	35082	0.273875	2191
1	35098	0.274	2192
1	35114	0.274125	2193
1	35130	0.27425	2194
1	35146	0.274375	2195
1	35162	0.2745	2196
1	35178	0.274625	2197
1	35194	0.27475	2198
1	35210	0.274875	2199
1	35226	0.275	2200
1	35242	0.275125	2201
1	35258	0.27525	2202
1	35274	0.275375	2203
1	35290	0.2755	2204
1	35306	0.275625	2205
1	35322	0.27575	2206
1	35338	0.275875	2207
1	35354	0.276	2208
1	35370	0.276125	2209
1	35386	0.27625	2210
1	35402	0.276375	2211
1	35418	0.2765	2212
1	35434	0.276625	2213
1	35450	0.27675	2214
1	35466	0.276875	2215
1	35482	0.277	2216
1	35498	0.277125	2217
1	35514	0.27725	2218
1	35530	0.277375	2219
1	35546	0.2775	2220
1	35562	0.277625	2221
1	35578	0.27775	2222
1	35594	0.277875	2223
1	35610	0.278	2224
1	35626	0.278125	2225
1	35642	0.27825	2226
1	35658	0.278375	2227
1	35674	0.2785	2228
1	35690	0.278625	2229
1	35706	0.27875	2230
1	35722	0.278875	2231
1	35738	0.279	2232
1	35754	0.279125	2233
1	35770	0.27925	2234
1	35786	0.279375	2235
1	35802	0.2795	2236
1	35818	0.279625	2237
1	35834	0.27975	2238
1	35850	0.279875	2239
1	35866	0.28	2240
1	35882	0.280125	2241
1	35898	0.28025	2242
1	35914	0.280375	2243
1	35930	0.2805	2244
1	35946	0.280625	2245
1	35962	0.28075	2246
1	35978	0.280875	2247
1	35994	0.281	2248
1	36010	0.281125	2249
1	36026	0.28125	2250
1	36042	0.281375	2251
1	36058	0.2815	2252
1	36074	0.281625	2253
1	36090	0.28175	2254
1	36106	0.281875	2255
1	36122	0.282	2256
1	36138	0.282125	2257
1	36154	0.28225	2258
1	36170	0.282375	2259
1	36186	0.2825	2260
1	36202	0.282625	2261
1	36218	0.28275	2262
1	36234	0.282875	2263
1	36250	0.283	2264
1	36266	0.283125	2265
1	36282	0.28325	2266
1	36298	0.283375	2267
1	36314	0.2835	2268
1	36330	0.283625	2269
1	36346	0.28375	2270
1	36362	0.283875	2271
1	36378	0.284	2272
1	36394	0.284125	2273
1	36410	0.28425	2274
1	36426	0.284375	2275
1	36442	0.2845	2276
1	36458	0.284625	2277
1	36474	0.28475	2278
1	36490	0.284875	2279
1	36506	0.285	2280
1	36522	0.285125	2281
1	36538	0.28525	2282
1	36554	0.285375	2283
1	36570	0.2855	2284
1	36586	0.285625	2285
1	36602	0.28575	2286
1	36618	0.285875	2287
1	36634	0.286	2288
1	36650	0.286125	2289
1	36666	0.28625	2290
1	36682	0.286375	2291
1	36698	0.2865	2292
1	36714	0.286625	2293
1	36730	0.28675	2294
1	36746	0.286875	2295
1	36762	0.287	2296
1	36778	0.287125	2297
1	36794	0.28725	2298
1	36810	0.287375	2299
1	36826	0.2875	2300
1	36842	0.287625	2301
1	36858	0.28775	2302
1	36874	0.287875	2303
1	36890	0.288	2304
1	36906	0.288125	2305
1	36922	0.28825	2306
1	36938	0.288375	2307
1	36954	0.2885	2308
1	36970	0.288625	2309
1	36986	0.28875	2310
1	37002	0.288875	2311
1	37018	0.289	2312
1	37034	0.289125	2313
1	37050	0.28925	2314
1	37066	0.289375	2315
1	37082	0.2895	2316
1	37098	0.289625	2317
1	37114	0.28975	2318
1	37130	0.289875	2319
1	37146	0.29	2320
1	37162	0.290125	2321
1	37178	0.29025	2322
1	37194	0.290375	2323
1	37210	0.2905	2324
1	37226	0.290625	2325
1	37242	0.29075	2326
1	37258	0.290875	2327
1	37274	0.291	2328
1	37290	0.291125	2329
1	37306	0.29125	2330
1	37322	0.291375	2331
1	37338	0.2915	2332
1	37354	0.291625	2333
1	37370	0.29175	2334
1	37386	0.291875	2335
1	37402	0.292	2336
1	37418	0.292125	2337
1	37434	0.29225	2338
1	37450	0.292375	2339
1	37466	0.2925	2340
1	37482	0.292625	2341
1	37498	0.29275	2342
1	37514	0.292875	2343
1	37530	0.293	2344
1	37546	0.293125	2345
1	37562	0.29325	2346
1	37578	0.293375	2347
1	37594	0.2935	2348
1	37610	0.293625	2349
1	37626	0.29375	2350
1	37642	0.293875	2351
1	37658	0.294	2352
1	37674	0.294125	2353
1	37690	0.29425	2354
1	37706	0.294375	2355
1	37722	0.2945	2356
1	37738	0.294625	2357
1	37754	0.29475	2358
1	37770	0.294875	2359
1	37786	0.295	2360
1	37802	0.295125	2361
1	37818	0.29525	2362
1	37834	0.295375	2363
1	37850	0.2955	2364
1	37866	0.295625	2365
1	37882	0.29575	2366
1	37898	0.295875	2367
1	37914	0.296	2368
1	37930	0.296125	2369
1	37946	0.29625	2370
1	37962	0.296375	2371
1	37978	0.2965	2372
1	37994	0.296625	2373
1	38010	0.29675	2374
1	38026	0.296875	2375
1	38042	0.297	2376
1	38058	0.297125	2377
1	38074	0.29725	2378
1	38094	0.297375	2379
1	38110	0.2975	2380
1	38126	0.297625	2381
1	38142	0.29775	2382
1	38158	0.297875	2383
1	38174	0.298	2384
1	38190	0.298125	2385
1	38206	0.29825	2386
1	38222	0.298375	2387
1	38238	0.2985	2388
1	38254	0.298625	2389
1	38270	0.29875	2390
1	38286	0.298875	2391
1	38302	0.299	2392
1	38318	0.299125	2393
1	38334	0.29925	2394
1	38350	0.299375	2395
1	38366	0.2995	2396
1	38382	0.299625	2397
1	38398	0.29975	2398
1	38414	0.299875	2399
1	38430	0.3	2400
1	38446	0.300125	2401
1	38462	0.30025	2402
1	38478	0.300375	2403
1	38494	0.3005	2404
1	38510	0.300625	2405
1	38526	0.30075	2406
1	38542	0.300875	2407
1	38558	0.301	2408
1	38574	0.301125	2409
1	38590	0.30125	2410
1	38606	0.301375	2411
1	38622	0.3015	2412
1	38638	0.301625	2413
1	38654	0.30175	2414
1	38670	0.301875	2415
1	38686	0.302	2416
1	38702	0.302125	2417
1	38718	0.30225	2418
1	38734	0.302375	2419
1	38750	0.3025	2420
1	38766	0.302625	2421
1	38782	0.30275	2422
1	38798	0.302875	2423
1	38814	0.303	2424
1	38830	0.303125	2425
1	38846	0.30325	2426
1	38862	0.303375	2427
1	38878	0.3035	2428
1	38894	0.303625	2429
1	38910	0.30375	2430
1	38926	0.303875	2431
1	38942	0.304	2432
1	38958	0.304125	2433
1	38974	0.30425	2434
1	38990	0.304375	2435
1	39006	0.3045	2436
1	39022	0.304625	2437
1	39038	0.30475	2438
1	39054	0.304875	2439
1	39070	0.305	2440
1	39086	0.305125	2441
1	39102	0.30525	2442
1	39118	0.305375	2443
1	39134	0.3055	2444
1	39150	0.305625	2445
1	39166	0.30575	2446
1	39182	0.305875	2447
1	39198	0.306	2448
1	39214	0.306125	2449
1	39230	0.30625	2450
1	39246	0.306375	2451
1	39262	0.3065	2452
1	39278	0.306625	2453
1	39294	0.30675	2454
1	39310	0.306875	2455
1	39326	0.307	2456
1	39342	0.307125	2457
1	39358	0.30725	2458
1	39374	0.307375	2459
1	39390	0.3075	2460
1	39406	0.307625	2461
1	39422	0.30775	2462
1	39438	0.307875	2463
1	39454	0.308	2464
1	39470	0.308125	2465
1	39486	0.30825	2466
1	39502	0.308375	2467
1	39518	0.3085	2468
1	39534	0.308625	2469
1	39550	0.30875	2470
1	39566	0.308875	2471
1	39582	0.309	2472
1	39598	0.309125	2473
1	39614	0.30925	2474
1	39630	0.309375	2475
1	39646	0.3095	2476
1	39662	0.309625	2477
1	39678	0.30975	2478
1	39694	0.309875	2479
1	39710	0.31	2480
1	39726	0.310125	2481
1	39742	0.31025	2482
1	39758	0.310375	2483
1	39774	0.3105	2484
1	39790	0.310625	2485
1	39806	0.31075	2486
1	39822	0.310875	2487
1	39838	0.311	2488
1	39854	0.311125	2489
1	39870	0.31125	2490
1	39886	0.311375	2491
1	39902	0.3115	2492
1	39918	0.311625	2493
1	39934	0.31175	2494
1	39950	0.311875	2495
1	39966	0.312	2496
1	39982	0.312125	2497
1	39998	0.31225	2498
1	40014	0.312375	2499
1	40030	0.3125	2500
1	40046	0.312625	2501
1	40062	0.31275	2502
1	40078	0.312875	2503
1	40094	0.313	2504
1	40110	0.313125	2505
1	40126	0.31325	2506
1	40142	0.313375	2507
1	40158	0.3135	2508
1	40174	0.313625	2509
1	40190	0.31375	2510
1	40206	0.313875	2511
1	40222	0.314	2512
1	40238	0.314125	2513
1	40254	0.31425	2514
1	40270	0.314375	2515
1	40286	0.3145	2516
1	40302	0.314625	2517
1	40318	0.31475	2518
1	40334	0.314875	2519
1	40350	0.315	2520
1	40366	0.315125	2521
1	40382	0.31525	2522
1	40398	0.315375	2523
1	40414	0.3155	2524
1	40430	0.315625	2525
1	40446	0.31575	2526
1	40462	0.315875	2527
1	40478	0.316	2528
1	40494	0.316125	2529
1	40510	0.31625	2530
1	40526	0.316375	2531
1	40542	0.3165	2532
1	40558	0.316625	2533
1	40574	0.31675	2534
1	40590	0.316875	2535
1	40606	0.317	2536
1	40622	0.317125	2537
1	40638	0.31725	2538
1	40654	0.317375	2539
1	40670	0.3175	2540
1	40686	0.317625	2541
1	40702	0.31775	2542
1	40718	0.317875	2543
1	40734	0.318	2544
1	40750	0.318125	2545
1	40766	0.31825	2546
1	40782	0.318375	2547
1	40798	0.3185	2548
1	40814	0.318625	2549
1	40830	0.31875	2550
1	40846	0.318875	2551
1	40862	0.319	2552
1	40878	0.319125	2553
1	40894	0.31925	2554
1	40910	0.319375	2555
1	40926	0.3195	2556
1	40942	0.319625	2557
1	40958	0.31975	2558
1	40974	0.319875	2559
1	40990	0.32	2560
1	41006	0.320125	2561
1	41022	0.32025	2562
1	41038	0.320375	2563
1	41054	0.3205	2564
1	41070	0.320625	2565
1	41086	0.32075	2566
1	41102	0.320875	2567
1	41118	0.321	2568
1	41134	0.321125	2569
1	41150	0.32125	2570
1	41166	0.321375	2571
1	41182	0.3215	2572
1	41198	0.321625	2573
1	41214	0.32175	2574
1	41230	0.321875	2575
1	41246	0.322	2576
1	41262	0.322125	2577
1	41278	0.32225	2578
1	41294	0.322375	2579
1	41310	0.3225	2580
1	41326	0.322625	2581
1	41342	0.32275	2582
1	41358	0.322875	2583
1	41374	0.323	2584
1	41390	0.323125	2585
1	41406	0.32325	2586
1	41422	0.323375	2587
1	41438	0.3235	2588
1	41454	0.323625	2589
1	41470	0.32375	2590
1	41486	0.323875	2591
1	41502	0.324	2592
1	41518	0.324125	2593
1	41534	0.32425	2594
1	41550	0.324375	2595
1	41566	0.3245	2596
1	41582	0.324625	2597
1	41598	0.32475	2598
1	41614	0.324875	2599
1	41630	0.325	2600
1	41646	0.325125	2601
1	41662	0.32525	2602
1	41678	0.325375	2603
1	41694	0.3255	2604
1	41710	0.325625	2605
1	41726	0.32575	2606
1	41742	0.325875	2607
1	41758	0.326	2608
1	41774	0.326125	2609
1	41790	0.32625	2610
1	41806	0.326375	2611
1	41822	0.3265	2612
1	41838	0.326625	2613
1	41854	0.32675	2614
1	41870	0.326875	2615
1	41886	0.327	2616
1	41902	0.327125	2617
1	41918	0.32725	2618
1	41934	0.327375	2619
1	41950	0.3275	2620
1	41966	0.327625	2621
1	41982	0.32775	2622
1	41998	0.327875	2623
1	42014	0.328	2624
1	42030	0.328125	2625
1	42046	0.32825	2626
1	42062	0.328375	2627
1	42078	0.3285	2628
1	42094	0.328625	2629
1	42110	0.32875	2630
1	42126	0.328875	2631
1	42142	0.329	2632
1	42158	0.329125	2633
1	42174	0.32925	2634
1	42190	0.329375	2635
1	42206	0.3295	2636
1	42222	0.329625	2637
1	42238	0.32975	2638
1	42254	0.329875	2639
1	42270	0.33	2640
1	42286	0.330125	2641
1	42302	0.33025	2642
1	42318	0.330375	2643
1	42334	0.3305	2644
1	42350	0.330625	2645
1	42366	0.33075	2646
1	42382	0.330875	2647
1	42398	0.331	2648
1	42414	0.331125	2649
1	42430	0.33125	2650
1	42446	0.331375	2651
1	42462	0.3315	2652
1	42478	0.331625	2653
1	42494	0.33175	2654
1	42510	0.331875	2655
1	42526	0.332	2656
1	42542	0.332125	2657
1	42558	0.33225	2658
1	42574	0.332375	2659
1	42590	0.3325	2660
1	42606	0.332625	2661
1	42622	0.33275	2662
1	42638	0.332875	2663
1	42654	0.333	2664
1	42670	0.333125	2665
1	42686	0.33325	2666
1	42702	0.333375	2667
1	42718	0.3335	2668
1	42734	0.333625	2669
1	42750	0.33375	2670
1	42766	0.333875	2671
1	42782	0.334	2672
1	42798	0.334125	2673
1	42814	0.33425	2674
1	42830	0.334375	2675
1	42850	0.3345	2676
1	42866	0.334625	2677
1	42882	0.33475	2678
1	42898	0.334875	2679
1	42914	0.335	2680
1	42930	0.335125	2681
1	42946	0.33525	2682
1	42962	0.335375	2683
1	42978	0.3355	2684
1	42994	0.335625	2685
1	43010	0.33575	2686
1	43026	0.335875	2687
1	43042	0.336	2688
1	43058	0.336125	2689
1	43074	0.33625	2690
1	43090	0.336375	2691
1	43106	0.3365	2692
1	43122	0.336625	2693
1	43138	0.33675	2694
1	43154	0.336875	2695
1	43170	0.337	2696
1	43186	0.337125	2697
1	43202	0.33725	2698
1	43218	0.337375	2699
1	43234	0.3375	2700
1	43250	0.337625	2701
1	43266	0.33775	2702
1	43282	0.337875	2703
1	43298	0.338	2704
1	43314	0.338125	2705
1	43330	0.33825	2706
1	43346	0.338375	2707
1	43362	0.3385	2708
1	43378	0.338625	2709
1	43394	0.33875	2710
1	43410	0.338875	2711
1	43426	0.339	2712
1	43442	0.339125	2713
1	43458	0.33925	2714
1	43474	0.339375	2715
1	43490	0.3395	2716
1	43506	0.339625	2717
1	43522	0.33975	2718
1	43538	0.339875	2719
1	43554	0.34	2720
1	43570	0.340125	2721
1	43586	0.34025	2722
1	43602	0.340375	2723
1	43618	0.3405	2724
1	43634	0.340625	2725
1	43650	0.34075	2726
1	43666	0.340875	2727
1	43682	0.341	2728
1	43698	0.341125	2729
1	43714	0.34125	2730
1	43730	0.341375	2731
1	43746	0.3415	2732
1	43762	0.341625	2733
1	43778	0.34175	2734
1	43794	0.341875	2735
1	43810	0.342	2736
1	43826	0.342125	2737
1	43842	0.34225	2738
1	43858	0.342375	2739
1	43874	0.3425	2740
1	43890	0.342625	2741
1	43906	0.34275	2742
1	43922	0.342875	2743
1	43938	0.343	2744
1	43954	0.343125	2745
1	43970	0.34325	2746
1	43986	0.343375	2747
1	44002	0.3435	2748
1	44018	0.343625	2749
1	44034	0.34375	2750
1	44050	0.343875	2751
1	44066	0.344	2752
1	44082	0.344125	2753
1	44098	0.34425	2754
1	44114	0.344375	2755
1	44130	0.3445	2756
1	44146	0.344625	2757
1	44162	0.34475	2758
1	44178	0.344875	2759
1	44194	0.345	2760
1	44210	0.345125	2761
1	44226	0.34525	2762
1	44242	0.345375	2763
1	44258	0.3455	2764
1	44274	0.345625	2765
1	44290	0.34575	2766
1	44306	0.345875	2767
1	44322	0.346	2768
1	44338	0.346125	2769
1	44354	0.34625	2770
1	44370	0.346375	2771
1	44386	0.3465	2772
1	44402	0.346625	2773
1	44418	0.34675	2774
1	44434	0.346875	2775
1	44450	0.347	2776
1	44466	0.347125	2777
1	44482	0.34725	2778
1	44498	0.347375	2779
1	44514	0.3475	2780
1	44530	0.347625	2781
1	44546	0.34775	2782
1	44562	0.347875	2783
1	44578	0.348	2784
1	44594	0.348125	2785
1	44610	0.34825	2786
1	44626	0.348375	2787
1	44642	0.3485	2788
1	44658	0.348625	2789
1	44674	0.34875	2790
1	44690	0.348875	2791
1	44706	0.349	2792
1	44722	0.349125	2793
1	44738	0.34925	2794
1	44754	0.349375	2795
1	44770	0.3495	2796
1	44786	0.349625	2797
1	44802	0.34975	2798
1	44818	0.349875	2799
1	44834	0.35	2800
1	44850	0.350125	2801
1	44866	0.35025	2802
1	44882	0.350375	2803
1	44898	0.3505	2804
1	44914	0.350625	2805
1	44930	0.35075	2806
1	44946	0.350875	2807
1	44962	0.351	2808
1	44978	0.351125	2809
1	44994	0.35125	2810
1	45010	0.351375	2811
1	45026	0.3515	2812
1	45042	0.351625	2813
1	45058	0.35175	2814
1	45074	0.351875	2815
1	45090	0.352	2816
1	45106	0.352125	2817
1	45122	0.35225	2818
1	45138	0.352375	2819
1	45154	0.3525	2820
1	45170	0.352625	2821
1	45186	0.35275	2822
1	45202	0.352875	2823
1	45218	0.353	2824
1	45234	0.353125	2825
1	45250	0.35325	2826
1	45266	0.353375	2827
1	45282	0.3535	2828
1	45298	0.353625	2829
1	45314	0.35375	2830
1	45330	0.353875	2831
1	45346	0.354	2832
1	45362	0.354125	2833
1	45378	0.35425	2834
1	45394	0.354375	2835
1	45410	0.3545	2836
1	45426	0.354625	2837
1	45442	0.35475	2838
1	45458	0.354875	2839
1	45474	0.355	2840
1	45490	0.355125	2841
1	45506	0.35525	2842
1	45522	0.355375	2843
1	45538	0.3555	2844
1	45554	0.355625	2845
1	45570	0.35575	2846
1	45586	0.355875	2847
1	45602	0.356	2848
1	45618	0.356125	2849
1	45634	0.35625	2850
1	45650	0.356375	2851
1	45666	0.3565	2852
1	45682	0.356625	2853
1	45698	0.35675	2854
1	45714	0.356875	2855
1	45730	0.357	2856
1	45746	0.357125	2857
1	45762	0.35725	2858
1	45778	0.357375	2859
1	45794	0.3575	2860
1	45810	0.357625	2861
1	45826	0.35775	2862
1	45842	0.357875	2863
1	45858	0.358	2864
1	45874	0.358125	2865
1	45890	0.35825	2866
1	45906	0.358375	2867
1	45922	0.3585	2868
1	45938	0.358625	2869
1	45954	0.35875	2870
1	45970	0.358875	2871
1	45986	0.359	2872
1	46002	0.359125	2873
1	46018	0.35925	2874
1	46034	0.359375	2875
1	46050	0.3595	2876
1	46066	0.359625	2877
1	46082	0.35975	2878
1	46098	0.359875	2879
1	46114	0.36	2880
1	46130	0.360125	2881
1	46146	0.36025	2882
1	46162	0.360375	2883
1	46178	0.3605	2884
1	46194	0.360625	2885
1	46210	0.36075	2886
1	46226	0.360875	2887
1	46242	0.361	2888
1	46258	0.361125	2889
1	46274	0.36125	2890
1	46290	0.361375	2891
1	46306	0.3615	2892
1	46322	0.361625	2893
1	46338	0.36175	2894
1	46354	0.361875	2895
1	46370	0.362	2896
1	46386	0.362125	2897
1	46402	0.36225	2898
1	46418	0.362375	2899
1	46434	0.3625	2900
1	46450	0.362625	2901
1	46466	0.36275	2902
1	46482	0.362875	2903
1	46498	0.363	2904
1	46514	0.363125	2905
1	46530	0.36325	2906
1	46546	0.363375	2907
1	46562	0.3635	2908
1	46578	0.363625	2909
1	46594	0.36375	2910
1	46610	0.363875	2911
1	46626	0.364	2912
1	46642	0.364125	2913
1	46658	0.36425	2914
1	46674	0.364375	2915
1	46690	0.3645	2916
1	46706	0.364625	2917
1	46722	0.36475	2918
1	46738	0.364875	2919
1	46754	0.365	2920
1	46770	0.365125	2921
1	46786	0.36525	2922
1	46802	0.365375	2923
1	46818	0.3655	2924
1	46834	0.365625	2925
1	46850	0.36575	2926
1	46866	0.365875	2927
1	46882	0.366	2928
1	46898	0.366125	2929
1	46914	0.36625	2930
1	46930	0.366375	2931
1	46946	0.3665	2932
1	46962	0.366625	2933
1	46978	0.36675	2934
1	46994	0.366875	2935
1	47010	0.367	2936
1	47026	0.367125	2937
1	47042	0.36725	2938
1	47058	0.367375	2939
1	47074	0.3675	2940
1	47090	0.367625	2941
1	47106	0.36775	2942
1	47122	0.367875	2943
1	47138	0.368	2944
1	47154	0.368125	2945
1	47170	0.36825	2946
1	47186	0.368375	2947
1	47202	0.3685	2948
1	47218	0.368625	2949
1	47234	0.36875	2950
1	47250	0.368875	2951
1	47266	0.369	2952
1	47282	0.369125	2953
1	47298	0.36925	2954
1	47314	0.369375	2955
1	47330	0.3695	2956
1	47346	0.369625	2957
1	47362	0.36975	2958
1	47378	0.369875	2959
1	47394	0.37	2960
1	47410	0.370125	2961
1	47426	0.37025	2962
1	47442	0.370375	2963
1	47458	0.3705	2964
1	47474	0.370625	2965
1	47490	0.37075	2966
1	47506	0.370875	2967
1	47522	0.371	2968
1	47538	0.371125	2969
1	47554	0.37125	2970
1	47570	0.371375	2971
1	47586	0.3715	2972
1	47606	0.371625	2973
1	47622	0.37175	2974
1	47638	0.371875	2975
1	47654	0.372	2976
1	47670	0.372125	2977
1	47686	0.37225	2978
1	47702	0.372375	2979
1	47718	0.3725	2980
1	47734	0.372625	2981
1	47750	0.37275	2982
1	47766	0.372875	2983
1	47782	0.373	2984
1	47798	0.373125	2985
1	47814	0.37325	2986
1	47830	0.373375	2987
1	47846	0.3735	2988
1	47862	0.373625	2989
1	47878	0.37375	2990
1	47894	0.373875	2991
1	47910	0.374	2992
1	47926	0.374125	2993
1	47942	0.37425	2994
1	47958	0.374375	2995
1	47974	0.3745	2996
1	47990	0.374625	2997
1	48006	0.37475	2998
1	48022	0.374875	2999
1	48038	0.375	3000
1	48054	0.375125	3001
1	48070	0.37525	3002
1	48086	0.375375	3003
1	48102	0.3755	3004
1	48118	0.375625	3005
1	48134	0.37575	3006
1	48150	0.375875	3007
1	48166	0.376	3008
1	48182	0.376125	3009
1	48198	0.37625	3010
1	48214	0.376375	3011
1	48230	0.3765	3012
1	48246	0.376625	3013
1	48262	0.37675	3014
1	48278	0.376875	3015
1	48294	0.377	3016
1	48310	0.377125	3017
1	48326	0.37725	3018
1	48342	0.377375	3019
1	48358	0.3775	3020
1	48374	0.377625	3021
1	48390	0.37775	3022
1	48406	0.377875	3023
1	48422	0.378	3024
1	48438	0.378125	3025
1	48454	0.37825	3026
1	48470	0.378375	3027
1	48486	0.3785	3028
1	48502	0.378625	3029
1	48518	0.37875	3030
1	48534	0.378875	3031
1	48550	0.379	3032
1	48566	0.379125	3033
1	48582	0.37925	3034
1	48598	0.379375	3035
1	48614	0.3795	3036
1	48630	0.379625	3037
1	48646	0.37975	3038
1	48662	0.379875	3039
1	48678	0.38	3040
1	48694	0.380125	3041
1	48710	0.38025	3042
1	48726	0.380375	3043
1	48742	0.3805	3044
1	48758	0.380625	3045
1	48774	0.38075	3046
1	48790	0.380875	3047
1	48806	0.381	3048
1	48822	0.381125	3049
1	48838	0.38125	3050
1	48854	0.381375	3051
1	48870	0.3815	3052
1	48886	0.381625	3053
1	48902	0.38175	3054
1	48918	0.381875	3055
1	48934	0.382	3056
1	48950	0.382125	3057
1	48966	0.38225	3058
1	48982	0.382375	3059
1	48998	0.3825	3060
1	49014	0.382625	3061
1	49030	0.38275	3062
1	49046	0.382875	3063
1	49062	0.383	3064
1	49078	0.383125	3065
1	49094	0.38325	3066
1	49110	0.383375	3067
1	49126	0.3835	3068
1	49142	0.383625	3069
1	49158	0.38375	3070
1	49174	0.383875	3071
1	49190	0.384	3072
1	49206	0.384125	3073
1	49222	0.38425	3074
1	49238	0.384375	3075
1	49254	0.3845	3076
1	49270	0.384625	3077
1	49286	0.38475	3078
1	49302	0.384875	3079
1	49318	0.385	3080
1	49334	0.385125	3081
1	49350	0.38525	3082
1	49366	0.385375	3083
1	49382	0.3855	3084
1	49398	0.385625	3085
1	49414	0.38575	3086
1	49430	0.385875	3087
1	49446	0.386	3088
1	49462	0.386125	3089
1	49478	0.38625	3090
1	49494	0.386375	3091
1	49510	0.3865	3092
1	49526	0.386625	3093
1	49542	0.38675	3094
1	49558	0.386875	3095
1	49574	0.387	3096
1	49590	0.387125	3097
1	49606	0.38725	3098
1	49622	0.387375	3099
1	49638	0.3875	3100
1	49654	0.387625	3101
1	49670	0.38775	3102
1	49686	0.387875	3103
1	49702	0.388	3104
1	49718	0.388125	3105
1	49734	0.38825	3106
1	49750	0.388375	3107
1	49766	0.3885	3108
1	49782	0.388625	3109
1	49798	0.38875	3110
1	49814	0.388875	3111
1	49830	0.389	3112
1	49846	0.389125	3113
1	49862	0.38925	3114
1	49878	0.389375	3115
1	49894	0.3895	3116
1	49910	0.389625	3117
1	49926	0.38975	3118
1	49942	0.389875	3119
1	49958	0.39	3120
1	49974	0.390125	3121
1	49990	0.39025	3122
1	50006	0.390375	3123
1	50022	0.3905	3124
1	50038	0.390625	3125
1	50054	0.39075	3126
1	50070	0.390875	3127
1	50086	0.391	3128
1	50102	0.391125	3129
1	50118	0.39125	3130
1	50134	0.391375	3131
1	50150	0.3915	3132
1	50166	0.391625	3133
1	50182	0.39175	3134
1	50198	0.391875	3135
1	50214	0.392	3136
1	50230	0.392125	3137
1	50246	0.39225	3138
1	50262	0.392375	3139
1	50278	0.3925	3140
1	50294	0.392625	3141
1	50310	0.39275	3142
1	50326	0.392875	3143
1	50342	0.393	3144
1	50358	0.393125	3145
1	50374	0.39325	3146
1	50390	0.393375	3147
1	50406	0.3935	3148
1	50422	0.393625	3149
1	50438	0.39375	3150
1	50454	0.393875	3151
1	50470	0.394	3152
1	50486	0.394125	3153
1	50502	0.39425	3154
1	50518	0.394375	3155
1	50534	0.3945	3156
1	50550	0.394625	3157
1	50566	0.39475	3158
1	50582	0.394875	3159
1	50598	0.395	3160
1	50614	0.395125	3161
1	50630	0.39525	3162
1	50646	0.395375	3163
1	50662	0.3955	3164
1	50678	0.395625	3165
1	50694	0.39575	3166
1	50710	0.395875	3167
1	50726	0.396	3168
1	50742	0.396125	3169
1	50758	0.39625	3170
1	50774	0.396375	3171
1	50790	0.3965	3172
1	50806	0.396625	3173
1	50822	0.39675	3174
1	50838	0.396875	3175
1	50854	0.397	3176
1	50870	0.397125	3177
1	50886	0.39725	3178
1	50902	0.397375	3179
1	50918	0.3975	3180
1	50934	0.397625	3181
1	50950	0.39775	3182
1	50966	0.397875	3183
1	50982	0.398	3184
1	50998	0.398125	3185
1	51014	0.39825	3186
1	51030	0.398375	3187
1	51046	0.3985	3188
1	51062	0.398625	3189
1	51078	0.39875	3190
1	51094	0.398875	3191
1	51110	0.399	3192
1	51126	0.399125	3193
1	51142	0.39925	3194
1	51158	0.399375	3195
1	51174	0.3995	3196
1	51190	0.399625	3197
1	51206	0.39975	3198
1	51222	0.399875	3199
1	51238	0.4	3200
1	51254	0.400125	3201
1	51270	0.40025	3202
1	51286	0.400375	3203
1	51302	0.4005	3204
1	51318	0.400625	3205
1	51334	0.40075	3206
1	51350	0.400875	3207
1	51366	0.401	3208
1	51382	0.401125	3209
1	51398	0.40125	3210
1	51414	0.401375	3211
1	51430	0.4015	3212
1	51446	0.401625	3213
1	51462	0.40175	3214
1	51478	0.401875	3215
1	51494	0.402	3216
1	51510	0.402125	3217
1	51526	0.40225	3218
1	51542	0.402375	3219
1	51558	0.4025	3220
1	51574	0.402625	3221
1	51590	0.40275	3222
1	51606	0.402875	3223
1	51622	0.403	3224
1	51638	0.403125	3225
1	51654	0.40325	3226
1	51670	0.403375	3227
1	51686	0.4035	3228
1	51702	0.403625	3229
1	51718	0.40375	3230
1	51734	0.403875	3231
1	51750	0.404	3232
1	51766	0.404125	3233
1	51782	0.40425	3234
1	51798	0.404375	3235
1	51814	0.4045	3236
1	51830	0.404625	3237
1	51846	0.40475	3238
1	51862	0.404875	3239
1	51878	0.405	3240
1	51894	0.405125	3241
1	51910	0.40525	3242
1	51926	0.405375	3243
1	51942	0.4055	3244
1	51958	0.405625	3245
1	51974	0.40575	3246
1	51990	0.405875	3247
1	52006	0.406	3248
1	52022	0.406125	3249
1	52038	0.40625	3250
1	52054	0.406375	3251
1	52070	0.4065	3252
1	52086	0.406625	3253
1	52102	0.40675	3254
1	52118	0.406875	3255
1	52134	0.407	3256
1	52150	0.407125	3257
1	52166	0.40725	3258
1	52182	0.407375	3259
1	52198	0.4075	3260
1	52214	0.407625	3261
1	52230	0.40775	3262
1	52246	0.407875	3263
1	52262	0.408	3264
1	52278	0.408125	3265
1	52294	0.40825	3266
1	52310	0.408375	3267
1	52326	0.4085	3268
1	52342	0.408625	3269
1	52358	0.40875	3270
1	52378	0.408875	3271
1	52394	0.409	3272
1	52410	0.409125	3273
1	52426	0.40925	3274
1	52442	0.409375	3275
1	52458	0.4095	3276
1	52474	0.409625	3277
1	52490	0.40975	3278
1	52506	0.409875	3279
1	52522	0.41	3280
1	52538	0.410125	3281
1	52554	0.41025	3282
1	52570	0.410375	3283
1	52586	0.4105	3284
1	52602	0.410625	3285
1	52618	0.41075	3286
1	52634	0.410875	3287
1	52650	0.411	3288
1	52666	0.411125	3289
1	52682	0.41125	3290
1	52698	0.411375	3291
1	52714	0.4115	3292
1	52730	0.411625	3293
1	52746	0.41175	3294
1	52762	0.411875	3295
1	52778	0.412	3296
1	52794	0.412125	3297
1	52810	0.41225	3298
1	52826	0.412375	3299
1	52842	0.4125	3300
1	52858	0.412625	3301
1	52874	0.41275	3302
1	52890	0.412875	3303
1	52906	0.413	3304
1	52922	0.413125	3305
1	52938	0.41325	3306
1	52954	0.413375	3307
1	52970	0.4135	3308
1	52986	0.413625	3309
1	53002	0.41375	3310
1	53018	0.413875	3311
1	53034	0.414	3312
1	53050	0.414125	3313
1	53066	0.41425	3314
1	53082	0.414375	3315
1	53098	0.4145	3316
1	53114	0.414625	3317
1	53130	0.41475	3318
1	53146	0.414875	3319
1	53162	0.415	3320
1	53178	0.415125	3321
1	53194	0.41525	3322
1	53210	0.415375	3323
1	53226	0.4155	3324
1	53242	0.415625	3325
1	53258	0.41575	3326
1	53274	0.415875	3327
1	53290	0.416	3328
1	53306	0.416125	3329
1	53322	0.41625	3330
1	53338	0.416375	3331
1	53354	0.4165	3332
1	53370	0.416625	3333
1	53386	0.41675	3334
1	53402	0.416875	3335
1	53418	0.417	3336
1	53434	0.417125	3337
1	53450	0.41725	3338
1	53466	0.417375	3339
1	53482	0.4175	3340
1	53498	0.417625	3341
1	53514	0.41775	3342
1	53530	0.417875	3343
1	53546	0.418	3344
1	53562	0.418125	3345
1	53578	0.41825	3346
1	53594	0.418375	3347
1	53610	0.4185	3348
1	53626	0.418625	3349
1	53642	0.41875	3350
1	53658	0.418875	3351
1	53674	0.419	3352
1	53690	0.419125	3353
1	53706	0.41925	3354
1	53722	0.419375	3355
1	53738	0.4195	3356
1	53754	0.419625	3357
1	53770	0.41975	3358
1	53786	0.419875	3359
1	53802	0.42	3360
1	53818	0.420125	3361
1	53834	0.42025	3362
1	53850	0.420375	3363
1	53866	0.4205	3364
1	53882	0.420625	3365
1	53898	0.42075	3366
1	53914	0.420875	3367
1	53930	0.421	3368
1	53946	0.421125	3369
1	53962	0.42125	3370
1	53978	0.421375	3371
1	53994	0.4215	3372
1	54010	0.421625	3373
1	54026	0.42175	3374
1	54042	0.421875	3375
1	54058	0.422	3376
1	54074	0.422125	3377
1	54090	0.42225	3378
1	54106	0.422375	3379
1	54122	0.4225	3380
1	54138	0.422625	3381
1	54154	0.42275	3382
1	54170	0.422875	3383
1	54186	0.423	3384
1	54202	0.423125	3385
1	54218	0.42325	3386
1	54234	0.423375	3387
1	54250	0.4235	3388
1	54266	0.423625	3389
1	54282	0.42375	3390
1	54298	0.423875	3391
1	54314	0.424	3392
1	54330	0.424125	3393
1	54346	0.42425	3394
1	54362	0.424375	3395
1	54378	0.4245	3396
1	54394	0.424625	3397
1	54410	0.42475	3398
1	54426	0.424875	3399
1	54442	0.425	3400
1	54458	0.425125	3401
1	54474	0.42525	3402
1	54490	0.425375	3403
1	54506	0.4255	3404
1	54522	0.425625	3405
1	54538	0.42575	3406
1	54554	0.425875	3407
1	54570	0.426	3408
1	54586	0.426125	3409
1	54602	0.42625	3410
1	54618	0.426375	3411
1	54634	0.4265	3412
1	54650	0.426625	3413
1	54666	0.42675	3414
1	54682	0.426875	3415
1	54698	0.427	3416
1	54714	0.427125	3417
1	54730	0.42725	3418
1	54746	0.427375	3419
1	54762	0.4275	3420
1	54778	0.427625	3421
1	54794	0.42775	3422
1	54810	0.427875	3423
1	54826	0.428	3424
1	54842	0.428125	3425
1	54858	0.42825	3426
1	54874	0.428375	3427
1	54890	0.4285	3428
1	54906	0.428625	3429
1	54922	0.42875	3430
1	54938	0.428875	3431
1	54954	0.429	3432
1	54970	0.429125	3433
1	54986	0.42925	3434
1	55002	0.429375	3435
1	55018	0.4295	3436
1	55034	0.429625	3437
1	55050	0.42975	3438
1	55066	0.429875	3439
1	55082	0.43	3440
1	55098	0.430125	3441
1	55114	0.43025	3442
1	55130	0.430375	3443
1	55146	0.4305	3444
1	55162	0.430625	3445
1	55178	0.43075	3446
1	55194	0.430875	3447
1	55210	0.431	3448
1	55226	0.431125	3449
1	55242	0.43125	3450
1	55258	0.431375	3451
1	55274	0.4315	3452
1	55290	0.431625	3453
1	55306	0.43175	3454
1	55322	0.431875	3455
1	55338	0.432	3456
1	55354	0.432125	3457
1	55370	0.43225	3458
1	55386	0.432375	3459
1	55402	0.4325	3460
1	55418	0.432625	3461
1	55434	0.43275	3462
1	55450	0.432875	3463
1	55466	0.433	3464
1	55482	0.433125	3465
1	55498	0.43325	3466
1	55514	0.433375	3467
1	55530	0.4335	3468
1	55546	0.433625	3469
1	55562	0.43375	3470
1	55578	0.433875	3471
1	55594	0.434	3472
1	55610	0.434125	3473
1	55626	0.43425	3474
1	55642	0.434375	3475
1	55658	0.4345	3476
1	55674	0.434625	3477
1	55690	0.43475	3478
1	55706	0.434875	3479
1	55722	0.435	3480
1	55738	0.435125	3481
1	55754	0.43525	3482
1	55770	0.435375	3483
1	55786	0.4355	3484
1	55802	0.435625	3485
1	55818	0.43575	3486
1	55834	0.435875	3487
1	55850	0.436	3488
1	55866	0.436125	3489
1	55882	0.43625	3490
1	55898	0.436375	3491
1	55914	0.4365	3492
1	55930	0.436625	3493
1	55946	0.43675	3494
1	55962	0.436875	3495
1	55978	0.437	3496
1	55994	0.437125	3497
1	56010	0.43725	3498
1	56026	0.437375	3499
1	56042	0.4375	3500
1	56058	0.437625	3501
1	56074	0.43775	3502
1	56090	0.437875	3503
1	56106	0.438	3504
1	56122	0.438125	3505
1	56138	0.43825	3506
1	56154	0.438375	3507
1	56170	0.4385	3508
1	56186	0.438625	3509
1	56202	0.43875	3510
1	56218	0.438875	3511
1	56234	0.439	3512
1	56250	0.439125	3513
1	56266	0.43925	3514
1	56282	0.439375	3515
1	56298	0.4395	3516
1	56314	0.439625	3517
1	56330	0.43975	3518
1	56346	0.439875	3519
1	56362	0.44	3520
1	56378	0.440125	3521
1	56394	0.44025	3522
1	56410	0.440375	3523
1	56426	0.4405	3524
1	56442	0.440625	3525
1	56458	0.44075	3526
1	56474	0.440875	3527
1	56490	0.441	3528
1	56506	0.441125	3529
1	56522	0.44125	3530
1	56538	0.441375	3531
1	56554	0.4415	3532
1	56570	0.441625	3533
1	56586	0.44175	3534
1	56602	0.441875	3535
1	56618	0.442	3536
1	56634	0.442125	3537
1	56650	0.44225	3538
1	56666	0.442375	3539
1	56682	0.4425	3540
1	56698	0.442625	3541
1	56714	0.44275	3542
1	56730	0.442875	3543
1	56746	0.443	3544
1	56762	0.443125	3545
1	56778	0.44325	3546
1	56794	0.443375	3547
1	56810	0.4435	3548
1	56826	0.443625	3549
1	56842	0.44375	3550
1	56858	0.443875	3551
1	56874	0.444	3552
1	56890	0.444125	3553
1	56906	0.44425	3554
1	56922	0.444375	3555
1	56938	0.4445	3556
1	56954	0.444625	3557
1	56970	0.44475	3558
1	56986	0.444875	3559
1	57002	0.445	3560
1	57018	0.445125	3561
1	57034	0.44525	3562
1	57050	0.445375	3563
1	57066	0.4455	3564
1	57082	0.445625	3565
1	57098	0.44575	3566
1	57114	0.445875	3567
1	57134	0.446	3568
1	57150	0.446125	3569
1	57166	0.44625	3570
1	57182	0.446375	3571
1	57198	0.4465	3572
1	57214	0.446625	3573
1	57230	0.44675	3574
1	57246	0.446875	3575
1	57262	0.447	3576
1	57278	0.447125	3577
1	57294	0.44725	3578
1	57310	0.447375	3579
1	57326	0.4475	3580
1	57342	0.447625	3581
1	57358	0.44775	3582
1	57374	0.447875	3583
1	57390	0.448	3584
1	57406	0.448125	3585
1	57422	0.44825	3586
1	57438	0.448375	3587
1	57454	0.4485	3588
1	57470	0.448625	3589
1	57486	0.44875	3590
1	57502	0.448875	3591
1	57518	0.449	3592
1	57534	0.449125	3593
1	57550	0.44925	3594
1	57566	0.449375	3595
1	57582	0.4495	3596
1	57598	0.449625	3597
1	57614	0.44975	3598
1	57630	0.449875	3599
1	57646	0.45	3600
1	57662	0.450125	3601
1	57678	0.45025	3602
1	57694	0.450375	3603
1	57710	0.4505	3604
1	57726	0.450625	3605
1	57742	0.45075	3606
1	57758	0.450875	3607
1	57774	0.451	3608
1	57790	0.451125	3609
1	57806	0.45125	3610
1	57822	0.451375	3611
1	57838	0.4515	3612
1	57854	0.451625	3613
1	57870	0.45175	3614
1	57886	0.451875	3615
1	57902	0.452	3616
1	57918	0.452125	3617
1	57934	0.45225	3618
1	57950	0.452375	3619
1	57966	0.4525	3620
1	57982	0.452625	3621
1	57998	0.45275	3622
1	58014	0.452875	3623
1	58030	0.453	3624
1	58046	0.453125	3625
1	58062	0.45325	3626
1	58078	0.453375	3627
1	58094	0.4535	3628
1	58110	0.453625	3629
1	58126	0.45375	3630
1	58142	0.453875	3631
1	58158	0.454	3632
1	58174	0.454125	3633
1	58190	0.45425	3634
1	58206	0.454375	3635
1	58222	0.4545	3636
1	58238	0.454625	3637
1	58254	0.45475	3638
1	58270	0.454875	3639
1	58286	0.455	3640
1	58302	0.455125	3641
1	58318	0.45525	3642
1	58334	0.455375	3643
1	58350	0.4555	3644
1	58366	0.455625	3645
1	58382	0.45575	3646
1	58398	0.455875	3647
1	58414	0.456	3648
1	58430	0.456125	3649
1	58446	0.45625	3650
1	58462	0.456375	3651
1	58478	0.4565	3652
1	58494	0.456625	3653
1	58510	0.45675	3654
1	58526	0.456875	3655
1	58542	0.457	3656
1	58558	0.457125	3657
1	58574	0.45725	3658
1	58590	0.457375	3659
1	58606	0.4575	3660
1	58622	0.457625	3661
1	58638	0.45775	3662
1	58654	0.457875	3663
1	58670	0.458	3664
1	58686	0.458125	3665
1	58702	0.45825	3666
1	58718	0.458375	3667
1	58734	0.4585	3668
1	58750	0.458625	3669
1	58766	0.45875	3670
1	58782	0.458875	3671
1	58798	0.459	3672
1	58814	0.459125	3673
1	58830	0.45925	3674
1	58846	0.459375	3675
1	58862	0.4595	3676
1	58878	0.459625	3677
1	58894	0.45975	3678
1	58910	0.459875	3679
1	58926	0.46	3680
1	58942	0.460125	3681
1	58958	0.46025	3682
1	58974	0.460375	3683
1	58990	0.4605	3684
1	59006	0.460625	3685
1	59022	0.46075	3686
1	59038	0.460875	3687
1	59054	0.461	3688
1	59070	0.461125	3689
1	59086	0.46125	3690
1	59102	0.461375	3691
1	59118	0.4615	3692
1	59134	0.461625	3693
1	59150	0.46175	3694
1	59166	0.461875	3695
1	59182	0.462	3696
1	59198	0.462125	3697
1	59214	0.46225	3698
1	59230	0.462375	3699
1	59246	0.4625	3700
1	59262	0.462625	3701
1	59278	0.46275	3702
1	59294	0.462875	3703
1	59310	0.463	3704
1	59326	0.463125	3705
1	59342	0.46325	3706
1	59358	0.463375	3707
1	59374	0.4635	3708
1	59390	0.463625	3709
1	59406	0.46375	3710
1	59422	0.463875	3711
1	59438	0.464	3712
1	59454	0.464125	3713
1	59470	0.46425	3714
1	59486	0.464375	3715
1	59502	0.4645	3716
1	59518	0.464625	3717
1	59534	0.46475	3718
1	59550	0.464875	3719
1	59566	0.465	3720
1	59582	0.465125	3721
1	59598	0.46525	3722
1	59614	0.465375	3723
1	59630	0.4655	3724
1	59646	0.465625	3725
1	59662	0.46575	3726
1	59678	0.465875	3727
1	59694	0.466	3728
1	59710	0.466125	3729
1	59726	0.46625	3730
1	59742	0.466375	3731
1	59758	0.4665	3732
1	59774	0.466625	3733
1	59790	0.46675	3734
1	59806	0.466875	3735
1	59822	0.467	3736
1	59838	0.467125	3737
1	59854	0.46725	3738
1	59870	0.467375	3739
1	59886	0.4675	3740
1	59902	0.467625	3741
1	59918	0.46775	3742
1	59934	0.467875	3743
1	59950	0.468	3744
1	59966	0.468125	3745
1	59982	0.46825	3746
1	59998	0.468375	3747
1	60014	0.4685	3748
1	60030	0.468625	3749
1	60046	0.46875	3750
1	60062	0.468875	3751
1	60078	0.469	3752
1	60094	0.469125	3753
1	60110	0.46925	3754
1	60126	0.469375	3755
1	60142	0.4695	3756
1	60158	0.469625	3757
1	60174	0.46975	3758
1	60190	0.469875	3759
1	60206	0.47	3760
1	60222	0.470125	3761
1	60238	0.47025	3762
1	60254	0.470375	3763
1	60270	0.4705	3764
1	60286	0.470625	3765
1	60302	0.47075	3766
1	60318	0.470875	3767
1	60334	0.471	3768
1	60350	0.471125	3769
1	60366	0.47125	3770
1	60382	0.471375	3771
1	60398	0.4715	3772
1	60414	0.471625	3773
1	60430	0.47175	3774
1	60446	0.471875	3775
1	60462	0.472	3776
1	60478	0.472125	3777
1	60494	0.47225	3778
1	60510	0.472375	3779
1	60526	0.4725	3780
1	60542	0.472625	3781
1	60558	0.47275	3782
1	60574	0.472875	3783
1	60590	0.473	3784
1	60606	0.473125	3785
1	60622	0.47325	3786
1	60638	0.473375	3787
1	60654	0.4735	3788
1	60670	0.473625	3789
1	60686	0.47375	3790
1	60702	0.473875	3791
1	60718	0.474	3792
1	60734	0.474125	3793
1	60750	0.47425	3794
1	60766	0.474375	3795
1	60782	0.4745	3796
1	60798	0.474625	3797
1	60814	0.47475	3798
1	60830	0.474875	3799
1	60846	0.475	3800
1	60862	0.475125	3801
1	60878	0.47525	3802
1	60894	0.475375	3803
1	60910	0.4755	3804
1	60926	0.475625	3805
1	60942	0.47575	3806
1	60958	0.475875	3807
1	60974	0.476	3808
1	60990	0.476125	3809
1	61006	0.47625	3810
1	61022	0.476375	3811
1	61038	0.4765	3812
1	61054	0.476625	3813
1	61070	0.47675	3814
1	61086	0.476875	3815
1	61102	0.477	3816
1	61118	0.477125	3817
1	61134	0.47725	3818
1	61150	0.477375	3819
1	61166	0.4775	3820
1	61182	0.477625	3821
1	61198	0.47775	3822
1	61214	0.477875	3823
1	61230	0.478	3824
1	61246	0.478125	3825
1	61262	0.47825	3826
1	61278	0.478375	3827
1	61294	0.4785	3828
1	61310	0.478625	3829
1	61326	0.47875	3830
1	61342	0.478875	3831
1	61358	0.479	3832
1	61374	0.479125	3833
1	61390	0.47925	3834
1	61406	0.479375	3835
1	61422	0.4795	3836
1	61438	0.479625	3837
1	61454	0.47975	3838
1	61470	0.479875	3839
1	61486	0.48	3840
1	61502	0.480125	3841
1	61518	0.48025	3842
1	61534	0.480375	3843
1	61550	0.4805	3844
1	61566	0.480625	3845
1	61582	0.48075	3846
1	61598	0.480875	3847
1	61614	0.481	3848
1	61630	0.481125	3849
1	61646	0.48125	3850
1	61662	0.481375	3851
1	61678	0.4815	3852
1	61694	0.481625	3853
1	61710	0.48175	3854
1	61726	0.481875	3855
1	61742	0.482	3856
1	61758	0.482125	3857
1	61774	0.48225	3858
1	61790	0.482375	3859
1	61806	0.4825	3860
1	61822	0.482625	3861
1	61838	0.48275	3862
1	61854	0.482875	3863
1	61870	0.483	3864
1	61890	0.483125	3865
1	61906	0.48325	3866
1	61922	0.483375	3867
1	61938	0.4835	3868
1	61954	0.483625	3869
1	61970	0.48375	3870
1	61986	0.483875	3871
1	62002	0.484	3872
1	62018	0.484125	3873
1	62034	0.48425	3874
1	62050	0.484375	3875
1	62066	0.4845	3876
1	62082	0.484625	3877
1	62098	0.48475	3878
1	62114	0.484875	3879
1	62130	0.485	3880
1	62146	0.485125	3881
1	62162	0.48525	3882
1	62178	0.485375	3883
1	62194	0.4855	3884
1	62210	0.485625	3885
1	62226	0.48575	3886
1	62242	0.485875	3887
1	62258	0.486	3888
1	62274	0.486125	3889
1	62290	0.48625	3890
1	62306	0.486375	3891
1	62322	0.4865	3892
1	62338	0.486625	3893
1	62354	0.48675	3894
1	62370	0.486875	3895
1	62386	0.487	3896
1	62402	0.487125	3897
1	62418	0.48725	3898
1	62434	0.487375	3899
1	62450	0.4875	3900
1	62466	0.487625	3901
1	62482	0.48775	3902
1	62498	0.487875	3903
1	62514	0.488	3904
1	62530	0.488125	3905
1	62546	0.48825	3906
1	62562	0.488375	3907
1	62578	0.4885	3908
1	62594	0.488625	3909
1	62610	0.48875	3910
1	62626	0.488875	3911
1	62642	0.489	3912
1	62658	0.489125	3913
1	62674	0.48925	3914
1	62690	0.489375	3915
1	62706	0.4895	3916
1	62722	0.489625	3917
1	62738	0.48975	3918
1	62754	0.489875	3919
1	62770	0.49	3920
1	62786	0.490125	3921
1	62802	0.49025	3922
1	62818	0.490375	3923
1	62834	0.4905	3924
1	62850	0.490625	3925
1	62866	0.49075	3926
1	62882	0.490875	3927
1	62898	0.491	3928
1	62914	0.491125	3929
1	62930	0.49125	3930
1	62946	0.491375	3931
1	62962	0.4915	3932
1	62978	0.491625	3933
1	62994	0.49175	3934
1	63010	0.491875	3935
1	63026	0.492	3936
1	63042	0.492125	3937
1	63058	0.49225	3938
1	63074	0.492375	3939
1	63090	0.4925	3940
1	63106	0.492625	3941
1	63122	0.49275	3942
1	63138	0.492875	3943
1	63154	0.493	3944
1	63170	0.493125	3945
1	63186	0.49325	3946
1	63202	0.493375	3947
1	63218	0.4935	3948
1	63234	0.493625	3949
1	63250	0.49375	3950
1	63266	0.493875	3951
1	63282	0.494	3952
1	63298	0.494125	3953
1	63314	0.49425	3954
1	63330	0.494375	3955
1	63346	0.4945	3956
1	63362	0.494625	3957
1	63378	0.49475	3958
1	63394	0.494875	3959
1	63410	0.495	3960
1	63426	0.495125	3961
1	63442	0.49525	3962
1	63458	0.495375	3963
1	63474	0.4955	3964
1	63490	0.495625	3965
1	63506	0.49575	3966
1	63522	0.495875	3967
1	63538	0.496	3968
1	63554	0.496125	3969
1	63570	0.49625	3970
1	63586	0.496375	3971
1	63602	0.4965	3972
1	63618	0.496625	3973
1	63634	0.49675	3974
1	63650	0.496875	3975
1	63666	0.497	3976
1	63682	0.497125	3977
1	63698	0.49725	3978
1	63714	0.497375	3979
1	63730	0.4975	3980
1	63746	0.497625	3981
1	63762	0.49775	3982
1	63778	0.497875	3983
1	63794	0.498	3984
1	63810	0.498125	3985
1	63826	0.49825	3986
1	63842	0.498375	3987
1	63858	0.4985	3988
1	63874	0.498625	3989
1	63890	0.49875	3990
1	63906	0.498875	3991
1	63922	0.499	3992
1	63938	0.499125	3993
1	63954	0.49925	3994
1	63970	0.499375	3995
1	63986	0.4995	3996
1	64002	0.499625	3997
1	64018	0.49975	3998
1	64034	0.499875	3999
1	64050	0.5	4000
1	64066	0.500125	4001
1	64082	0.50025	4002
1	64098	0.500375	4003
1	64114	0.5005	4004
1	64130	0.500625	4005
1	64146	0.50075	4006
1	64162	0.500875	4007
1	64178	0.501	4008
1	64194	0.501125	4009
1	64210	0.50125	4010
1	64226	0.501375	4011
1	64242	0.5015	4012
1	64258	0.501625	4013
1	64274	0.50175	4014
1	64290	0.501875	4015
1	64306	0.502	4016
1	64322	0.502125	4017
1	64338	0.50225	4018
1	64354	0.502375	4019
1	64370	0.5025	4020
1	64386	0.502625	4021
1	64402	0.50275	4022
1	64418	0.502875	4023
1	64434	0.503	4024
1	64450	0.503125	4025
1	64466	0.50325	4026
1	64482	0.503375	4027
1	64498	0.5035	4028
1	64514	0.503625	4029
1	64530	0.50375	4030
1	64546	0.503875	4031
1	64562	0.504	4032
1	64578	0.504125	4033
1	64594	0.50425	4034
1	64610	0.504375	4035
1	64626	0.5045	4036
1	64642	0.504625	4037
1	64658	0.50475	4038
1	64674	0.504875	4039
1	64690	0.505	4040
1	64706	0.505125	4041
1	64722	0.50525	4042
1	64738	0.505375	4043
1	64754	0.5055	4044
1	64770	0.505625	4045
1	64786	0.50575	4046
1	64802	0.505875	4047
1	64818	0.506	4048
1	64834	0.506125	4049
1	64850	0.50625	4050
1	64866	0.506375	4051
1	64882	0.5065	4052
1	64898	0.506625	4053
1	64914	0.50675	4054
1	64930	0.506875	4055
1	64946	0.507	4056
1	64962	0.507125	4057
1	64978	0.50725	4058
1	64994	0.507375	4059
1	65010	0.5075	4060
1	65026	0.507625	4061
1	65042	0.50775	4062
1	65058	0.507875	4063
1	65074	0.508	4064
1	65090	0.508125	4065
1	65106	0.50825	4066
1	65122	0.508375	4067
1	65138	0.5085	4068
1	65154	0.508625	4069
1	65170	0.50875	4070
1	65186	0.508875	4071
1	65202	0.509	4072
1	65218	0.509125	4073
1	65234	0.50925	4074
1	65250	0.509375	4075
1	65266	0.5095	4076
1	65282	0.509625	4077
1	65298	0.50975	4078
1	65314	0.509875	4079
1	65330	0.51	4080
1	65346	0.510125	4081
1	65362	0.51025	4082
1	65378	0.510375	4083
1	65394	0.5105	4084
1	65410	0.510625	4085
1	65426	0.51075	4086
1	65442	0.510875	4087
1	65458	0.511	4088
1	65474	0.511125	4089
1	65490	0.51125	4090
1	65506	0.511375	4091
1	65522	0.5115	4092
1	65538	0.511625	4093
1	65554	0.51175	4094
1	65570	0.511875	4095
1	65586	0.512	4096
1	65602	0.512125	4097
1	65618	0.51225	4098
1	65634	0.512375	4099
1	65650	0.5125	4100
1	65666	0.512625	4101
1	65682	0.51275	4102
1	65698	0.512875	4103
1	65714	0.513	4104
1	65730	0.513125	4105
1	65746	0.51325	4106
1	65762	0.513375	4107
1	65778	0.5135	4108
1	65794	0.513625	4109
1	65810	0.51375	4110
1	65826	0.513875	4111
1	65842	0.514	4112
1	65858	0.514125	4113
1	65874	0.51425	4114
1	65890	0.514375	4115
1	65906	0.5145	4116
1	65922	0.514625	4117
1	65938	0.51475	4118
1	65954	0.514875	4119
1	65970	0.515	4120
1	65986	0.515125	4121
1	66002	0.51525	4122
1	66018	0.515375	4123
1	66034	0.5155	4124
1	66050	0.515625	4125
1	66066	0.51575	4126
1	66082	0.515875	4127
1	66098	0.516	4128
1	66114	0.516125	4129
1	66130	0.51625	4130
1	66146	0.516375	4131
1	66162	0.5165	4132
1	66178	0.516625	4133
1	66194	0.51675	4134
1	66210	0.516875	4135
1	66226	0.517	4136
1	66242	0.517125	4137
1	66258	0.51725	4138
1	66274	0.517375	4139
1	66290	0.5175	4140
1	66306	0.517625	4141
1	66322	0.51775	4142
1	66338	0.517875	4143
1	66354	0.518	4144
1	66370	0.518125	4145
1	66386	0.51825	4146
1	66402	0.518375	4147
1	66418	0.5185	4148
1	66434	0.518625	4149
1	66450	0.51875	4150
1	66466	0.518875	4151
1	66482	0.519	4152
1	66498	0.519125	4153
1	66514	0.51925	4154
1	66530	0.519375	4155
1	66546	0.5195	4156
1	66562	0.519625	4157
1	66578	0.51975	4158
1	66594	0.519875	4159
1	66610	0.52	4160
1	66626	0.520125	4161
1	66642	0.52025	4162
1	66662	0.520375	4163
1	66678	0.5205	4164
1	66694	0.520625	4165
1	66710	0.52075	4166
1	66726	0.520875	4167
1	66742	0.521	4168
1	66758	0.521125	4169
1	66774	0.52125	4170
1	66790	0.521375	4171
1	66806	0.5215	4172
1	66822	0.521625	4173
1	66838	0.52175	4174
1	66854	0.521875	4175
1	66870	0.522	4176
1	66886	0.522125	4177
1	66902	0.52225	4178
1	66918	0.522375	4179
1	66934	0.5225	4180
1	66950	0.522625	4181
1	66966	0.52275	4182
1	66982	0.522875	4183
1	66998	0.523	4184
1	67014	0.523125	4185
1	67030	0.52325	4186
1	67046	0.523375	4187
1	67062	0.5235	4188
1	67078	0.523625	4189
1	67094	0.52375	4190
1	67110	0.523875	4191
1	67126	0.524	4192
1	67142	0.524125	4193
1	67158	0.52425	4194
1	67174	0.524375	4195
1	67190	0.5245	4196
1	67206	0.524625	4197
1	67222	0.52475	4198
1	67238	0.524875	4199
1	67254	0.525	4200
1	67270	0.525125	4201
1	67286	0.52525	4202
1	67302	0.525375	4203
1	67318	0.5255	4204
1	67334	0.525625	4205
1	67350	0.52575	4206
1	67366	0.525875	4207
1	67382	0.526	4208
1	67398	0.526125	4209
1	67414	0.52625	4210
1	67430	0.526375	4211
1	67446	0.5265	4212
1	67462	0.526625	4213
1	67478	0.52675	4214
1	67494	0.526875	4215
1	67510	0.527	4216
1	67526	0.527125	4217
1	67542	0.52725	4218
1	67558	0.527375	4219
1	67574	0.5275	4220
1	67590	0.527625	4221
1	67606	0.52775	4222
1	67622	0.527875	4223
1	67638	0.528	4224
1	67654	0.528125	4225
1	67670	0.52825	4226
1	67686	0.528375	4227
1	67702	0.5285	4228
1	67718	0.528625	4229
1	67734	0.52875	4230
1	67750	0.528875	4231
1	67766	0.529	4232
1	67782	0.529125	4233
1	67798	0.52925	4234
1	67814	0.529375	4235
1	67830	0.5295	4236
1	67846	0.529625	4237
1	67862	0.52975	4238
1	67878	0.529875	4239
1	67894	0.53	4240
1	67910	0.530125	4241
1	67926	0.53025	4242
1	67942	0.530375	4243
1	67958	0.5305	4244
1	67974	0.530625	4245
1	67990	0.53075	4246
1	68006	0.530875	4247
1	68022	0.531	4248
1	68038	0.531125	4249
1	68054	0.53125	4250
1	68070	0.531375	4251
1	68086	0.5315	4252
1	68102	0.531625	4253
1	68118	0.53175	4254
1	68134	0.531875	4255
1	68150	0.532	4256
1	68166	0.532125	4257
1	68182	0.53225	4258
1	68198	0.532375	4259
1	68214	0.5325	4260
1	68230	0.532625	4261
1	68246	0.53275	4262
1	68262	0.532875	4263
1	68278	0.533	4264
1	68294	0.533125	4265
1	68310	0.53325	4266
1	68326	0.533375	4267
1	68342	0.5335	4268
1	68358	0.533625	4269
1	68374	0.53375	4270
1	68390	0.533875	4271
1	68406	0.534	4272
1	68422	0.534125	4273
1	68438	0.53425	4274
1	68454	0.534375	4275
1	68470	0.5345	4276
1	68486	0.534625	4277
1	68502	0.53475	4278
1	68518	0.534875	4279
1	68534	0.535	4280
1	68550	0.535125	4281
1	68566	0.53525	4282
1	68582	0.535375	4283
1	68598	0.5355	4284
1	68614	0.535625	4285
1	68630	0.53575	4286
1	68646	0.535875	4287
1	68662	0.536	4288
1	68678	0.536125	4289
1	68694	0.53625	4290
1	68710	0.536375	4291
1	68726	0.5365	4292
1	68742	0.536625	4293
1	68758	0.53675	4294
1	68774	0.536875	4295
1	68790	0.537	4296
1	68806	0.537125	4297
1	68822	0.53725	4298
1	68838	0.537375	4299
1	68854	0.5375	4300
1	68870	0.537625	4301
1	68886	0.53775	4302
1	68902	0.537875	4303
1	68918	0.538	4304
1	68934	0.538125	4305
1	68950	0.53825	4306
1	68966	0.538375	4307
1	68982	0.5385	4308
1	68998	0.538625	4309
1	69014	0.53875	4310
1	69030	0.538875	4311
1	69046	0.539	4312
1	69062	0.539125	4313
1	69078	0.53925	4314
1	69094	0.539375	4315
1	69110	0.5395	4316
1	69126	0.539625	4317
1	69142	0.53975	4318
1	69158	0.539875	4319
1	69174	0.54	4320
1	69190	0.540125	4321
1	69206	0.54025	4322
1	69222	0.540375	4323
1	69238	0.5405	4324
1	69254	0.540625	4325
1	69270	0.54075	4326
1	69286	0.540875	4327
1	69302	0.541	4328
1	69318	0.541125	4329
1	69334	0.54125	4330
1	69350	0.541375	4331
1	69366	0.5415	4332
1	69382	0.541625	4333
1	69398	0.54175	4334
1	69414	0.541875	4335
1	69430	0.542	4336
1	69446	0.542125	4337
1	69462	0.54225	4338
1	69478	0.542375	4339
1	69494	0.5425	4340
1	69510	0.542625	4341
1	69526	0.54275	4342
1	69542	0.542875	4343
1	69558	0.543	4344
1	69574	0.543125	4345
1	69590	0.54325	4346
1	69606	0.543375	4347
1	69622	0.5435	4348
1	69638	0.543625	4349
1	69654	0.54375	4350
1	69670	0.543875	4351
1	69686	0.544	4352
1	69702	0.544125	4353
1	69718	0.54425	4354
1	69734	0.544375	4355
1	69750	0.5445	4356
1	69766	0.544625	4357
1	69782	0.54475	4358
1	69798	0.544875	4359
1	69814	0.545	4360
1	69830	0.545125	4361
1	69846	0.54525	4362
1	69862	0.545375	4363
1	69878	0.5455	4364
1	69894	0.545625	4365
1	69910	0.54575	4366
1	69926	0.545875	4367
1	69942	0.546	4368
1	69958	0.546125	4369
1	69974	0.54625	4370
1	69990	0.546375	4371
1	70006	0.5465	4372
1	70022	0.546625	4373
1	70038	0.54675	4374
1	70054	0.546875	4375
1	70070	0.547	4376
1	70086	0.547125	4377
1	70102	0.54725	4378
1	70118	0.547375	4379
1	70134	0.5475	4380
1	70150	0.547625	4381
1	70166	0.54775	4382
1	70182	0.547875	4383
1	70198	0.548	4384
1	70214	0.548125	4385
1	70230	0.54825	4386
1	70246	0.548375	4387
1	70262	0.5485	4388
1	70278	0.548625	4389
1	70294	0.54875	4390
1	70310	0.548875	4391
1	70326	0.549	4392
1	70342	0.549125	4393
1	70358	0.54925	4394
1	70374	0.549375	4395
1	70390	0.5495	4396
1	70406	0.549625	4397
1	70422	0.54975	4398
1	70438	0.549875	4399
1	70454	0.55	4400
1	70470	0.550125	4401
1	70486	0.55025	4402
1	70502	0.550375	4403
1	70518	0.5505	4404
1	70534	0.550625	4405
1	70550	0.55075	4406
1	70566	0.550875	4407
1	70582	0.551	4408
1	70598	0.551125	4409
1	70614	0.55125	4410
1	70630	0.551375	4411
1	70646	0.5515	4412
1	70662	0.551625	4413
1	70678	0.55175	4414
1	70694	0.551875	4415
1	70710	0.552	4416
1	70726	0.552125	4417
1	70742	0.55225	4418
1	70758	0.552375	4419
1	70774	0.5525	4420
1	70790	0.552625	4421
1	70806	0.55275	4422
1	70822	0.552875	4423
1	70838	0.553	4424
1	70854	0.553125	4425
1	70870	0.55325	4426
1	70886	0.553375	4427
1	70902	0.5535	4428
1	70918	0.553625	4429
1	70934	0.55375	4430
1	70950	0.553875	4431
1	70966	0.554	4432
1	70982	0.554125	4433
1	70998	0.55425	4434
1	71014	0.554375	4435
1	71030	0.5545	4436
1	71046	0.554625	4437
1	71062	0.55475	4438
1	71078	0.554875	4439
1	71094	0.555	4440
1	71110	0.555125	4441
1	71126	0.55525	4442
1	71142	0.555375	4443
1	71158	0.5555	4444
1	71174	0.555625	4445
1	71190	0.55575	4446
1	71206	0.555875	4447
1	71222	0.556	4448
1	71238	0.556125	4449
1	71254	0.55625	4450
1	71270	0.556375	4451
1	71286	0.5565	4452
1	71302	0.556625	4453
1	71318	0.55675	4454
1	71334	0.556875	4455
1	71350	0.557	4456
1	71366	0.557125	4457
1	71382	0.55725	4458
1	71398	0.557375	4459
1	71418	0.5575	4460
1	71434	0.557625	4461
1	71450	0.55775	4462
1	71466	0.557875	4463
1	71482	0.558	4464
1	71498	0.558125	4465
1	71514	0.55825	4466
1	71530	0.558375	4467
1	71546	0.5585	4468
1	71562	0.558625	4469
1	71578	0.55875	4470
1	71594	0.558875	4471
1	71610	0.559	4472
1	71626	0.559125	4473
1	71642	0.55925	4474
1	71658	0.559375	4475
1	71674	0.5595	4476
1	71690	0.559625	4477
1	71706	0.55975	4478
1	71722	0.559875	4479
1	71738	0.56	4480
1	71754	0.560125	4481
1	71770	0.56025	4482
1	71786	0.560375	4483
1	71802	0.5605	4484
1	71818	0.560625	4485
1	71834	0.56075	4486
1	71850	0.560875	4487
1	71866	0.561	4488
1	71882	0.561125	4489
1	71898	0.56125	4490
1	71914	0.561375	4491
1	71930	0.5615	4492
1	71946	0.561625	4493
1	71962	0.56175	4494
1	71978	0.561875	4495
1	71994	0.562	4496
1	72010	0.562125	4497
1	72026	0.56225	4498
1	72042	0.562375	4499
1	72058	0.5625	4500
1	72074	0.562625	4501
1	72090	0.56275	4502
1	72106	0.562875	4503
1	72122	0.563	4504
1	72138	0.563125	4505
1	72154	0.56325	4506
1	72170	0.563375	4507
1	72186	0.5635	4508
1	72202	0.563625	4509
1	72218	0.56375	4510
1	72234	0.563875	4511
1	72250	0.564	4512
1	72266	0.564125	4513
1	72282	0.56425	4514
1	72298	0.564375	4515
1	72314	0.5645	4516
1	72330	0.564625	4517
1	72346	0.56475	4518
1	72362	0.564875	4519
1	72378	0.565	4520
1	72394	0.565125	4521
1	72410	0.56525	4522
1	72426	0.565375	4523
1	72442	0.5655	4524
1	72458	0.565625	4525
1	72474	0.56575	4526
1	72490	0.565875	4527
1	72506	0.566	4528
1	72522	0.566125	4529
1	72538	0.56625	4530
1	72554	0.566375	4531
1	72570	0.5665	4532
1	72586	0.566625	4533
1	72602	0.56675	4534
1	72618	0.566875	4535
1	72634	0.567	4536
1	72650	0.567125	4537
1	72666	0.56725	4538
1	72682	0.567375	4539
1	72698	0.5675	4540
1	72714	0.567625	4541
1	72730	0.56775	4542
1	72746	0.567875	4543
1	72762	0.568	4544
1	72778	0.568125	4545
1	72794	0.56825	4546
1	72810	0.568375	4547
1	72826	0.5685	4548
1	72842	0.568625	4549
1	72858	0.56875	4550
1	72874	0.568875	4551
1	72890	0.569	4552
1	72906	0.569125	4553
1	72922	0.56925	4554
1	72938	0.569375	4555
1	72954	0.5695	4556
1	72970	0.569625	4557
1	72986	0.56975	4558
1	73002	0.569875	4559
1	73018	0.57	4560
1	73034	0.570125	4561
1	73050	0.57025	4562
1	73066	0.570375	4563
1	73082	0.5705	4564
1	73098	0.570625	4565
1	73114	0.57075	4566
1	73130	0.570875	4567
1	73146	0.571	4568
1	73162	0.571125	4569
1	73178	0.57125	4570
1	73194	0.571375	4571
1	73210	0.5715	4572
1	73226	0.571625	4573
1	73242	0.57175	4574
1	73258	0.571875	4575
1	73274	0.572	4576
1	73290	0.572125	4577
1	73306	0.57225	4578
1	73322	0.572375	4579
1	73338	0.5725	4580
1	73354	0.572625	4581
1	73370	0.57275	4582
1	73386	0.572875	4583
1	73402	0.573	4584
1	73418	0.573125	4585
1	73434	0.57325	4586
1	73450	0.573375	4587
1	73466	0.5735	4588
1	73482	0.573625	4589
1	73498	0.57375	4590
1	73514	0.573875	4591
1	73530	0.574	4592
1	73546	0.574125	4593
1	73562	0.57425	4594
1	73578	0.574375	4595
1	73594	0.5745	4596
1	73610	0.574625	4597
1	73626	0.57475	4598
1	73642	0.574875	4599
1	73658	0.575	4600
1	73674	0.575125	4601
1	73690	0.57525	4602
1	73706	0.575375	4603
1	73722	0.5755	4604
1	73738	0.575625	4605
1	73754	0.57575	4606
1	73770	0.575875	4607
1	73786	0.576	4608
1	73802	0.576125	4609
1	73818	0.57625	4610
1	73834	0.576375	4611
1	73850	0.5765	4612
1	73866	0.576625	4613
1	73882	0.57675	4614
1	73898	0.576875	4615
1	73914	0.577	4616
1	73930	0.577125	4617
1	73946	0.57725	4618
1	73962	0.577375	4619
1	73978	0.5775	4620
1	73994	0.577625	4621
1	74010	0.57775	4622
1	74026	0.577875	4623
1	74042	0.578	4624
1	74058	0.578125	4625
1	74074	0.57825	4626
1	74090	0.578375	4627
1	74106	0.5785	4628
1	74122	0.578625	4629
1	74138	0.57875	4630
1	74154	0.578875	4631
1	74170	0.579	4632
1	74186	0.579125	4633
1	74202	0.57925	4634
1	74218	0.579375	4635
1	74234	0.5795	4636
1	74250	0.579625	4637
1	74266	0.57975	4638
1	74282	0.579875	4639
1	74298	0.58	4640
1	74314	0.580125	4641
1	74330	0.58025	4642
1	74346	0.580375	4643
1	74362	0.5805	4644
1	74378	0.580625	4645
1	74394	0.58075	4646
1	74410	0.580875	4647
1	74426	0.581	4648
1	74442	0.581125	4649
1	74458	0.58125	4650
1	74474	0.581375	4651
1	74490	0.5815	4652
1	74506	0.581625	4653
1	74522	0.58175	4654
1	74538	0.581875	4655
1	74554	0.582	4656
1	74570	0.582125	4657
1	74586	0.58225	4658
1	74602	0.582375	4659
1	74618	0.5825	4660
1	74634	0.582625	4661
1	74650	0.58275	4662
1	74666	0.582875	4663
1	74682	0.583	4664
1	74698	0.583125	4665
1	74714	0.58325	4666
1	74730	0.583375	4667
1	74746	0.5835	4668
1	74762	0.583625	4669
1	74778	0.58375	4670
1	74794	0.583875	4671
1	74810	0.584	4672
1	74826	0.584125	4673
1	74842	0.58425	4674
1	74858	0.584375	4675
1	74874	0.5845	4676
1	74890	0.584625	4677
1	74906	0.58475	4678
1	74922	0.584875	4679
1	74938	0.585	4680
1	74954	0.585125	4681
1	74970	0.58525	4682
1	74986	0.585375	4683
1	75002	0.5855	4684
1	75018	0.585625	4685
1	75034	0.58575	4686
1	75050	0.585875	4687
1	75066	0.586	4688
1	75082	0.586125	4689
1	75098	0.58625	4690
1	75114	0.586375	4691
1	75130	0.5865	4692
1	75146	0.586625	4693
1	75162	0.58675	4694
1	75178	0.586875	4695
1	75194	0.587	4696
1	75210	0.587125	4697
1	75226	0.58725	4698
1	75242	0.587375	4699
1	75258	0.5875	4700
1	75274	0.587625	4701
1	75290	0.58775	4702
1	75306	0.587875	4703
1	75322	0.588	4704
1	75338	0.588125	4705
1	75354	0.58825	4706
1	75370	0.588375	4707
1	75386	0.5885	4708
1	75402	0.588625	4709
1	75418	0.58875	4710
1	75434	0.588875	4711
1	75450	0.589	4712
1	75466	0.589125	4713
1	75482	0.58925	4714
1	75498	0.589375	4715
1	75514	0.5895	4716
1	75530	0.589625	4717
1	75546	0.58975	4718
1	75562	0.589875	4719
1	75578	0.59	4720
1	75594	0.590125	4721
1	75610	0.59025	4722
1	75626	0.590375	4723
1	75642	0.5905	4724
1	75658	0.590625	4725
1	75674	0.59075	4726
1	75690	0.590875	4727
1	75706	0.591	4728
1	75722	0.591125	4729
1	75738	0.59125	4730
1	75754	0.591375	4731
1	75770	0.5915	4732
1	75786	0.591625	4733
1	75802	0.59175	4734
1	75818	0.591875	4735
1	75834	0.592	4736
1	75850	0.592125	4737
1	75866	0.59225	4738
1	75882	0.592375	4739
1	75898	0.5925	4740
1	75914	0.592625	4741
1	75930	0.59275	4742
1	75946	0.592875	4743
1	75962	0.593	4744
1	75978	0.593125	4745
1	75994	0.59325	4746
1	76010	0.593375	4747
1	76026	0.5935	4748
1	76042	0.593625	4749
1	76058	0.59375	4750
1	76074	0.593875	4751
1	76090	0.594	4752
1	76106	0.594125	4753
1	76122	0.59425	4754
1	76138	0.594375	4755
1	76154	0.5945	4756
1	76174	0.594625	4757
1	76190	0.59475	4758
1	76206	0.594875	4759
1	76222	0.595	4760
1	76238	0.595125	4761
1	76254	0.59525	4762
1	76270	0.595375	4763
1	76286	0.5955	4764
1	76302	0.595625	4765
1	76318	0.59575	4766
1	76334	0.595875	4767
1	76350	0.596	4768
1	76366	0.596125	4769
1	76382	0.59625	4770
1	76398	0.596375	4771
1	76414	0.5965	4772
1	76430	0.596625	4773
1	76446	0.59675	4774
1	76462	0.596875	4775
1	76478	0.597	4776
1	76494	0.597125	4777
1	76510	0.59725	4778
1	76526	0.597375	4779
1	76542	0.5975	4780
1	76558	0.597625	4781
1	76574	0.59775	4782
1	76590	0.597875	4783
1	76606	0.598	4784
1	76622	0.598125	4785
1	76638	0.59825	4786
1	76654	0.598375	4787
1	76670	0.5985	4788
1	76686	0.598625	4789
1	76702	0.59875	4790
1	76718	0.598875	4791
1	76734	0.599	4792
1	76750	0.599125	4793
1	76766	0.59925	4794
1	76782	0.599375	4795
1	76798	0.5995	4796
1	76814	0.599625	4797
1	76830	0.59975	4798
1	76846	0.599875	4799
1	76862	0.6	4800
1	76878	0.600125	4801
1	76894	0.60025	4802
1	76910	0.600375	4803
1	76926	0.6005	4804
1	76942	0.600625	4805
1	76958	0.60075	4806
1	76974	0.600875	4807
1	76990	0.601	4808
1	77006	0.601125	4809
1	77022	0.60125	4810
1	77038	0.601375	4811
1	77054	0.6015	4812
1	77070	0.601625	4813
1	77086	0.60175	4814
1	77102	0.601875	4815
1	77118	0.602	4816
1	77134	0.602125	4817
1	77150	0.60225	4818
1	77166	0.602375	4819
1	77182	0.6025	4820
1	77198	0.602625	4821
1	77214	0.60275	4822
1	77230	0.602875	4823
1	77246	0.603	4824
1	77262	0.603125	4825
1	77278	0.60325	4826
1	77294	0.603375	4827
1	77310	0.6035	4828
1	77326	0.603625	4829
1	77342	0.60375	4830
1	77358	0.603875	4831
1	77374	0.604	4832
1	77390	0.604125	4833
1	77406	0.60425	4834
1	77422	0.604375	4835
1	77438	0.6045	4836
1	77454	0.604625	4837
1	77470	0.60475	4838
1	77486	0.604875	4839
1	77502	0.605	4840
1	77518	0.605125	4841
1	77534	0.60525	4842
1	77550	0.605375	4843
1	77566	0.6055	4844
1	77582	0.605625	4845
1	77598	0.60575	4846
1	77614	0.605875	4847
1	77630	0.606	4848
1	77646	0.606125	4849
1	77662	0.60625	4850
1	77678	0.606375	4851
1	77694	0.6065	4852
1	77710	0.606625	4853
1	77726	0.60675	4854
1	77742	0.606875	4855
1	77758	0.607	4856
1	77774	0.607125	4857
1	77790	0.60725	4858
1	77806	0.607375	4859
1	77822	0.6075	4860
1	77838	0.607625	4861
1	77854	0.60775	4862
1	77870	0.607875	4863
1	77886	0.608	4864
1	77902	0.608125	4865
1	77918	0.60825	4866
1	77934	0.608375	4867
1	77950	0.6085	4868
1	77966	0.608625	4869
1	77982	0.60875	4870
1	77998	0.608875	4871
1	78014	0.609	4872
1	78030	0.609125	4873
1	78046	0.60925	4874
1	78062	0.609375	4875
1	78078	0.6095	4876
1	78094	0.609625	4877
1	78110	0.60975	4878
1	78126	0.609875	4879
1	78142	0.61	4880
1	78158	0.610125	4881
1	78174	0.61025	4882
1	78190	0.610375	4883
1	78206	0.6105	4884
1	78222	0.610625	4885
1	78238	0.61075	4886
1	78254	0.610875	4887
1	78270	0.611	4888
1	78286	0.611125	4889
1	78302	0.61125	4890
1	78318	0.611375	4891
1	78334	0.6115	4892
1	78350	0.611625	4893
1	78366	0.61175	4894
1	78382	0.611875	4895
1	78398	0.612	4896
1	78414	0.612125	4897
1	78430	0.61225	4898
1	78446	0.612375	4899
1	78462	0.6125	4900
1	78478	0.612625	4901
1	78494	0.61275	4902
1	78510	0.612875	4903
1	78526	0.613	4904
1	78542	0.613125	4905
1	78558	0.61325	4906
1	78574	0.613375	4907
1	78590	0.6135	4908
1	78606	0.613625	4909
1	78622	0.61375	4910
1	78638	0.613875	4911
1	78654	0.614	4912
1	78670	0.614125	4913
1	78686	0.61425	4914
1	78702	0.614375	4915
1	78718	0.6145	4916
1	78734	0.614625	4917
1	78750	0.61475	4918
1	78766	0.614875	4919
1	78782	0.615	4920
1	78798	0.615125	4921
1	78814	0.61525	4922
1	78830	0.615375	4923
1	78846	0.6155	4924
1	78862	0.615625	4925
1	78878	0.61575	4926
1	78894	0.615875	4927
1	78910	0.616	4928
1	78926	0.616125	4929
1	78942	0.61625	4930
1	78958	0.616375	4931
1	78974	0.6165	4932
1	78990	0.616625	4933
1	79006	0.61675	4934
1	79022	0.616875	4935
1	79038	0.617	4936
1	79054	0.617125	4937
1	79070	0.61725	4938
1	79086	0.617375	4939
1	79102	0.6175	4940
1	79118	0.617625	4941
1	79134	0.61775	4942
1	79150	0.617875	4943
1	79166	0.618	4944
1	79182	0.618125	4945
1	79198	0.61825	4946
1	79214	0.618375	4947
1	79230	0.6185	4948
1	79246	0.618625	4949
1	79262	0.61875	4950
1	79278	0.618875	4951
1	79294	0.619	4952
1	79310	0.619125	4953
1	79326	0.61925	4954
1	79342	0.619375	4955
1	79358	0.6195	4956
1	79374	0.619625	4957
1	79390	0.61975	4958
1	79406	0.619875	4959
1	79422	0.62	4960
1	79438	0.620125	4961
1	79454	0.62025	4962
1	79470	0.620375	4963
1	79486	0.6205	4964
1	79502	0.620625	4965
1	79518	0.62075	4966
1	79534	0.620875	4967
1	79550	0.621	4968
1	79566	0.621125	4969
1	79582	0.62125	4970
1	79598	0.621375	4971
1	79614	0.6215	4972
1	79630	0.621625	4973
1	79646	0.62175	4974
1	79662	0.621875	4975
1	79678	0.622	4976
1	79694	0.622125	4977
1	79710	0.62225	4978
1	79726	0.622375	4979
1	79742	0.6225	4980
1	79758	0.622625	4981
1	79774	0.62275	4982
1	79790	0.622875	4983
1	79806	0.623	4984
1	79822	0.623125	4985
1	79838	0.62325	4986
1	79854	0.623375	4987
1	79870	0.6235	4988
1	79886	0.623625	4989
1	79902	0.62375	4990
1	79918	0.623875	4991
1	79934	0.624	4992
1	79950	0.624125	4993
1	79966	0.62425	4994
1	79982	0.624375	4995
1	79998	0.6245	4996
1	80014	0.624625	4997
1	80030	0.62475	4998
1	80046	0.624875	4999
1	80062	0.625	5000
1	80078	0.625125	5001
1	80094	0.62525	5002
1	80110	0.625375	5003
1	80126	0.6255	5004
1	80142	0.625625	5005
1	80158	0.62575	5006
1	80174	0.625875	5007
1	80190	0.626	5008
1	80206	0.626125	5009
1	80222	0.62625	5010
1	80238	0.626375	5011
1	80254	0.6265	5012
1	80270	0.626625	5013
1	80286	0.62675	5014
1	80302	0.626875	5015
1	80318	0.627	5016
1	80334	0.627125	5017
1	80350	0.62725	5018
1	80366	0.627375	5019
1	80382	0.6275	5020
1	80398	0.627625	5021
1	80414	0.62775	5022
1	80430	0.627875	5023
1	80446	0.628	5024
1	80462	0.628125	5025
1	80478	0.62825	5026
1	80494	0.628375	5027
1	80510	0.6285	5028
1	80526	0.628625	5029
1	80542	0.62875	5030
1	80558	0.628875	5031
1	80574	0.629	5032
1	80590	0.629125	5033
1	80606	0.62925	5034
1	80622	0.629375	5035
1	80638	0.6295	5036
1	80654	0.629625	5037
1	80670	0.62975	5038
1	80686	0.629875	5039
1	80702	0.63	5040
1	80718	0.630125	5041
1	80734	0.63025	5042
1	80750	0.630375	5043
1	80766	0.6305	5044
1	80782	0.630625	5045
1	80798	0.63075	5046
1	80814	0.630875	5047
1	80830	0.631	5048
1	80846	0.631125	5049
1	80862	0.63125	5050
1	80878	0.631375	5051
1	80894	0.6315	5052
1	80910	0.631625	5053
1	80930	0.63175	5054
1	80946	0.631875	5055
1	80962	0.632	5056
1	80978	0.632125	5057
1	80994	0.63225	5058
1	81010	0.632375	5059
1	81026	0.6325	5060
1	81042	0.632625	5061
1	81058	0.63275	5062
1	81074	0.632875	5063
1	81090	0.633	5064
1	81106	0.633125	5065
1	81122	0.63325	5066
1	81138	0.633375	5067
1	81154	0.6335	5068
1	81170	0.633625	5069
1	81186	0.63375	5070
1	81202	0.633875	5071
1	81218	0.634	5072
1	81234	0.634125	5073
1	81250	0.63425	5074
1	81266	0.634375	5075
1	81282	0.6345	5076
1	81298	0.634625	5077
1	81314	0.63475	5078
1	81330	0.634875	5079
1	81346	0.635	5080
1	81362	0.635125	5081
1	81378	0.63525	5082
1	81394	0.635375	5083
1	81410	0.6355	5084
1	81426	0.635625	5085
1	81442	0.63575	5086
1	81458	0.635875	5087
1	81474	0.636	5088
1	81490	0.636125	5089
1	81506	0.63625	5090
1	81522	0.636375	5091
1	81538	0.6365	5092
1	81554	0.636625	5093
1	81570	0.63675	5094
1	81586	0.636875	5095
1	81602	0.637	5096
1	81618	0.637125	5097
1	81634	0.63725	5098
1	81650	0.637375	5099
1	81666	0.6375	5100
1	81682	0.637625	5101
1	81698	0.63775	5102
1	81714	0.637875	5103
1	81730	0.638	5104
1	81746	0.638125	5105
1	81762	0.63825	5106
1	81778	0.638375	5107
1	81794	0.6385	5108
1	81810	0.638625	5109
1	81826	0.63875	5110
1	81842	0.638875	5111
1	81858	0.639	5112
1	81874	0.639125	5113
1	81890	0.63925	5114
1	81906	0.639375	5115
1	81922	0.6395	5116
1	81938	0.639625	5117
1	81954	0.63975	5118
1	81970	0.639875	5119
1	81986	0.64	5120
1	82002	0.640125	5121
1	82018	0.64025	5122
1	82034	0.640375	5123
1	82050	0.6405	5124
1	82066	0.640625	5125
1	82082	0.64075	5126
1	82098	0.640875	5127
1	82114	0.641	5128
1	82130	0.641125	5129
1	82146	0.64125	5130
1	82162	0.641375	5131
1	82178	0.6415	5132
1	82194	0.641625	5133
1	82210	0.64175	5134
1	82226	0.641875	5135
1	82242	0.642	5136
1	82258	0.642125	5137
1	82274	0.64225	5138
1	82290	0.642375	5139
1	82306	0.6425	5140
1	82322	0.642625	5141
1	82338	0.64275	5142
1	82354	0.642875	5143
1	82370	0.643	5144
1	82386	0.643125	5145
1	82402	0.64325	5146
1	82418	0.643375	5147
1	82434	0.6435	5148
1	82450	0.643625	5149
1	82466	0.64375	5150
1	82482	0.643875	5151
1	82498	0.644	5152
1	82514	0.644125	5153
1	82530	0.64425	5154
1	82546	0.644375	5155
1	82562	0.6445	5156
1	82578	0.644625	5157
1	82594	0.64475	5158
1	82610	0.644875	5159
1	82626	0.645	5160
1	82642	0.645125	5161
1	82658	0.64525	5162
1	82674	0.645375	5163
1	82690	0.6455	5164
1	82706	0.645625	5165
1	82722	0.64575	5166
1	82738	0.645875	5167
1	82754	0.646	5168
1	82770	0.646125	5169
1	82786	0.64625	5170
1	82802	0.646375	5171
1	82818	0.6465	5172
1	82834	0.646625	5173
1	82850	0.64675	5174
1	82866	0.646875	5175
1	82882	0.647	5176
1	82898	0.647125	5177
1	82914	0.64725	5178
1	82930	0.647375	5179
1	82946	0.6475	5180
1	82962	0.647625	5181
1	82978	0.64775	5182
1	82994	0.647875	5183
1	83010	0.648	5184
1	83026	0.648125	5185
1	83042	0.64825	5186
1	83058	0.648375	5187
1	83074	0.6485	5188
1	83090	0.648625	5189
1	83106	0.64875	5190
1	83122	0.648875	5191
1	83138	0.649	5192
1	83154	0.649125	5193
1	83170	0.64925	5194
1	83186	0.649375	5195
1	83202	0.6495	5196
1	83218	0.649625	5197
1	83234	0.64975	5198
1	83250	0.649875	5199
1	83266	0.65	5200
1	83282	0.650125	5201
1	83298	0.65025	5202
1	83314	0.650375	5203
1	83330	0.6505	5204
1	83346	0.650625	5205
1	83362	0.65075	5206
1	83378	0.650875	5207
1	83394	0.651	5208
1	83410	0.651125	5209
1	83426	0.65125	5210
1	83442	0.651375	5211
1	83458	0.6515	5212
1	83474	0.651625	5213
1	83490	0.65175	5214
1	83506	0.651875	5215
1	83522	0.652	5216
1	83538	0.652125	5217
1	83554	0.65225	5218
1	83570	0.652375	5219
1	83586	0.6525	5220
1	83602	0.652625	5221
1	83618	0.65275	5222
1	83634	0.652875	5223
1	83650	0.653	5224
1	83666	0.653125	5225
1	83682	0.65325	5226
1	83698	0.653375	5227
1	83714	0.6535	5228
1	83730	0.653625	5229
1	83746	0.65375	5230
1	83762	0.653875	5231
1	83778	0.654	5232
1	83794	0.654125	5233
1	83810	0.65425	5234
1	83826	0.654375	5235
1	83842	0.6545	5236
1	83858	0.654625	5237
1	83874	0.65475	5238
1	83890	0.654875	5239
1	83906	0.655	5240
1	83922	0.655125	5241
1	83938	0.65525	5242
1	83954	0.655375	5243
1	83970	0.6555	5244
1	83986	0.655625	5245
1	84002	0.65575	5246
1	84018	0.655875	5247
1	84034	0.656	5248
1	84050	0.656125	5249
1	84066	0.65625	5250
1	84082	0.656375	5251
1	84098	0.6565	5252
1	84114	0.656625	5253
1	84130	0.65675	5254
1	84146	0.656875	5255
1	84162	0.657	5256
1	84178	0.657125	5257
1	84194	0.65725	5258
1	84210	0.657375	5259
1	84226	0.6575	5260
1	84242	0.657625	5261
1	84258	0.65775	5262
1	84274	0.657875	5263
1	84290	0.658	5264
1	84306	0.658125	5265
1	84322	0.65825	5266
1	84338	0.658375	5267
1	84354	0.6585	5268
1	84370	0.658625	5269
1	84386	0.65875	5270
1	84402	0.658875	5271
1	84418	0.659	5272
1	84434	0.659125	5273
1	84450	0.65925	5274
1	84466	0.659375	5275
1	84482	0.6595	5276
1	84498	0.659625	5277
1	84514	0.65975	5278
1	84530	0.659875	5279
1	84546	0.66	5280
1	84562	0.660125	5281
1	84578	0.66025	5282
1	84594	0.660375	5283
1	84610	0.6605	5284
1	84626	0.660625	5285
1	84642	0.66075	5286
1	84658	0.660875	5287
1	84674	0.661	5288
1	84690	0.661125	5289
1	84706	0.66125	5290
1	84722	0.661375	5291
1	84738	0.6615	5292
1	84754	0.661625	5293
1	84770	0.66175	5294
1	84786	0.661875	5295
1	84802	0.662	5296
1	84818	0.662125	5297
1	84834	0.66225	5298
1	84850	0.662375	5299
1	84866	0.6625	5300
1	84882	0.662625	5301
1	84898	0.66275	5302
1	84914	0.662875	5303
1	84930	0.663	5304
1	84946	0.663125	5305
1	84962	0.66325	5306
1	84978	0.663375	5307
1	84994	0.6635	5308
1	85010	0.663625	5309
1	85026	0.66375	5310
1	85042	0.663875	5311
1	85058	0.664	5312
1	85074	0.664125	5313
1	85090	0.66425	5314
1	85106	0.664375	5315
1	85122	0.6645	5316
1	85138	0.664625	5317
1	85154	0.66475	5318
1	85170	0.664875	5319
1	85186	0.665	5320
1	85202	0.665125	5321
1	85218	0.66525	5322
1	85234	0.665375	5323
1	85250	0.6655	5324
1	85266	0.665625	5325
1	85282	0.66575	5326
1	85298	0.665875	5327
1	85314	0.666	5328
1	85330	0.666125	5329
1	85346	0.66625	5330
1	85362	0.666375	5331
1	85378	0.6665	5332
1	85394	0.666625	5333
1	85410	0.66675	5334
1	85426	0.666875	5335
1	85442	0.667	5336
1	85458	0.667125	5337
1	85474	0.66725	5338
1	85490	0.667375	5339
1	85506	0.6675	5340
1	85522	0.667625	5341
1	85538	0.66775	5342
1	85554	0.667875	5343
1	85570	0.668	5344
1	85586	0.668125	5345
1	85602	0.66825	5346
1	85618	0.668375	5347
1	85634	0.6685	5348
1	85650	0.668625	5349
1	85666	0.66875	5350
1	85682	0.668875	5351
1	85702	0.669	5352
1	85718	0.669125	5353
1	85734	0.66925	5354
1	85750	0.669375	5355
1	85766	0.6695	5356
1	85782	0.669625	5357
1	85798	0.66975	5358
1	85814	0.669875	5359
1	85830	0.67	5360
1	85846	0.670125	5361
1	85862	0.67025	5362
1	85878	0.670375	5363
1	85894	0.6705	5364
1	85910	0.670625	5365
1	85926	0.67075	5366
1	85942	0.670875	5367
1	85958	0.671	5368
1	85974	0.671125	5369
1	85990	0.67125	5370
1	86006	0.671375	5371
1	86022	0.6715	5372
1	86038	0.671625	5373
1	86054	0.67175	5374
1	86070	0.671875	5375
1	86086	0.672	5376
1	86102	0.672125	5377
1	86118	0.67225	5378
1	86134	0.672375	5379
1	86150	0.6725	5380
1	86166	0.672625	5381
1	86182	0.67275	5382
1	86198	0.672875	5383
1	86214	0.673	5384
1	86230	0.673125	5385
1	86246	0.67325	5386
1	86262	0.673375	5387
1	86278	0.6735	5388
1	86294	0.673625	5389
1	86310	0.67375	5390
1	86326	0.673875	5391
1	86342	0.674	5392
1	86358	0.674125	5393
1	86374	0.67425	5394
1	86390	0.674375	5395
1	86406	0.6745	5396
1	86422	0.674625	5397
1	86438	0.67475	5398
1	86454	0.674875	5399
1	86470	0.675	5400
1	86486	0.675125	5401
1	86502	0.67525	5402
1	86518	0.675375	5403
1	86534	0.6755	5404
1	86550	0.675625	5405
1	86566	0.67575	5406
1	86582	0.675875	5407
1	86598	0.676	5408
1	86614	0.676125	5409
1	86630	0.67625	5410
1	86646	0.676375	5411
1	86662	0.6765	5412
1	86678	0.676625	5413
1	86694	0.67675	5414
1	86710	0.676875	5415
1	86726	0.677	5416
1	86742	0.677125	5417
1	86758	0.67725	5418
1	86774	0.677375	5419
1	86790	0.6775	5420
1	86806	0.677625	5421
1	86822	0.67775	5422
1	86838	0.677875	5423
1	86854	0.678	5424
1	86870	0.678125	5425
1	86886	0.67825	5426
1	86902	0.678375	5427
1	86918	0.6785	5428
1	86934	0.678625	5429
1	86950	0.67875	5430
1	86966	0.678875	5431
1	86982	0.679	5432
1	86998	0.679125	5433
1	87014	0.67925	5434
1	87030	0.679375	5435
1	87046	0.6795	5436
1	87062	0.679625	5437
1	87078	0.67975	5438
1	87094	0.679875	5439
1	87110	0.68	5440
1	87126	0.680125	5441
1	87142	0.68025	5442
1	87158	0.680375	5443
1	87174	0.6805	5444
1	87190	0.680625	5445
1	87206	0.68075	5446
1	87222	0.680875	5447
1	87238	0.681	5448
1	87254	0.681125	5449
1	87270	0.68125	5450
1	87286	0.681375	5451
1	87302	0.6815	5452
1	87318	0.681625	5453
1	87334	0.68175	5454
1	87350	0.681875	5455
1	87366	0.682	5456
1	87382	0.682125	5457
1	87398	0.68225	5458
1	87414	0.682375	5459
1	87430	0.6825	5460
1	87446	0.682625	5461
1	87462	0.68275	5462
1	87478	0.682875	5463
1	87494	0.683	5464
1	87510	0.683125	5465
1	87526	0.68325	5466
1	87542	0.683375	5467
1	87558	0.6835	5468
1	87574	0.683625	5469
1	87590	0.68375	5470
1	87606	0.683875	5471
1	87622	0.684	5472
1	87638	0.684125	5473
1	87654	0.68425	5474
1	87670	0.684375	5475
1	87686	0.6845	5476
1	87702	0.684625	5477
1	87718	0.68475	5478
1	87734	0.684875	5479
1	87750	0.685	5480
1	87766	0.685125	5481
1	87782	0.68525	5482
1	87798	0.685375	5483
1	87814	0.6855	5484
1	87830	0.685625	5485
1	87846	0.68575	5486
1	87862	0.685875	5487
1	87878	0.686	5488
1	87894	0.686125	5489
1	87910	0.68625	5490
1	87926	0.686375	5491
1	87942	0.6865	5492
1	87958	0.686625	5493
1	87974	0.68675	5494
1	87990	0.686875	5495
1	88006	0.687	5496
1	88022	0.687125	5497
1	88038	0.68725	5498
1	88054	0.687375	5499
1	88070	0.6875	5500
1	88086	0.687625	5501
1	88102	0.68775	5502
1	88118	0.687875	5503
1	88134	0.688	5504
1	88150	0.688125	5505
1	88166	0.68825	5506
1	88182	0.688375	5507
1	88198	0.6885	5508
1	88214	0.688625	5509
1	88230	0.68875	5510
1	88246	0.688875	5511
1	88262	0.689	5512
1	88278	0.689125	5513
1	88294	0.68925	5514
1	88310	0.689375	5515
1	88326	0.6895	5516
1	88342	0.689625	5517
1	88358	0.68975	5518
1	88374	0.689875	5519
1	88390	0.69	5520
1	88406	0.690125	5521
1	88422	0.69025	5522
1	88438	0.690375	5523
1	88454	0.6905	5524
1	88470	0.690625	5525
1	88486	0.69075	5526
1	88502	0.690875	5527
1	88518	0.691	5528
1	88534	0.691125	5529
1	88550	0.69125	5530
1	88566	0.691375	5531
1	88582	0.6915	5532
1	88598	0.691625	5533
1	88614	0.69175	5534
1	88630	0.691875	5535
1	88646	0.692	5536
1	88662	0.692125	5537
1	88678	0.69225	5538
1	88694	0.692375	5539
1	88710	0.6925	5540
1	88726	0.692625	5541
1	88742	0.69275	5542
1	88758	0.692875	5543
1	88774	0.693	5544
1	88790	0.693125	5545
1	88806	0.69325	5546
1	88822	0.693375	5547
1	88838	0.6935	5548
1	88854	0.693625	5549
1	88870	0.69375	5550
1	88886	0.693875	5551
1	88902	0.694	5552
1	88918	0.694125	5553
1	88934	0.69425	5554
1	88950	0.694375	5555
1	88966	0.6945	5556
1	88982	0.694625	5557
1	88998	0.69475	5558
1	89014	0.694875	5559
1	89030	0.695	5560
1	89046	0.695125	5561
1	89062	0.69525	5562
1	89078	0.695375	5563
1	89094	0.6955	5564
1	89110	0.695625	5565
1	89126	0.69575	5566
1	89142	0.695875	5567
1	89158	0.696	5568
1	89174	0.696125	5569
1	89190	0.69625	5570
1	89206	0.696375	5571
1	89222	0.6965	5572
1	89238	0.696625	5573
1	89254	0.69675	5574
1	89270	0.696875	5575
1	89286	0.697	5576
1	89302	0.697125	5577
1	89318	0.69725	5578
1	89334	0.697375	5579
1	89350	0.6975	5580
1	89366	0.697625	5581
1	89382	0.69775	5582
1	89398	0.697875	5583
1	89414	0.698	5584
1	89430	0.698125	5585
1	89446	0.69825	5586
1	89462	0.698375	5587
1	89478	0.6985	5588
1	89494	0.698625	5589
1	89510	0.69875	5590
1	89526	0.698875	5591
1	89542	0.699	5592
1	89558	0.699125	5593
1	89574	0.69925	5594
1	89590	0.699375	5595
1	89606	0.6995	5596
1	89622	0.699625	5597
1	89638	0.69975	5598
1	89654	0.699875	5599
1	89670	0.7	5600
1	89686	0.700125	5601
1	89702	0.70025	5602
1	89718	0.700375	5603
1	89734	0.7005	5604
1	89750	0.700625	5605
1	89766	0.70075	5606
1	89782	0.700875	5607
1	89798	0.701	5608
1	89814	0.701125	5609
1	89830	0.70125	5610
1	89846	0.701375	5611
1	89862	0.7015	5612
1	89878	0.701625	5613
1	89894	0.70175	5614
1	89910	0.701875	5615
1	89926	0.702	5616
1	89942	0.702125	5617
1	89958	0.70225	5618
1	89974	0.702375	5619
1	89990	0.7025	5620
1	90006	0.702625	5621
1	90022	0.70275	5622
1	90038	0.702875	5623
1	90054	0.703	5624
1	90070	0.703125	5625
1	90086	0.70325	5626
1	90102	0.703375	5627
1	90118	0.7035	5628
1	90134	0.703625	5629
1	90150	0.70375	5630
1	90166	0.703875	5631
1	90182	0.704	5632
1	90198	0.704125	5633
1	90214	0.70425	5634
1	90230	0.704375	5635
1	90246	0.7045	5636
1	90262	0.704625	5637
1	90278	0.70475	5638
1	90294	0.704875	5639
1	90310	0.705	5640
1	90326	0.705125	5641
1	90342	0.70525	5642
1	90358	0.705375	5643
1	90374	0.7055	5644
1	90390	0.705625	5645
1	90406	0.70575	5646
1	90422	0.705875	5647
1	90438	0.706	5648
1	90458	0.706125	5649
1	90474	0.70625	5650
1	90490	0.706375	5651
1	90506	0.7065	5652
1	90522	0.706625	5653
1	90538	0.70675	5654
1	90554	0.706875	5655
1	90570	0.707	5656
1	90586	0.707125	5657
1	90602	0.70725	5658
1	90618	0.707375	5659
1	90634	0.7075	5660
1	90650	0.707625	5661
1	90666	0.70775	5662
1	90682	0.707875	5663
1	90698	0.708	5664
1	90714	0.708125	5665
1	90730	0.70825	5666
1	90746	0.708375	5667
1	90762	0.7085	5668
1	90778	0.708625	5669
1	90794	0.70875	5670
1	90810	0.708875	5671
1	90826	0.709	5672
1	90842	0.709125	5673
1	90858	0.70925	5674
1	90874	0.709375	5675
1	90890	0.7095	5676
1	90906	0.709625	5677
1	90922	0.70975	5678
1	90938	0.709875	5679
1	90954	0.71	5680
1	90970	0.710125	5681
1	90986	0.71025	5682
1	91002	0.710375	5683
1	91018	0.7105	5684
1	91034	0.710625	5685
1	91050	0.71075	5686
1	91066	0.710875	5687
1	91082	0.711	5688
1	91098	0.711125	5689
1	91114	0.71125	5690
1	91130	0.711375	5691
1	91146	0.7115	5692
1	91162	0.711625	5693
1	91178	0.71175	5694
1	91194	0.711875	5695
1	91210	0.712	5696
1	91226	0.712125	5697
1	91242	0.71225	5698
1	91258	0.712375	5699
1	91274	0.7125	5700
1	91290	0.712625	5701
1	91306	0.71275	5702
1	91322	0.712875	5703
1	91338	0.713	5704
1	91354	0.713125	5705
1	91370	0.71325	5706
1	91386	0.713375	5707
1	91402	0.7135	5708
1	91418	0.713625	5709
1	91434	0.71375	5710
1	91450	0.713875	5711
1	91466	0.714	5712
1	91482	0.714125	5713
1	91498	0.71425	5714
1	91514	0.714375	5715
1	91530	0.7145	5716
1	91546	0.714625	5717
1	91562	0.71475	5718
1	91578	0.714875	5719
1	91594	0.715	5720
1	91610	0.715125	5721
1	91626	0.71525	5722
1	91642	0.715375	5723
1	91658	0.7155	5724
1	91674	0.715625	5725
1	91690	0.71575	5726
1	91706	0.715875	5727
1	91722	0.716	5728
1	91738	0.716125	5729
1	91754	0.71625	5730
1	91770	0.716375	5731
1	91786	0.7165	5732
1	91802	0.716625	5733
1	91818	0.71675	5734
1	91834	0.716875	5735
1	91850	0.717	5736
1	91866	0.717125	5737
1	91882	0.71725	5738
1	91898	0.717375	5739
1	91914	0.7175	5740
1	91930	0.717625	5741
1	91946	0.71775	5742
1	91962	0.717875	5743
1	91978	0.718	5744
1	91994	0.718125	5745
1	92010	0.71825	5746
1	92026	0.718375	5747
1	92042	0.7185	5748
1	92058	0.718625	5749
1	92074	0.71875	5750
1	92090	0.718875	5751
1	92106	0.719	5752
1	92122	0.719125	5753
1	92138	0.71925	5754
1	92154	0.719375	5755
1	92170	0.7195	5756
1	92186	0.719625	5757
1	92202	0.71975	5758
1	92218	0.719875	5759
1	92234	0.72	5760
1	92250	0.720125	5761
1	92266	0.72025	5762
1	92282	0.720375	5763
1	92298	0.7205	5764
1	92314	0.720625	5765
1	92330	0.72075	5766
1	92346	0.720875	5767
1	92362	0.721	5768
1	92378	0.721125	5769
1	92394	0.72125	5770
1	92410	0.721375	5771
1	92426	0.7215	5772
1	92442	0.721625	5773
1	92458	0.72175	5774
1	92474	0.721875	5775
1	92490	0.722	5776
1	92506	0.722125	5777
1	92522	0.72225	5778
1	92538	0.722375	5779
1	92554	0.7225	5780
1	92570	0.722625	5781
1	92586	0.72275	5782
1	92602	0.722875	5783
1	92618	0.723	5784
1	92634	0.723125	5785
1	92650	0.72325	5786
1	92666	0.723375	5787
1	92682	0.7235	5788
1	92698	0.723625	5789
1	92714	0.72375	5790
1	92730	0.723875	5791
1	92746	0.724	5792
1	92762	0.724125	5793
1	92778	0.72425	5794
1	92794	0.724375	5795
1	92810	0.7245	5796
1	92826	0.724625	5797
1	92842	0.72475	5798
1	92858	0.724875	5799
1	92874	0.725	5800
1	92890	0.725125	5801
1	92906	0.72525	5802
1	92922	0.725375	5803
1	92938	0.7255	5804
1	92954	0.725625	5805
1	92970	0.72575	5806
1	92986	0.725875	5807
1	93002	0.726	5808
1	93018	0.726125	5809
1	93034	0.72625	5810
1	93050	0.726375	5811
1	93066	0.7265	5812
1	93082	0.726625	5813
1	93098	0.72675	5814
1	93114	0.726875	5815
1	93130	0.727	5816
1	93146	0.727125	5817
1	93162	0.72725	5818
1	93178	0.727375	5819
1	93194	0.7275	5820
1	93210	0.727625	5821
1	93226	0.72775	5822
1	93242	0.727875	5823
1	93258	0.728	5824
1	93274	0.728125	5825
1	93290	0.72825	5826
1	93306	0.728375	5827
1	93322	0.7285	5828
1	93338	0.728625	5829
1	93354	0.72875	5830
1	93370	0.728875	5831
1	93386	0.729	5832
1	93402	0.729125	5833
1	93418	0.72925	5834
1	93434	0.729375	5835
1	93450	0.7295	5836
1	93466	0.729625	5837
1	93482	0.72975	5838
1	93498	0.729875	5839
1	93514	0.73	5840
1	93530	0.730125	5841
1	93546	0.73025	5842
1	93562	0.730375	5843
1	93578	0.7305	5844
1	93594	0.730625	5845
1	93610	0.73075	5846
1	93626	0.730875	5847
1	93642	0.731	5848
1	93658	0.731125	5849
1	93674	0.73125	5850
1	93690	0.731375	5851
1	93706	0.7315	5852
1	93722	0.731625	5853
1	93738	0.73175	5854
1	93754	0.731875	5855
1	93770	0.732	5856
1	93786	0.732125	5857
1	93802	0.73225	5858
1	93818	0.732375	5859
1	93834	0.7325	5860
1	93850	0.732625	5861
1	93866	0.73275	5862
1	93882	0.732875	5863
1	93898	0.733	5864
1	93914	0.733125	5865
1	93930	0.73325	5866
1	93946	0.733375	5867
1	93962	0.7335	5868
1	93978	0.733625	5869
1	93994	0.73375	5870
1	94010	0.733875	5871
1	94026	0.734	5872
1	94042	0.734125	5873
1	94058	0.73425	5874
1	94074	0.734375	5875
1	94090	0.7345	5876
1	94106	0.734625	5877
1	94122	0.73475	5878
1	94138	0.734875	5879
1	94154	0.735	5880
1	94170	0.735125	5881
1	94186	0.73525	5882
1	94202	0.735375	5883
1	94218	0.7355	5884
1	94234	0.735625	5885
1	94250	0.73575	5886
1	94266	0.735875	5887
1	94282	0.736	5888
1	94298	0.736125	5889
1	94314	0.73625	5890
1	94330	0.736375	5891
1	94346	0.7365	5892
1	94362	0.736625	5893
1	94378	0.73675	5894
1	94394	0.736875	5895
1	94410	0.737	5896
1	94426	0.737125	5897
1	94442	0.73725	5898
1	94458	0.737375	5899
1	94474	0.7375	5900
1	94490	0.737625	5901
1	94506	0.73775	5902
1	94522	0.737875	5903
1	94538	0.738	5904
1	94554	0.738125	5905
1	94570	0.73825	5906
1	94586	0.738375	5907
1	94602	0.7385	5908
1	94618	0.738625	5909
1	94634	0.73875	5910
1	94650	0.738875	5911
1	94666	0.739	5912
1	94682	0.739125	5913
1	94698	0.73925	5914
1	94714	0.739375	5915
1	94730	0.7395	5916
1	94746	0.739625	5917
1	94762	0.73975	5918
1	94778	0.739875	5919
1	94794	0.74	5920
1	94810	0.740125	5921
1	94826	0.74025	5922
1	94842	0.740375	5923
1	94858	0.7405	5924
1	94874	0.740625	5925
1	94890	0.74075	5926
1	94906	0.740875	5927
1	94922	0.741	5928
1	94938	0.741125	5929
1	94954	0.74125	5930
1	94970	0.741375	5931
1	94986	0.7415	5932
1	95002	0.741625	5933
1	95018	0.74175	5934
1	95034	0.741875	5935
1	95050	0.742	5936
1	95066	0.742125	5937
1	95082	0.74225	5938
1	95098	0.742375	5939
1	95114	0.7425	5940
1	95130	0.742625	5941
1	95146	0.74275	5942
1	95162	0.742875	5943
1	95178	0.743	5944
1	95194	0.743125	5945
1	95214	0.74325	5946
1	95230	0.743375	5947
1	95246	0.7435	5948
1	95262	0.743625	5949
1	95278	0.74375	5950
1	95294	0.743875	5951
1	95310	0.744	5952
1	95326	0.744125	5953
1	95342	0.74425	5954
1	95358	0.744375	5955
1	95374	0.7445	5956
1	95390	0.744625	5957
1	95406	0.74475	5958
1	95422	0.744875	5959
1	95438	0.745	5960
1	95454	0.745125	5961
1	95470	0.74525	5962
1	95486	0.745375	5963
1	95502	0.7455	5964
1	95518	0.745625	5965
1	95534	0.74575	5966
1	95550	0.745875	5967
1	95566	0.746	5968
1	95582	0.746125	5969
1	95598	0.74625	5970
1	95614	0.746375	5971
1	95630	0.7465	5972
1	95646	0.746625	5973
1	95662	0.74675	5974
1	95678	0.746875	5975
1	95694	0.747	5976
1	95710	0.747125	5977
1	95726	0.74725	5978
1	95742	0.747375	5979
1	95758	0.7475	5980
1	95774	0.747625	5981
1	95790	0.74775	5982
1	95806	0.747875	5983
1	95822	0.748	5984
1	95838	0.748125	5985
1	95854	0.74825	5986
1	95870	0.748375	5987
1	95886	0.7485	5988
1	95902	0.748625	5989
1	95918	0.74875	5990
1	95934	0.748875	5991
1	95950	0.749	5992
1	95966	0.749125	5993
1	95982	0.74925	5994
1	95998	0.749375	5995
1	96014	0.7495	5996
1	96030	0.749625	5997
1	96046	0.74975	5998
1	96062	0.749875	5999
1	96078	0.75	6000
1	96094	0.750125	6001
1	96110	0.75025	6002
1	96126	0.750375	6003
1	96142	0.7505	6004
1	96158	0.750625	6005
1	96174	0.75075	6006
1	96190	0.750875	6007
1	96206	0.751	6008
1	96222	0.751125	6009
1	96238	0.75125	6010
1	96254	0.751375	6011
1	96270	0.7515	6012
1	96286	0.751625	6013
1	96302	0.75175	6014
1	96318	0.751875	6015
1	96334	0.752	6016
1	96350	0.752125	6017
1	96366	0.75225	6018
1	96382	0.752375	6019
1	96398	0.7525	6020
1	96414	0.752625	6021
1	96430	0.75275	6022
1	96446	0.752875	6023
1	96462	0.753	6024
1	96478	0.753125	6025
1	96494	0.75325	6026
1	96510	0.753375	6027
1	96526	0.7535	6028
1	96542	0.753625	6029
1	96558	0.75375	6030
1	96574	0.753875	6031
1	96590	0.754	6032
1	96606	0.754125	6033
1	96622	0.75425	6034
1	96638	0.754375	6035
1	96654	0.7545	6036
1	96670	0.754625	6037
1	96686	0.75475	6038
1	96702	0.754875	6039
1	96718	0.755	6040
1	96734	0.755125	6041
1	96750	0.75525	6042
1	96766	0.755375	6043
1	96782	0.7555	6044
1	96798	0.755625	6045
1	96814	0.75575	6046
1	96830	0.755875	6047
1	96846	0.756	6048
1	96862	0.756125	6049
1	96878	0.75625	6050
1	96894	0.756375	6051
1	96910	0.7565	6052
1	96926	0.756625	6053
1	96942	0.75675	6054
1	96958	0.756875	6055
1	96974	0.757	6056
1	96990	0.757125	6057
1	97006	0.75725	6058
1	97022	0.757375	6059
1	97038	0.7575	6060
1	97054	0.757625	6061
1	97070	0.75775	6062
1	97086	0.757875	6063
1	97102	0.758	6064
1	97118	0.758125	6065
1	97134	0.75825	6066
1	97150	0.758375	6067
1	97166	0.7585	6068
1	97182	0.758625	6069
1	97198	0.75875	6070
1	97214	0.758875	6071
1	97230	0.759	6072
1	97246	0.759125	6073
1	97262	0.75925	6074
1	97278	0.759375	6075
1	97294	0.7595	6076
1	97310	0.759625	6077
1	97326	0.75975	6078
1	97342	0.759875	6079
1	97358	0.76	6080
1	97374	0.760125	6081
1	97390	0.76025	6082
1	97406	0.760375	6083
1	97422	0.7605	6084
1	97438	0.760625	6085
1	97454	0.76075	6086
1	97470	0.760875	6087
1	97486	0.761	6088
1	97502	0.761125	6089
1	97518	0.76125	6090
1	97534	0.761375	6091
1	97550	0.7615	6092
1	97566	0.761625	6093
1	97582	0.76175	6094
1	97598	0.761875	6095
1	97614	0.762	6096
1	97630	0.762125	6097
1	97646	0.76225	6098
1	97662	0.762375	6099
1	97678	0.7625	6100
1	97694	0.762625	6101
1	97710	0.76275	6102
1	97726	0.762875	6103
1	97742	0.763	6104
1	97758	0.763125	6105
1	97774	0.76325	6106
1	97790	0.763375	6107
1	97806	0.7635	6108
1	97822	0.763625	6109
1	97838	0.76375	6110
1	97854	0.763875	6111
1	97870	0.764	6112
1	97886	0.764125	6113
1	97902	0.76425	6114
1	97918	0.764375	6115
1	97934	0.7645	6116
1	97950	0.764625	6117
1	97966	0.76475	6118
1	97982	0.764875	6119
1	97998	0.765	6120
1	98014	0.765125	6121
1	98030	0.76525	6122
1	98046	0.765375	6123
1	98062	0.7655	6124
1	98078	0.765625	6125
1	98094	0.76575	6126
1	98110	0.765875	6127
1	98126	0.766	6128
1	98142	0.766125	6129
1	98158	0.76625	6130
1	98174	0.766375	6131
1	98190	0.7665	6132
1	98206	0.766625	6133
1	98222	0.76675	6134
1	98238	0.766875	6135
1	98254	0.767	6136
1	98270	0.767125	6137
1	98286	0.76725	6138
1	98302	0.767375	6139
1	98318	0.7675	6140
1	98334	0.767625	6141
1	98350	0.76775	6142
1	98366	0.767875	6143
1	98382	0.768	6144
1	98398	0.768125	6145
1	98414	0.76825	6146
1	98430	0.768375	6147
1	98446	0.7685	6148
1	98462	0.768625	6149
1	98478	0.76875	6150
1	98494	0.768875	6151
1	98510	0.769	6152
1	98526	0.769125	6153
1	98542	0.76925	6154
1	98558	0.769375	6155
1	98574	0.7695	6156
1	98590	0.769625	6157
1	98606	0.76975	6158
1	98622	0.769875	6159
1	98638	0.77	6160
1	98654	0.770125	6161
1	98670	0.77025	6162
1	98686	0.770375	6163
1	98702	0.7705	6164
1	98718	0.770625	6165
1	98734	0.77075	6166
1	98750	0.770875	6167
1	98766	0.771	6168
1	98782	0.771125	6169
1	98798	0.77125	6170
1	98814	0.771375	6171
1	98830	0.7715	6172
1	98846	0.771625	6173
1	98862	0.77175	6174
1	98878	0.771875	6175
1	98894	0.772	6176
1	98910	0.772125	6177
1	98926	0.77225	6178
1	98942	0.772375	6179
1	98958	0.7725	6180
1	98974	0.772625	6181
1	98990	0.77275	6182
1	99006	0.772875	6183
1	99022	0.773	6184
1	99038	0.773125	6185
1	99054	0.77325	6186
1	99070	0.773375	6187
1	99086	0.7735	6188
1	99102	0.773625	6189
1	99118	0.77375	6190
1	99134	0.773875	6191
1	99150	0.774	6192
1	99166	0.774125	6193
1	99182	0.77425	6194
1	99198	0.774375	6195
1	99214	0.7745	6196
1	99230	0.774625	6197
1	99246	0.77475	6198
1	99262	0.774875	6199
1	99278	0.775	6200
1	99294	0.775125	6201
1	99310	0.77525	6202
1	99326	0.775375	6203
1	99342	0.7755	6204
1	99358	0.775625	6205
1	99374	0.77575	6206
1	99390	0.775875	6207
1	99406	0.776	6208
1	99422	0.776125	6209
1	99438	0.77625	6210
1	99454	0.776375	6211
1	99470	0.7765	6212
1	99486	0.776625	6213
1	99502	0.77675	6214
1	99518	0.776875	6215
1	99534	0.777	6216
1	99550	0.777125	6217
1	99566	0.77725	6218
1	99582	0.777375	6219
1	99598	0.7775	6220
1	99614	0.777625	6221
1	99630	0.77775	6222
1	99646	0.777875	6223
1	99662	0.778	6224
1	99678	0.778125	6225
1	99694	0.77825	6226
1	99710	0.778375	6227
1	99726	0.7785	6228
1	99742	0.778625	6229
1	99758	0.77875	6230
1	99774	0.778875	6231
1	99790	0.779	6232
1	99806	0.779125	6233
1	99822	0.77925	6234
1	99838	0.779375	6235
1	99854	0.7795	6236
1	99870	0.779625	6237
1	99886	0.77975	6238
1	99902	0.779875	6239
1	99918	0.78	6240
1	99934	0.780125	6241
1	99950	0.78025	6242
1	99966	0.780375	6243
1	99986	0.7805	6244
1	100002	0.780625	6245
1	100018	0.78075	6246
1	100034	0.780875	6247
1	100050	0.781	6248
1	100066	0.781125	6249
1	100082	0.78125	6250
1	100098	0.781375	6251
1	100114	0.7815	6252
1	100130	0.781625	6253
1	100146	0.78175	6254
1	100162	0.781875	6255
1	100178	0.782	6256
1	100194	0.782125	6257
1	100210	0.78225	6258
1	100226	0.782375	6259
1	100242	0.7825	6260
1	100258	0.782625	6261
1	100274	0.78275	6262
1	100290	0.782875	6263
1	100306	0.783	6264
1	100322	0.783125	6265
1	100338	0.78325	6266
1	100354	0.783375	6267
1	100370	0.7835	6268
1	100386	0.783625	6269
1	100402	0.78375	6270
1	100418	0.783875	6271
1	100434	0.784	6272
1	100450	0.784125	6273
1	100466	0.78425	6274
1	100482	0.784375	6275
1	100498	0.7845	6276
1	100514	0.784625	6277
1	100530	0.78475	6278
1	100546	0.784875	6279
1	100562	0.785	6280
1	100578	0.785125	6281
1	100594	0.78525	6282
1	100610	0.785375	6283
1	100626	0.7855	6284
1	100642	0.785625	6285
1	100658	0.78575	6286
1	100674	0.785875	6287
1	100690	0.786	6288
1	100706	0.786125	6289
1	100722	0.78625	6290
1	100738	0.786375	6291
1	100754	0.7865	6292
1	100770	0.786625	6293
1	100786	0.78675	6294
1	100802	0.786875	6295
1	100818	0.787	6296
1	100834	0.787125	6297
1	100850	0.78725	6298
1	100866	0.787375	6299
1	100882	0.7875	6300
1	100898	0.787625	6301
1	100914	0.78775	6302
1	100930	0.787875	6303
1	100946	0.788	6304
1	100962	0.788125	6305
1	100978	0.78825	6306
1	100994	0.788375	6307
1	101010	0.7885	6308
1	101026	0.788625	6309
1	101042	0.78875	6310
1	101058	0.788875	6311
1	101074	0.789	6312
1	101090	0.789125	6313
1	101106	0.78925	6314
1	101122	0.789375	6315
1	101138	0.7895	6316
1	101154	0.789625	6317
1	101170	0.78975	6318
1	101186	0.789875	6319
1	101202	0.79	6320
1	101218	0.790125	6321
1	101234	0.79025	6322
1	101250	0.790375	6323
1	101266	0.7905	6324
1	101282	0.790625	6325
1	101298	0.79075	6326
1	101314	0.790875	6327
1	101330	0.791	6328
1	101346	0.791125	6329
1	101362	0.79125	6330
1	101378	0.791375	6331
1	101394	0.7915	6332
1	101410	0.791625	6333
1	101426	0.79175	6334
1	101442	0.791875	6335
1	101458	0.792	6336
1	101474	0.792125	6337
1	101490	0.79225	6338
1	101506	0.792375	6339
1	101522	0.7925	6340
1	101538	0.792625	6341
1	101554	0.79275	6342
1	101570	0.792875	6343
1	101586	0.793	6344
1	101602	0.793125	6345
1	101618	0.79325	6346
1	101634	0.793375	6347
1	101650	0.7935	6348
1	101666	0.793625	6349
1	101682	0.79375	6350
1	101698	0.793875	6351
1	101714	0.794	6352
1	101730	0.794125	6353
1	101746	0.79425	6354
1	101762	0.794375	6355
1	101778	0.7945	6356
1	101794	0.794625	6357
1	101810	0.79475	6358
1	101826	0.794875	6359
1	101842	0.795	6360
1	101858	0.795125	6361
1	101874	0.79525	6362
1	101890	0.795375	6363
1	101906	0.7955	6364
1	101922	0.795625	6365
1	101938	0.79575	6366
1	101954	0.795875	6367
1	101970	0.796	6368
1	101986	0.796125	6369
1	102002	0.79625	6370
1	102018	0.796375	6371
1	102034	0.7965	6372
1	102050	0.796625	6373
1	102066	0.79675	6374
1	102082	0.796875	6375
1	102098	0.797	6376
1	102114	0.797125	6377
1	102130	0.79725	6378
1	102146	0.797375	6379
1	102162	0.7975	6380
1	102178	0.797625	6381
1	102194	0.79775	6382
1	102210	0.797875	6383
1	102226	0.798	6384
1	102242	0.798125	6385
1	102258	0.79825	6386
1	102274	0.798375	6387
1	102290	0.7985	6388
1	102306	0.798625	6389
1	102322	0.79875	6390
1	102338	0.798875	6391
1	102354	0.799	6392
1	102370	0.799125	6393
1	102386	0.79925	6394
1	102402	0.799375	6395
1	102418	0.7995	6396
1	102434	0.799625	6397
1	102450	0.79975	6398
1	102466	0.799875	6399
1	102482	0.8	6400
1	102498	0.800125	6401
1	102514	0.80025	6402
1	102530	0.800375	6403
1	102546	0.8005	6404
1	102562	0.800625	6405
1	102578	0.80075	6406
1	102594	0.800875	6407
1	102610	0.801	6408
1	102626	0.801125	6409
1	102642	0.80125	6410
1	102658	0.801375	6411
1	102674	0.8015	6412
1	102690	0.801625	6413
1	102706	0.80175	6414
1	102722	0.801875	6415
1	102738	0.802	6416
1	102754	0.802125	6417
1	102770	0.80225	6418
1	102786	0.802375	6419
1	102802	0.8025	6420
1	102818	0.802625	6421
1	102834	0.80275	6422
1	102850	0.802875	6423
1	102866	0.803	6424
1	102882	0.803125	6425
1	102898	0.80325	6426
1	102914	0.803375	6427
1	102930	0.8035	6428
1	102946	0.803625	6429
1	102962	0.80375	6430
1	102978	0.803875	6431
1	102994	0.804	6432
1	103010	0.804125	6433
1	103026	0.80425	6434
1	103042	0.804375	6435
1	103058	0.8045	6436
1	103074	0.804625	6437
1	103090	0.80475	6438
1	103106	0.804875	6439
1	103122	0.805	6440
1	103138	0.805125	6441
1	103154	0.80525	6442
1	103170	0.805375	6443
1	103186	0.8055	6444
1	103202	0.805625	6445
1	103218	0.80575	6446
1	103234	0.805875	6447
1	103250	0.806	6448
1	103266	0.806125	6449
1	103282	0.80625	6450
1	103298	0.806375	6451
1	103314	0.8065	6452
1	103330	0.806625	6453
1	103346	0.80675	6454
1	103362	0.806875	6455
1	103378	0.807	6456
1	103394	0.807125	6457
1	103410	0.80725	6458
1	103426	0.807375	6459
1	103442	0.8075	6460
1	103458	0.807625	6461
1	103474	0.80775	6462
1	103490	0.807875	6463
1	103506	0.808	6464
1	103522	0.808125	6465
1	103538	0.80825	6466
1	103554	0.808375	6467
1	103570	0.8085	6468
1	103586	0.808625	6469
1	103602	0.80875	6470
1	103618	0.808875	6471
1	103634	0.809	6472
1	103650	0.809125	6473
1	103666	0.80925	6474
1	103682	0.809375	6475
1	103698	0.8095	6476
1	103714	0.809625	6477
1	103730	0.80975	6478
1	103746	0.809875	6479
1	103762	0.81	6480
1	103778	0.810125	6481
1	103794	0.81025	6482
1	103810	0.810375	6483
1	103826	0.8105	6484
1	103842	0.810625	6485
1	103858	0.81075	6486
1	103874	0.810875	6487
1	103890	0.811	6488
1	103906	0.811125	6489
1	103922	0.81125	6490
1	103938	0.811375	6491
1	103954	0.8115	6492
1	103970	0.811625	6493
1	103986	0.81175	6494
1	104002	0.811875	6495
1	104018	0.812	6496
1	104034	0.812125	6497
1	104050	0.81225	6498
1	104066	0.812375	6499
1	104082	0.8125	6500
1	104098	0.812625	6501
1	104114	0.81275	6502
1	104130	0.812875	6503
1	104146	0.813	6504
1	104162	0.813125	6505
1	104178	0.81325	6506
1	104194	0.813375	6507
1	104210	0.8135	6508
1	104226	0.813625	6509
1	104242	0.81375	6510
1	104258	0.813875	6511
1	104274	0.814	6512
1	104290	0.814125	6513
1	104306	0.81425	6514
1	104322	0.814375	6515
1	104338	0.8145	6516
1	104354	0.814625	6517
1	104370	0.81475	6518
1	104386	0.814875	6519
1	104402	0.815	6520
1	104418	0.815125	6521
1	104434	0.81525	6522
1	104450	0.815375	6523
1	104466	0.8155	6524
1	104482	0.815625	6525
1	104498	0.81575	6526
1	104514	0.815875	6527
1	104530	0.816	6528
1	104546	0.816125	6529
1	104562	0.81625	6530
1	104578	0.816375	6531
1	104594	0.8165	6532
1	104610	0.816625	6533
1	104626	0.81675	6534
1	104642	0.816875	6535
1	104658	0.817	6536
1	104674	0.817125	6537
1	104690	0.81725	6538
1	104706	0.817375	6539
1	104722	0.8175	6540
1	104742	0.817625	6541
1	104758	0.81775	6542
1	104774	0.817875	6543
1	104790	0.818	6544
1	104806	0.818125	6545
1	104822	0.81825	6546
1	104838	0.818375	6547
1	104854	0.8185	6548
1	104870	0.818625	6549
1	104886	0.81875	6550
1	104902	0.818875	6551
1	104918	0.819	6552
1	104934	0.819125	6553
1	104950	0.81925	6554
1	104966	0.819375	6555
1	104982	0.8195	6556
1	104998	0.819625	6557
1	105014	0.81975	6558
1	105030	0.819875	6559
1	105046	0.82	6560
1	105062	0.820125	6561
1	105078	0.82025	6562
1	105094	0.820375	6563
1	105110	0.8205	6564
1	105126	0.820625	6565
1	105142	0.82075	6566
1	105158	0.820875	6567
1	105174	0.821	6568
1	105190	0.821125	6569
1	105206	0.82125	6570
1	105222	0.821375	6571
1	105238	0.8215	6572
1	105254	0.821625	6573
1	105270	0.82175	6574
1	105286	0.821875	6575
1	105302	0.822	6576
1	105318	0.822125	6577
1	105334	0.82225	6578
1	105350	0.822375	6579
1	105366	0.8225	6580
1	105382	0.822625	6581
1	105398	0.82275	6582
1	105414	0.822875	6583
1	105430	0.823	6584
1	105446	0.823125	6585
1	105462	0.82325	6586
1	105478	0.823375	6587
1	105494	0.8235	6588
1	105510	0.823625	6589
1	105526	0.82375	6590
1	105542	0.823875	6591
1	105558	0.824	6592
1	105574	0.824125	6593
1	105590	0.82425	6594
1	105606	0.824375	6595
1	105622	0.8245	6596
1	105638	0.824625	6597
1	105654	0.82475	6598
1	105670	0.824875	6599
1	105686	0.825	6600
1	105702	0.825125	6601
1	105718	0.82525	6602
1	105734	0.825375	6603
1	105750	0.8255	6604
1	105766	0.825625	6605
1	105782	0.82575	6606
1	105798	0.825875	6607
1	105814	0.826	6608
1	105830	0.826125	6609
1	105846	0.82625	6610
1	105862	0.826375	6611
1	105878	0.8265	6612
1	105894	0.826625	6613
1	105910	0.82675	6614
1	105926	0.826875	6615
1	105942	0.827	6616
1	105958	0.827125	6617
1	105974	0.82725	6618
1	105990	0.827375	6619
1	106006	0.8275	6620
1	106022	0.827625	6621
1	106038	0.82775	6622
1	106054	0.827875	6623
1	106070	0.828	6624
1	106086	0.828125	6625
1	106102	0.82825	6626
1	106118	0.828375	6627
1	106134	0.8285	6628
1	106150	0.828625	6629
1	106166	0.82875	6630
1	106182	0.828875	6631
1	106198	0.829	6632
1	106214	0.829125	6633
1	106230	0.82925	6634
1	106246	0.829375	6635
1	106262	0.8295	6636
1	106278	0.829625	6637
1	106294	0.82975	6638
1	106310	0.829875	6639
1	106326	0.83	6640
1	106342	0.830125	6641
1	106358	0.83025	6642
1	106374	0.830375	6643
1	106390	0.8305	6644
1	106406	0.830625	6645
1	106422	0.83075	6646
1	106438	0.830875	6647
1	106454	0.831	6648
1	106470	0.831125	6649
1	106486	0.83125	6650
1	106502	0.831375	6651
1	106518	0.8315	6652
1	106534	0.831625	6653
1	106550	0.83175	6654
1	106566	0.831875	6655
1	106582	0.832	6656
1	106598	0.832125	6657
1	106614	0.83225	6658
1	106630	0.832375	6659
1	106646	0.8325	6660
1	106662	0.832625	6661
1	106678	0.83275	6662
1	106694	0.832875	6663
1	106710	0.833	6664
1	106726	0.833125	6665
1	106742	0.83325	6666
1	106758	0.833375	6667
1	106774	0.8335	6668
1	106790	0.833625	6669
1	106806	0.83375	6670
1	106822	0.833875	6671
1	106838	0.834	6672
1	106854	0.834125	6673
1	106870	0.83425	6674
1	106886	0.834375	6675
1	106902	0.8345	6676
1	106918	0.834625	6677
1	106934	0.83475	6678
1	106950	0.834875	6679
1	106966	0.835	6680
1	106982	0.835125	6681
1	106998	0.83525	6682
1	107014	0.835375	6683
1	107030	0.8355	6684
1	107046	0.835625	6685
1	107062	0.83575	6686
1	107078	0.835875	6687
1	107094	0.836	6688
1	107110	0.836125	6689
1	107126	0.83625	6690
1	107142	0.836375	6691
1	107158	0.8365	6692
1	107174	0.836625	6693
1	107190	0.83675	6694
1	107206	0.836875	6695
1	107222	0.837	6696
1	107238	0.837125	6697
1	107254	0.83725	6698
1	107270	0.837375	6699
1	107286	0.8375	6700
1	107302	0.837625	6701
1	107318	0.83775	6702
1	107334	0.837875	6703
1	107350	0.838	6704
1	107366	0.838125	6705
1	107382	0.83825	6706
1	107398	0.838375	6707
1	107414	0.8385	6708
1	107430	0.838625	6709
1	107446	0.83875	6710
1	107462	0.838875	6711
1	107478	0.839	6712
1	107494	0.839125	6713
1	107510	0.83925	6714
1	107526	0.839375	6715
1	107542	0.8395	6716
1	107558	0.839625	6717
1	107574	0.83975	6718
1	107590	0.839875	6719
1	107606	0.84	6720
1	107622	0.840125	6721
1	107638	0.84025	6722
1	107654	0.840375	6723
1	107670	0.8405	6724
1	107686	0.840625	6725
1	107702	0.84075	6726
1	107718	0.840875	6727
1	107734	0.841	6728
1	107750	0.841125	6729
1	107766	0.84125	6730
1	107782	0.841375	6731
1	107798	0.8415	6732
1	107814	0.841625	6733
1	107830	0.84175	6734
1	107846	0.841875	6735
1	107862	0.842	6736
1	107878	0.842125	6737
1	107894	0.84225	6738
1	107910	0.842375	6739
1	107926	0.8425	6740
1	107942	0.842625	6741
1	107958	0.84275	6742
1	107974	0.842875	6743
1	107990	0.843	6744
1	108006	0.843125	6745
1	108022	0.84325	6746
1	108038	0.843375	6747
1	108054	0.8435	6748
1	108070	0.843625	6749
1	108086	0.84375	6750
1	108102	0.843875	6751
1	108118	0.844	6752
1	108134	0.844125	6753
1	108150	0.84425	6754
1	108166	0.844375	6755
1	108182	0.8445	6756
1	108198	0.844625	6757
1	108214	0.84475	6758
1	108230	0.844875	6759
1	108246	0.845	6760
1	108262	0.845125	6761
1	108278	0.84525	6762
1	108294	0.845375	6763
1	108310	0.8455	6764
1	108326	0.845625	6765
1	108342	0.84575	6766
1	108358	0.845875	6767
1	108374	0.846	6768
1	108390	0.846125	6769
1	108406	0.84625	6770
1	108422	0.846375	6771
1	108438	0.8465	6772
1	108454	0.846625	6773
1	108470	0.84675	6774
1	108486	0.846875	6775
1	108502	0.847	6776
1	108518	0.847125	6777
1	108534	0.84725	6778
1	108550	0.847375	6779
1	108566	0.8475	6780
1	108582	0.847625	6781
1	108598	0.84775	6782
1	108614	0.847875	6783
1	108630	0.848	6784
1	108646	0.848125	6785
1	108662	0.84825	6786
1	108678	0.848375	6787
1	108694	0.8485	6788
1	108710	0.848625	6789
1	108726	0.84875	6790
1	108742	0.848875	6791
1	108758	0.849	6792
1	108774	0.849125	6793
1	108790	0.84925	6794
1	108806	0.849375	6795
1	108822	0.8495	6796
1	108838	0.849625	6797
1	108854	0.84975	6798
1	108870	0.849875	6799
1	108886	0.85	6800
1	108902	0.850125	6801
1	108918	0.85025	6802
1	108934	0.850375	6803
1	108950	0.8505	6804
1	108966	0.850625	6805
1	108982	0.85075	6806
1	108998	0.850875	6807
1	109014	0.851	6808
1	109030	0.851125	6809
1	109046	0.85125	6810
1	109062	0.851375	6811
1	109078	0.8515	6812
1	109094	0.851625	6813
1	109110	0.85175	6814
1	109126	0.851875	6815
1	109142	0.852	6816
1	109158	0.852125	6817
1	109174	0.85225	6818
1	109190	0.852375	6819
1	109206	0.8525	6820
1	109222	0.852625	6821
1	109238	0.85275	6822
1	109254	0.852875	6823
1	109270	0.853	6824
1	109286	0.853125	6825
1	109302	0.85325	6826
1	109318	0.853375	6827
1	109334	0.8535	6828
1	109350	0.853625	6829
1	109366	0.85375	6830
1	109382	0.853875	6831
1	109398	0.854	6832
1	109414	0.854125	6833
1	109430	0.85425	6834
1	109446	0.854375	6835
1	109462	0.8545	6836
1	109478	0.854625	6837
1	109498	0.85475	6838
1	109514	0.854875	6839
1	109530	0.855	6840
1	109546	0.855125	6841
1	109562	0.85525	6842
1	109578	0.855375	6843
1	109594	0.8555	6844
1	109610	0.855625	6845
1	109626	0.85575	6846
1	109642	0.855875	6847
1	109658	0.856	6848
1	109674	0.856125	6849
1	109690	0.85625	6850
1	109706	0.856375	6851
1	109722	0.8565	6852
1	109738	0.856625	6853
1	109754	0.85675	6854
1	109770	0.856875	6855
1	109786	0.857	6856
1	109802	0.857125	6857
1	109818	0.85725	6858
1	109834	0.857375	6859
1	109850	0.8575	6860
1	109866	0.857625	6861
1	109882	0.85775	6862
1	109898	0.857875	6863
1	109914	0.858	6864
1	109930	0.858125	6865
1	109946	0.85825	6866
1	109962	0.858375	6867
1	109978	0.8585	6868
1	109994	0.858625	6869
1	110010	0.85875	6870
1	110026	0.858875	6871
1	110042	0.859	6872
1	110058	0.859125	6873
1	110074	0.85925	6874
1	110090	0.859375	6875
1	110106	0.8595	6876
1	110122	0.859625	6877
1	110138	0.85975	6878
1	110154	0.859875	6879
1	110170	0.86	6880
1	110186	0.860125	6881
1	110202	0.86025	6882
1	110218	0.860375	6883
1	110234	0.8605	6884
1	110250	0.860625	6885
1	110266	0.86075	6886
1	110282	0.860875	6887
1	110298	0.861	6888
1	110314	0.861125	6889
1	110330	0.86125	6890
1	110346	0.861375	6891
1	110362	0.8615	6892
1	110378	0.861625	6893
1	110394	0.86175	6894
1	110410	0.861875	6895
1	110426	0.862	6896
1	110442	0.862125	6897
1	110458	0.86225	6898
1	110474	0.862375	6899
1	110490	0.8625	6900
1	110506	0.862625	6901
1	110522	0.86275	6902
1	110538	0.862875	6903
1	110554	0.863	6904
1	110570	0.863125	6905
1	110586	0.86325	6906
1	110602	0.863375	6907
1	110618	0.8635	6908
1	110634	0.863625	6909
1	110650	0.86375	6910
1	110666	0.863875	6911
1	110682	0.864	6912
1	110698	0.864125	6913
1	110714	0.86425	6914
1	110730	0.864375	6915
1	110746	0.8645	6916
1	110762	0.864625	6917
1	110778	0.86475	6918
1	110794	0.864875	6919
1	110810	0.865	6920
1	110826	0.865125	6921
1	110842	0.86525	6922
1	110858	0.865375	6923
1	110874	0.8655	6924
1	110890	0.865625	6925
1	110906	0.86575	6926
1	110922	0.865875	6927
1	110938	0.866	6928
1	110954	0.866125	6929
1	110970	0.86625	6930
1	110986	0.866375	6931
1	111002	0.8665	6932
1	111018	0.866625	6933
1	111034	0.86675	6934
1	111050	0.866875	6935
1	111066	0.867	6936
1	111082	0.867125	6937
1	111098	0.86725	6938
1	111114	0.867375	6939
1	111130	0.8675	6940
1	111146	0.867625	6941
1	111162	0.86775	6942
1	111178	0.867875	6943
1	111194	0.868	6944
1	111210	0.868125	6945
1	111226	0.86825	6946
1	111242	0.868375	6947
1	111258	0.8685	6948
1	111274	0.868625	6949
1	111290	0.86875	6950
1	111306	0.868875	6951
1	111322	0.869	6952
1	111338	0.869125	6953
1	111354	0.86925	6954
1	111370	0.869375	6955
1	111386	0.8695	6956
1	111402	0.869625	6957
1	111418	0.86975	6958
1	111434	0.869875	6959
1	111450	0.87	6960
1	111466	0.870125	6961
1	111482	0.87025	6962
1	111498	0.870375	6963
1	111514	0.8705	6964
1	111530	0.870625	6965
1	111546	0.87075	6966
1	111562	0.870875	6967
1	111578	0.871	6968
1	111594	0.871125	6969
1	111610	0.87125	6970
1	111626	0.871375	6971
1	111642	0.8715	6972
1	111658	0.871625	6973
1	111674	0.87175	6974
1	111690	0.871875	6975
1	111706	0.872	6976
1	111722	0.872125	6977
1	111738	0.87225	6978
1	111754	0.872375	6979
1	111770	0.8725	6980
1	111786	0.872625	6981
1	111802	0.87275	6982
1	111818	0.872875	6983
1	111834	0.873	6984
1	111850	0.873125	6985
1	111866	0.87325	6986
1	111882	0.873375	6987
1	111898	0.8735	6988
1	111914	0.873625	6989
1	111930	0.87375	6990
1	111946	0.873875	6991
1	111962	0.874	6992
1	111978	0.874125	6993
1	111994	0.87425	6994
1	112010	0.874375	6995
1	112026	0.8745	6996
1	112042	0.874625	6997
1	112058	0.87475	6998
1	112074	0.874875	6999
1	112090	0.875	7000
1	112106	0.875125	7001
1	112122	0.87525	7002
1	112138	0.875375	7003
1	112154	0.8755	7004
1	112170	0.875625	7005
1	112186	0.87575	7006
1	112202	0.875875	7007
1	112218	0.876	7008
1	112234	0.876125	7009
1	112250	0.87625	7010
1	112266	0.876375	7011
1	112282	0.8765	7012
1	112298	0.876625	7013
1	112314	0.87675	7014
1	112330	0.876875	7015
1	112346	0.877	7016
1	112362	0.877125	7017
1	112378	0.87725	7018
1	112394	0.877375	7019
1	112410	0.8775	7020
1	112426	0.877625	7021
1	112442	0.87775	7022
1	112458	0.877875	7023
1	112474	0.878	7024
1	112490	0.878125	7025
1	112506	0.87825	7026
1	112522	0.878375	7027
1	112538	0.8785	7028
1	112554	0.878625	7029
1	112570	0.87875	7030
1	112586	0.878875	7031
1	112602	0.879	7032
1	112618	0.879125	7033
1	112634	0.87925	7034
1	112650	0.879375	7035
1	112666	0.8795	7036
1	112682	0.879625	7037
1	112698	0.87975	7038
1	112714	0.879875	7039
1	112730	0.88	7040
1	112746	0.880125	7041
1	112762	0.88025	7042
1	112778	0.880375	7043
1	112794	0.8805	7044
1	112810	0.880625	7045
1	112826	0.88075	7046
1	112842	0.880875	7047
1	112858	0.881	7048
1	112874	0.881125	7049
1	112890	0.88125	7050
1	112906	0.881375	7051
1	112922	0.8815	7052
1	112938	0.881625	7053
1	112954	0.88175	7054
1	112970	0.881875	7055
1	112986	0.882	7056
1	113002	0.882125	7057
1	113018	0.88225	7058
1	113034	0.882375	7059
1	113050	0.8825	7060
1	113066	0.882625	7061
1	113082	0.88275	7062
1	113098	0.882875	7063
1	113114	0.883	7064
1	113130	0.883125	7065
1	113146	0.88325	7066
1	113162	0.883375	7067
1	113178	0.8835	7068
1	113194	0.883625	7069
1	113210	0.88375	7070
1	113226	0.883875	7071
1	113242	0.884	7072
1	113258	0.884125	7073
1	113274	0.88425	7074
1	113290	0.884375	7075
1	113306	0.8845	7076
1	113322	0.884625	7077
1	113338	0.88475	7078
1	113354	0.884875	7079
1	113370	0.885	7080
1	113386	0.885125	7081
1	113402	0.88525	7082
1	113418	0.885375	7083
1	113434	0.8855	7084
1	113450	0.885625	7085
1	113466	0.88575	7086
1	113482	0.885875	7087
1	113498	0.886	7088
1	113514	0.886125	7089
1	113530	0.88625	7090
1	113546	0.886375	7091
1	113562	0.8865	7092
1	113578	0.886625	7093
1	113594	0.88675	7094
1	113610	0.886875	7095
1	113626	0.887	7096
1	113642	0.887125	7097
1	113658	0.88725	7098
1	113674	0.887375	7099
1	113690	0.8875	7100
1	113706	0.887625	7101
1	113722	0.88775	7102
1	113738	0.887875	7103
1	113754	0.888	7104
1	113770	0.888125	7105
1	113786	0.88825	7106
1	113802	0.888375	7107
1	113818	0.8885	7108
1	113834	0.888625	7109
1	113850	0.88875	7110
1	113866	0.888875	7111
1	113882	0.889	7112
1	113898	0.889125	7113
1	113914	0.88925	7114
1	113930	0.889375	7115
1	113946	0.8895	7116
1	113962	0.889625	7117
1	113978	0.88975	7118
1	113994	0.889875	7119
1	114010	0.89	7120
1	114026	0.890125	7121
1	114042	0.89025	7122
1	114058	0.890375	7123
1	114074	0.8905	7124
1	114090	0.890625	7125
1	114106	0.89075	7126
1	114122	0.890875	7127
1	114138	0.891	7128
1	114154	0.891125	7129
1	114170	0.89125	7130
1	114186	0.891375	7131
1	114202	0.8915	7132
1	114218	0.891625	7133
1	114234	0.89175	7134
1	114254	0.891875	7135
1	114270	0.892	7136
1	114286	0.892125	7137
1	114302	0.89225	7138
1	114318	0.892375	7139
1	114334	0.8925	7140
1	114350	0.892625	7141
1	114366	0.89275	7142
1	114382	0.892875	7143
1	114398	0.893	7144
1	114414	0.893125	7145
1	114430	0.89325	7146
1	114446	0.893375	7147
1	114462	0.8935	7148
1	114478	0.893625	7149
1	114494	0.89375	7150
1	114510	0.893875	7151
1	114526	0.894	7152
1	114542	0.894125	7153
1	114558	0.89425	7154
1	114574	0.894375	7155
1	114590	0.8945	7156
1	114606	0.894625	7157
1	114622	0.89475	7158
1	114638	0.894875	7159
1	114654	0.895	7160
1	114670	0.895125	7161
1	114686	0.89525	7162
1	114702	0.895375	7163
1	114718	0.8955	7164
1	114734	0.895625	7165
1	114750	0.89575	7166
1	114766	0.895875	7167
1	114782	0.896	7168
1	114798	0.896125	7169
1	114814	0.89625	7170
1	114830	0.896375	7171
1	114846	0.8965	7172
1	114862	0.896625	7173
1	114878	0.89675	7174
1	114894	0.896875	7175
1	114910	0.897	7176
1	114926	0.897125	7177
1	114942	0.89725	7178
1	114958	0.897375	7179
1	114974	0.8975	7180
1	114990	0.897625	7181
1	115006	0.89775	7182
1	115022	0.897875	7183
1	115038	0.898	7184
1	115054	0.898125	7185
1	115070	0.89825	7186
1	115086	0.898375	7187
1	115102	0.8985	7188
1	115118	0.898625	7189
1	115134	0.89875	7190
1	115150	0.898875	7191
1	115166	0.899	7192
1	115182	0.899125	7193
1	115198	0.89925	7194
1	115214	0.899375	7195
1	115230	0.8995	7196
1	115246	0.899625	7197
1	115262	0.89975	7198
1	115278	0.899875	7199
1	115294	0.9	7200
1	115310	0.900125	7201
1	115326	0.90025	7202
1	115342	0.900375	7203
1	115358	0.9005	7204
1	115374	0.900625	7205
1	115390	0.90075	7206
1	115406	0.900875	7207
1	115422	0.901	7208
1	115438	0.901125	7209
1	115454	0.90125	7210
1	115470	0.901375	7211
1	115486	0.9015	7212
1	115502	0.901625	7213
1	115518	0.90175	7214
1	115534	0.901875	7215
1	115550	0.902	7216
1	115566	0.902125	7217
1	115582	0.90225	7218
1	115598	0.902375	7219
1	115614	0.9025	7220
1	115630	0.902625	7221
1	115646	0.90275	7222
1	115662	0.902875	7223
1	115678	0.903	7224
1	115694	0.903125	7225
1	115710	0.90325	7226
1	115726	0.903375	7227
1	115742	0.9035	7228
1	115758	0.903625	7229
1	115774	0.90375	7230
1	115790	0.903875	7231
1	115806	0.904	7232
1	115822	0.904125	7233
1	115838	0.90425	7234
1	115854	0.904375	7235
1	115870	0.9045	7236
1	115886	0.904625	7237
1	115902	0.90475	7238
1	115918	0.904875	7239
1	115934	0.905	7240
1	115950	0.905125	7241
1	115966	0.90525	7242
1	115982	0.905375	7243
1	115998	0.9055	7244
1	116014	0.905625	7245
1	116030	0.90575	7246
1	116046	0.905875	7247
1	116062	0.906	7248
1	116078	0.906125	7249
1	116094	0.90625	7250
1	116110	0.906375	7251
1	116126	0.9065	7252
1	116142	0.906625	7253
1	116158	0.90675	7254
1	116174	0.906875	7255
1	116190	0.907	7256
1	116206	0.907125	7257
1	116222	0.90725	7258
1	116238	0.907375	7259
1	116254	0.9075	7260
1	116270	0.907625	7261
1	116286	0.90775	7262
1	116302	0.907875	7263
1	116318	0.908	7264
1	116334	0.908125	7265
1	116350	0.90825	7266
1	116366	0.908375	7267
1	116382	0.9085	7268
1	116398	0.908625	7269
1	116414	0.90875	7270
1	116430	0.908875	7271
1	116446	0.909	7272
1	116462	0.909125	7273
1	116478	0.90925	7274
1	116494	0.909375	7275
1	116510	0.9095	7276
1	116526	0.909625	7277
1	116542	0.90975	7278
1	116558	0.909875	7279
1	116574	0.91	7280
1	116590	0.910125	7281
1	116606	0.91025	7282
1	116622	0.910375	7283
1	116638	0.9105	7284
1	116654	0.910625	7285
1	116670	0.91075	7286
1	116686	0.910875	7287
1	116702	0.911	7288
1	116718	0.911125	7289
1	116734	0.91125	7290
1	116750	0.911375	7291
1	116766	0.9115	7292
1	116782	0.911625	7293
1	116798	0.91175	7294
1	116814	0.911875	7295
1	116830	0.912	7296
1	116846	0.912125	7297
1	116862	0.91225	7298
1	116878	0.912375	7299
1	116894	0.9125	7300
1	116910	0.912625	7301
1	116926	0.91275	7302
1	116942	0.912875	7303
1	116958	0.913	7304
1	116974	0.913125	7305
1	116990	0.91325	7306
1	117006	0.913375	7307
1	117022	0.9135	7308
1	117038	0.913625	7309
1	117054	0.91375	7310
1	117070	0.913875	7311
1	117086	0.914	7312
1	117102	0.914125	7313
1	117118	0.91425	7314
1	117134	0.914375	7315
1	117150	0.9145	7316
1	117166	0.914625	7317
1	117182	0.91475	7318
1	117198	0.914875	7319
1	117214	0.915	7320
1	117230	0.915125	7321
1	117246	0.91525	7322
1	117262	0.915375	7323
1	117278	0.9155	7324
1	117294	0.915625	7325
1	117310	0.91575	7326
1	117326	0.915875	7327
1	117342	0.916	7328
1	117358	0.916125	7329
1	117374	0.91625	7330
1	117390	0.916375	7331
1	117406	0.9165	7332
1	117422	0.916625	7333
1	117438	0.91675	7334
1	117454	0.916875	7335
1	117470	0.917	7336
1	117486	0.917125	7337
1	117502	0.91725	7338
1	117518	0.917375	7339
1	117534	0.9175	7340
1	117550	0.917625	7341
1	117566	0.91775	7342
1	117582	0.917875	7343
1	117598	0.918	7344
1	117614	0.918125	7345
1	117630	0.91825	7346
1	117646	0.918375	7347
1	117662	0.9185	7348
1	117678	0.918625	7349
1	117694	0.91875	7350
1	117710	0.918875	7351
1	117726	0.919	7352
1	117742	0.919125	7353
1	117758	0.91925	7354
1	117774	0.919375	7355
1	117790	0.9195	7356
1	117806	0.919625	7357
1	117822	0.91975	7358
1	117838	0.919875	7359
1	117854	0.92	7360
1	117870	0.920125	7361
1	117886	0.92025	7362
1	117902	0.920375	7363
1	117918	0.9205	7364
1	117934	0.920625	7365
1	117950	0.92075	7366
1	117966	0.920875	7367
1	117982	0.921	7368
1	117998	0.921125	7369
1	118014	0.92125	7370
1	118030	0.921375	7371
1	118046	0.9215	7372
1	118062	0.921625	7373
1	118078	0.92175	7374
1	118094	0.921875	7375
1	118110	0.922	7376
1	118126	0.922125	7377
1	118142	0.92225	7378
1	118158	0.922375	7379
1	118174	0.9225	7380
1	118190	0.922625	7381
1	118206	0.92275	7382
1	118222	0.922875	7383
1	118238	0.923	7384
1	118254	0.923125	7385
1	118270	0.92325	7386
1	118286	0.923375	7387
1	118302	0.9235	7388
1	118318	0.923625	7389
1	118334	0.92375	7390
1	118350	0.923875	7391
1	118366	0.924	7392
1	118382	0.924125	7393
1	118398	0.92425	7394
1	118414	0.924375	7395
1	118430	0.9245	7396
1	118446	0.924625	7397
1	118462	0.92475	7398
1	118478	0.924875	7399
1	118494	0.925	7400
1	118510	0.925125	7401
1	118526	0.92525	7402
1	118542	0.925375	7403
1	118558	0.9255	7404
1	118574	0.925625	7405
1	118590	0.92575	7406
1	118606	0.925875	7407
1	118622	0.926	7408
1	118638	0.926125	7409
1	118654	0.92625	7410
1	118670	0.926375	7411
1	118686	0.9265	7412
1	118702	0.926625	7413
1	118718	0.92675	7414
1	118734	0.926875	7415
1	118750	0.927	7416
1	118766	0.927125	7417
1	118782	0.92725	7418
1	118798	0.927375	7419
1	118814	0.9275	7420
1	118830	0.927625	7421
1	118846	0.92775	7422
1	118862	0.927875	7423
1	118878	0.928	7424
1	118894	0.928125	7425
1	118910	0.92825	7426
1	118926	0.928375	7427
1	118942	0.9285	7428
1	118958	0.928625	7429
1	118974	0.92875	7430
1	118990	0.928875	7431
1	119006	0.929	7432
1	119026	0.929125	7433
1	119042	0.92925	7434
1	119058	0.929375	7435
1	119074	0.9295	7436
1	119090	0.929625	7437
1	119106	0.92975	7438
1	119122	0.929875	7439
1	119138	0.93	7440
1	119154	0.930125	7441
1	119170	0.93025	7442
1	119186	0.930375	7443
1	119202	0.9305	7444
1	119218	0.930625	7445
1	119234	0.93075	7446
1	119250	0.930875	7447
1	119266	0.931	7448
1	119282	0.931125	7449
1	119298	0.93125	7450
1	119314	0.931375	7451
1	119330	0.9315	7452
1	119346	0.931625	7453
1	119362	0.93175	7454
1	119378	0.931875	7455
1	119394	0.932	7456
1	119410	0.932125	7457
1	119426	0.93225	7458
1	119442	0.932375	7459
1	119458	0.9325	7460
1	119474	0.932625	7461
1	119490	0.93275	7462
1	119506	0.932875	7463
1	119522	0.933	7464
1	119538	0.933125	7465
1	119554	0.93325	7466
1	119570	0.933375	7467
1	119586	0.9335	7468
1	119602	0.933625	7469
1	119618	0.93375	7470
1	119634	0.933875	7471
1	119650	0.934	7472
1	119666	0.934125	7473
1	119682	0.93425	7474
1	119698	0.934375	7475
1	119714	0.9345	7476
1	119730	0.934625	7477
1	119746	0.93475	7478
1	119762	0.934875	7479
1	119778	0.935	7480
1	119794	0.935125	7481
1	119810	0.93525	7482
1	119826	0.935375	7483
1	119842	0.9355	7484
1	119858	0.935625	7485
1	119874	0.93575	7486
1	119890	0.935875	7487
1	119906	0.936	7488
1	119922	0.936125	7489
1	119938	0.93625	7490
1	119954	0.936375	7491
1	119970	0.9365	7492
1	119986	0.936625	7493
1	120002	0.93675	7494
1	120018	0.936875	7495
1	120034	0.937	7496
1	120050	0.937125	7497
1	120066	0.93725	7498
1	120082	0.937375	7499
1	120098	0.9375	7500
1	120114	0.937625	7501
1	120130	0.93775	7502
1	120146	0.937875	7503
1	120162	0.938	7504
1	120178	0.938125	7505
1	120194	0.93825	7506
1	120210	0.938375	7507
1	120226	0.9385	7508
1	120242	0.938625	7509
1	120258	0.93875	7510
1	120274	0.938875	7511
1	120290	0.939	7512
1	120306	0.939125	7513
1	120322	0.93925	7514
1	120338	0.939375	7515
1	120354	0.9395	7516
1	120370	0.939625	7517
1	120386	0.93975	7518
1	120402	0.939875	7519
1	120418	0.94	7520
1	120434	0.940125	7521
1	120450	0.94025	7522
1	120466	0.940375	7523
1	120482	0.9405	7524
1	120498	0.940625	7525
1	120514	0.94075	7526
1	120530	0.940875	7527
1	120546	0.941	7528
1	120562	0.941125	7529
1	120578	0.94125	7530
1	120594	0.941375	7531
1	120610	0.9415	7532
1	120626	0.941625	7533
1	120642	0.94175	7534
1	120658	0.941875	7535
1	120674	0.942	7536
1	120690	0.942125	7537
1	120706	0.94225	7538
1	120722	0.942375	7539
1	120738	0.9425	7540
1	120754	0.942625	7541
1	120770	0.94275	7542
1	120786	0.942875	7543
1	120802	0.943	7544
1	120818	0.943125	7545
1	120834	0.94325	7546
1	120850	0.943375	7547
1	120866	0.9435	7548
1	120882	0.943625	7549
1	120898	0.94375	7550
1	120914	0.943875	7551
1	120930	0.944	7552
1	120946	0.944125	7553
1	120962	0.94425	7554
1	120978	0.944375	7555
1	120994	0.9445	7556
1	121010	0.944625	7557
1	121026	0.94475	7558
1	121042	0.944875	7559
1	121058	0.945	7560
1	121074	0.945125	7561
1	121090	0.94525	7562
1	121106	0.945375	7563
1	121122	0.9455	7564
1	121138	0.945625	7565
1	121154	0.94575	7566
1	121170	0.945875	7567
1	121186	0.946	7568
1	121202	0.946125	7569
1	121218	0.94625	7570
1	121234	0.946375	7571
1	121250	0.9465	7572
1	121266	0.946625	7573
1	121282	0.94675	7574
1	121298	0.946875	7575
1	121314	0.947	7576
1	121330	0.947125	7577
1	121346	0.94725	7578
1	121362	0.947375	7579
1	121378	0.9475	7580
1	121394	0.947625	7581
1	121410	0.94775	7582
1	121426	0.947875	7583
1	121442	0.948	7584
1	121458	0.948125	7585
1	121474	0.94825	7586
1	121490	0.948375	7587
1	121506	0.9485	7588
1	121522	0.948625	7589
1	121538	0.94875	7590
1	121554	0.948875	7591
1	121570	0.949	7592
1	121586	0.949125	7593
1	121602	0.94925	7594
1	121618	0.949375	7595
1	121634	0.9495	7596
1	121650	0.949625	7597
1	121666	0.94975	7598
1	121682	0.949875	7599
1	121698	0.95	7600
1	121714	0.950125	7601
1	121730	0.95025	7602
1	121746	0.950375	7603
1	121762	0.9505	7604
1	121778	0.950625	7605
1	121794	0.95075	7606
1	121810	0.950875	7607
1	121826	0.951	7608
1	121842	0.951125	7609
1	121858	0.95125	7610
1	121874	0.951375	7611
1	121890	0.9515	7612
1	121906	0.951625	7613
1	121922	0.95175	7614
1	121938	0.951875	7615
1	121954	0.952	7616
1	121970	0.952125	7617
1	121986	0.95225	7618
1	122002	0.952375	7619
1	122018	0.9525	7620
1	122034	0.952625	7621
1	122050	0.95275	7622
1	122066	0.952875	7623
1	122082	0.953	7624
1	122098	0.953125	7625
1	122114	0.95325	7626
1	122130	0.953375	7627
1	122146	0.9535	7628
1	122162	0.953625	7629
1	122178	0.95375	7630
1	122194	0.953875	7631
1	122210	0.954	7632
1	122226	0.954125	7633
1	122242	0.95425	7634
1	122258	0.954375	7635
1	122274	0.9545	7636
1	122290	0.954625	7637
1	122306	0.95475	7638
1	122322	0.954875	7639
1	122338	0.955	7640
1	122354	0.955125	7641
1	122370	0.95525	7642
1	122386	0.955375	7643
1	122402	0.9555	7644
1	122418	0.955625	7645
1	122434	0.95575	7646
1	122450	0.955875	7647
1	122466	0.956	7648
1	122482	0.956125	7649
1	122498	0.95625	7650
1	122514	0.956375	7651
1	122530	0.9565	7652
1	122546	0.956625	7653
1	122562	0.95675	7654
1	122578	0.956875	7655
1	122594	0.957	7656
1	122610	0.957125	7657
1	122626	0.95725	7658
1	122642	0.957375	7659
1	122658	0.9575	7660
1	122674	0.957625	7661
1	122690	0.95775	7662
1	122706	0.957875	7663
1	122722	0.958	7664
1	122738	0.958125	7665
1	122754	0.95825	7666
1	122770	0.958375	7667
1	122786	0.9585	7668
1	122802	0.958625	7669
1	122818	0.95875	7670
1	122834	0.958875	7671
1	122850	0.959	7672
1	122866	0.959125	7673
1	122882	0.95925	7674
1	122898	0.959375	7675
1	122914	0.9595	7676
1	122930	0.959625	7677
1	122946	0.95975	7678
1	122962	0.959875	7679
1	122978	0.96	7680
1	122994	0.960125	7681
1	123010	0.96025	7682
1	123026	0.960375	7683
1	123042	0.9605	7684
1	123058	0.960625	7685
1	123074	0.96075	7686
1	123090	0.960875	7687
1	123106	0.961	7688
1	123122	0.961125	7689
1	123138	0.96125	7690
1	123154	0.961375	7691
1	123170	0.9615	7692
1	123186	0.961625	7693
1	123202	0.96175	7694
1	123218	0.961875	7695
1	123234	0.962	7696
1	123250	0.962125	7697
1	123266	0.96225	7698
1	123282	0.962375	7699
1	123298	0.9625	7700
1	123314	0.962625	7701
1	123330	0.96275	7702
1	123346	0.962875	7703
1	123362	0.963	7704
1	123378	0.963125	7705
1	123394	0.96325	7706
1	123410	0.963375	7707
1	123426	0.9635	7708
1	123442	0.963625	7709
1	123458	0.96375	7710
1	123474	0.963875	7711
1	123490	0.964	7712
1	123506	0.964125	7713
1	123522	0.96425	7714
1	123538	0.964375	7715
1	123554	0.9645	7716
1	123570	0.964625	7717
1	123586	0.96475	7718
1	123602	0.964875	7719
1	123618	0.965	7720
1	123634	0.965125	7721
1	123650	0.96525	7722
1	123666	0.965375	7723
1	123682	0.9655	7724
1	123698	0.965625	7725
1	123714	0.96575	7726
1	123730	0.965875	7727
1	123746	0.966	7728
1	123762	0.966125	7729
1	123782	0.96625	7730
1	123798	0.966375	7731
1	123814	0.9665	7732
1	123830	0.966625	7733
1	123846	0.96675	7734
1	123862	0.966875	7735
1	123878	0.967	7736
1	123894	0.967125	7737
1	123910	0.96725	7738
1	123926	0.967375	7739
1	123942	0.9675	7740
1	123958	0.967625	7741
1	123974	0.96775	7742
1	123990	0.967875	7743
1	124006	0.968	7744
1	124022	0.968125	7745
1	124038	0.96825	7746
1	124054	0.968375	7747
1	124070	0.9685	7748
1	124086	0.968625	7749
1	124102	0.96875	7750
1	124118	0.968875	7751
1	124134	0.969	7752
1	124150	0.969125	7753
1	124166	0.96925	7754
1	124182	0.969375	7755
1	124198	0.9695	7756
1	124214	0.969625	7757
1	124230	0.96975	7758
1	124246	0.969875	7759
1	124262	0.97	7760
1	124278	0.970125	7761
1	124294	0.97025	7762
1	124310	0.970375	7763
1	124326	0.9705	7764
1	124342	0.970625	7765
1	124358	0.97075	7766
1	124374	0.970875	7767
1	124390	0.971	7768
1	124406	0.971125	7769
1	124422	0.97125	7770
1	124438	0.971375	7771
1	124454	0.9715	7772
1	124470	0.971625	7773
1	124486	0.97175	7774
1	124502	0.971875	7775
1	124518	0.972	7776
1	124534	0.972125	7777
1	124550	0.97225	7778
1	124566	0.972375	7779
1	124582	0.9725	7780
1	124598	0.972625	7781
1	124614	0.97275	7782
1	124630	0.972875	7783
1	124646	0.973	7784
1	124662	0.973125	7785
1	124678	0.97325	7786
1	124694	0.973375	7787
1	124710	0.9735	7788
1	124726	0.973625	7789
1	124742	0.97375	7790
1	124758	0.973875	7791
1	124774	0.974	7792
1	124790	0.974125	7793
1	124806	0.97425	7794
1	124822	0.974375	7795
1	124838	0.9745	7796
1	124854	0.974625	7797
1	124870	0.97475	7798
1	124886	0.974875	7799
1	124902	0.975	7800
1	124918	0.975125	7801
1	124934	0.97525	7802
1	124950	0.975375	7803
1	124966	0.9755	7804
1	124982	0.975625	7805
1	124998	0.97575	7806
1	125014	0.975875	7807
1	125030	0.976	7808
1	125046	0.976125	7809
1	125062	0.97625	7810
1	125078	0.976375	7811
1	125094	0.9765	7812
1	125110	0.976625	7813
1	125126	0.97675	7814
1	125142	0.976875	7815
1	125158	0.977	7816
1	125174	0.977125	7817
1	125190	0.97725	7818
1	125206	0.977375	7819
1	125222	0.9775	7820
1	125238	0.977625	7821
1	125254	0.97775	7822
1	125270	0.977875	7823
1	125286	0.978	7824
1	125302	0.978125	7825
1	125318	0.97825	7826
1	125334	0.978375	7827
1	125350	0.9785	7828
1	125366	0.978625	7829
1	125382	0.97875	7830
1	125398	0.978875	7831
1	125414	0.979	7832
1	125430	0.979125	7833
1	125446	0.97925	7834
1	125462	0.979375	7835
1	125478	0.9795	7836
1	125494	0.979625	7837
1	125510	0.97975	7838
1	125526	0.979875	7839
1	125542	0.98	7840
1	125558	0.980125	7841
1	125574	0.98025	7842
1	125590	0.980375	7843
1	125606	0.9805	7844
1	125622	0.980625	7845
1	125638	0.98075	7846
1	125654	0.980875	7847
1	125670	0.981	7848
1	125686	0.981125	7849
1	125702	0.98125	7850
1	125718	0.981375	7851
1	125734	0.9815	7852
1	125750	0.981625	7853
1	125766	0.98175	7854
1	125782	0.981875	7855
1	125798	0.982	7856
1	125814	0.982125	7857
1	125830	0.98225	7858
1	125846	0.982375	7859
1	125862	0.9825	7860
1	125878	0.982625	7861
1	125894	0.98275	7862
1	125910	0.982875	7863
1	125926	0.983	7864
1	125942	0.983125	7865
1	125958	0.98325	7866
1	125974	0.983375	7867
1	125990	0.9835	7868
1	126006	0.983625	7869
1	126022	0.98375	7870
1	126038	0.983875	7871
1	126054	0.984	7872
1	126070	0.984125	7873
1	126086	0.98425	7874
1	126102	0.984375	7875
1	126118	0.9845	7876
1	126134	0.984625	7877
1	126150	0.98475	7878
1	126166	0.984875	7879
1	126182	0.985	7880
1	126198	0.985125	7881
1	126214	0.98525	7882
1	126230	0.985375	7883
1	126246	0.9855	7884
1	126262	0.985625	7885
1	126278	0.98575	7886
1	126294	0.985875	7887
1	126310	0.986	7888
1	126326	0.986125	7889
1	126342	0.98625	7890
1	126358	0.986375	7891
1	126374	0.9865	7892
1	126390	0.986625	7893
1	126406	0.98675	7894
1	126422	0.986875	7895
1	126438	0.987	7896
1	126454	0.987125	7897
1	126470	0.98725	7898
1	126486	0.987375	7899
1	126502	0.9875	7900
1	126518	0.987625	7901
1	126534	0.98775	7902
1	126550	0.987875	7903
1	126566	0.988	7904
1	126582	0.988125	7905
1	126598	0.98825	7906
1	126614	0.988375	7907
1	126630	0.9885	7908
1	126646	0.988625	7909
1	126662	0.98875	7910
1	126678	0.988875	7911
1	126694	0.989	7912
1	126710	0.989125	7913
1	126726	0.98925	7914
1	126742	0.989375	7915
1	126758	0.9895	7916
1	126774	0.989625	7917
1	126790	0.98975	7918
1	126806	0.989875	7919
1	126822	0.99	7920
1	126838	0.990125	7921
1	126854	0.99025	7922
1	126870	0.990375	7923
1	126886	0.9905	7924
1	126902	0.990625	7925
1	126918	0.99075	7926
1	126934	0.990875	7927
1	126950	0.991	7928
1	126966	0.991125	7929
1	126982	0.99125	7930
1	126998	0.991375	7931
1	127014	0.9915	7932
1	127030	0.991625	7933
1	127046	0.99175	7934
1	127062	0.991875	7935
1	127078	0.992	7936
1	127094	0.992125	7937
1	127110	0.99225	7938
1	127126	0.992375	7939
1	127142	0.9925	7940
1	127158	0.992625	7941
1	127174	0.99275	7942
1	127190	0.992875	7943
1	127206	0.993	7944
1	127222	0.993125	7945
1	127238	0.99325	7946
1	127254	0.993375	7947
1	127270	0.9935	7948
1	127286	0.993625	7949
1	127302	0.99375	7950
1	127318	0.993875	7951
1	127334	0.994	7952
1	127350	0.994125	7953
1	127366	0.99425	7954
1	127382	0.994375	7955
1	127398	0.9945	7956
1	127414	0.994625	7957
1	127430	0.99475	7958
1	127446	0.994875	7959
1	127462	0.995	7960
1	127478	0.995125	7961
1	127494	0.99525	7962
1	127510	0.995375	7963
1	127526	0.9955	7964
1	127542	0.995625	7965
1	127558	0.99575	7966
1	127574	0.995875	7967
1	127590	0.996	7968
1	127606	0.996125	7969
1	127622	0.99625	7970
1	127638	0.996375	7971
1	127654	0.9965	7972
1	127670	0.996625	7973
1	127686	0.99675	7974
1	127702	0.996875	7975
1	127718	0.997	7976
1	127734	0.997125	7977
1	127750	0.99725	7978
1	127766	0.997375	7979
1	127782	0.9975	7980
1	127798	0.997625	7981
1	127814	0.99775	7982
1	127830	0.997875	7983
1	127846	0.998	7984
1	127862	0.998125	7985
1	127878	0.99825	7986
1	127894	0.998375	7987
1	127910	0.9985	7988
1	127926	0.998625	7989
1	127942	0.99875	7990
1	127958	0.998875	7991
1	127974	0.999	7992
1	127990	0.999125	7993
1	128006	0.99925	7994
1	128022	0.999375	7995
1	128038	0.9995	7996
1	128054	0.999625	7997
1	128070	0.99975	7998
1	128086	0.999875	7999
1	128102	1	8000
2	15	0.000127	1
2	31	0.000252	2
2	47	0.000377	3
2	63	0.000502	4
2	79	0.000627	5
2	95	0.000752	6
2	111	0.000877	7
2	127	0.001002	8
2	143	0.001127	9
2	159	0.001252	10
2	175	0.001377	11
2	191	0.001502	12
2	207	0.001627	13
2	223	0.001752	14
2	239	0.001877	15
2	255	0.002002	16
2	271	0.002127	17
2	287	0.002252	18
2	303	0.002377	19
2	319	0.002502	20
2	335	0.002627	21
2	351	0.002752	22
2	367	0.002877	23
2	383	0.003002	24
2	399	0.003127	25
2	415	0.003252	26
2	431	0.003377	27
2	447	0.003502	28
2	463	0.003627	29
2	479	0.003752	30
2	495	0.003877	31
2	511	0.004002	32
2	527	0.004127	33
2	543	0.004252	34
2	559	0.004377	35
2	575	0.004502	36
2	591	0.004627	37
2	607	0.004752	38
2	623	0.004877	39
2	639	0.005002	40
2	655	0.005127	41
2	671	0.005252	42
2	687	0.005377	43
2	703	0.005502	44
2	719	0.005627	45
2	735	0.005752	46
2	751	0.005877	47
2	767	0.006002	48
2	783	0.006127	49
2	799	0.006252	50
2	815	0.006377	51
2	831	0.006502	52
2	847	0.006627	53
2	863	0.006752	54
2	879	0.006877	55
2	895	0.007002	56
2	911	0.007127	57
2	927	0.007252	58
2	943	0.007377	59
2	959	0.007502	60
2	975	0.007627	61
2	991	0.007752	62
2	1007	0.007877	63
2	1023	0.008002	64
2	1039	0.008127	65
2	1055	0.008252	66
2	1071	0.008377	67
2	1087	0.008502	68
2	1103	0.008627	69
2	1119	0.008752	70
2	1135	0.008877	71
2	1151	0.009002	72
2	1167	0.009127	73
2	1183	0.009252	74
2	1199	0.009377	75
2	1215	0.009502	76
2	1231	0.009627	77
2	1247	0.009752	78
2	1263	0.009877	79
2	1279	0.010002	80
2	1295	0.010127	81
2	1311	0.010252	82
2	1327	0.010377	83
2	1343	0.010502	84
2	1359	0.010627	85
2	1375	0.010752	86
2	1391	0.010877	87
2	1407	0.011002	88
2	1423	0.011127	89
2	1439	0.011252	90
2	1455	0.011377	91
2	1471	0.011502	92
2	1487	0.011627	93
2	1503	0.011752	94
2	1519	0.011877	95
2	1535	0.012002	96
2	1551	0.012127	97
2	1567	0.012252	98
2	1583	0.012377	99
2	1599	0.012502	100
2	1615	0.012627	101
2	1631	0.012752	102
2	1647	0.012877	103
2	1663	0.013002	104
2	1679	0.013127	105
2	1695	0.013252	106
2	1711	0.013377	107
2	1727	0.013502	108
2	1743	0.013627	109
2	1759	0.013752	110
2	1775	0.013877	111
2	1791	0.014002	112
2	1807	0.014127	113
2	1823	0.014252	114
2	1839	0.014377	115
2	1855	0.014502	116
2	1871	0.014627	117
2	1887	0.014752	118
2	1903	0.014877	119
2	1919	0.015002	120
2	1935	0.015127	121
2	1951	0.015252	122
2	1967	0.015377	123
2	1983	0.015502	124
2	1999	0.015627	125
2	2015	0.015752	126
2	2031	0.015877	127
2	2047	0.016002	128
2	2063	0.016127	129
2	2079	0.016252	130
2	2095	0.016377	131
2	2111	0.016502	132
2	2127	0.016627	133
2	2143	0.016752	134
2	2159	0.016877	135
2	2175	0.017002	136
2	2191	0.017127	137
2	2207	0.017252	138
2	2223	0.017377	139
2	2239	0.017502	140
2	2255	0.017627	141
2	2271	0.017752	142
2	2287	0.017877	143
2	2303	0.018002	144
2	2319	0.018127	145
2	2335	0.018252	146
2	2351	0.018377	147
2	2367	0.018502	148
2	2383	0.018627	149
2	2399	0.018752	150
2	2415	0.018877	151
2	2431	0.019002	152
2	2447	0.019127	153
2	2463	0.019252	154
2	2479	0.019377	155
2	2495	0.019502	156
2	2511	0.019627	157
2	2527	0.019752	158
2	2543	0.019877	159
2	2559	0.020002	160
2	2575	0.020127	161
2	2591	0.020252	162
2	2607	0.020377	163
2	2623	0.020502	164
2	2639	0.020627	165
2	2655	0.020752	166
2	2671	0.020877	167
2	2687	0.021002	168
2	2703	0.021127	169
2	2719	0.021252	170
2	2735	0.021377	171
2	2751	0.021502	172
2	2767	0.021627	173
2	2783	0.021752	174
2	2799	0.021877	175
2	2815	0.022002	176
2	2831	0.022127	177
2	2847	0.022252	178
2	2863	0.022377	179
2	2879	0.022502	180
2	2895	0.022627	181
2	2911	0.022752	182
2	2927	0.022877	183
2	2943	0.023002	184
2	2959	0.023127	185
2	2975	0.023252	186
2	2991	0.023377	187
2	3007	0.023502	188
2	3023	0.023627	189
2	3039	0.023752	190
2	3055	0.023877	191
2	3071	0.024002	192
2	3087	0.024127	193
2	3103	0.024252	194
2	3119	0.024377	195
2	3135	0.024502	196
2	3151	0.024627	197
2	3167	0.024752	198
2	3183	0.024877	199
2	3199	0.025002	200
2	3215	0.025127	201
2	3231	0.025252	202
2	3247	0.025377	203
2	3263	0.025502	204
2	3279	0.025627	205
2	3295	0.025752	206
2	3311	0.025877	207
2	3327	0.026002	208
2	3343	0.026127	209
2	3359	0.026252	210
2	3375	0.026377	211
2	3391	0.026502	212
2	3407	0.026627	213
2	3423	0.026752	214
2	3439	0.026877	215
2	3455	0.027002	216
2	3471	0.027127	217
2	3487	0.027252	218
2	3503	0.027377	219
2	3519	0.027502	220
2	3535	0.027627	221
2	3551	0.027752	222
2	3567	0.027877	223
2	3583	0.028002	224
2	3599	0.028127	225
2	3615	0.028252	226
2	3631	0.028377	227
2	3647	0.028502	228
2	3663	0.028627	229
2	3679	0.028752	230
2	3695	0.028877	231
2	3711	0.029002	232
2	3727	0.029127	233
2	3743	0.029252	234
2	3759	0.029377	235
2	3775	0.029502	236
2	3791	0.029627	237
2	3807	0.029752	238
2	3823	0.029877	239
2	3839	0.030002	240
2	3855	0.030127	241
2	3871	0.030252	242
2	3887	0.030377	243
2	3903	0.030502	244
2	3919	0.030627	245
2	3935	0.030752	246
2	3951	0.030877	247
2	3967	0.031002	248
2	3983	0.031127	249
2	3999	0.031252	250
2	4015	0.031377	251
2	4031	0.031502	252
2	4047	0.031627	253
2	4063	0.031752	254
2	4079	0.031877	255
2	4095	0.032002	256
2	4111	0.032127	257
2	4127	0.032252	258
2	4143	0.032377	259
2	4159	0.032502	260
2	4175	0.032627	261
2	4191	0.032752	262
2	4207	0.032877	263
2	4223	0.033002	264
2	4239	0.033127	265
2	4255	0.033252	266
2	4271	0.033377	267
2	4287	0.033502	268
2	4303	0.033627	269
2	4319	0.033752	270
2	4335	0.033877	271
2	4351	0.034002	272
2	4367	0.034127	273
2	4383	0.034252	274
2	4399	0.034377	275
2	4415	0.034502	276
2	4431	0.034627	277
2	4447	0.034752	278
2	4463	0.034877	279
2	4479	0.035002	280
2	4495	0.035127	281
2	4511	0.035252	282
2	4529	0.035377	283
2	4547	0.035502	284
2	4563	0.035627	285
2	4579	0.035752	286
2	4595	0.035877	287
2	4611	0.036002	288
2	4627	0.036127	289
2	4643	0.036252	290
2	4659	0.036377	291
2	4675	0.036502	292
2	4691	0.036627	293
2	4707	0.036752	294
2	4723	0.036877	295
2	4739	0.037002	296
2	4755	0.037127	297
2	4771	0.037252	298
2	4787	0.037377	299
2	4803	0.037502	300
2	4819	0.037627	301
2	4835	0.037752	302
2	4851	0.037877	303
2	4867	0.038002	304
2	4883	0.038127	305
2	4899	0.038252	306
2	4915	0.038377	307
2	4931	0.038502	308
2	4947	0.038627	309
2	4963	0.038752	310
2	4979	0.038877	311
2	4995	0.039002	312
2	5011	0.039127	313
2	5027	0.039252	314
2	5043	0.039377	315
2	5059	0.039502	316
2	5075	0.039627	317
2	5091	0.039752	318
2	5107	0.039877	319
2	5123	0.040002	320
2	5139	0.040127	321
2	5155	0.040252	322
2	5171	0.040377	323
2	5187	0.040502	324
2	5203	0.040627	325
2	5219	0.040752	326
2	5235	0.040877	327
2	5251	0.041002	328
2	5267	0.041127	329
2	5283	0.041252	330
2	5299	0.041377	331
2	5315	0.041502	332
2	5331	0.041627	333
2	5347	0.041752	334
2	5363	0.041877	335
2	5379	0.042002	336
2	5395	0.042127	337
2	5411	0.042252	338
2	5427	0.042377	339
2	5443	0.042502	340
2	5459	0.042627	341
2	5475	0.042752	342
2	5491	0.042877	343
2	5507	0.043002	344
2	5523	0.043127	345
2	5539	0.043252	346
2	5555	0.043377	347
2	5571	0.043502	348
2	5587	0.043627	349
2	5603	0.043752	350
2	5619	0.043877	351
2	5635	0.044002	352
2	5651	0.044127	353
2	5667	0.044252	354
2	5683	0.044377	355
2	5699	0.044502	356
2	5715	0.044627	357
2	5731	0.044752	358
2	5747	0.044877	359
2	5763	0.045002	360
2	5779	0.045127	361
2	5795	0.045252	362
2	5811	0.045377	363
2	5827	0.045502	364
2	5843	0.045627	365
2	5859	0.045752	366
2	5875	0.045877	367
2	5891	0.046002	368
2	5907	0.046127	369
2	5923	0.046252	370
2	5939	0.046377	371
2	5955	0.046502	372
2	5971	0.046627	373
2	5987	0.046752	374
2	6003	0.046877	375
2	6019	0.047002	376
2	6035	0.047127	377
2	6051	0.047252	378
2	6067	0.047377	379
2	6083	0.047502	380
2	6099	0.047627	381
2	6115	0.047752	382
2	6131	0.047877	383
2	6147	0.048002	384
2	6163	0.048127	385
2	6179	0.048252	386
2	6195	0.048377	387
2	6211	0.048502	388
2	6227	0.048627	389
2	6243	0.048752	390
2	6259	0.048877	391
2	6275	0.049002	392
2	6291	0.049127	393
2	6307	0.049252	394
2	6323	0.049377	395
2	6339	0.049502	396
2	6355	0.049627	397
2	6371	0.049752	398
2	6387	0.049877	399
2	6403	0.050002	400
2	6419	0.050127	401
2	6435	0.050252	402
2	6451	0.050377	403
2	6467	0.050502	404
2	6483	0.050627	405
2	6499	0.050752	406
2	6515	0.050877	407
2	6531	0.051002	408
2	6547	0.051127	409
2	6563	0.051252	410
2	6579	0.051377	411
2	6595	0.051502	412
2	6611	0.051627	413
2	6627	0.051752	414
2	6643	0.051877	415
2	6659	0.052002	416
2	6675	0.052127	417
2	6691	0.052252	418
2	6707	0.052377	419
2	6723	0.052502	420
2	6739	0.052627	421
2	6755	0.052752	422
2	6771	0.052877	423
2	6787	0.053002	424
2	6803	0.053127	425
2	6819	0.053252	426
2	6835	0.053377	427
2	6851	0.053502	428
2	6867	0.053627	429
2	6883	0.053752	430
2	6899	0.053877	431
2	6915	0.054002	432
2	6931	0.054127	433
2	6947	0.054252	434
2	6963	0.054377	435
2	6979	0.054502	436
2	6995	0.054627	437
2	7011	0.054752	438
2	7027	0.054877	439
2	7043	0.055002	440
2	7059	0.055127	441
2	7075	0.055252	442
2	7091	0.055377	443
2	7107	0.055502	444
2	7123	0.055627	445
2	7139	0.055752	446
2	7155	0.055877	447
2	7171	0.056002	448
2	7187	0.056127	449
2	7203	0.056252	450
2	7219	0.056377	451
2	7235	0.056502	452
2	7251	0.056627	453
2	7267	0.056752	454
2	7283	0.056877	455
2	7299	0.057002	456
2	7315	0.057127	457
2	7331	0.057252	458
2	7347	0.057377	459
2	7363	0.057502	460
2	7379	0.057627	461
2	7395	0.057752	462
2	7411	0.057877	463
2	7427	0.058002	464
2	7443	0.058127	465
2	7459	0.058252	466
2	7475	0.058377	467
2	7491	0.058502	468
2	7507	0.058627	469
2	7523	0.058752	470
2	7539	0.058877	471
2	7555	0.059002	472
2	7571	0.059127	473
2	7587	0.059252	474
2	7603	0.059377	475
2	7619	0.059502	476
2	7635	0.059627	477
2	7651	0.059752	478
2	7667	0.059877	479
2	7683	0.060002	480
2	7699	0.060127	481
2	7715	0.060252	482
2	7731	0.060377	483
2	7747	0.060502	484
2	7763	0.060627	485
2	7779	0.060752	486
2	7795	0.060877	487
2	7811	0.061002	488
2	7827	0.061127	489
2	7843	0.061252	490
2	7859	0.061377	491
2	7875	0.061502	492
2	7891	0.061627	493
2	7907	0.061752	494
2	7923	0.061877	495
2	7939	0.062002	496
2	7955	0.062127	497
2	7971	0.062252	498
2	7987	0.062377	499
2	8003	0.062502	500
2	8019	0.062627	501
2	8035	0.062752	502
2	8051	0.062877	503
2	8067	0.063002	504
2	8083	0.063127	505
2	8099	0.063252	506
2	8115	0.063377	507
2	8131	0.063502	508
2	8147	0.063627	509
2	8163	0.063752	510
2	8179	0.063877	511
2	8195	0.064002	512
2	8211	0.064127	513
2	8227	0.064252	514
2	8243	0.064377	515
2	8259	0.064502	516
2	8275	0.064627	517
2	8291	0.064752	518
2	8307	0.064877	519
2	8323	0.065002	520
2	8339	0.065127	521
2	8355	0.065252	522
2	8371	0.065377	523
2	8387	0.065502	524
2	8403	0.065627	525
2	8419	0.065752	526
2	8435	0.065877	527
2	8451	0.066002	528
2	8467	0.066127	529
2	8483	0.066252	530
2	8499	0.066377	531
2	8515	0.066502	532
2	8531	0.066627	533
2	8547	0.066752	534
2	8563	0.066877	535
2	8579	0.067002	536
2	8595	0.067127	537
2	8611	0.067252	538
2	8627	0.067377	539
2	8643	0.067502	540
2	8659	0.067627	541
2	8675	0.067752	542
2	8691	0.067877	543
2	8707	0.068002	544
2	8723	0.068127	545
2	8739	0.068252	546
2	8755	0.068377	547
2	8771	0.068502	548
2	8787	0.068627	549
2	8803	0.068752	550
2	8819	0.068877	551
2	8835	0.069002	552
2	8851	0.069127	553
2	8867	0.069252	554
2	8883	0.069377	555
2	8899	0.069502	556
2	8915	0.069627	557
2	8931	0.069752	558
2	8947	0.069877	559
2	8963	0.070002	560
2	8979	0.070127	561
2	8995	0.070252	562
2	9011	0.070377	563
2	9027	0.070502	564
2	9043	0.070627	565
2	9059	0.070752	566
2	9075	0.070877	567
2	9091	0.071002	568
2	9107	0.071127	569
2	9123	0.071252	570
2	9139	0.071377	571
2	9155	0.071502	572
2	9171	0.071627	573
2	9187	0.071752	574
2	9203	0.071877	575
2	9219	0.072002	576
2	9235	0.072127	577
2	9251	0.072252	578
2	9267	0.072377	579
2	9283	0.072502	580
2	9303	0.072627	581
2	9319	0.072752	582
2	9335	0.072877	583
2	9351	0.073002	584
2	9367	0.073127	585
2	9383	0.073252	586
2	9399	0.073377	587
2	9415	0.073502	588
2	9431	0.073627	589
2	9447	0.073752	590
2	9463	0.073877	591
2	9479	0.074002	592
2	9495	0.074127	593
2	9511	0.074252	594
2	9527	0.074377	595
2	9543	0.074502	596
2	9559	0.074627	597
2	9575	0.074752	598
2	9591	0.074877	599
2	9607	0.075002	600
2	9623	0.075127	601
2	9639	0.075252	602
2	9655	0.075377	603
2	9671	0.075502	604
2	9687	0.075627	605
2	9703	0.075752	606
2	9719	0.075877	607
2	9735	0.076002	608
2	9751	0.076127	609
2	9767	0.076252	610
2	9783	0.076377	611
2	9799	0.076502	612
2	9815	0.076627	613
2	9831	0.076752	614
2	9847	0.076877	615
2	9863	0.077002	616
2	9879	0.077127	617
2	9895	0.077252	618
2	9911	0.077377	619
2	9927	0.077502	620
2	9943	0.077627	621
2	9959	0.077752	622
2	9975	0.077877	623
2	9991	0.078002	624
2	10007	0.078127	625
2	10023	0.078252	626
2	10039	0.078377	627
2	10055	0.078502	628
2	10071	0.078627	629
2	10087	0.078752	630
2	10103	0.078877	631
2	10119	0.079002	632
2	10135	0.079127	633
2	10151	0.079252	634
2	10167	0.079377	635
2	10183	0.079502	636
2	10199	0.079627	637
2	10215	0.079752	638
2	10231	0.079877	639
2	10247	0.080002	640
2	10263	0.080127	641
2	10279	0.080252	642
2	10295	0.080377	643
2	10311	0.080502	644
2	10327	0.080627	645
2	10343	0.080752	646
2	10359	0.080877	647
2	10375	0.081002	648
2	10391	0.081127	649
2	10407	0.081252	650
2	10423	0.081377	651
2	10439	0.081502	652
2	10455	0.081627	653
2	10471	0.081752	654
2	10487	0.081877	655
2	10503	0.082002	656
2	10519	0.082127	657
2	10535	0.082252	658
2	10551	0.082377	659
2	10567	0.082502	660
2	10583	0.082627	661
2	10599	0.082752	662
2	10615	0.082877	663
2	10631	0.083002	664
2	10647	0.083127	665
2	10663	0.083252	666
2	10679	0.083377	667
2	10695	0.083502	668
2	10711	0.083627	669
2	10727	0.083752	670
2	10743	0.083877	671
2	10759	0.084002	672
2	10775	0.084127	673
2	10791	0.084252	674
2	10807	0.084377	675
2	10823	0.084502	676
2	10839	0.084627	677
2	10855	0.084752	678
2	10871	0.084877	679
2	10887	0.085002	680
2	10903	0.085127	681
2	10919	0.085252	682
2	10935	0.085377	683
2	10951	0.085502	684
2	10967	0.085627	685
2	10983	0.085752	686
2	10999	0.085877	687
2	11015	0.086002	688
2	11031	0.086127	689
2	11047	0.086252	690
2	11063	0.086377	691
2	11079	0.086502	692
2	11095	0.086627	693
2	11111	0.086752	694
2	11127	0.086877	695
2	11143	0.087002	696
2	11159	0.087127	697
2	11175	0.087252	698
2	11191	0.087377	699
2	11207	0.087502	700
2	11223	0.087627	701
2	11239	0.087752	702
2	11255	0.087877	703
2	11271	0.088002	704
2	11287	0.088127	705
2	11303	0.088252	706
2	11319	0.088377	707
2	11335	0.088502	708
2	11351	0.088627	709
2	11367	0.088752	710
2	11383	0.088877	711
2	11399	0.089002	712
2	11415	0.089127	713
2	11431	0.089252	714
2	11447	0.089377	715
2	11463	0.089502	716
2	11479	0.089627	717
2	11495	0.089752	718
2	11511	0.089877	719
2	11527	0.090002	720
2	11543	0.090127	721
2	11559	0.090252	722
2	11575	0.090377	723
2	11591	0.090502	724
2	11607	0.090627	725
2	11623	0.090752	726
2	11639	0.090877	727
2	11655	0.091002	728
2	11671	0.091127	729
2	11687	0.091252	730
2	11703	0.091377	731
2	11719	0.091502	732
2	11735	0.091627	733
2	11751	0.091752	734
2	11767	0.091877	735
2	11783	0.092002	736
2	11799	0.092127	737
2	11815	0.092252	738
2	11831	0.092377	739
2	11847	0.092502	740
2	11863	0.092627	741
2	11879	0.092752	742
2	11895	0.092877	743
2	11911	0.093002	744
2	11927	0.093127	745
2	11943	0.093252	746
2	11959	0.093377	747
2	11975	0.093502	748
2	11991	0.093627	749
2	12007	0.093752	750
2	12023	0.093877	751
2	12039	0.094002	752
2	12055	0.094127	753
2	12071	0.094252	754
2	12087	0.094377	755
2	12103	0.094502	756
2	12119	0.094627	757
2	12135	0.094752	758
2	12151	0.094877	759
2	12167	0.095002	760
2	12183	0.095127	761
2	12199	0.095252	762
2	12215	0.095377	763
2	12231	0.095502	764
2	12247	0.095627	765
2	12263	0.095752	766
2	12279	0.095877	767
2	12295	0.096002	768
2	12311	0.096127	769
2	12327	0.096252	770
2	12343	0.096377	771
2	12359	0.096502	772
2	12375	0.096627	773
2	12391	0.096752	774
2	12407	0.096877	775
2	12423	0.097002	776
2	12439	0.097127	777
2	12455	0.097252	778
2	12471	0.097377	779
2	12487	0.097502	780
2	12503	0.097627	781
2	12519	0.097752	782
2	12535	0.097877	783
2	12551	0.098002	784
2	12567	0.098127	785
2	12583	0.098252	786
2	12599	0.098377	787
2	12615	0.098502	788
2	12631	0.098627	789
2	12647	0.098752	790
2	12663	0.098877	791
2	12679	0.099002	792
2	12695	0.099127	793
2	12711	0.099252	794
2	12727	0.099377	795
2	12743	0.099502	796
2	12759	0.099627	797
2	12775	0.099752	798
2	12791	0.099877	799
2	12807	0.100002	800
2	12823	0.100127	801
2	12839	0.100252	802
2	12855	0.100377	803
2	12871	0.100502	804
2	12887	0.100627	805
2	12903	0.100752	806
2	12919	0.100877	807
2	12935	0.101002	808
2	12951	0.101127	809
2	12967	0.101252	810
2	12983	0.101377	811
2	12999	0.101502	812
2	13015	0.101627	813
2	13031	0.101752	814
2	13047	0.101877	815
2	13063	0.102002	816
2	13079	0.102127	817
2	13095	0.102252	818
2	13111	0.102377	819
2	13127	0.102502	820
2	13143	0.102627	821
2	13159	0.102752	822
2	13175	0.102877	823
2	13191	0.103002	824
2	13207	0.103127	825
2	13223	0.103252	826
2	13239	0.103377	827
2	13255	0.103502	828
2	13271	0.103627	829
2	13287	0.103752	830
2	13303	0.103877	831
2	13319	0.104002	832
2	13335	0.104127	833
2	13351	0.104252	834
2	13367	0.104377	835
2	13383	0.104502	836
2	13399	0.104627	837
2	13415	0.104752	838
2	13431	0.104877	839
2	13447	0.105002	840
2	13463	0.105127	841
2	13479	0.105252	842
2	13495	0.105377	843
2	13511	0.105502	844
2	13527	0.105627	845
2	13543	0.105752	846
2	13559	0.105877	847
2	13575	0.106002	848
2	13591	0.106127	849
2	13607	0.106252	850
2	13623	0.106377	851
2	13639	0.106502	852
2	13655	0.106627	853
2	13671	0.106752	854
2	13687	0.106877	855
2	13703	0.107002	856
2	13719	0.107127	857
2	13735	0.107252	858
2	13751	0.107377	859
2	13767	0.107502	860
2	13783	0.107627	861
2	13799	0.107752	862
2	13815	0.107877	863
2	13831	0.108002	864
2	13847	0.108127	865
2	13863	0.108252	866
2	13879	0.108377	867
2	13895	0.108502	868
2	13911	0.108627	869
2	13927	0.108752	870
2	13943	0.108877	871
2	13959	0.109002	872
2	13975	0.109127	873
2	13991	0.109252	874
2	14007	0.109377	875
2	14023	0.109502	876
2	14039	0.109627	877
2	14059	0.109752	878
2	14075	0.109877	879
2	14091	0.110002	880
2	14107	0.110127	881
2	14123	0.110252	882
2	14139	0.110377	883
2	14155	0.110502	884
2	14171	0.110627	885
2	14187	0.110752	886
2	14203	0.110877	887
2	14219	0.111002	888
2	14235	0.111127	889
2	14251	0.111252	890
2	14267	0.111377	891
2	14283	0.111502	892
2	14299	0.111627	893
2	14315	0.111752	894
2	14331	0.111877	895
2	14347	0.112002	896
2	14363	0.112127	897
2	14379	0.112252	898
2	14395	0.112377	899
2	14411	0.112502	900
2	14427	0.112627	901
2	14443	0.112752	902
2	14459	0.112877	903
2	14475	0.113002	904
2	14491	0.113127	905
2	14507	0.113252	906
2	14523	0.113377	907
2	14539	0.113502	908
2	14555	0.113627	909
2	14571	0.113752	910
2	14587	0.113877	911
2	14603	0.114002	912
2	14619	0.114127	913
2	14635	0.114252	914
2	14651	0.114377	915
2	14667	0.114502	916
2	14683	0.114627	917
2	14699	0.114752	918
2	14715	0.114877	919
2	14731	0.115002	920
2	14747	0.115127	921
2	14763	0.115252	922
2	14779	0.115377	923
2	14795	0.115502	924
2	14811	0.115627	925
2	14827	0.115752	926
2	14843	0.115877	927
2	14859	0.116002	928
2	14875	0.116127	929
2	14891	0.116252	930
2	14907	0.116377	931
2	14923	0.116502	932
2	14939	0.116627	933
2	14955	0.116752	934
2	14971	0.116877	935
2	14987	0.117002	936
2	15003	0.117127	937
2	15019	0.117252	938
2	15035	0.117377	939
2	15051	0.117502	940
2	15067	0.117627	941
2	15083	0.117752	942
2	15099	0.117877	943
2	15115	0.118002	944
2	15131	0.118127	945
2	15147	0.118252	946
2	15163	0.118377	947
2	15179	0.118502	948
2	15195	0.118627	949
2	15211	0.118752	950
2	15227	0.118877	951
2	15243	0.119002	952
2	15259	0.119127	953
2	15275	0.119252	954
2	15291	0.119377	955
2	15307	0.119502	956
2	15323	0.119627	957
2	15339	0.119752	958
2	15355	0.119877	959
2	15371	0.120002	960
2	15387	0.120127	961
2	15403	0.120252	962
2	15419	0.120377	963
2	15435	0.120502	964
2	15451	0.120627	965
2	15467	0.120752	966
2	15483	0.120877	967
2	15499	0.121002	968
2	15515	0.121127	969
2	15531	0.121252	970
2	15547	0.121377	971
2	15563	0.121502	972
2	15579	0.121627	973
2	15595	0.121752	974
2	15611	0.121877	975
2	15627	0.122002	976
2	15643	0.122127	977
2	15659	0.122252	978
2	15675	0.122377	979
2	15691	0.122502	980
2	15707	0.122627	981
2	15723	0.122752	982
2	15739	0.122877	983
2	15755	0.123002	984
2	15771	0.123127	985
2	15787	0.123252	986
2	15803	0.123377	987
2	15819	0.123502	988
2	15835	0.123627	989
2	15851	0.123752	990
2	15867	0.123877	991
2	15883	0.124002	992
2	15899	0.124127	993
2	15915	0.124252	994
2	15931	0.124377	995
2	15947	0.124502	996
2	15963	0.124627	997
2	15979	0.124752	998
2	15995	0.124877	999
2	16011	0.125002	1000
2	16027	0.125127	1001
2	16043	0.125252	1002
2	16059	0.125377	1003
2	16075	0.125502	1004
2	16091	0.125627	1005
2	16107	0.125752	1006
2	16123	0.125877	1007
2	16139	0.126002	1008
2	16155	0.126127	1009
2	16171	0.126252	1010
2	16187	0.126377	1011
2	16203	0.126502	1012
2	16219	0.126627	1013
2	16235	0.126752	1014
2	16251	0.126877	1015
2	16267	0.127002	1016
2	16283	0.127127	1017
2	16299	0.127252	1018
2	16315	0.127377	1019
2	16331	0.127502	1020
2	16347	0.127627	1021
2	16363	0.127752	1022
2	16379	0.127877	1023
2	16395	0.128002	1024
2	16411	0.128127	1025
2	16427	0.128252	1026
2	16443	0.128377	1027
2	16459	0.128502	1028
2	16475	0.128627	1029
2	16491	0.128752	1030
2	16507	0.128877	1031
2	16523	0.129002	1032
2	16539	0.129127	1033
2	16555	0.129252	1034
2	16571	0.129377	1035
2	16587	0.129502	1036
2	16603	0.129627	1037
2	16619	0.129752	1038
2	16635	0.129877	1039
2	16651	0.130002	1040
2	16667	0.130127	1041
2	16683	0.130252	1042
2	16699	0.130377	1043
2	16715	0.130502	1044
2	16731	0.130627	1045
2	16747	0.130752	1046
2	16763	0.130877	1047
2	16779	0.131002	1048
2	16795	0.131127	1049
2	16811	0.131252	1050
2	16827	0.131377	1051
2	16843	0.131502	1052
2	16859	0.131627	1053
2	16875	0.131752	1054
2	16891	0.131877	1055
2	16907	0.132002	1056
2	16923	0.132127	1057
2	16939	0.132252	1058
2	16955	0.132377	1059
2	16971	0.132502	1060
2	16987	0.132627	1061
2	17003	0.132752	1062
2	17019	0.132877	1063
2	17035	0.133002	1064
2	17051	0.133127	1065
2	17067	0.133252	1066
2	17083	0.133377	1067
2	17099	0.133502	1068
2	17115	0.133627	1069
2	17131	0.133752	1070
2	17147	0.133877	1071
2	17163	0.134002	1072
2	17179	0.134127	1073
2	17195	0.134252	1074
2	17211	0.134377	1075
2	17227	0.134502	1076
2	17243	0.134627	1077
2	17259	0.134752	1078
2	17275	0.134877	1079
2	17291	0.135002	1080
2	17307	0.135127	1081
2	17323	0.135252	1082
2	17339	0.135377	1083
2	17355	0.135502	1084
2	17371	0.135627	1085
2	17387	0.135752	1086
2	17403	0.135877	1087
2	17419	0.136002	1088
2	17435	0.136127	1089
2	17451	0.136252	1090
2	17467	0.136377	1091
2	17483	0.136502	1092
2	17499	0.136627	1093
2	17515	0.136752	1094
2	17531	0.136877	1095
2	17547	0.137002	1096
2	17563	0.137127	1097
2	17579	0.137252	1098
2	17595	0.137377	1099
2	17611	0.137502	1100
2	17627	0.137627	1101
2	17643	0.137752	1102
2	17659	0.137877	1103
2	17675	0.138002	1104
2	17691	0.138127	1105
2	17707	0.138252	1106
2	17723	0.138377	1107
2	17739	0.138502	1108
2	17755	0.138627	1109
2	17771	0.138752	1110
2	17787	0.138877	1111
2	17803	0.139002	1112
2	17819	0.139127	1113
2	17835	0.139252	1114
2	17851	0.139377	1115
2	17867	0.139502	1116
2	17883	0.139627	1117
2	17899	0.139752	1118
2	17915	0.139877	1119
2	17931	0.140002	1120
2	17947	0.140127	1121
2	17963	0.140252	1122
2	17979	0.140377	1123
2	17995	0.140502	1124
2	18011	0.140627	1125
2	18027	0.140752	1126
2	18043	0.140877	1127
2	18059	0.141002	1128
2	18075	0.141127	1129
2	18091	0.141252	1130
2	18107	0.141377	1131
2	18123	0.141502	1132
2	18139	0.141627	1133
2	18155	0.141752	1134
2	18171	0.141877	1135
2	18187	0.142002	1136
2	18203	0.142127	1137
2	18219	0.142252	1138
2	18235	0.142377	1139
2	18251	0.142502	1140
2	18267	0.142627	1141
2	18283	0.142752	1142
2	18299	0.142877	1143
2	18315	0.143002	1144
2	18331	0.143127	1145
2	18347	0.143252	1146
2	18363	0.143377	1147
2	18379	0.143502	1148
2	18395	0.143627	1149
2	18411	0.143752	1150
2	18427	0.143877	1151
2	18443	0.144002	1152
2	18459	0.144127	1153
2	18475	0.144252	1154
2	18491	0.144377	1155
2	18507	0.144502	1156
2	18523	0.144627	1157
2	18539	0.144752	1158
2	18555	0.144877	1159
2	18571	0.145002	1160
2	18587	0.145127	1161
2	18603	0.145252	1162
2	18619	0.145377	1163
2	18635	0.145502	1164
2	18651	0.145627	1165
2	18667	0.145752	1166
2	18683	0.145877	1167
2	18699	0.146002	1168
2	18715	0.146127	1169
2	18731	0.146252	1170
2	18747	0.146377	1171
2	18763	0.146502	1172
2	18779	0.146627	1173
2	18795	0.146752	1174
2	18815	0.146877	1175
2	18831	0.147002	1176
2	18847	0.147127	1177
2	18863	0.147252	1178
2	18879	0.147377	1179
2	18895	0.147502	1180
2	18911	0.147627	1181
2	18927	0.147752	1182
2	18943	0.147877	1183
2	18959	0.148002	1184
2	18975	0.148127	1185
2	18991	0.148252	1186
2	19007	0.148377	1187
2	19023	0.148502	1188
2	19039	0.148627	1189
2	19055	0.148752	1190
2	19071	0.148877	1191
2	19087	0.149002	1192
2	19103	0.149127	1193
2	19119	0.149252	1194
2	19135	0.149377	1195
2	19151	0.149502	1196
2	19167	0.149627	1197
2	19183	0.149752	1198
2	19199	0.149877	1199
2	19215	0.150002	1200
2	19231	0.150127	1201
2	19247	0.150252	1202
2	19263	0.150377	1203
2	19279	0.150502	1204
2	19295	0.150627	1205
2	19311	0.150752	1206
2	19327	0.150877	1207
2	19343	0.151002	1208
2	19359	0.151127	1209
2	19375	0.151252	1210
2	19391	0.151377	1211
2	19407	0.151502	1212
2	19423	0.151627	1213
2	19439	0.151752	1214
2	19455	0.151877	1215
2	19471	0.152002	1216
2	19487	0.152127	1217
2	19503	0.152252	1218
2	19519	0.152377	1219
2	19535	0.152502	1220
2	19551	0.152627	1221
2	19567	0.152752	1222
2	19583	0.152877	1223
2	19599	0.153002	1224
2	19615	0.153127	1225
2	19631	0.153252	1226
2	19647	0.153377	1227
2	19663	0.153502	1228
2	19679	0.153627	1229
2	19695	0.153752	1230
2	19711	0.153877	1231
2	19727	0.154002	1232
2	19743	0.154127	1233
2	19759	0.154252	1234
2	19775	0.154377	1235
2	19791	0.154502	1236
2	19807	0.154627	1237
2	19823	0.154752	1238
2	19839	0.154877	1239
2	19855	0.155002	1240
2	19871	0.155127	1241
2	19887	0.155252	1242
2	19903	0.155377	1243
2	19919	0.155502	1244
2	19935	0.155627	1245
2	19951	0.155752	1246
2	19967	0.155877	1247
2	19983	0.156002	1248
2	19999	0.156127	1249
2	20015	0.156252	1250
2	20031	0.156377	1251
2	20047	0.156502	1252
2	20063	0.156627	1253
2	20079	0.156752	1254
2	20095	0.156877	1255
2	20111	0.157002	1256
2	20127	0.157127	1257
2	20143	0.157252	1258
2	20159	0.157377	1259
2	20175	0.157502	1260
2	20191	0.157627	1261
2	20207	0.157752	1262
2	20223	0.157877	1263
2	20239	0.158002	1264
2	20255	0.158127	1265
2	20271	0.158252	1266
2	20287	0.158377	1267
2	20303	0.158502	1268
2	20319	0.158627	1269
2	20335	0.158752	1270
2	20351	0.158877	1271
2	20367	0.159002	1272
2	20383	0.159127	1273
2	20399	0.159252	1274
2	20415	0.159377	1275
2	20431	0.159502	1276
2	20447	0.159627	1277
2	20463	0.159752	1278
2	20479	0.159877	1279
2	20495	0.160002	1280
2	20511	0.160127	1281
2	20527	0.160252	1282
2	20543	0.160377	1283
2	20559	0.160502	1284
2	20575	0.160627	1285
2	20591	0.160752	1286
2	20607	0.160877	1287
2	20623	0.161002	1288
2	20639	0.161127	1289
2	20655	0.161252	1290
2	20671	0.161377	1291
2	20687	0.161502	1292
2	20703	0.161627	1293
2	20719	0.161752	1294
2	20735	0.161877	1295
2	20751	0.162002	1296
2	20767	0.162127	1297
2	20783	0.162252	1298
2	20799	0.162377	1299
2	20815	0.162502	1300
2	20831	0.162627	1301
2	20847	0.162752	1302
2	20863	0.162877	1303
2	20879	0.163002	1304
2	20895	0.163127	1305
2	20911	0.163252	1306
2	20927	0.163377	1307
2	20943	0.163502	1308
2	20959	0.163627	1309
2	20975	0.163752	1310
2	20991	0.163877	1311
2	21007	0.164002	1312
2	21023	0.164127	1313
2	21039	0.164252	1314
2	21055	0.164377	1315
2	21071	0.164502	1316
2	21087	0.164627	1317
2	21103	0.164752	1318
2	21119	0.164877	1319
2	21135	0.165002	1320
2	21151	0.165127	1321
2	21167	0.165252	1322
2	21183	0.165377	1323
2	21199	0.165502	1324
2	21215	0.165627	1325
2	21231	0.165752	1326
2	21247	0.165877	1327
2	21263	0.166002	1328
2	21279	0.166127	1329
2	21295	0.166252	1330
2	21311	0.166377	1331
2	21327	0.166502	1332
2	21343	0.166627	1333
2	21359	0.166752	1334
2	21375	0.166877	1335
2	21391	0.167002	1336
2	21407	0.167127	1337
2	21423	0.167252	1338
2	21439	0.167377	1339
2	21455	0.167502	1340
2	21471	0.167627	1341
2	21487	0.167752	1342
2	21503	0.167877	1343
2	21519	0.168002	1344
2	21535	0.168127	1345
2	21551	0.168252	1346
2	21567	0.168377	1347
2	21583	0.168502	1348
2	21599	0.168627	1349
2	21615	0.168752	1350
2	21631	0.168877	1351
2	21647	0.169002	1352
2	21663	0.169127	1353
2	21679	0.169252	1354
2	21695	0.169377	1355
2	21711	0.169502	1356
2	21727	0.169627	1357
2	21743	0.169752	1358
2	21759	0.169877	1359
2	21775	0.170002	1360
2	21791	0.170127	1361
2	21807	0.170252	1362
2	21823	0.170377	1363
2	21839	0.170502	1364
2	21855	0.170627	1365
2	21871	0.170752	1366
2	21887	0.170877	1367
2	21903	0.171002	1368
2	21919	0.171127	1369
2	21935	0.171252	1370
2	21951	0.171377	1371
2	21967	0.171502	1372
2	21983	0.171627	1373
2	21999	0.171752	1374
2	22015	0.171877	1375
2	22031	0.172002	1376
2	22047	0.172127	1377
2	22063	0.172252	1378
2	22079	0.172377	1379
2	22095	0.172502	1380
2	22111	0.172627	1381
2	22127	0.172752	1382
2	22143	0.172877	1383
2	22159	0.173002	1384
2	22175	0.173127	1385
2	22191	0.173252	1386
2	22207	0.173377	1387
2	22223	0.173502	1388
2	22239	0.173627	1389
2	22255	0.173752	1390
2	22271	0.173877	1391
2	22287	0.174002	1392
2	22303	0.174127	1393
2	22319	0.174252	1394
2	22335	0.174377	1395
2	22351	0.174502	1396
2	22367	0.174627	1397
2	22383	0.174752	1398
2	22399	0.174877	1399
2	22415	0.175002	1400
2	22431	0.175127	1401
2	22447	0.175252	1402
2	22463	0.175377	1403
2	22479	0.175502	1404
2	22495	0.175627	1405
2	22511	0.175752	1406
2	22527	0.175877	1407
2	22543	0.176002	1408
2	22559	0.176127	1409
2	22575	0.176252	1410
2	22591	0.176377	1411
2	22607	0.176502	1412
2	22623	0.176627	1413
2	22639	0.176752	1414
2	22655	0.176877	1415
2	22671	0.177002	1416
2	22687	0.177127	1417
2	22703	0.177252	1418
2	22719	0.177377	1419
2	22735	0.177502	1420
2	22751	0.177627	1421
2	22767	0.177752	1422
2	22783	0.177877	1423
2	22799	0.178002	1424
2	22815	0.178127	1425
2	22831	0.178252	1426
2	22847	0.178377	1427
2	22863	0.178502	1428
2	22879	0.178627	1429
2	22895	0.178752	1430
2	22911	0.178877	1431
2	22927	0.179002	1432
2	22943	0.179127	1433
2	22959	0.179252	1434
2	22975	0.179377	1435
2	22991	0.179502	1436
2	23007	0.179627	1437
2	23023	0.179752	1438
2	23039	0.179877	1439
2	23055	0.180002	1440
2	23071	0.180127	1441
2	23087	0.180252	1442
2	23103	0.180377	1443
2	23119	0.180502	1444
2	23135	0.180627	1445
2	23151	0.180752	1446
2	23167	0.180877	1447
2	23183	0.181002	1448
2	23199	0.181127	1449
2	23215	0.181252	1450
2	23231	0.181377	1451
2	23247	0.181502	1452
2	23263	0.181627	1453
2	23279	0.181752	1454
2	23295	0.181877	1455
2	23311	0.182002	1456
2	23327	0.182127	1457
2	23343	0.182252	1458
2	23359	0.182377	1459
2	23375	0.182502	1460
2	23391	0.182627	1461
2	23407	0.182752	1462
2	23423	0.182877	1463
2	23439	0.183002	1464
2	23455	0.183127	1465
2	23471	0.183252	1466
2	23487	0.183377	1467
2	23503	0.183502	1468
2	23519	0.183627	1469
2	23535	0.183752	1470
2	23551	0.183877	1471
2	23567	0.184002	1472
2	23587	0.184127	1473
2	23603	0.184252	1474
2	23619	0.184377	1475
2	23635	0.184502	1476
2	23651	0.184627	1477
2	23667	0.184752	1478
2	23683	0.184877	1479
2	23699	0.185002	1480
2	23715	0.185127	1481
2	23731	0.185252	1482
2	23747	0.185377	1483
2	23763	0.185502	1484
2	23779	0.185627	1485
2	23795	0.185752	1486
2	23811	0.185877	1487
2	23827	0.186002	1488
2	23843	0.186127	1489
2	23859	0.186252	1490
2	23875	0.186377	1491
2	23891	0.186502	1492
2	23907	0.186627	1493
2	23923	0.186752	1494
2	23939	0.186877	1495
2	23955	0.187002	1496
2	23971	0.187127	1497
2	23987	0.187252	1498
2	24003	0.187377	1499
2	24019	0.187502	1500
2	24035	0.187627	1501
2	24051	0.187752	1502
2	24067	0.187877	1503
2	24083	0.188002	1504
2	24099	0.188127	1505
2	24115	0.188252	1506
2	24131	0.188377	1507
2	24147	0.188502	1508
2	24163	0.188627	1509
2	24179	0.188752	1510
2	24195	0.188877	1511
2	24211	0.189002	1512
2	24227	0.189127	1513
2	24243	0.189252	1514
2	24259	0.189377	1515
2	24275	0.189502	1516
2	24291	0.189627	1517
2	24307	0.189752	1518
2	24323	0.189877	1519
2	24339	0.190002	1520
2	24355	0.190127	1521
2	24371	0.190252	1522
2	24387	0.190377	1523
2	24403	0.190502	1524
2	24419	0.190627	1525
2	24435	0.190752	1526
2	24451	0.190877	1527
2	24467	0.191002	1528
2	24483	0.191127	1529
2	24499	0.191252	1530
2	24515	0.191377	1531
2	24531	0.191502	1532
2	24547	0.191627	1533
2	24563	0.191752	1534
2	24579	0.191877	1535
2	24595	0.192002	1536
2	24611	0.192127	1537
2	24627	0.192252	1538
2	24643	0.192377	1539
2	24659	0.192502	1540
2	24675	0.192627	1541
2	24691	0.192752	1542
2	24707	0.192877	1543
2	24723	0.193002	1544
2	24739	0.193127	1545
2	24755	0.193252	1546
2	24771	0.193377	1547
2	24787	0.193502	1548
2	24803	0.193627	1549
2	24819	0.193752	1550
2	24835	0.193877	1551
2	24851	0.194002	1552
2	24867	0.194127	1553
2	24883	0.194252	1554
2	24899	0.194377	1555
2	24915	0.194502	1556
2	24931	0.194627	1557
2	24947	0.194752	1558
2	24963	0.194877	1559
2	24979	0.195002	1560
2	24995	0.195127	1561
2	25011	0.195252	1562
2	25027	0.195377	1563
2	25043	0.195502	1564
2	25059	0.195627	1565
2	25075	0.195752	1566
2	25091	0.195877	1567
2	25107	0.196002	1568
2	25123	0.196127	1569
2	25139	0.196252	1570
2	25155	0.196377	1571
2	25171	0.196502	1572
2	25187	0.196627	1573
2	25203	0.196752	1574
2	25219	0.196877	1575
2	25235	0.197002	1576
2	25251	0.197127	1577
2	25267	0.197252	1578
2	25283	0.197377	1579
2	25299	0.197502	1580
2	25315	0.197627	1581
2	25331	0.197752	1582
2	25347	0.197877	1583
2	25363	0.198002	1584
2	25379	0.198127	1585
2	25395	0.198252	1586
2	25411	0.198377	1587
2	25427	0.198502	1588
2	25443	0.198627	1589
2	25459	0.198752	1590
2	25475	0.198877	1591
2	25491	0.199002	1592
2	25507	0.199127	1593
2	25523	0.199252	1594
2	25539	0.199377	1595
2	25555	0.199502	1596
2	25571	0.199627	1597
2	25587	0.199752	1598
2	25603	0.199877	1599
2	25619	0.200002	1600
2	25635	0.200127	1601
2	25651	0.200252	1602
2	25667	0.200377	1603
2	25683	0.200502	1604
2	25699	0.200627	1605
2	25715	0.200752	1606
2	25731	0.200877	1607
2	25747	0.201002	1608
2	25763	0.201127	1609
2	25779	0.201252	1610
2	25795	0.201377	1611
2	25811	0.201502	1612
2	25827	0.201627	1613
2	25843	0.201752	1614
2	25859	0.201877	1615
2	25875	0.202002	1616
2	25891	0.202127	1617
2	25907	0.202252	1618
2	25923	0.202377	1619
2	25939	0.202502	1620
2	25955	0.202627	1621
2	25971	0.202752	1622
2	25987	0.202877	1623
2	26003	0.203002	1624
2	26019	0.203127	1625
2	26035	0.203252	1626
2	26051	0.203377	1627
2	26067	0.203502	1628
2	26083	0.203627	1629
2	26099	0.203752	1630
2	26115	0.203877	1631
2	26131	0.204002	1632
2	26147	0.204127	1633
2	26163	0.204252	1634
2	26179	0.204377	1635
2	26195	0.204502	1636
2	26211	0.204627	1637
2	26227	0.204752	1638
2	26243	0.204877	1639
2	26259	0.205002	1640
2	26275	0.205127	1641
2	26291	0.205252	1642
2	26307	0.205377	1643
2	26323	0.205502	1644
2	26339	0.205627	1645
2	26355	0.205752	1646
2	26371	0.205877	1647
2	26387	0.206002	1648
2	26403	0.206127	1649
2	26419	0.206252	1650
2	26435	0.206377	1651
2	26451	0.206502	1652
2	26467	0.206627	1653
2	26483	0.206752	1654
2	26499	0.206877	1655
2	26515	0.207002	1656
2	26531	0.207127	1657
2	26547	0.207252	1658
2	26563	0.207377	1659
2	26579	0.207502	1660
2	26595	0.207627	1661
2	26611	0.207752	1662
2	26627	0.207877	1663
2	26643	0.208002	1664
2	26659	0.208127	1665
2	26675	0.208252	1666
2	26691	0.208377	1667
2	26707	0.208502	1668
2	26723	0.208627	1669
2	26739	0.208752	1670
2	26755	0.208877	1671
2	26771	0.209002	1672
2	26787	0.209127	1673
2	26803	0.209252	1674
2	26819	0.209377	1675
2	26835	0.209502	1676
2	26851	0.209627	1677
2	26867	0.209752	1678
2	26883	0.209877	1679
2	26899	0.210002	1680
2	26915	0.210127	1681
2	26931	0.210252	1682
2	26947	0.210377	1683
2	26963	0.210502	1684
2	26979	0.210627	1685
2	26995	0.210752	1686
2	27011	0.210877	1687
2	27027	0.211002	1688
2	27043	0.211127	1689
2	27059	0.211252	1690
2	27075	0.211377	1691
2	27091	0.211502	1692
2	27107	0.211627	1693
2	27123	0.211752	1694
2	27139	0.211877	1695
2	27155	0.212002	1696
2	27171	0.212127	1697
2	27187	0.212252	1698
2	27203	0.212377	1699
2	27219	0.212502	1700
2	27235	0.212627	1701
2	27251	0.212752	1702
2	27267	0.212877	1703
2	27283	0.213002	1704
2	27299	0.213127	1705
2	27315	0.213252	1706
2	27331	0.213377	1707
2	27347	0.213502	1708
2	27363	0.213627	1709
2	27379	0.213752	1710
2	27395	0.213877	1711
2	27411	0.214002	1712
2	27427	0.214127	1713
2	27443	0.214252	1714
2	27459	0.214377	1715
2	27475	0.214502	1716
2	27491	0.214627	1717
2	27507	0.214752	1718
2	27523	0.214877	1719
2	27539	0.215002	1720
2	27555	0.215127	1721
2	27571	0.215252	1722
2	27587	0.215377	1723
2	27603	0.215502	1724
2	27619	0.215627	1725
2	27635	0.215752	1726
2	27651	0.215877	1727
2	27667	0.216002	1728
2	27683	0.216127	1729
2	27699	0.216252	1730
2	27715	0.216377	1731
2	27731	0.216502	1732
2	27747	0.216627	1733
2	27763	0.216752	1734
2	27779	0.216877	1735
2	27795	0.217002	1736
2	27811	0.217127	1737
2	27827	0.217252	1738
2	27843	0.217377	1739
2	27859	0.217502	1740
2	27875	0.217627	1741
2	27891	0.217752	1742
2	27907	0.217877	1743
2	27923	0.218002	1744
2	27939	0.218127	1745
2	27955	0.218252	1746
2	27971	0.218377	1747
2	27987	0.218502	1748
2	28003	0.218627	1749
2	28019	0.218752	1750
2	28035	0.218877	1751
2	28051	0.219002	1752
2	28067	0.219127	1753
2	28083	0.219252	1754
2	28099	0.219377	1755
2	28115	0.219502	1756
2	28131	0.219627	1757
2	28147	0.219752	1758
2	28163	0.219877	1759
2	28179	0.220002	1760
2	28195	0.220127	1761
2	28211	0.220252	1762
2	28227	0.220377	1763
2	28243	0.220502	1764
2	28259	0.220627	1765
2	28275	0.220752	1766
2	28291	0.220877	1767
2	28307	0.221002	1768
2	28323	0.221127	1769
2	28343	0.221252	1770
2	28359	0.221377	1771
2	28375	0.221502	1772
2	28391	0.221627	1773
2	28407	0.221752	1774
2	28423	0.221877	1775
2	28439	0.222002	1776
2	28455	0.222127	1777
2	28471	0.222252	1778
2	28487	0.222377	1779
2	28503	0.222502	1780
2	28519	0.222627	1781
2	28535	0.222752	1782
2	28551	0.222877	1783
2	28567	0.223002	1784
2	28583	0.223127	1785
2	28599	0.223252	1786
2	28615	0.223377	1787
2	28631	0.223502	1788
2	28647	0.223627	1789
2	28663	0.223752	1790
2	28679	0.223877	1791
2	28695	0.224002	1792
2	28711	0.224127	1793
2	28727	0.224252	1794
2	28743	0.224377	1795
2	28759	0.224502	1796
2	28775	0.224627	1797
2	28791	0.224752	1798
2	28807	0.224877	1799
2	28823	0.225002	1800
2	28839	0.225127	1801
2	28855	0.225252	1802
2	28871	0.225377	1803
2	28887	0.225502	1804
2	28903	0.225627	1805
2	28919	0.225752	1806
2	28935	0.225877	1807
2	28951	0.226002	1808
2	28967	0.226127	1809
2	28983	0.226252	1810
2	28999	0.226377	1811
2	29015	0.226502	1812
2	29031	0.226627	1813
2	29047	0.226752	1814
2	29063	0.226877	1815
2	29079	0.227002	1816
2	29095	0.227127	1817
2	29111	0.227252	1818
2	29127	0.227377	1819
2	29143	0.227502	1820
2	29159	0.227627	1821
2	29175	0.227752	1822
2	29191	0.227877	1823
2	29207	0.228002	1824
2	29223	0.228127	1825
2	29239	0.228252	1826
2	29255	0.228377	1827
2	29271	0.228502	1828
2	29287	0.228627	1829
2	29303	0.228752	1830
2	29319	0.228877	1831
2	29335	0.229002	1832
2	29351	0.229127	1833
2	29367	0.229252	1834
2	29383	0.229377	1835
2	29399	0.229502	1836
2	29415	0.229627	1837
2	29431	0.229752	1838
2	29447	0.229877	1839
2	29463	0.230002	1840
2	29479	0.230127	1841
2	29495	0.230252	1842
2	29511	0.230377	1843
2	29527	0.230502	1844
2	29543	0.230627	1845
2	29559	0.230752	1846
2	29575	0.230877	1847
2	29591	0.231002	1848
2	29607	0.231127	1849
2	29623	0.231252	1850
2	29639	0.231377	1851
2	29655	0.231502	1852
2	29671	0.231627	1853
2	29687	0.231752	1854
2	29703	0.231877	1855
2	29719	0.232002	1856
2	29735	0.232127	1857
2	29751	0.232252	1858
2	29767	0.232377	1859
2	29783	0.232502	1860
2	29799	0.232627	1861
2	29815	0.232752	1862
2	29831	0.232877	1863
2	29847	0.233002	1864
2	29863	0.233127	1865
2	29879	0.233252	1866
2	29895	0.233377	1867
2	29911	0.233502	1868
2	29927	0.233627	1869
2	29943	0.233752	1870
2	29959	0.233877	1871
2	29975	0.234002	1872
2	29991	0.234127	1873
2	30007	0.234252	1874
2	30023	0.234377	1875
2	30039	0.234502	1876
2	30055	0.234627	1877
2	30071	0.234752	1878
2	30087	0.234877	1879
2	30103	0.235002	1880
2	30119	0.235127	1881
2	30135	0.235252	1882
2	30151	0.235377	1883
2	30167	0.235502	1884
2	30183	0.235627	1885
2	30199	0.235752	1886
2	30215	0.235877	1887
2	30231	0.236002	1888
2	30247	0.236127	1889
2	30263	0.236252	1890
2	30279	0.236377	1891
2	30295	0.236502	1892
2	30311	0.236627	1893
2	30327	0.236752	1894
2	30343	0.236877	1895
2	30359	0.237002	1896
2	30375	0.237127	1897
2	30391	0.237252	1898
2	30407	0.237377	1899
2	30423	0.237502	1900
2	30439	0.237627	1901
2	30455	0.237752	1902
2	30471	0.237877	1903
2	30487	0.238002	1904
2	30503	0.238127	1905
2	30519	0.238252	1906
2	30535	0.238377	1907
2	30551	0.238502	1908
2	30567	0.238627	1909
2	30583	0.238752	1910
2	30599	0.238877	1911
2	30615	0.239002	1912
2	30631	0.239127	1913
2	30647	0.239252	1914
2	30663	0.239377	1915
2	30679	0.239502	1916
2	30695	0.239627	1917
2	30711	0.239752	1918
2	30727	0.239877	1919
2	30743	0.240002	1920
2	30759	0.240127	1921
2	30775	0.240252	1922
2	30791	0.240377	1923
2	30807	0.240502	1924
2	30823	0.240627	1925
2	30839	0.240752	1926
2	30855	0.240877	1927
2	30871	0.241002	1928
2	30887	0.241127	1929
2	30903	0.241252	1930
2	30919	0.241377	1931
2	30935	0.241502	1932
2	30951	0.241627	1933
2	30967	0.241752	1934
2	30983	0.241877	1935
2	30999	0.242002	1936
2	31015	0.242127	1937
2	31031	0.242252	1938
2	31047	0.242377	1939
2	31063	0.242502	1940
2	31079	0.242627	1941
2	31095	0.242752	1942
2	31111	0.242877	1943
2	31127	0.243002	1944
2	31143	0.243127	1945
2	31159	0.243252	1946
2	31175	0.243377	1947
2	31191	0.243502	1948
2	31207	0.243627	1949
2	31223	0.243752	1950
2	31239	0.243877	1951
2	31255	0.244002	1952
2	31271	0.244127	1953
2	31287	0.244252	1954
2	31303	0.244377	1955
2	31319	0.244502	1956
2	31335	0.244627	1957
2	31351	0.244752	1958
2	31367	0.244877	1959
2	31383	0.245002	1960
2	31399	0.245127	1961
2	31415	0.245252	1962
2	31431	0.245377	1963
2	31447	0.245502	1964
2	31463	0.245627	1965
2	31479	0.245752	1966
2	31495	0.245877	1967
2	31511	0.246002	1968
2	31527	0.246127	1969
2	31543	0.246252	1970
2	31559	0.246377	1971
2	31575	0.246502	1972
2	31591	0.246627	1973
2	31607	0.246752	1974
2	31623	0.246877	1975
2	31639	0.247002	1976
2	31655	0.247127	1977
2	31671	0.247252	1978
2	31687	0.247377	1979
2	31703	0.247502	1980
2	31719	0.247627	1981
2	31735	0.247752	1982
2	31751	0.247877	1983
2	31767	0.248002	1984
2	31783	0.248127	1985
2	31799	0.248252	1986
2	31815	0.248377	1987
2	31831	0.248502	1988
2	31847	0.248627	1989
2	31863	0.248752	1990
2	31879	0.248877	1991
2	31895	0.249002	1992
2	31911	0.249127	1993
2	31927	0.249252	1994
2	31943	0.249377	1995
2	31959	0.249502	1996
2	31975	0.249627	1997
2	31991	0.249752	1998
2	32007	0.249877	1999
2	32023	0.250002	2000
2	32039	0.250127	2001
2	32055	0.250252	2002
2	32071	0.250377	2003
2	32087	0.250502	2004
2	32103	0.250627	2005
2	32119	0.250752	2006
2	32135	0.250877	2007
2	32151	0.251002	2008
2	32167	0.251127	2009
2	32183	0.251252	2010
2	32199	0.251377	2011
2	32215	0.251502	2012
2	32231	0.251627	2013
2	32247	0.251752	2014
2	32263	0.251877	2015
2	32279	0.252002	2016
2	32295	0.252127	2017
2	32311	0.252252	2018
2	32327	0.252377	2019
2	32343	0.252502	2020
2	32359	0.252627	2021
2	32375	0.252752	2022
2	32391	0.252877	2023
2	32407	0.253002	2024
2	32423	0.253127	2025
2	32439	0.253252	2026
2	32455	0.253377	2027
2	32471	0.253502	2028
2	32487	0.253627	2029
2	32503	0.253752	2030
2	32519	0.253877	2031
2	32535	0.254002	2032
2	32551	0.254127	2033
2	32567	0.254252	2034
2	32583	0.254377	2035
2	32599	0.254502	2036
2	32615	0.254627	2037
2	32631	0.254752	2038
2	32647	0.254877	2039
2	32663	0.255002	2040
2	32679	0.255127	2041
2	32695	0.255252	2042
2	32711	0.255377	2043
2	32727	0.255502	2044
2	32743	0.255627	2045
2	32759	0.255752	2046
2	32775	0.255877	2047
2	32791	0.256002	2048
2	32807	0.256127	2049
2	32823	0.256252	2050
2	32839	0.256377	2051
2	32855	0.256502	2052
2	32871	0.256627	2053
2	32887	0.256752	2054
2	32903	0.256877	2055
2	32919	0.257002	2056
2	32935	0.257127	2057
2	32951	0.257252	2058
2	32967	0.257377	2059
2	32983	0.257502	2060
2	32999	0.257627	2061
2	33015	0.257752	2062
2	33031	0.257877	2063
2	33047	0.258002	2064
2	33063	0.258127	2065
2	33079	0.258252	2066
2	33099	0.258377	2067
2	33115	0.258502	2068
2	33131	0.258627	2069
2	33147	0.258752	2070
2	33163	0.258877	2071
2	33179	0.259002	2072
2	33195	0.259127	2073
2	33211	0.259252	2074
2	33227	0.259377	2075
2	33243	0.259502	2076
2	33259	0.259627	2077
2	33275	0.259752	2078
2	33291	0.259877	2079
2	33307	0.260002	2080
2	33323	0.260127	2081
2	33339	0.260252	2082
2	33355	0.260377	2083
2	33371	0.260502	2084
2	33387	0.260627	2085
2	33403	0.260752	2086
2	33419	0.260877	2087
2	33435	0.261002	2088
2	33451	0.261127	2089
2	33467	0.261252	2090
2	33483	0.261377	2091
2	33499	0.261502	2092
2	33515	0.261627	2093
2	33531	0.261752	2094
2	33547	0.261877	2095
2	33563	0.262002	2096
2	33579	0.262127	2097
2	33595	0.262252	2098
2	33611	0.262377	2099
2	33627	0.262502	2100
2	33643	0.262627	2101
2	33659	0.262752	2102
2	33675	0.262877	2103
2	33691	0.263002	2104
2	33707	0.263127	2105
2	33723	0.263252	2106
2	33739	0.263377	2107
2	33755	0.263502	2108
2	33771	0.263627	2109
2	33787	0.263752	2110
2	33803	0.263877	2111
2	33819	0.264002	2112
2	33835	0.264127	2113
2	33851	0.264252	2114
2	33867	0.264377	2115
2	33883	0.264502	2116
2	33899	0.264627	2117
2	33915	0.264752	2118
2	33931	0.264877	2119
2	33947	0.265002	2120
2	33963	0.265127	2121
2	33979	0.265252	2122
2	33995	0.265377	2123
2	34011	0.265502	2124
2	34027	0.265627	2125
2	34043	0.265752	2126
2	34059	0.265877	2127
2	34075	0.266002	2128
2	34091	0.266127	2129
2	34107	0.266252	2130
2	34123	0.266377	2131
2	34139	0.266502	2132
2	34155	0.266627	2133
2	34171	0.266752	2134
2	34187	0.266877	2135
2	34203	0.267002	2136
2	34219	0.267127	2137
2	34235	0.267252	2138
2	34251	0.267377	2139
2	34267	0.267502	2140
2	34283	0.267627	2141
2	34299	0.267752	2142
2	34315	0.267877	2143
2	34331	0.268002	2144
2	34347	0.268127	2145
2	34363	0.268252	2146
2	34379	0.268377	2147
2	34395	0.268502	2148
2	34411	0.268627	2149
2	34427	0.268752	2150
2	34443	0.268877	2151
2	34459	0.269002	2152
2	34475	0.269127	2153
2	34491	0.269252	2154
2	34507	0.269377	2155
2	34523	0.269502	2156
2	34539	0.269627	2157
2	34555	0.269752	2158
2	34571	0.269877	2159
2	34587	0.270002	2160
2	34603	0.270127	2161
2	34619	0.270252	2162
2	34635	0.270377	2163
2	34651	0.270502	2164
2	34667	0.270627	2165
2	34683	0.270752	2166
2	34699	0.270877	2167
2	34715	0.271002	2168
2	34731	0.271127	2169
2	34747	0.271252	2170
2	34763	0.271377	2171
2	34779	0.271502	2172
2	34795	0.271627	2173
2	34811	0.271752	2174
2	34827	0.271877	2175
2	34843	0.272002	2176
2	34859	0.272127	2177
2	34875	0.272252	2178
2	34891	0.272377	2179
2	34907	0.272502	2180
2	34923	0.272627	2181
2	34939	0.272752	2182
2	34955	0.272877	2183
2	34971	0.273002	2184
2	34987	0.273127	2185
2	35003	0.273252	2186
2	35019	0.273377	2187
2	35035	0.273502	2188
2	35051	0.273627	2189
2	35067	0.273752	2190
2	35083	0.273877	2191
2	35099	0.274002	2192
2	35115	0.274127	2193
2	35131	0.274252	2194
2	35147	0.274377	2195
2	35163	0.274502	2196
2	35179	0.274627	2197
2	35195	0.274752	2198
2	35211	0.274877	2199
2	35227	0.275002	2200
2	35243	0.275127	2201
2	35259	0.275252	2202
2	35275	0.275377	2203
2	35291	0.275502	2204
2	35307	0.275627	2205
2	35323	0.275752	2206
2	35339	0.275877	2207
2	35355	0.276002	2208
2	35371	0.276127	2209
2	35387	0.276252	2210
2	35403	0.276377	2211
2	35419	0.276502	2212
2	35435	0.276627	2213
2	35451	0.276752	2214
2	35467	0.276877	2215
2	35483	0.277002	2216
2	35499	0.277127	2217
2	35515	0.277252	2218
2	35531	0.277377	2219
2	35547	0.277502	2220
2	35563	0.277627	2221
2	35579	0.277752	2222
2	35595	0.277877	2223
2	35611	0.278002	2224
2	35627	0.278127	2225
2	35643	0.278252	2226
2	35659	0.278377	2227
2	35675	0.278502	2228
2	35691	0.278627	2229
2	35707	0.278752	2230
2	35723	0.278877	2231
2	35739	0.279002	2232
2	35755	0.279127	2233
2	35771	0.279252	2234
2	35787	0.279377	2235
2	35803	0.279502	2236
2	35819	0.279627	2237
2	35835	0.279752	2238
2	35851	0.279877	2239
2	35867	0.280002	2240
2	35883	0.280127	2241
2	35899	0.280252	2242
2	35915	0.280377	2243
2	35931	0.280502	2244
2	35947	0.280627	2245
2	35963	0.280752	2246
2	35979	0.280877	2247
2	35995	0.281002	2248
2	36011	0.281127	2249
2	36027	0.281252	2250
2	36043	0.281377	2251
2	36059	0.281502	2252
2	36075	0.281627	2253
2	36091	0.281752	2254
2	36107	0.281877	2255
2	36123	0.282002	2256
2	36139	0.282127	2257
2	36155	0.282252	2258
2	36171	0.282377	2259
2	36187	0.282502	2260
2	36203	0.282627	2261
2	36219	0.282752	2262
2	36235	0.282877	2263
2	36251	0.283002	2264
2	36267	0.283127	2265
2	36283	0.283252	2266
2	36299	0.283377	2267
2	36315	0.283502	2268
2	36331	0.283627	2269
2	36347	0.283752	2270
2	36363	0.283877	2271
2	36379	0.284002	2272
2	36395	0.284127	2273
2	36411	0.284252	2274
2	36427	0.284377	2275
2	36443	0.284502	2276
2	36459	0.284627	2277
2	36475	0.284752	2278
2	36491	0.284877	2279
2	36507	0.285002	2280
2	36523	0.285127	2281
2	36539	0.285252	2282
2	36555	0.285377	2283
2	36571	0.285502	2284
2	36587	0.285627	2285
2	36603	0.285752	2286
2	36619	0.285877	2287
2	36635	0.286002	2288
2	36651	0.286127	2289
2	36667	0.286252	2290
2	36683	0.286377	2291
2	36699	0.286502	2292
2	36715	0.286627	2293
2	36731	0.286752	2294
2	36747	0.286877	2295
2	36763	0.287002	2296
2	36779	0.287127	2297
2	36795	0.287252	2298
2	36811	0.287377	2299
2	36827	0.287502	2300
2	36843	0.287627	2301
2	36859	0.287752	2302
2	36875	0.287877	2303
2	36891	0.288002	2304
2	36907	0.288127	2305
2	36923	0.288252	2306
2	36939	0.288377	2307
2	36955	0.288502	2308
2	36971	0.288627	2309
2	36987	0.288752	2310
2	37003	0.288877	2311
2	37019	0.289002	2312
2	37035	0.289127	2313
2	37051	0.289252	2314
2	37067	0.289377	2315
2	37083	0.289502	2316
2	37099	0.289627	2317
2	37115	0.289752	2318
2	37131	0.289877	2319
2	37147	0.290002	2320
2	37163	0.290127	2321
2	37179	0.290252	2322
2	37195	0.290377	2323
2	37211	0.290502	2324
2	37227	0.290627	2325
2	37243	0.290752	2326
2	37259	0.290877	2327
2	37275	0.291002	2328
2	37291	0.291127	2329
2	37307	0.291252	2330
2	37323	0.291377	2331
2	37339	0.291502	2332
2	37355	0.291627	2333
2	37371	0.291752	2334
2	37387	0.291877	2335
2	37403	0.292002	2336
2	37419	0.292127	2337
2	37435	0.292252	2338
2	37451	0.292377	2339
2	37467	0.292502	2340
2	37483	0.292627	2341
2	37499	0.292752	2342
2	37515	0.292877	2343
2	37531	0.293002	2344
2	37547	0.293127	2345
2	37563	0.293252	2346
2	37579	0.293377	2347
2	37595	0.293502	2348
2	37611	0.293627	2349
2	37627	0.293752	2350
2	37643	0.293877	2351
2	37659	0.294002	2352
2	37675	0.294127	2353
2	37691	0.294252	2354
2	37707	0.294377	2355
2	37723	0.294502	2356
2	37739	0.294627	2357
2	37755	0.294752	2358
2	37771	0.294877	2359
2	37787	0.295002	2360
2	37803	0.295127	2361
2	37819	0.295252	2362
2	37835	0.295377	2363
2	37853	0.295502	2364
2	37871	0.295627	2365
2	37887	0.295752	2366
2	37903	0.295877	2367
2	37919	0.296002	2368
2	37935	0.296127	2369
2	37951	0.296252	2370
2	37967	0.296377	2371
2	37983	0.296502	2372
2	37999	0.296627	2373
2	38015	0.296752	2374
2	38031	0.296877	2375
2	38047	0.297002	2376
2	38063	0.297127	2377
2	38079	0.297252	2378
2	38095	0.297377	2379
2	38111	0.297502	2380
2	38127	0.297627	2381
2	38143	0.297752	2382
2	38159	0.297877	2383
2	38175	0.298002	2384
2	38191	0.298127	2385
2	38207	0.298252	2386
2	38223	0.298377	2387
2	38239	0.298502	2388
2	38255	0.298627	2389
2	38271	0.298752	2390
2	38287	0.298877	2391
2	38303	0.299002	2392
2	38319	0.299127	2393
2	38335	0.299252	2394
2	38351	0.299377	2395
2	38367	0.299502	2396
2	38383	0.299627	2397
2	38399	0.299752	2398
2	38415	0.299877	2399
2	38431	0.300002	2400
2	38447	0.300127	2401
2	38463	0.300252	2402
2	38479	0.300377	2403
2	38495	0.300502	2404
2	38511	0.300627	2405
2	38527	0.300752	2406
2	38543	0.300877	2407
2	38559	0.301002	2408
2	38575	0.301127	2409
2	38591	0.301252	2410
2	38607	0.301377	2411
2	38623	0.301502	2412
2	38639	0.301627	2413
2	38655	0.301752	2414
2	38671	0.301877	2415
2	38687	0.302002	2416
2	38703	0.302127	2417
2	38719	0.302252	2418
2	38735	0.302377	2419
2	38751	0.302502	2420
2	38767	0.302627	2421
2	38783	0.302752	2422
2	38799	0.302877	2423
2	38815	0.303002	2424
2	38831	0.303127	2425
2	38847	0.303252	2426
2	38863	0.303377	2427
2	38879	0.303502	2428
2	38895	0.303627	2429
2	38911	0.303752	2430
2	38927	0.303877	2431
2	38943	0.304002	2432
2	38959	0.304127	2433
2	38975	0.304252	2434
2	38991	0.304377	2435
2	39007	0.304502	2436
2	39023	0.304627	2437
2	39039	0.304752	2438
2	39055	0.304877	2439
2	39071	0.305002	2440
2	39087	0.305127	2441
2	39103	0.305252	2442
2	39119	0.305377	2443
2	39135	0.305502	2444
2	39151	0.305627	2445
2	39167	0.305752	2446
2	39183	0.305877	2447
2	39199	0.306002	2448
2	39215	0.306127	2449
2	39231	0.306252	2450
2	39247	0.306377	2451
2	39263	0.306502	2452
2	39279	0.306627	2453
2	39295	0.306752	2454
2	39311	0.306877	2455
2	39327	0.307002	2456
2	39343	0.307127	2457
2	39359	0.307252	2458
2	39375	0.307377	2459
2	39391	0.307502	2460
2	39407	0.307627	2461
2	39423	0.307752	2462
2	39439	0.307877	2463
2	39455	0.308002	2464
2	39471	0.308127	2465
2	39487	0.308252	2466
2	39503	0.308377	2467
2	39519	0.308502	2468
2	39535	0.308627	2469
2	39551	0.308752	2470
2	39567	0.308877	2471
2	39583	0.309002	2472
2	39599	0.309127	2473
2	39615	0.309252	2474
2	39631	0.309377	2475
2	39647	0.309502	2476
2	39663	0.309627	2477
2	39679	0.309752	2478
2	39695	0.309877	2479
2	39711	0.310002	2480
2	39727	0.310127	2481
2	39743	0.310252	2482
2	39759	0.310377	2483
2	39775	0.310502	2484
2	39791	0.310627	2485
2	39807	0.310752	2486
2	39823	0.310877	2487
2	39839	0.311002	2488
2	39855	0.311127	2489
2	39871	0.311252	2490
2	39887	0.311377	2491
2	39903	0.311502	2492
2	39919	0.311627	2493
2	39935	0.311752	2494
2	39951	0.311877	2495
2	39967	0.312002	2496
2	39983	0.312127	2497
2	39999	0.312252	2498
2	40015	0.312377	2499
2	40031	0.312502	2500
2	40047	0.312627	2501
2	40063	0.312752	2502
2	40079	0.312877	2503
2	40095	0.313002	2504
2	40111	0.313127	2505
2	40127	0.313252	2506
2	40143	0.313377	2507
2	40159	0.313502	2508
2	40175	0.313627	2509
2	40191	0.313752	2510
2	40207	0.313877	2511
2	40223	0.314002	2512
2	40239	0.314127	2513
2	40255	0.314252	2514
2	40271	0.314377	2515
2	40287	0.314502	2516
2	40303	0.314627	2517
2	40319	0.314752	2518
2	40335	0.314877	2519
2	40351	0.315002	2520
2	40367	0.315127	2521
2	40383	0.315252	2522
2	40399	0.315377	2523
2	40415	0.315502	2524
2	40431	0.315627	2525
2	40447	0.315752	2526
2	40463	0.315877	2527
2	40479	0.316002	2528
2	40495	0.316127	2529
2	40511	0.316252	2530
2	40527	0.316377	2531
2	40543	0.316502	2532
2	40559	0.316627	2533
2	40575	0.316752	2534
2	40591	0.316877	2535
2	40607	0.317002	2536
2	40623	0.317127	2537
2	40639	0.317252	2538
2	40655	0.317377	2539
2	40671	0.317502	2540
2	40687	0.317627	2541
2	40703	0.317752	2542
2	40719	0.317877	2543
2	40735	0.318002	2544
2	40751	0.318127	2545
2	40767	0.318252	2546
2	40783	0.318377	2547
2	40799	0.318502	2548
2	40815	0.318627	2549
2	40831	0.318752	2550
2	40847	0.318877	2551
2	40863	0.319002	2552
2	40879	0.319127	2553
2	40895	0.319252	2554
2	40911	0.319377	2555
2	40927	0.319502	2556
2	40943	0.319627	2557
2	40959	0.319752	2558
2	40975	0.319877	2559
2	40991	0.320002	2560
2	41007	0.320127	2561
2	41023	0.320252	2562
2	41039	0.320377	2563
2	41055	0.320502	2564
2	41071	0.320627	2565
2	41087	0.320752	2566
2	41103	0.320877	2567
2	41119	0.321002	2568
2	41135	0.321127	2569
2	41151	0.321252	2570
2	41167	0.321377	2571
2	41183	0.321502	2572
2	41199	0.321627	2573
2	41215	0.321752	2574
2	41231	0.321877	2575
2	41247	0.322002	2576
2	41263	0.322127	2577
2	41279	0.322252	2578
2	41295	0.322377	2579
2	41311	0.322502	2580
2	41327	0.322627	2581
2	41343	0.322752	2582
2	41359	0.322877	2583
2	41375	0.323002	2584
2	41391	0.323127	2585
2	41407	0.323252	2586
2	41423	0.323377	2587
2	41439	0.323502	2588
2	41455	0.323627	2589
2	41471	0.323752	2590
2	41487	0.323877	2591
2	41503	0.324002	2592
2	41519	0.324127	2593
2	41535	0.324252	2594
2	41551	0.324377	2595
2	41567	0.324502	2596
2	41583	0.324627	2597
2	41599	0.324752	2598
2	41615	0.324877	2599
2	41631	0.325002	2600
2	41647	0.325127	2601
2	41663	0.325252	2602
2	41679	0.325377	2603
2	41695	0.325502	2604
2	41711	0.325627	2605
2	41727	0.325752	2606
2	41743	0.325877	2607
2	41759	0.326002	2608
2	41775	0.326127	2609
2	41791	0.326252	2610
2	41807	0.326377	2611
2	41823	0.326502	2612
2	41839	0.326627	2613
2	41855	0.326752	2614
2	41871	0.326877	2615
2	41887	0.327002	2616
2	41903	0.327127	2617
2	41919	0.327252	2618
2	41935	0.327377	2619
2	41951	0.327502	2620
2	41967	0.327627	2621
2	41983	0.327752	2622
2	41999	0.327877	2623
2	42015	0.328002	2624
2	42031	0.328127	2625
2	42047	0.328252	2626
2	42063	0.328377	2627
2	42079	0.328502	2628
2	42095	0.328627	2629
2	42111	0.328752	2630
2	42127	0.328877	2631
2	42143	0.329002	2632
2	42159	0.329127	2633
2	42175	0.329252	2634
2	42191	0.329377	2635
2	42207	0.329502	2636
2	42223	0.329627	2637
2	42239	0.329752	2638
2	42255	0.329877	2639
2	42271	0.330002	2640
2	42287	0.330127	2641
2	42303	0.330252	2642
2	42319	0.330377	2643
2	42335	0.330502	2644
2	42351	0.330627	2645
2	42367	0.330752	2646
2	42383	0.330877	2647
2	42399	0.331002	2648
2	42415	0.331127	2649
2	42431	0.331252	2650
2	42447	0.331377	2651
2	42463	0.331502	2652
2	42479	0.331627	2653
2	42495	0.331752	2654
2	42511	0.331877	2655
2	42527	0.332002	2656
2	42543	0.332127	2657
2	42559	0.332252	2658
2	42575	0.332377	2659
2	42591	0.332502	2660
2	42607	0.332627	2661
2	42627	0.332752	2662
2	42643	0.332877	2663
2	42659	0.333002	2664
2	42675	0.333127	2665
2	42691	0.333252	2666
2	42707	0.333377	2667
2	42723	0.333502	2668
2	42739	0.333627	2669
2	42755	0.333752	2670
2	42771	0.333877	2671
2	42787	0.334002	2672
2	42803	0.334127	2673
2	42819	0.334252	2674
2	42835	0.334377	2675
2	42851	0.334502	2676
2	42867	0.334627	2677
2	42883	0.334752	2678
2	42899	0.334877	2679
2	42915	0.335002	2680
2	42931	0.335127	2681
2	42947	0.335252	2682
2	42963	0.335377	2683
2	42979	0.335502	2684
2	42995	0.335627	2685
2	43011	0.335752	2686
2	43027	0.335877	2687
2	43043	0.336002	2688
2	43059	0.336127	2689
2	43075	0.336252	2690
2	43091	0.336377	2691
2	43107	0.336502	2692
2	43123	0.336627	2693
2	43139	0.336752	2694
2	43155	0.336877	2695
2	43171	0.337002	2696
2	43187	0.337127	2697
2	43203	0.337252	2698
2	43219	0.337377	2699
2	43235	0.337502	2700
2	43251	0.337627	2701
2	43267	0.337752	2702
2	43283	0.337877	2703
2	43299	0.338002	2704
2	43315	0.338127	2705
2	43331	0.338252	2706
2	43347	0.338377	2707
2	43363	0.338502	2708
2	43379	0.338627	2709
2	43395	0.338752	2710
2	43411	0.338877	2711
2	43427	0.339002	2712
2	43443	0.339127	2713
2	43459	0.339252	2714
2	43475	0.339377	2715
2	43491	0.339502	2716
2	43507	0.339627	2717
2	43523	0.339752	2718
2	43539	0.339877	2719
2	43555	0.340002	2720
2	43571	0.340127	2721
2	43587	0.340252	2722
2	43603	0.340377	2723
2	43619	0.340502	2724
2	43635	0.340627	2725
2	43651	0.340752	2726
2	43667	0.340877	2727
2	43683	0.341002	2728
2	43699	0.341127	2729
2	43715	0.341252	2730
2	43731	0.341377	2731
2	43747	0.341502	2732
2	43763	0.341627	2733
2	43779	0.341752	2734
2	43795	0.341877	2735
2	43811	0.342002	2736
2	43827	0.342127	2737
2	43843	0.342252	2738
2	43859	0.342377	2739
2	43875	0.342502	2740
2	43891	0.342627	2741
2	43907	0.342752	2742
2	43923	0.342877	2743
2	43939	0.343002	2744
2	43955	0.343127	2745
2	43971	0.343252	2746
2	43987	0.343377	2747
2	44003	0.343502	2748
2	44019	0.343627	2749
2	44035	0.343752	2750
2	44051	0.343877	2751
2	44067	0.344002	2752
2	44083	0.344127	2753
2	44099	0.344252	2754
2	44115	0.344377	2755
2	44131	0.344502	2756
2	44147	0.344627	2757
2	44163	0.344752	2758
2	44179	0.344877	2759
2	44195	0.345002	2760
2	44211	0.345127	2761
2	44227	0.345252	2762
2	44243	0.345377	2763
2	44259	0.345502	2764
2	44275	0.345627	2765
2	44291	0.345752	2766
2	44307	0.345877	2767
2	44323	0.346002	2768
2	44339	0.346127	2769
2	44355	0.346252	2770
2	44371	0.346377	2771
2	44387	0.346502	2772
2	44403	0.346627	2773
2	44419	0.346752	2774
2	44435	0.346877	2775
2	44451	0.347002	2776
2	44467	0.347127	2777
2	44483	0.347252	2778
2	44499	0.347377	2779
2	44515	0.347502	2780
2	44531	0.347627	2781
2	44547	0.347752	2782
2	44563	0.347877	2783
2	44579	0.348002	2784
2	44595	0.348127	2785
2	44611	0.348252	2786
2	44627	0.348377	2787
2	44643	0.348502	2788
2	44659	0.348627	2789
2	44675	0.348752	2790
2	44691	0.348877	2791
2	44707	0.349002	2792
2	44723	0.349127	2793
2	44739	0.349252	2794
2	44755	0.349377	2795
2	44771	0.349502	2796
2	44787	0.349627	2797
2	44803	0.349752	2798
2	44819	0.349877	2799
2	44835	0.350002	2800
2	44851	0.350127	2801
2	44867	0.350252	2802
2	44883	0.350377	2803
2	44899	0.350502	2804
2	44915	0.350627	2805
2	44931	0.350752	2806
2	44947	0.350877	2807
2	44963	0.351002	2808
2	44979	0.351127	2809
2	44995	0.351252	2810
2	45011	0.351377	2811
2	45027	0.351502	2812
2	45043	0.351627	2813
2	45059	0.351752	2814
2	45075	0.351877	2815
2	45091	0.352002	2816
2	45107	0.352127	2817
2	45123	0.352252	2818
2	45139	0.352377	2819
2	45155	0.352502	2820
2	45171	0.352627	2821
2	45187	0.352752	2822
2	45203	0.352877	2823
2	45219	0.353002	2824
2	45235	0.353127	2825
2	45251	0.353252	2826
2	45267	0.353377	2827
2	45283	0.353502	2828
2	45299	0.353627	2829
2	45315	0.353752	2830
2	45331	0.353877	2831
2	45347	0.354002	2832
2	45363	0.354127	2833
2	45379	0.354252	2834
2	45395	0.354377	2835
2	45411	0.354502	2836
2	45427	0.354627	2837
2	45443	0.354752	2838
2	45459	0.354877	2839
2	45475	0.355002	2840
2	45491	0.355127	2841
2	45507	0.355252	2842
2	45523	0.355377	2843
2	45539	0.355502	2844
2	45555	0.355627	2845
2	45571	0.355752	2846
2	45587	0.355877	2847
2	45603	0.356002	2848
2	45619	0.356127	2849
2	45635	0.356252	2850
2	45651	0.356377	2851
2	45667	0.356502	2852
2	45683	0.356627	2853
2	45699	0.356752	2854
2	45715	0.356877	2855
2	45731	0.357002	2856
2	45747	0.357127	2857
2	45763	0.357252	2858
2	45779	0.357377	2859
2	45795	0.357502	2860
2	45811	0.357627	2861
2	45827	0.357752	2862
2	45843	0.357877	2863
2	45859	0.358002	2864
2	45875	0.358127	2865
2	45891	0.358252	2866
2	45907	0.358377	2867
2	45923	0.358502	2868
2	45939	0.358627	2869
2	45955	0.358752	2870
2	45971	0.358877	2871
2	45987	0.359002	2872
2	46003	0.359127	2873
2	46019	0.359252	2874
2	46035	0.359377	2875
2	46051	0.359502	2876
2	46067	0.359627	2877
2	46083	0.359752	2878
2	46099	0.359877	2879
2	46115	0.360002	2880
2	46131	0.360127	2881
2	46147	0.360252	2882
2	46163	0.360377	2883
2	46179	0.360502	2884
2	46195	0.360627	2885
2	46211	0.360752	2886
2	46227	0.360877	2887
2	46243	0.361002	2888
2	46259	0.361127	2889
2	46275	0.361252	2890
2	46291	0.361377	2891
2	46307	0.361502	2892
2	46323	0.361627	2893
2	46339	0.361752	2894
2	46355	0.361877	2895
2	46371	0.362002	2896
2	46387	0.362127	2897
2	46403	0.362252	2898
2	46419	0.362377	2899
2	46435	0.362502	2900
2	46451	0.362627	2901
2	46467	0.362752	2902
2	46483	0.362877	2903
2	46499	0.363002	2904
2	46515	0.363127	2905
2	46531	0.363252	2906
2	46547	0.363377	2907
2	46563	0.363502	2908
2	46579	0.363627	2909
2	46595	0.363752	2910
2	46611	0.363877	2911
2	46627	0.364002	2912
2	46643	0.364127	2913
2	46659	0.364252	2914
2	46675	0.364377	2915
2	46691	0.364502	2916
2	46707	0.364627	2917
2	46723	0.364752	2918
2	46739	0.364877	2919
2	46755	0.365002	2920
2	46771	0.365127	2921
2	46787	0.365252	2922
2	46803	0.365377	2923
2	46819	0.365502	2924
2	46835	0.365627	2925
2	46851	0.365752	2926
2	46867	0.365877	2927
2	46883	0.366002	2928
2	46899	0.366127	2929
2	46915	0.366252	2930
2	46931	0.366377	2931
2	46947	0.366502	2932
2	46963	0.366627	2933
2	46979	0.366752	2934
2	46995	0.366877	2935
2	47011	0.367002	2936
2	47027	0.367127	2937
2	47043	0.367252	2938
2	47059	0.367377	2939
2	47075	0.367502	2940
2	47091	0.367627	2941
2	47107	0.367752	2942
2	47123	0.367877	2943
2	47139	0.368002	2944
2	47155	0.368127	2945
2	47171	0.368252	2946
2	47187	0.368377	2947
2	47203	0.368502	2948
2	47219	0.368627	2949
2	47235	0.368752	2950
2	47251	0.368877	2951
2	47267	0.369002	2952
2	47283	0.369127	2953
2	47299	0.369252	2954
2	47315	0.369377	2955
2	47331	0.369502	2956
2	47347	0.369627	2957
2	47363	0.369752	2958
2	47383	0.369877	2959
2	47399	0.370002	2960
2	47415	0.370127	2961
2	47431	0.370252	2962
2	47447	0.370377	2963
2	47463	0.370502	2964
2	47479	0.370627	2965
2	47495	0.370752	2966
2	47511	0.370877	2967
2	47527	0.371002	2968
2	47543	0.371127	2969
2	47559	0.371252	2970
2	47575	0.371377	2971
2	47591	0.371502	2972
2	47607	0.371627	2973
2	47623	0.371752	2974
2	47639	0.371877	2975
2	47655	0.372002	2976
2	47671	0.372127	2977
2	47687	0.372252	2978
2	47703	0.372377	2979
2	47719	0.372502	2980
2	47735	0.372627	2981
2	47751	0.372752	2982
2	47767	0.372877	2983
2	47783	0.373002	2984
2	47799	0.373127	2985
2	47815	0.373252	2986
2	47831	0.373377	2987
2	47847	0.373502	2988
2	47863	0.373627	2989
2	47879	0.373752	2990
2	47895	0.373877	2991
2	47911	0.374002	2992
2	47927	0.374127	2993
2	47943	0.374252	2994
2	47959	0.374377	2995
2	47975	0.374502	2996
2	47991	0.374627	2997
2	48007	0.374752	2998
2	48023	0.374877	2999
2	48039	0.375002	3000
2	48055	0.375127	3001
2	48071	0.375252	3002
2	48087	0.375377	3003
2	48103	0.375502	3004
2	48119	0.375627	3005
2	48135	0.375752	3006
2	48151	0.375877	3007
2	48167	0.376002	3008
2	48183	0.376127	3009
2	48199	0.376252	3010
2	48215	0.376377	3011
2	48231	0.376502	3012
2	48247	0.376627	3013
2	48263	0.376752	3014
2	48279	0.376877	3015
2	48295	0.377002	3016
2	48311	0.377127	3017
2	48327	0.377252	3018
2	48343	0.377377	3019
2	48359	0.377502	3020
2	48375	0.377627	3021
2	48391	0.377752	3022
2	48407	0.377877	3023
2	48423	0.378002	3024
2	48439	0.378127	3025
2	48455	0.378252	3026
2	48471	0.378377	3027
2	48487	0.378502	3028
2	48503	0.378627	3029
2	48519	0.378752	3030
2	48535	0.378877	3031
2	48551	0.379002	3032
2	48567	0.379127	3033
2	48583	0.379252	3034
2	48599	0.379377	3035
2	48615	0.379502	3036
2	48631	0.379627	3037
2	48647	0.379752	3038
2	48663	0.379877	3039
2	48679	0.380002	3040
2	48695	0.380127	3041
2	48711	0.380252	3042
2	48727	0.380377	3043
2	48743	0.380502	3044
2	48759	0.380627	3045
2	48775	0.380752	3046
2	48791	0.380877	3047
2	48807	0.381002	3048
2	48823	0.381127	3049
2	48839	0.381252	3050
2	48855	0.381377	3051
2	48871	0.381502	3052
2	48887	0.381627	3053
2	48903	0.381752	3054
2	48919	0.381877	3055
2	48935	0.382002	3056
2	48951	0.382127	3057
2	48967	0.382252	3058
2	48983	0.382377	3059
2	48999	0.382502	3060
2	49015	0.382627	3061
2	49031	0.382752	3062
2	49047	0.382877	3063
2	49063	0.383002	3064
2	49079	0.383127	3065
2	49095	0.383252	3066
2	49111	0.383377	3067
2	49127	0.383502	3068
2	49143	0.383627	3069
2	49159	0.383752	3070
2	49175	0.383877	3071
2	49191	0.384002	3072
2	49207	0.384127	3073
2	49223	0.384252	3074
2	49239	0.384377	3075
2	49255	0.384502	3076
2	49271	0.384627	3077
2	49287	0.384752	3078
2	49303	0.384877	3079
2	49319	0.385002	3080
2	49335	0.385127	3081
2	49351	0.385252	3082
2	49367	0.385377	3083
2	49383	0.385502	3084
2	49399	0.385627	3085
2	49415	0.385752	3086
2	49431	0.385877	3087
2	49447	0.386002	3088
2	49463	0.386127	3089
2	49479	0.386252	3090
2	49495	0.386377	3091
2	49511	0.386502	3092
2	49527	0.386627	3093
2	49543	0.386752	3094
2	49559	0.386877	3095
2	49575	0.387002	3096
2	49591	0.387127	3097
2	49607	0.387252	3098
2	49623	0.387377	3099
2	49639	0.387502	3100
2	49655	0.387627	3101
2	49671	0.387752	3102
2	49687	0.387877	3103
2	49703	0.388002	3104
2	49719	0.388127	3105
2	49735	0.388252	3106
2	49751	0.388377	3107
2	49767	0.388502	3108
2	49783	0.388627	3109
2	49799	0.388752	3110
2	49815	0.388877	3111
2	49831	0.389002	3112
2	49847	0.389127	3113
2	49863	0.389252	3114
2	49879	0.389377	3115
2	49895	0.389502	3116
2	49911	0.389627	3117
2	49927	0.389752	3118
2	49943	0.389877	3119
2	49959	0.390002	3120
2	49975	0.390127	3121
2	49991	0.390252	3122
2	50007	0.390377	3123
2	50023	0.390502	3124
2	50039	0.390627	3125
2	50055	0.390752	3126
2	50071	0.390877	3127
2	50087	0.391002	3128
2	50103	0.391127	3129
2	50119	0.391252	3130
2	50135	0.391377	3131
2	50151	0.391502	3132
2	50167	0.391627	3133
2	50183	0.391752	3134
2	50199	0.391877	3135
2	50215	0.392002	3136
2	50231	0.392127	3137
2	50247	0.392252	3138
2	50263	0.392377	3139
2	50279	0.392502	3140
2	50295	0.392627	3141
2	50311	0.392752	3142
2	50327	0.392877	3143
2	50343	0.393002	3144
2	50359	0.393127	3145
2	50375	0.393252	3146
2	50391	0.393377	3147
2	50407	0.393502	3148
2	50423	0.393627	3149
2	50439	0.393752	3150
2	50455	0.393877	3151
2	50471	0.394002	3152
2	50487	0.394127	3153
2	50503	0.394252	3154
2	50519	0.394377	3155
2	50535	0.394502	3156
2	50551	0.394627	3157
2	50567	0.394752	3158
2	50583	0.394877	3159
2	50599	0.395002	3160
2	50615	0.395127	3161
2	50631	0.395252	3162
2	50647	0.395377	3163
2	50663	0.395502	3164
2	50679	0.395627	3165
2	50695	0.395752	3166
2	50711	0.395877	3167
2	50727	0.396002	3168
2	50743	0.396127	3169
2	50759	0.396252	3170
2	50775	0.396377	3171
2	50791	0.396502	3172
2	50807	0.396627	3173
2	50823	0.396752	3174
2	50839	0.396877	3175
2	50855	0.397002	3176
2	50871	0.397127	3177
2	50887	0.397252	3178
2	50903	0.397377	3179
2	50919	0.397502	3180
2	50935	0.397627	3181
2	50951	0.397752	3182
2	50967	0.397877	3183
2	50983	0.398002	3184
2	50999	0.398127	3185
2	51015	0.398252	3186
2	51031	0.398377	3187
2	51047	0.398502	3188
2	51063	0.398627	3189
2	51079	0.398752	3190
2	51095	0.398877	3191
2	51111	0.399002	3192
2	51127	0.399127	3193
2	51143	0.399252	3194
2	51159	0.399377	3195
2	51175	0.399502	3196
2	51191	0.399627	3197
2	51207	0.399752	3198
2	51223	0.399877	3199
2	51239	0.400002	3200
2	51255	0.400127	3201
2	51271	0.400252	3202
2	51287	0.400377	3203
2	51303	0.400502	3204
2	51319	0.400627	3205
2	51335	0.400752	3206
2	51351	0.400877	3207
2	51367	0.401002	3208
2	51383	0.401127	3209
2	51399	0.401252	3210
2	51415	0.401377	3211
2	51431	0.401502	3212
2	51447	0.401627	3213
2	51463	0.401752	3214
2	51479	0.401877	3215
2	51495	0.402002	3216
2	51511	0.402127	3217
2	51527	0.402252	3218
2	51543	0.402377	3219
2	51559	0.402502	3220
2	51575	0.402627	3221
2	51591	0.402752	3222
2	51607	0.402877	3223
2	51623	0.403002	3224
2	51639	0.403127	3225
2	51655	0.403252	3226
2	51671	0.403377	3227
2	51687	0.403502	3228
2	51703	0.403627	3229
2	51719	0.403752	3230
2	51735	0.403877	3231
2	51751	0.404002	3232
2	51767	0.404127	3233
2	51783	0.404252	3234
2	51799	0.404377	3235
2	51815	0.404502	3236
2	51831	0.404627	3237
2	51847	0.404752	3238
2	51863	0.404877	3239
2	51879	0.405002	3240
2	51895	0.405127	3241
2	51911	0.405252	3242
2	51927	0.405377	3243
2	51943	0.405502	3244
2	51959	0.405627	3245
2	51975	0.405752	3246
2	51991	0.405877	3247
2	52007	0.406002	3248
2	52023	0.406127	3249
2	52039	0.406252	3250
2	52055	0.406377	3251
2	52071	0.406502	3252
2	52087	0.406627	3253
2	52103	0.406752	3254
2	52119	0.406877	3255
2	52139	0.407002	3256
2	52155	0.407127	3257
2	52171	0.407252	3258
2	52187	0.407377	3259
2	52203	0.407502	3260
2	52219	0.407627	3261
2	52235	0.407752	3262
2	52251	0.407877	3263
2	52267	0.408002	3264
2	52283	0.408127	3265
2	52299	0.408252	3266
2	52315	0.408377	3267
2	52331	0.408502	3268
2	52347	0.408627	3269
2	52363	0.408752	3270
2	52379	0.408877	3271
2	52395	0.409002	3272
2	52411	0.409127	3273
2	52427	0.409252	3274
2	52443	0.409377	3275
2	52459	0.409502	3276
2	52475	0.409627	3277
2	52491	0.409752	3278
2	52507	0.409877	3279
2	52523	0.410002	3280
2	52539	0.410127	3281
2	52555	0.410252	3282
2	52571	0.410377	3283
2	52587	0.410502	3284
2	52603	0.410627	3285
2	52619	0.410752	3286
2	52635	0.410877	3287
2	52651	0.411002	3288
2	52667	0.411127	3289
2	52683	0.411252	3290
2	52699	0.411377	3291
2	52715	0.411502	3292
2	52731	0.411627	3293
2	52747	0.411752	3294
2	52763	0.411877	3295
2	52779	0.412002	3296
2	52795	0.412127	3297
2	52811	0.412252	3298
2	52827	0.412377	3299
2	52843	0.412502	3300
2	52859	0.412627	3301
2	52875	0.412752	3302
2	52891	0.412877	3303
2	52907	0.413002	3304
2	52923	0.413127	3305
2	52939	0.413252	3306
2	52955	0.413377	3307
2	52971	0.413502	3308
2	52987	0.413627	3309
2	53003	0.413752	3310
2	53019	0.413877	3311
2	53035	0.414002	3312
2	53051	0.414127	3313
2	53067	0.414252	3314
2	53083	0.414377	3315
2	53099	0.414502	3316
2	53115	0.414627	3317
2	53131	0.414752	3318
2	53147	0.414877	3319
2	53163	0.415002	3320
2	53179	0.415127	3321
2	53195	0.415252	3322
2	53211	0.415377	3323
2	53227	0.415502	3324
2	53243	0.415627	3325
2	53259	0.415752	3326
2	53275	0.415877	3327
2	53291	0.416002	3328
2	53307	0.416127	3329
2	53323	0.416252	3330
2	53339	0.416377	3331
2	53355	0.416502	3332
2	53371	0.416627	3333
2	53387	0.416752	3334
2	53403	0.416877	3335
2	53419	0.417002	3336
2	53435	0.417127	3337
2	53451	0.417252	3338
2	53467	0.417377	3339
2	53483	0.417502	3340
2	53499	0.417627	3341
2	53515	0.417752	3342
2	53531	0.417877	3343
2	53547	0.418002	3344
2	53563	0.418127	3345
2	53579	0.418252	3346
2	53595	0.418377	3347
2	53611	0.418502	3348
2	53627	0.418627	3349
2	53643	0.418752	3350
2	53659	0.418877	3351
2	53675	0.419002	3352
2	53691	0.419127	3353
2	53707	0.419252	3354
2	53723	0.419377	3355
2	53739	0.419502	3356
2	53755	0.419627	3357
2	53771	0.419752	3358
2	53787	0.419877	3359
2	53803	0.420002	3360
2	53819	0.420127	3361
2	53835	0.420252	3362
2	53851	0.420377	3363
2	53867	0.420502	3364
2	53883	0.420627	3365
2	53899	0.420752	3366
2	53915	0.420877	3367
2	53931	0.421002	3368
2	53947	0.421127	3369
2	53963	0.421252	3370
2	53979	0.421377	3371
2	53995	0.421502	3372
2	54011	0.421627	3373
2	54027	0.421752	3374
2	54043	0.421877	3375
2	54059	0.422002	3376
2	54075	0.422127	3377
2	54091	0.422252	3378
2	54107	0.422377	3379
2	54123	0.422502	3380
2	54139	0.422627	3381
2	54155	0.422752	3382
2	54171	0.422877	3383
2	54187	0.423002	3384
2	54203	0.423127	3385
2	54219	0.423252	3386
2	54235	0.423377	3387
2	54251	0.423502	3388
2	54267	0.423627	3389
2	54283	0.423752	3390
2	54299	0.423877	3391
2	54315	0.424002	3392
2	54331	0.424127	3393
2	54347	0.424252	3394
2	54363	0.424377	3395
2	54379	0.424502	3396
2	54395	0.424627	3397
2	54411	0.424752	3398
2	54427	0.424877	3399
2	54443	0.425002	3400
2	54459	0.425127	3401
2	54475	0.425252	3402
2	54491	0.425377	3403
2	54507	0.425502	3404
2	54523	0.425627	3405
2	54539	0.425752	3406
2	54555	0.425877	3407
2	54571	0.426002	3408
2	54587	0.426127	3409
2	54603	0.426252	3410
2	54619	0.426377	3411
2	54635	0.426502	3412
2	54651	0.426627	3413
2	54667	0.426752	3414
2	54683	0.426877	3415
2	54699	0.427002	3416
2	54715	0.427127	3417
2	54731	0.427252	3418
2	54747	0.427377	3419
2	54763	0.427502	3420
2	54779	0.427627	3421
2	54795	0.427752	3422
2	54811	0.427877	3423
2	54827	0.428002	3424
2	54843	0.428127	3425
2	54859	0.428252	3426
2	54875	0.428377	3427
2	54891	0.428502	3428
2	54907	0.428627	3429
2	54923	0.428752	3430
2	54939	0.428877	3431
2	54955	0.429002	3432
2	54971	0.429127	3433
2	54987	0.429252	3434
2	55003	0.429377	3435
2	55019	0.429502	3436
2	55035	0.429627	3437
2	55051	0.429752	3438
2	55067	0.429877	3439
2	55083	0.430002	3440
2	55099	0.430127	3441
2	55115	0.430252	3442
2	55131	0.430377	3443
2	55147	0.430502	3444
2	55163	0.430627	3445
2	55179	0.430752	3446
2	55195	0.430877	3447
2	55211	0.431002	3448
2	55227	0.431127	3449
2	55243	0.431252	3450
2	55259	0.431377	3451
2	55275	0.431502	3452
2	55291	0.431627	3453
2	55307	0.431752	3454
2	55323	0.431877	3455
2	55339	0.432002	3456
2	55355	0.432127	3457
2	55371	0.432252	3458
2	55387	0.432377	3459
2	55403	0.432502	3460
2	55419	0.432627	3461
2	55435	0.432752	3462
2	55451	0.432877	3463
2	55467	0.433002	3464
2	55483	0.433127	3465
2	55499	0.433252	3466
2	55515	0.433377	3467
2	55531	0.433502	3468
2	55547	0.433627	3469
2	55563	0.433752	3470
2	55579	0.433877	3471
2	55595	0.434002	3472
2	55611	0.434127	3473
2	55627	0.434252	3474
2	55643	0.434377	3475
2	55659	0.434502	3476
2	55675	0.434627	3477
2	55691	0.434752	3478
2	55707	0.434877	3479
2	55723	0.435002	3480
2	55739	0.435127	3481
2	55755	0.435252	3482
2	55771	0.435377	3483
2	55787	0.435502	3484
2	55803	0.435627	3485
2	55819	0.435752	3486
2	55835	0.435877	3487
2	55851	0.436002	3488
2	55867	0.436127	3489
2	55883	0.436252	3490
2	55899	0.436377	3491
2	55915	0.436502	3492
2	55931	0.436627	3493
2	55947	0.436752	3494
2	55963	0.436877	3495
2	55979	0.437002	3496
2	55995	0.437127	3497
2	56011	0.437252	3498
2	56027	0.437377	3499
2	56043	0.437502	3500
2	56059	0.437627	3501
2	56075	0.437752	3502
2	56091	0.437877	3503
2	56107	0.438002	3504
2	56123	0.438127	3505
2	56139	0.438252	3506
2	56155	0.438377	3507
2	56171	0.438502	3508
2	56187	0.438627	3509
2	56203	0.438752	3510
2	56219	0.438877	3511
2	56235	0.439002	3512
2	56251	0.439127	3513
2	56267	0.439252	3514
2	56283	0.439377	3515
2	56299	0.439502	3516
2	56315	0.439627	3517
2	56331	0.439752	3518
2	56347	0.439877	3519
2	56363	0.440002	3520
2	56379	0.440127	3521
2	56395	0.440252	3522
2	56411	0.440377	3523
2	56427	0.440502	3524
2	56443	0.440627	3525
2	56459	0.440752	3526
2	56475	0.440877	3527
2	56491	0.441002	3528
2	56507	0.441127	3529
2	56523	0.441252	3530
2	56539	0.441377	3531
2	56555	0.441502	3532
2	56571	0.441627	3533
2	56587	0.441752	3534
2	56603	0.441877	3535
2	56619	0.442002	3536
2	56635	0.442127	3537
2	56651	0.442252	3538
2	56667	0.442377	3539
2	56683	0.442502	3540
2	56699	0.442627	3541
2	56715	0.442752	3542
2	56731	0.442877	3543
2	56747	0.443002	3544
2	56763	0.443127	3545
2	56779	0.443252	3546
2	56795	0.443377	3547
2	56811	0.443502	3548
2	56827	0.443627	3549
2	56843	0.443752	3550
2	56859	0.443877	3551
2	56875	0.444002	3552
2	56891	0.444127	3553
2	56911	0.444252	3554
2	56927	0.444377	3555
2	56943	0.444502	3556
2	56959	0.444627	3557
2	56975	0.444752	3558
2	56991	0.444877	3559
2	57007	0.445002	3560
2	57023	0.445127	3561
2	57039	0.445252	3562
2	57055	0.445377	3563
2	57071	0.445502	3564
2	57087	0.445627	3565
2	57103	0.445752	3566
2	57119	0.445877	3567
2	57135	0.446002	3568
2	57151	0.446127	3569
2	57167	0.446252	3570
2	57183	0.446377	3571
2	57199	0.446502	3572
2	57215	0.446627	3573
2	57231	0.446752	3574
2	57247	0.446877	3575
2	57263	0.447002	3576
2	57279	0.447127	3577
2	57295	0.447252	3578
2	57311	0.447377	3579
2	57327	0.447502	3580
2	57343	0.447627	3581
2	57359	0.447752	3582
2	57375	0.447877	3583
2	57391	0.448002	3584
2	57407	0.448127	3585
2	57423	0.448252	3586
2	57439	0.448377	3587
2	57455	0.448502	3588
2	57471	0.448627	3589
2	57487	0.448752	3590
2	57503	0.448877	3591
2	57519	0.449002	3592
2	57535	0.449127	3593
2	57551	0.449252	3594
2	57567	0.449377	3595
2	57583	0.449502	3596
2	57599	0.449627	3597
2	57615	0.449752	3598
2	57631	0.449877	3599
2	57647	0.450002	3600
2	57663	0.450127	3601
2	57679	0.450252	3602
2	57695	0.450377	3603
2	57711	0.450502	3604
2	57727	0.450627	3605
2	57743	0.450752	3606
2	57759	0.450877	3607
2	57775	0.451002	3608
2	57791	0.451127	3609
2	57807	0.451252	3610
2	57823	0.451377	3611
2	57839	0.451502	3612
2	57855	0.451627	3613
2	57871	0.451752	3614
2	57887	0.451877	3615
2	57903	0.452002	3616
2	57919	0.452127	3617
2	57935	0.452252	3618
2	57951	0.452377	3619
2	57967	0.452502	3620
2	57983	0.452627	3621
2	57999	0.452752	3622
2	58015	0.452877	3623
2	58031	0.453002	3624
2	58047	0.453127	3625
2	58063	0.453252	3626
2	58079	0.453377	3627
2	58095	0.453502	3628
2	58111	0.453627	3629
2	58127	0.453752	3630
2	58143	0.453877	3631
2	58159	0.454002	3632
2	58175	0.454127	3633
2	58191	0.454252	3634
2	58207	0.454377	3635
2	58223	0.454502	3636
2	58239	0.454627	3637
2	58255	0.454752	3638
2	58271	0.454877	3639
2	58287	0.455002	3640
2	58303	0.455127	3641
2	58319	0.455252	3642
2	58335	0.455377	3643
2	58351	0.455502	3644
2	58367	0.455627	3645
2	58383	0.455752	3646
2	58399	0.455877	3647
2	58415	0.456002	3648
2	58431	0.456127	3649
2	58447	0.456252	3650
2	58463	0.456377	3651
2	58479	0.456502	3652
2	58495	0.456627	3653
2	58511	0.456752	3654
2	58527	0.456877	3655
2	58543	0.457002	3656
2	58559	0.457127	3657
2	58575	0.457252	3658
2	58591	0.457377	3659
2	58607	0.457502	3660
2	58623	0.457627	3661
2	58639	0.457752	3662
2	58655	0.457877	3663
2	58671	0.458002	3664
2	58687	0.458127	3665
2	58703	0.458252	3666
2	58719	0.458377	3667
2	58735	0.458502	3668
2	58751	0.458627	3669
2	58767	0.458752	3670
2	58783	0.458877	3671
2	58799	0.459002	3672
2	58815	0.459127	3673
2	58831	0.459252	3674
2	58847	0.459377	3675
2	58863	0.459502	3676
2	58879	0.459627	3677
2	58895	0.459752	3678
2	58911	0.459877	3679
2	58927	0.460002	3680
2	58943	0.460127	3681
2	58959	0.460252	3682
2	58975	0.460377	3683
2	58991	0.460502	3684
2	59007	0.460627	3685
2	59023	0.460752	3686
2	59039	0.460877	3687
2	59055	0.461002	3688
2	59071	0.461127	3689
2	59087	0.461252	3690
2	59103	0.461377	3691
2	59119	0.461502	3692
2	59135	0.461627	3693
2	59151	0.461752	3694
2	59167	0.461877	3695
2	59183	0.462002	3696
2	59199	0.462127	3697
2	59215	0.462252	3698
2	59231	0.462377	3699
2	59247	0.462502	3700
2	59263	0.462627	3701
2	59279	0.462752	3702
2	59295	0.462877	3703
2	59311	0.463002	3704
2	59327	0.463127	3705
2	59343	0.463252	3706
2	59359	0.463377	3707
2	59375	0.463502	3708
2	59391	0.463627	3709
2	59407	0.463752	3710
2	59423	0.463877	3711
2	59439	0.464002	3712
2	59455	0.464127	3713
2	59471	0.464252	3714
2	59487	0.464377	3715
2	59503	0.464502	3716
2	59519	0.464627	3717
2	59535	0.464752	3718
2	59551	0.464877	3719
2	59567	0.465002	3720
2	59583	0.465127	3721
2	59599	0.465252	3722
2	59615	0.465377	3723
2	59631	0.465502	3724
2	59647	0.465627	3725
2	59663	0.465752	3726
2	59679	0.465877	3727
2	59695	0.466002	3728
2	59711	0.466127	3729
2	59727	0.466252	3730
2	59743	0.466377	3731
2	59759	0.466502	3732
2	59775	0.466627	3733
2	59791	0.466752	3734
2	59807	0.466877	3735
2	59823	0.467002	3736
2	59839	0.467127	3737
2	59855	0.467252	3738
2	59871	0.467377	3739
2	59887	0.467502	3740
2	59903	0.467627	3741
2	59919	0.467752	3742
2	59935	0.467877	3743
2	59951	0.468002	3744
2	59967	0.468127	3745
2	59983	0.468252	3746
2	59999	0.468377	3747
2	60015	0.468502	3748
2	60031	0.468627	3749
2	60047	0.468752	3750
2	60063	0.468877	3751
2	60079	0.469002	3752
2	60095	0.469127	3753
2	60111	0.469252	3754
2	60127	0.469377	3755
2	60143	0.469502	3756
2	60159	0.469627	3757
2	60175	0.469752	3758
2	60191	0.469877	3759
2	60207	0.470002	3760
2	60223	0.470127	3761
2	60239	0.470252	3762
2	60255	0.470377	3763
2	60271	0.470502	3764
2	60287	0.470627	3765
2	60303	0.470752	3766
2	60319	0.470877	3767
2	60335	0.471002	3768
2	60351	0.471127	3769
2	60367	0.471252	3770
2	60383	0.471377	3771
2	60399	0.471502	3772
2	60415	0.471627	3773
2	60431	0.471752	3774
2	60447	0.471877	3775
2	60463	0.472002	3776
2	60479	0.472127	3777
2	60495	0.472252	3778
2	60511	0.472377	3779
2	60527	0.472502	3780
2	60543	0.472627	3781
2	60559	0.472752	3782
2	60575	0.472877	3783
2	60591	0.473002	3784
2	60607	0.473127	3785
2	60623	0.473252	3786
2	60639	0.473377	3787
2	60655	0.473502	3788
2	60671	0.473627	3789
2	60687	0.473752	3790
2	60703	0.473877	3791
2	60719	0.474002	3792
2	60735	0.474127	3793
2	60751	0.474252	3794
2	60767	0.474377	3795
2	60783	0.474502	3796
2	60799	0.474627	3797
2	60815	0.474752	3798
2	60831	0.474877	3799
2	60847	0.475002	3800
2	60863	0.475127	3801
2	60879	0.475252	3802
2	60895	0.475377	3803
2	60911	0.475502	3804
2	60927	0.475627	3805
2	60943	0.475752	3806
2	60959	0.475877	3807
2	60975	0.476002	3808
2	60991	0.476127	3809
2	61007	0.476252	3810
2	61023	0.476377	3811
2	61039	0.476502	3812
2	61055	0.476627	3813
2	61071	0.476752	3814
2	61087	0.476877	3815
2	61103	0.477002	3816
2	61119	0.477127	3817
2	61135	0.477252	3818
2	61151	0.477377	3819
2	61167	0.477502	3820
2	61183	0.477627	3821
2	61199	0.477752	3822
2	61215	0.477877	3823
2	61231	0.478002	3824
2	61247	0.478127	3825
2	61263	0.478252	3826
2	61279	0.478377	3827
2	61295	0.478502	3828
2	61311	0.478627	3829
2	61327	0.478752	3830
2	61343	0.478877	3831
2	61359	0.479002	3832
2	61375	0.479127	3833
2	61391	0.479252	3834
2	61407	0.479377	3835
2	61423	0.479502	3836
2	61439	0.479627	3837
2	61455	0.479752	3838
2	61471	0.479877	3839
2	61487	0.480002	3840
2	61503	0.480127	3841
2	61519	0.480252	3842
2	61535	0.480377	3843
2	61551	0.480502	3844
2	61567	0.480627	3845
2	61583	0.480752	3846
2	61599	0.480877	3847
2	61615	0.481002	3848
2	61631	0.481127	3849
2	61647	0.481252	3850
2	61667	0.481377	3851
2	61683	0.481502	3852
2	61699	0.481627	3853
2	61715	0.481752	3854
2	61731	0.481877	3855
2	61747	0.482002	3856
2	61763	0.482127	3857
2	61779	0.482252	3858
2	61795	0.482377	3859
2	61811	0.482502	3860
2	61827	0.482627	3861
2	61843	0.482752	3862
2	61859	0.482877	3863
2	61875	0.483002	3864
2	61891	0.483127	3865
2	61907	0.483252	3866
2	61923	0.483377	3867
2	61939	0.483502	3868
2	61955	0.483627	3869
2	61971	0.483752	3870
2	61987	0.483877	3871
2	62003	0.484002	3872
2	62019	0.484127	3873
2	62035	0.484252	3874
2	62051	0.484377	3875
2	62067	0.484502	3876
2	62083	0.484627	3877
2	62099	0.484752	3878
2	62115	0.484877	3879
2	62131	0.485002	3880
2	62147	0.485127	3881
2	62163	0.485252	3882
2	62179	0.485377	3883
2	62195	0.485502	3884
2	62211	0.485627	3885
2	62227	0.485752	3886
2	62243	0.485877	3887
2	62259	0.486002	3888
2	62275	0.486127	3889
2	62291	0.486252	3890
2	62307	0.486377	3891
2	62323	0.486502	3892
2	62339	0.486627	3893
2	62355	0.486752	3894
2	62371	0.486877	3895
2	62387	0.487002	3896
2	62403	0.487127	3897
2	62419	0.487252	3898
2	62435	0.487377	3899
2	62451	0.487502	3900
2	62467	0.487627	3901
2	62483	0.487752	3902
2	62499	0.487877	3903
2	62515	0.488002	3904
2	62531	0.488127	3905
2	62547	0.488252	3906
2	62563	0.488377	3907
2	62579	0.488502	3908
2	62595	0.488627	3909
2	62611	0.488752	3910
2	62627	0.488877	3911
2	62643	0.489002	3912
2	62659	0.489127	3913
2	62675	0.489252	3914
2	62691	0.489377	3915
2	62707	0.489502	3916
2	62723	0.489627	3917
2	62739	0.489752	3918
2	62755	0.489877	3919
2	62771	0.490002	3920
2	62787	0.490127	3921
2	62803	0.490252	3922
2	62819	0.490377	3923
2	62835	0.490502	3924
2	62851	0.490627	3925
2	62867	0.490752	3926
2	62883	0.490877	3927
2	62899	0.491002	3928
2	62915	0.491127	3929
2	62931	0.491252	3930
2	62947	0.491377	3931
2	62963	0.491502	3932
2	62979	0.491627	3933
2	62995	0.491752	3934
2	63011	0.491877	3935
2	63027	0.492002	3936
2	63043	0.492127	3937
2	63059	0.492252	3938
2	63075	0.492377	3939
2	63091	0.492502	3940
2	63107	0.492627	3941
2	63123	0.492752	3942
2	63139	0.492877	3943
2	63155	0.493002	3944
2	63171	0.493127	3945
2	63187	0.493252	3946
2	63203	0.493377	3947
2	63219	0.493502	3948
2	63235	0.493627	3949
2	63251	0.493752	3950
2	63267	0.493877	3951
2	63283	0.494002	3952
2	63299	0.494127	3953
2	63315	0.494252	3954
2	63331	0.494377	3955
2	63347	0.494502	3956
2	63363	0.494627	3957
2	63379	0.494752	3958
2	63395	0.494877	3959
2	63411	0.495002	3960
2	63427	0.495127	3961
2	63443	0.495252	3962
2	63459	0.495377	3963
2	63475	0.495502	3964
2	63491	0.495627	3965
2	63507	0.495752	3966
2	63523	0.495877	3967
2	63539	0.496002	3968
2	63555	0.496127	3969
2	63571	0.496252	3970
2	63587	0.496377	3971
2	63603	0.496502	3972
2	63619	0.496627	3973
2	63635	0.496752	3974
2	63651	0.496877	3975
2	63667	0.497002	3976
2	63683	0.497127	3977
2	63699	0.497252	3978
2	63715	0.497377	3979
2	63731	0.497502	3980
2	63747	0.497627	3981
2	63763	0.497752	3982
2	63779	0.497877	3983
2	63795	0.498002	3984
2	63811	0.498127	3985
2	63827	0.498252	3986
2	63843	0.498377	3987
2	63859	0.498502	3988
2	63875	0.498627	3989
2	63891	0.498752	3990
2	63907	0.498877	3991
2	63923	0.499002	3992
2	63939	0.499127	3993
2	63955	0.499252	3994
2	63971	0.499377	3995
2	63987	0.499502	3996
2	64003	0.499627	3997
2	64019	0.499752	3998
2	64035	0.499877	3999
2	64051	0.500002	4000
2	64067	0.500127	4001
2	64083	0.500252	4002
2	64099	0.500377	4003
2	64115	0.500502	4004
2	64131	0.500627	4005
2	64147	0.500752	4006
2	64163	0.500877	4007
2	64179	0.501002	4008
2	64195	0.501127	4009
2	64211	0.501252	4010
2	64227	0.501377	4011
2	64243	0.501502	4012
2	64259	0.501627	4013
2	64275	0.501752	4014
2	64291	0.501877	4015
2	64307	0.502002	4016
2	64323	0.502127	4017
2	64339	0.502252	4018
2	64355	0.502377	4019
2	64371	0.502502	4020
2	64387	0.502627	4021
2	64403	0.502752	4022
2	64419	0.502877	4023
2	64435	0.503002	4024
2	64451	0.503127	4025
2	64467	0.503252	4026
2	64483	0.503377	4027
2	64499	0.503502	4028
2	64515	0.503627	4029
2	64531	0.503752	4030
2	64547	0.503877	4031
2	64563	0.504002	4032
2	64579	0.504127	4033
2	64595	0.504252	4034
2	64611	0.504377	4035
2	64627	0.504502	4036
2	64643	0.504627	4037
2	64659	0.504752	4038
2	64675	0.504877	4039
2	64691	0.505002	4040
2	64707	0.505127	4041
2	64723	0.505252	4042
2	64739	0.505377	4043
2	64755	0.505502	4044
2	64771	0.505627	4045
2	64787	0.505752	4046
2	64803	0.505877	4047
2	64819	0.506002	4048
2	64835	0.506127	4049
2	64851	0.506252	4050
2	64867	0.506377	4051
2	64883	0.506502	4052
2	64899	0.506627	4053
2	64915	0.506752	4054
2	64931	0.506877	4055
2	64947	0.507002	4056
2	64963	0.507127	4057
2	64979	0.507252	4058
2	64995	0.507377	4059
2	65011	0.507502	4060
2	65027	0.507627	4061
2	65043	0.507752	4062
2	65059	0.507877	4063
2	65075	0.508002	4064
2	65091	0.508127	4065
2	65107	0.508252	4066
2	65123	0.508377	4067
2	65139	0.508502	4068
2	65155	0.508627	4069
2	65171	0.508752	4070
2	65187	0.508877	4071
2	65203	0.509002	4072
2	65219	0.509127	4073
2	65235	0.509252	4074
2	65251	0.509377	4075
2	65267	0.509502	4076
2	65283	0.509627	4077
2	65299	0.509752	4078
2	65315	0.509877	4079
2	65331	0.510002	4080
2	65347	0.510127	4081
2	65363	0.510252	4082
2	65379	0.510377	4083
2	65395	0.510502	4084
2	65411	0.510627	4085
2	65427	0.510752	4086
2	65443	0.510877	4087
2	65459	0.511002	4088
2	65475	0.511127	4089
2	65491	0.511252	4090
2	65507	0.511377	4091
2	65523	0.511502	4092
2	65539	0.511627	4093
2	65555	0.511752	4094
2	65571	0.511877	4095
2	65587	0.512002	4096
2	65603	0.512127	4097
2	65619	0.512252	4098
2	65635	0.512377	4099
2	65651	0.512502	4100
2	65667	0.512627	4101
2	65683	0.512752	4102
2	65699	0.512877	4103
2	65715	0.513002	4104
2	65731	0.513127	4105
2	65747	0.513252	4106
2	65763	0.513377	4107
2	65779	0.513502	4108
2	65795	0.513627	4109
2	65811	0.513752	4110
2	65827	0.513877	4111
2	65843	0.514002	4112
2	65859	0.514127	4113
2	65875	0.514252	4114
2	65891	0.514377	4115
2	65907	0.514502	4116
2	65923	0.514627	4117
2	65939	0.514752	4118
2	65955	0.514877	4119
2	65971	0.515002	4120
2	65987	0.515127	4121
2	66003	0.515252	4122
2	66019	0.515377	4123
2	66035	0.515502	4124
2	66051	0.515627	4125
2	66067	0.515752	4126
2	66083	0.515877	4127
2	66099	0.516002	4128
2	66115	0.516127	4129
2	66131	0.516252	4130
2	66147	0.516377	4131
2	66163	0.516502	4132
2	66179	0.516627	4133
2	66195	0.516752	4134
2	66211	0.516877	4135
2	66227	0.517002	4136
2	66243	0.517127	4137
2	66259	0.517252	4138
2	66275	0.517377	4139
2	66291	0.517502	4140
2	66307	0.517627	4141
2	66323	0.517752	4142
2	66339	0.517877	4143
2	66355	0.518002	4144
2	66371	0.518127	4145
2	66387	0.518252	4146
2	66403	0.518377	4147
2	66423	0.518502	4148
2	66439	0.518627	4149
2	66455	0.518752	4150
2	66471	0.518877	4151
2	66487	0.519002	4152
2	66503	0.519127	4153
2	66519	0.519252	4154
2	66535	0.519377	4155
2	66551	0.519502	4156
2	66567	0.519627	4157
2	66583	0.519752	4158
2	66599	0.519877	4159
2	66615	0.520002	4160
2	66631	0.520127	4161
2	66647	0.520252	4162
2	66663	0.520377	4163
2	66679	0.520502	4164
2	66695	0.520627	4165
2	66711	0.520752	4166
2	66727	0.520877	4167
2	66743	0.521002	4168
2	66759	0.521127	4169
2	66775	0.521252	4170
2	66791	0.521377	4171
2	66807	0.521502	4172
2	66823	0.521627	4173
2	66839	0.521752	4174
2	66855	0.521877	4175
2	66871	0.522002	4176
2	66887	0.522127	4177
2	66903	0.522252	4178
2	66919	0.522377	4179
2	66935	0.522502	4180
2	66951	0.522627	4181
2	66967	0.522752	4182
2	66983	0.522877	4183
2	66999	0.523002	4184
2	67015	0.523127	4185
2	67031	0.523252	4186
2	67047	0.523377	4187
2	67063	0.523502	4188
2	67079	0.523627	4189
2	67095	0.523752	4190
2	67111	0.523877	4191
2	67127	0.524002	4192
2	67143	0.524127	4193
2	67159	0.524252	4194
2	67175	0.524377	4195
2	67191	0.524502	4196
2	67207	0.524627	4197
2	67223	0.524752	4198
2	67239	0.524877	4199
2	67255	0.525002	4200
2	67271	0.525127	4201
2	67287	0.525252	4202
2	67303	0.525377	4203
2	67319	0.525502	4204
2	67335	0.525627	4205
2	67351	0.525752	4206
2	67367	0.525877	4207
2	67383	0.526002	4208
2	67399	0.526127	4209
2	67415	0.526252	4210
2	67431	0.526377	4211
2	67447	0.526502	4212
2	67463	0.526627	4213
2	67479	0.526752	4214
2	67495	0.526877	4215
2	67511	0.527002	4216
2	67527	0.527127	4217
2	67543	0.527252	4218
2	67559	0.527377	4219
2	67575	0.527502	4220
2	67591	0.527627	4221
2	67607	0.527752	4222
2	67623	0.527877	4223
2	67639	0.528002	4224
2	67655	0.528127	4225
2	67671	0.528252	4226
2	67687	0.528377	4227
2	67703	0.528502	4228
2	67719	0.528627	4229
2	67735	0.528752	4230
2	67751	0.528877	4231
2	67767	0.529002	4232
2	67783	0.529127	4233
2	67799	0.529252	4234
2	67815	0.529377	4235
2	67831	0.529502	4236
2	67847	0.529627	4237
2	67863	0.529752	4238
2	67879	0.529877	4239
2	67895	0.530002	4240
2	67911	0.530127	4241
2	67927	0.530252	4242
2	67943	0.530377	4243
2	67959	0.530502	4244
2	67975	0.530627	4245
2	67991	0.530752	4246
2	68007	0.530877	4247
2	68023	0.531002	4248
2	68039	0.531127	4249
2	68055	0.531252	4250
2	68071	0.531377	4251
2	68087	0.531502	4252
2	68103	0.531627	4253
2	68119	0.531752	4254
2	68135	0.531877	4255
2	68151	0.532002	4256
2	68167	0.532127	4257
2	68183	0.532252	4258
2	68199	0.532377	4259
2	68215	0.532502	4260
2	68231	0.532627	4261
2	68247	0.532752	4262
2	68263	0.532877	4263
2	68279	0.533002	4264
2	68295	0.533127	4265
2	68311	0.533252	4266
2	68327	0.533377	4267
2	68343	0.533502	4268
2	68359	0.533627	4269
2	68375	0.533752	4270
2	68391	0.533877	4271
2	68407	0.534002	4272
2	68423	0.534127	4273
2	68439	0.534252	4274
2	68455	0.534377	4275
2	68471	0.534502	4276
2	68487	0.534627	4277
2	68503	0.534752	4278
2	68519	0.534877	4279
2	68535	0.535002	4280
2	68551	0.535127	4281
2	68567	0.535252	4282
2	68583	0.535377	4283
2	68599	0.535502	4284
2	68615	0.535627	4285
2	68631	0.535752	4286
2	68647	0.535877	4287
2	68663	0.536002	4288
2	68679	0.536127	4289
2	68695	0.536252	4290
2	68711	0.536377	4291
2	68727	0.536502	4292
2	68743	0.536627	4293
2	68759	0.536752	4294
2	68775	0.536877	4295
2	68791	0.537002	4296
2	68807	0.537127	4297
2	68823	0.537252	4298
2	68839	0.537377	4299
2	68855	0.537502	4300
2	68871	0.537627	4301
2	68887	0.537752	4302
2	68903	0.537877	4303
2	68919	0.538002	4304
2	68935	0.538127	4305
2	68951	0.538252	4306
2	68967	0.538377	4307
2	68983	0.538502	4308
2	68999	0.538627	4309
2	69015	0.538752	4310
2	69031	0.538877	4311
2	69047	0.539002	4312
2	69063	0.539127	4313
2	69079	0.539252	4314
2	69095	0.539377	4315
2	69111	0.539502	4316
2	69127	0.539627	4317
2	69143	0.539752	4318
2	69159	0.539877	4319
2	69175	0.540002	4320
2	69191	0.540127	4321
2	69207	0.540252	4322
2	69223	0.540377	4323
2	69239	0.540502	4324
2	69255	0.540627	4325
2	69271	0.540752	4326
2	69287	0.540877	4327
2	69303	0.541002	4328
2	69319	0.541127	4329
2	69335	0.541252	4330
2	69351	0.541377	4331
2	69367	0.541502	4332
2	69383	0.541627	4333
2	69399	0.541752	4334
2	69415	0.541877	4335
2	69431	0.542002	4336
2	69447	0.542127	4337
2	69463	0.542252	4338
2	69479	0.542377	4339
2	69495	0.542502	4340
2	69511	0.542627	4341
2	69527	0.542752	4342
2	69543	0.542877	4343
2	69559	0.543002	4344
2	69575	0.543127	4345
2	69591	0.543252	4346
2	69607	0.543377	4347
2	69623	0.543502	4348
2	69639	0.543627	4349
2	69655	0.543752	4350
2	69671	0.543877	4351
2	69687	0.544002	4352
2	69703	0.544127	4353
2	69719	0.544252	4354
2	69735	0.544377	4355
2	69751	0.544502	4356
2	69767	0.544627	4357
2	69783	0.544752	4358
2	69799	0.544877	4359
2	69815	0.545002	4360
2	69831	0.545127	4361
2	69847	0.545252	4362
2	69863	0.545377	4363
2	69879	0.545502	4364
2	69895	0.545627	4365
2	69911	0.545752	4366
2	69927	0.545877	4367
2	69943	0.546002	4368
2	69959	0.546127	4369
2	69975	0.546252	4370
2	69991	0.546377	4371
2	70007	0.546502	4372
2	70023	0.546627	4373
2	70039	0.546752	4374
2	70055	0.546877	4375
2	70071	0.547002	4376
2	70087	0.547127	4377
2	70103	0.547252	4378
2	70119	0.547377	4379
2	70135	0.547502	4380
2	70151	0.547627	4381
2	70167	0.547752	4382
2	70183	0.547877	4383
2	70199	0.548002	4384
2	70215	0.548127	4385
2	70231	0.548252	4386
2	70247	0.548377	4387
2	70263	0.548502	4388
2	70279	0.548627	4389
2	70295	0.548752	4390
2	70311	0.548877	4391
2	70327	0.549002	4392
2	70343	0.549127	4393
2	70359	0.549252	4394
2	70375	0.549377	4395
2	70391	0.549502	4396
2	70407	0.549627	4397
2	70423	0.549752	4398
2	70439	0.549877	4399
2	70455	0.550002	4400
2	70471	0.550127	4401
2	70487	0.550252	4402
2	70503	0.550377	4403
2	70519	0.550502	4404
2	70535	0.550627	4405
2	70551	0.550752	4406
2	70567	0.550877	4407
2	70583	0.551002	4408
2	70599	0.551127	4409
2	70615	0.551252	4410
2	70631	0.551377	4411
2	70647	0.551502	4412
2	70663	0.551627	4413
2	70679	0.551752	4414
2	70695	0.551877	4415
2	70711	0.552002	4416
2	70727	0.552127	4417
2	70743	0.552252	4418
2	70759	0.552377	4419
2	70775	0.552502	4420
2	70791	0.552627	4421
2	70807	0.552752	4422
2	70823	0.552877	4423
2	70839	0.553002	4424
2	70855	0.553127	4425
2	70871	0.553252	4426
2	70887	0.553377	4427
2	70903	0.553502	4428
2	70919	0.553627	4429
2	70935	0.553752	4430
2	70951	0.553877	4431
2	70967	0.554002	4432
2	70983	0.554127	4433
2	70999	0.554252	4434
2	71015	0.554377	4435
2	71031	0.554502	4436
2	71047	0.554627	4437
2	71063	0.554752	4438
2	71079	0.554877	4439
2	71095	0.555002	4440
2	71111	0.555127	4441
2	71127	0.555252	4442
2	71143	0.555377	4443
2	71159	0.555502	4444
2	71177	0.555627	4445
2	71195	0.555752	4446
2	71211	0.555877	4447
2	71227	0.556002	4448
2	71243	0.556127	4449
2	71259	0.556252	4450
2	71275	0.556377	4451
2	71291	0.556502	4452
2	71307	0.556627	4453
2	71323	0.556752	4454
2	71339	0.556877	4455
2	71355	0.557002	4456
2	71371	0.557127	4457
2	71387	0.557252	4458
2	71403	0.557377	4459
2	71419	0.557502	4460
2	71435	0.557627	4461
2	71451	0.557752	4462
2	71467	0.557877	4463
2	71483	0.558002	4464
2	71499	0.558127	4465
2	71515	0.558252	4466
2	71531	0.558377	4467
2	71547	0.558502	4468
2	71563	0.558627	4469
2	71579	0.558752	4470
2	71595	0.558877	4471
2	71611	0.559002	4472
2	71627	0.559127	4473
2	71643	0.559252	4474
2	71659	0.559377	4475
2	71675	0.559502	4476
2	71691	0.559627	4477
2	71707	0.559752	4478
2	71723	0.559877	4479
2	71739	0.560002	4480
2	71755	0.560127	4481
2	71771	0.560252	4482
2	71787	0.560377	4483
2	71803	0.560502	4484
2	71819	0.560627	4485
2	71835	0.560752	4486
2	71851	0.560877	4487
2	71867	0.561002	4488
2	71883	0.561127	4489
2	71899	0.561252	4490
2	71915	0.561377	4491
2	71931	0.561502	4492
2	71947	0.561627	4493
2	71963	0.561752	4494
2	71979	0.561877	4495
2	71995	0.562002	4496
2	72011	0.562127	4497
2	72027	0.562252	4498
2	72043	0.562377	4499
2	72059	0.562502	4500
2	72075	0.562627	4501
2	72091	0.562752	4502
2	72107	0.562877	4503
2	72123	0.563002	4504
2	72139	0.563127	4505
2	72155	0.563252	4506
2	72171	0.563377	4507
2	72187	0.563502	4508
2	72203	0.563627	4509
2	72219	0.563752	4510
2	72235	0.563877	4511
2	72251	0.564002	4512
2	72267	0.564127	4513
2	72283	0.564252	4514
2	72299	0.564377	4515
2	72315	0.564502	4516
2	72331	0.564627	4517
2	72347	0.564752	4518
2	72363	0.564877	4519
2	72379	0.565002	4520
2	72395	0.565127	4521
2	72411	0.565252	4522
2	72427	0.565377	4523
2	72443	0.565502	4524
2	72459	0.565627	4525
2	72475	0.565752	4526
2	72491	0.565877	4527
2	72507	0.566002	4528
2	72523	0.566127	4529
2	72539	0.566252	4530
2	72555	0.566377	4531
2	72571	0.566502	4532
2	72587	0.566627	4533
2	72603	0.566752	4534
2	72619	0.566877	4535
2	72635	0.567002	4536
2	72651	0.567127	4537
2	72667	0.567252	4538
2	72683	0.567377	4539
2	72699	0.567502	4540
2	72715	0.567627	4541
2	72731	0.567752	4542
2	72747	0.567877	4543
2	72763	0.568002	4544
2	72779	0.568127	4545
2	72795	0.568252	4546
2	72811	0.568377	4547
2	72827	0.568502	4548
2	72843	0.568627	4549
2	72859	0.568752	4550
2	72875	0.568877	4551
2	72891	0.569002	4552
2	72907	0.569127	4553
2	72923	0.569252	4554
2	72939	0.569377	4555
2	72955	0.569502	4556
2	72971	0.569627	4557
2	72987	0.569752	4558
2	73003	0.569877	4559
2	73019	0.570002	4560
2	73035	0.570127	4561
2	73051	0.570252	4562
2	73067	0.570377	4563
2	73083	0.570502	4564
2	73099	0.570627	4565
2	73115	0.570752	4566
2	73131	0.570877	4567
2	73147	0.571002	4568
2	73163	0.571127	4569
2	73179	0.571252	4570
2	73195	0.571377	4571
2	73211	0.571502	4572
2	73227	0.571627	4573
2	73243	0.571752	4574
2	73259	0.571877	4575
2	73275	0.572002	4576
2	73291	0.572127	4577
2	73307	0.572252	4578
2	73323	0.572377	4579
2	73339	0.572502	4580
2	73355	0.572627	4581
2	73371	0.572752	4582
2	73387	0.572877	4583
2	73403	0.573002	4584
2	73419	0.573127	4585
2	73435	0.573252	4586
2	73451	0.573377	4587
2	73467	0.573502	4588
2	73483	0.573627	4589
2	73499	0.573752	4590
2	73515	0.573877	4591
2	73531	0.574002	4592
2	73547	0.574127	4593
2	73563	0.574252	4594
2	73579	0.574377	4595
2	73595	0.574502	4596
2	73611	0.574627	4597
2	73627	0.574752	4598
2	73643	0.574877	4599
2	73659	0.575002	4600
2	73675	0.575127	4601
2	73691	0.575252	4602
2	73707	0.575377	4603
2	73723	0.575502	4604
2	73739	0.575627	4605
2	73755	0.575752	4606
2	73771	0.575877	4607
2	73787	0.576002	4608
2	73803	0.576127	4609
2	73819	0.576252	4610
2	73835	0.576377	4611
2	73851	0.576502	4612
2	73867	0.576627	4613
2	73883	0.576752	4614
2	73899	0.576877	4615
2	73915	0.577002	4616
2	73931	0.577127	4617
2	73947	0.577252	4618
2	73963	0.577377	4619
2	73979	0.577502	4620
2	73995	0.577627	4621
2	74011	0.577752	4622
2	74027	0.577877	4623
2	74043	0.578002	4624
2	74059	0.578127	4625
2	74075	0.578252	4626
2	74091	0.578377	4627
2	74107	0.578502	4628
2	74123	0.578627	4629
2	74139	0.578752	4630
2	74155	0.578877	4631
2	74171	0.579002	4632
2	74187	0.579127	4633
2	74203	0.579252	4634
2	74219	0.579377	4635
2	74235	0.579502	4636
2	74251	0.579627	4637
2	74267	0.579752	4638
2	74283	0.579877	4639
2	74299	0.580002	4640
2	74315	0.580127	4641
2	74331	0.580252	4642
2	74347	0.580377	4643
2	74363	0.580502	4644
2	74379	0.580627	4645
2	74395	0.580752	4646
2	74411	0.580877	4647
2	74427	0.581002	4648
2	74443	0.581127	4649
2	74459	0.581252	4650
2	74475	0.581377	4651
2	74491	0.581502	4652
2	74507	0.581627	4653
2	74523	0.581752	4654
2	74539	0.581877	4655
2	74555	0.582002	4656
2	74571	0.582127	4657
2	74587	0.582252	4658
2	74603	0.582377	4659
2	74619	0.582502	4660
2	74635	0.582627	4661
2	74651	0.582752	4662
2	74667	0.582877	4663
2	74683	0.583002	4664
2	74699	0.583127	4665
2	74715	0.583252	4666
2	74731	0.583377	4667
2	74747	0.583502	4668
2	74763	0.583627	4669
2	74779	0.583752	4670
2	74795	0.583877	4671
2	74811	0.584002	4672
2	74827	0.584127	4673
2	74843	0.584252	4674
2	74859	0.584377	4675
2	74875	0.584502	4676
2	74891	0.584627	4677
2	74907	0.584752	4678
2	74923	0.584877	4679
2	74939	0.585002	4680
2	74955	0.585127	4681
2	74971	0.585252	4682
2	74987	0.585377	4683
2	75003	0.585502	4684
2	75019	0.585627	4685
2	75035	0.585752	4686
2	75051	0.585877	4687
2	75067	0.586002	4688
2	75083	0.586127	4689
2	75099	0.586252	4690
2	75115	0.586377	4691
2	75131	0.586502	4692
2	75147	0.586627	4693
2	75163	0.586752	4694
2	75179	0.586877	4695
2	75195	0.587002	4696
2	75211	0.587127	4697
2	75227	0.587252	4698
2	75243	0.587377	4699
2	75259	0.587502	4700
2	75275	0.587627	4701
2	75291	0.587752	4702
2	75307	0.587877	4703
2	75323	0.588002	4704
2	75339	0.588127	4705
2	75355	0.588252	4706
2	75371	0.588377	4707
2	75387	0.588502	4708
2	75403	0.588627	4709
2	75419	0.588752	4710
2	75435	0.588877	4711
2	75451	0.589002	4712
2	75467	0.589127	4713
2	75483	0.589252	4714
2	75499	0.589377	4715
2	75515	0.589502	4716
2	75531	0.589627	4717
2	75547	0.589752	4718
2	75563	0.589877	4719
2	75579	0.590002	4720
2	75595	0.590127	4721
2	75611	0.590252	4722
2	75627	0.590377	4723
2	75643	0.590502	4724
2	75659	0.590627	4725
2	75675	0.590752	4726
2	75691	0.590877	4727
2	75707	0.591002	4728
2	75723	0.591127	4729
2	75739	0.591252	4730
2	75755	0.591377	4731
2	75771	0.591502	4732
2	75787	0.591627	4733
2	75803	0.591752	4734
2	75819	0.591877	4735
2	75835	0.592002	4736
2	75851	0.592127	4737
2	75867	0.592252	4738
2	75883	0.592377	4739
2	75899	0.592502	4740
2	75915	0.592627	4741
2	75931	0.592752	4742
2	75951	0.592877	4743
2	75967	0.593002	4744
2	75983	0.593127	4745
2	75999	0.593252	4746
2	76015	0.593377	4747
2	76031	0.593502	4748
2	76047	0.593627	4749
2	76063	0.593752	4750
2	76079	0.593877	4751
2	76095	0.594002	4752
2	76111	0.594127	4753
2	76127	0.594252	4754
2	76143	0.594377	4755
2	76159	0.594502	4756
2	76175	0.594627	4757
2	76191	0.594752	4758
2	76207	0.594877	4759
2	76223	0.595002	4760
2	76239	0.595127	4761
2	76255	0.595252	4762
2	76271	0.595377	4763
2	76287	0.595502	4764
2	76303	0.595627	4765
2	76319	0.595752	4766
2	76335	0.595877	4767
2	76351	0.596002	4768
2	76367	0.596127	4769
2	76383	0.596252	4770
2	76399	0.596377	4771
2	76415	0.596502	4772
2	76431	0.596627	4773
2	76447	0.596752	4774
2	76463	0.596877	4775
2	76479	0.597002	4776
2	76495	0.597127	4777
2	76511	0.597252	4778
2	76527	0.597377	4779
2	76543	0.597502	4780
2	76559	0.597627	4781
2	76575	0.597752	4782
2	76591	0.597877	4783
2	76607	0.598002	4784
2	76623	0.598127	4785
2	76639	0.598252	4786
2	76655	0.598377	4787
2	76671	0.598502	4788
2	76687	0.598627	4789
2	76703	0.598752	4790
2	76719	0.598877	4791
2	76735	0.599002	4792
2	76751	0.599127	4793
2	76767	0.599252	4794
2	76783	0.599377	4795
2	76799	0.599502	4796
2	76815	0.599627	4797
2	76831	0.599752	4798
2	76847	0.599877	4799
2	76863	0.600002	4800
2	76879	0.600127	4801
2	76895	0.600252	4802
2	76911	0.600377	4803
2	76927	0.600502	4804
2	76943	0.600627	4805
2	76959	0.600752	4806
2	76975	0.600877	4807
2	76991	0.601002	4808
2	77007	0.601127	4809
2	77023	0.601252	4810
2	77039	0.601377	4811
2	77055	0.601502	4812
2	77071	0.601627	4813
2	77087	0.601752	4814
2	77103	0.601877	4815
2	77119	0.602002	4816
2	77135	0.602127	4817
2	77151	0.602252	4818
2	77167	0.602377	4819
2	77183	0.602502	4820
2	77199	0.602627	4821
2	77215	0.602752	4822
2	77231	0.602877	4823
2	77247	0.603002	4824
2	77263	0.603127	4825
2	77279	0.603252	4826
2	77295	0.603377	4827
2	77311	0.603502	4828
2	77327	0.603627	4829
2	77343	0.603752	4830
2	77359	0.603877	4831
2	77375	0.604002	4832
2	77391	0.604127	4833
2	77407	0.604252	4834
2	77423	0.604377	4835
2	77439	0.604502	4836
2	77455	0.604627	4837
2	77471	0.604752	4838
2	77487	0.604877	4839
2	77503	0.605002	4840
2	77519	0.605127	4841
2	77535	0.605252	4842
2	77551	0.605377	4843
2	77567	0.605502	4844
2	77583	0.605627	4845
2	77599	0.605752	4846
2	77615	0.605877	4847
2	77631	0.606002	4848
2	77647	0.606127	4849
2	77663	0.606252	4850
2	77679	0.606377	4851
2	77695	0.606502	4852
2	77711	0.606627	4853
2	77727	0.606752	4854
2	77743	0.606877	4855
2	77759	0.607002	4856
2	77775	0.607127	4857
2	77791	0.607252	4858
2	77807	0.607377	4859
2	77823	0.607502	4860
2	77839	0.607627	4861
2	77855	0.607752	4862
2	77871	0.607877	4863
2	77887	0.608002	4864
2	77903	0.608127	4865
2	77919	0.608252	4866
2	77935	0.608377	4867
2	77951	0.608502	4868
2	77967	0.608627	4869
2	77983	0.608752	4870
2	77999	0.608877	4871
2	78015	0.609002	4872
2	78031	0.609127	4873
2	78047	0.609252	4874
2	78063	0.609377	4875
2	78079	0.609502	4876
2	78095	0.609627	4877
2	78111	0.609752	4878
2	78127	0.609877	4879
2	78143	0.610002	4880
2	78159	0.610127	4881
2	78175	0.610252	4882
2	78191	0.610377	4883
2	78207	0.610502	4884
2	78223	0.610627	4885
2	78239	0.610752	4886
2	78255	0.610877	4887
2	78271	0.611002	4888
2	78287	0.611127	4889
2	78303	0.611252	4890
2	78319	0.611377	4891
2	78335	0.611502	4892
2	78351	0.611627	4893
2	78367	0.611752	4894
2	78383	0.611877	4895
2	78399	0.612002	4896
2	78415	0.612127	4897
2	78431	0.612252	4898
2	78447	0.612377	4899
2	78463	0.612502	4900
2	78479	0.612627	4901
2	78495	0.612752	4902
2	78511	0.612877	4903
2	78527	0.613002	4904
2	78543	0.613127	4905
2	78559	0.613252	4906
2	78575	0.613377	4907
2	78591	0.613502	4908
2	78607	0.613627	4909
2	78623	0.613752	4910
2	78639	0.613877	4911
2	78655	0.614002	4912
2	78671	0.614127	4913
2	78687	0.614252	4914
2	78703	0.614377	4915
2	78719	0.614502	4916
2	78735	0.614627	4917
2	78751	0.614752	4918
2	78767	0.614877	4919
2	78783	0.615002	4920
2	78799	0.615127	4921
2	78815	0.615252	4922
2	78831	0.615377	4923
2	78847	0.615502	4924
2	78863	0.615627	4925
2	78879	0.615752	4926
2	78895	0.615877	4927
2	78911	0.616002	4928
2	78927	0.616127	4929
2	78943	0.616252	4930
2	78959	0.616377	4931
2	78975	0.616502	4932
2	78991	0.616627	4933
2	79007	0.616752	4934
2	79023	0.616877	4935
2	79039	0.617002	4936
2	79055	0.617127	4937
2	79071	0.617252	4938
2	79087	0.617377	4939
2	79103	0.617502	4940
2	79119	0.617627	4941
2	79135	0.617752	4942
2	79151	0.617877	4943
2	79167	0.618002	4944
2	79183	0.618127	4945
2	79199	0.618252	4946
2	79215	0.618377	4947
2	79231	0.618502	4948
2	79247	0.618627	4949
2	79263	0.618752	4950
2	79279	0.618877	4951
2	79295	0.619002	4952
2	79311	0.619127	4953
2	79327	0.619252	4954
2	79343	0.619377	4955
2	79359	0.619502	4956
2	79375	0.619627	4957
2	79391	0.619752	4958
2	79407	0.619877	4959
2	79423	0.620002	4960
2	79439	0.620127	4961
2	79455	0.620252	4962
2	79471	0.620377	4963
2	79487	0.620502	4964
2	79503	0.620627	4965
2	79519	0.620752	4966
2	79535	0.620877	4967
2	79551	0.621002	4968
2	79567	0.621127	4969
2	79583	0.621252	4970
2	79599	0.621377	4971
2	79615	0.621502	4972
2	79631	0.621627	4973
2	79647	0.621752	4974
2	79663	0.621877	4975
2	79679	0.622002	4976
2	79695	0.622127	4977
2	79711	0.622252	4978
2	79727	0.622377	4979
2	79743	0.622502	4980
2	79759	0.622627	4981
2	79775	0.622752	4982
2	79791	0.622877	4983
2	79807	0.623002	4984
2	79823	0.623127	4985
2	79839	0.623252	4986
2	79855	0.623377	4987
2	79871	0.623502	4988
2	79887	0.623627	4989
2	79903	0.623752	4990
2	79919	0.623877	4991
2	79935	0.624002	4992
2	79951	0.624127	4993
2	79967	0.624252	4994
2	79983	0.624377	4995
2	79999	0.624502	4996
2	80015	0.624627	4997
2	80031	0.624752	4998
2	80047	0.624877	4999
2	80063	0.625002	5000
2	80079	0.625127	5001
2	80095	0.625252	5002
2	80111	0.625377	5003
2	80127	0.625502	5004
2	80143	0.625627	5005
2	80159	0.625752	5006
2	80175	0.625877	5007
2	80191	0.626002	5008
2	80207	0.626127	5009
2	80223	0.626252	5010
2	80239	0.626377	5011
2	80255	0.626502	5012
2	80271	0.626627	5013
2	80287	0.626752	5014
2	80303	0.626877	5015
2	80319	0.627002	5016
2	80335	0.627127	5017
2	80351	0.627252	5018
2	80367	0.627377	5019
2	80383	0.627502	5020
2	80399	0.627627	5021
2	80415	0.627752	5022
2	80431	0.627877	5023
2	80447	0.628002	5024
2	80463	0.628127	5025
2	80479	0.628252	5026
2	80495	0.628377	5027
2	80511	0.628502	5028
2	80527	0.628627	5029
2	80543	0.628752	5030
2	80559	0.628877	5031
2	80575	0.629002	5032
2	80591	0.629127	5033
2	80607	0.629252	5034
2	80623	0.629377	5035
2	80639	0.629502	5036
2	80655	0.629627	5037
2	80671	0.629752	5038
2	80687	0.629877	5039
2	80707	0.630002	5040
2	80723	0.630127	5041
2	80739	0.630252	5042
2	80755	0.630377	5043
2	80771	0.630502	5044
2	80787	0.630627	5045
2	80803	0.630752	5046
2	80819	0.630877	5047
2	80835	0.631002	5048
2	80851	0.631127	5049
2	80867	0.631252	5050
2	80883	0.631377	5051
2	80899	0.631502	5052
2	80915	0.631627	5053
2	80931	0.631752	5054
2	80947	0.631877	5055
2	80963	0.632002	5056
2	80979	0.632127	5057
2	80995	0.632252	5058
2	81011	0.632377	5059
2	81027	0.632502	5060
2	81043	0.632627	5061
2	81059	0.632752	5062
2	81075	0.632877	5063
2	81091	0.633002	5064
2	81107	0.633127	5065
2	81123	0.633252	5066
2	81139	0.633377	5067
2	81155	0.633502	5068
2	81171	0.633627	5069
2	81187	0.633752	5070
2	81203	0.633877	5071
2	81219	0.634002	5072
2	81235	0.634127	5073
2	81251	0.634252	5074
2	81267	0.634377	5075
2	81283	0.634502	5076
2	81299	0.634627	5077
2	81315	0.634752	5078
2	81331	0.634877	5079
2	81347	0.635002	5080
2	81363	0.635127	5081
2	81379	0.635252	5082
2	81395	0.635377	5083
2	81411	0.635502	5084
2	81427	0.635627	5085
2	81443	0.635752	5086
2	81459	0.635877	5087
2	81475	0.636002	5088
2	81491	0.636127	5089
2	81507	0.636252	5090
2	81523	0.636377	5091
2	81539	0.636502	5092
2	81555	0.636627	5093
2	81571	0.636752	5094
2	81587	0.636877	5095
2	81603	0.637002	5096
2	81619	0.637127	5097
2	81635	0.637252	5098
2	81651	0.637377	5099
2	81667	0.637502	5100
2	81683	0.637627	5101
2	81699	0.637752	5102
2	81715	0.637877	5103
2	81731	0.638002	5104
2	81747	0.638127	5105
2	81763	0.638252	5106
2	81779	0.638377	5107
2	81795	0.638502	5108
2	81811	0.638627	5109
2	81827	0.638752	5110
2	81843	0.638877	5111
2	81859	0.639002	5112
2	81875	0.639127	5113
2	81891	0.639252	5114
2	81907	0.639377	5115
2	81923	0.639502	5116
2	81939	0.639627	5117
2	81955	0.639752	5118
2	81971	0.639877	5119
2	81987	0.640002	5120
2	82003	0.640127	5121
2	82019	0.640252	5122
2	82035	0.640377	5123
2	82051	0.640502	5124
2	82067	0.640627	5125
2	82083	0.640752	5126
2	82099	0.640877	5127
2	82115	0.641002	5128
2	82131	0.641127	5129
2	82147	0.641252	5130
2	82163	0.641377	5131
2	82179	0.641502	5132
2	82195	0.641627	5133
2	82211	0.641752	5134
2	82227	0.641877	5135
2	82243	0.642002	5136
2	82259	0.642127	5137
2	82275	0.642252	5138
2	82291	0.642377	5139
2	82307	0.642502	5140
2	82323	0.642627	5141
2	82339	0.642752	5142
2	82355	0.642877	5143
2	82371	0.643002	5144
2	82387	0.643127	5145
2	82403	0.643252	5146
2	82419	0.643377	5147
2	82435	0.643502	5148
2	82451	0.643627	5149
2	82467	0.643752	5150
2	82483	0.643877	5151
2	82499	0.644002	5152
2	82515	0.644127	5153
2	82531	0.644252	5154
2	82547	0.644377	5155
2	82563	0.644502	5156
2	82579	0.644627	5157
2	82595	0.644752	5158
2	82611	0.644877	5159
2	82627	0.645002	5160
2	82643	0.645127	5161
2	82659	0.645252	5162
2	82675	0.645377	5163
2	82691	0.645502	5164
2	82707	0.645627	5165
2	82723	0.645752	5166
2	82739	0.645877	5167
2	82755	0.646002	5168
2	82771	0.646127	5169
2	82787	0.646252	5170
2	82803	0.646377	5171
2	82819	0.646502	5172
2	82835	0.646627	5173
2	82851	0.646752	5174
2	82867	0.646877	5175
2	82883	0.647002	5176
2	82899	0.647127	5177
2	82915	0.647252	5178
2	82931	0.647377	5179
2	82947	0.647502	5180
2	82963	0.647627	5181
2	82979	0.647752	5182
2	82995	0.647877	5183
2	83011	0.648002	5184
2	83027	0.648127	5185
2	83043	0.648252	5186
2	83059	0.648377	5187
2	83075	0.648502	5188
2	83091	0.648627	5189
2	83107	0.648752	5190
2	83123	0.648877	5191
2	83139	0.649002	5192
2	83155	0.649127	5193
2	83171	0.649252	5194
2	83187	0.649377	5195
2	83203	0.649502	5196
2	83219	0.649627	5197
2	83235	0.649752	5198
2	83251	0.649877	5199
2	83267	0.650002	5200
2	83283	0.650127	5201
2	83299	0.650252	5202
2	83315	0.650377	5203
2	83331	0.650502	5204
2	83347	0.650627	5205
2	83363	0.650752	5206
2	83379	0.650877	5207
2	83395	0.651002	5208
2	83411	0.651127	5209
2	83427	0.651252	5210
2	83443	0.651377	5211
2	83459	0.651502	5212
2	83475	0.651627	5213
2	83491	0.651752	5214
2	83507	0.651877	5215
2	83523	0.652002	5216
2	83539	0.652127	5217
2	83555	0.652252	5218
2	83571	0.652377	5219
2	83587	0.652502	5220
2	83603	0.652627	5221
2	83619	0.652752	5222
2	83635	0.652877	5223
2	83651	0.653002	5224
2	83667	0.653127	5225
2	83683	0.653252	5226
2	83699	0.653377	5227
2	83715	0.653502	5228
2	83731	0.653627	5229
2	83747	0.653752	5230
2	83763	0.653877	5231
2	83779	0.654002	5232
2	83795	0.654127	5233
2	83811	0.654252	5234
2	83827	0.654377	5235
2	83843	0.654502	5236
2	83859	0.654627	5237
2	83875	0.654752	5238
2	83891	0.654877	5239
2	83907	0.655002	5240
2	83923	0.655127	5241
2	83939	0.655252	5242
2	83955	0.655377	5243
2	83971	0.655502	5244
2	83987	0.655627	5245
2	84003	0.655752	5246
2	84019	0.655877	5247
2	84035	0.656002	5248
2	84051	0.656127	5249
2	84067	0.656252	5250
2	84083	0.656377	5251
2	84099	0.656502	5252
2	84115	0.656627	5253
2	84131	0.656752	5254
2	84147	0.656877	5255
2	84163	0.657002	5256
2	84179	0.657127	5257
2	84195	0.657252	5258
2	84211	0.657377	5259
2	84227	0.657502	5260
2	84243	0.657627	5261
2	84259	0.657752	5262
2	84275	0.657877	5263
2	84291	0.658002	5264
2	84307	0.658127	5265
2	84323	0.658252	5266
2	84339	0.658377	5267
2	84355	0.658502	5268
2	84371	0.658627	5269
2	84387	0.658752	5270
2	84403	0.658877	5271
2	84419	0.659002	5272
2	84435	0.659127	5273
2	84451	0.659252	5274
2	84467	0.659377	5275
2	84483	0.659502	5276
2	84499	0.659627	5277
2	84515	0.659752	5278
2	84531	0.659877	5279
2	84547	0.660002	5280
2	84563	0.660127	5281
2	84579	0.660252	5282
2	84595	0.660377	5283
2	84611	0.660502	5284
2	84627	0.660627	5285
2	84643	0.660752	5286
2	84659	0.660877	5287
2	84675	0.661002	5288
2	84691	0.661127	5289
2	84707	0.661252	5290
2	84723	0.661377	5291
2	84739	0.661502	5292
2	84755	0.661627	5293
2	84771	0.661752	5294
2	84787	0.661877	5295
2	84803	0.662002	5296
2	84819	0.662127	5297
2	84835	0.662252	5298
2	84851	0.662377	5299
2	84867	0.662502	5300
2	84883	0.662627	5301
2	84899	0.662752	5302
2	84915	0.662877	5303
2	84931	0.663002	5304
2	84947	0.663127	5305
2	84963	0.663252	5306
2	84979	0.663377	5307
2	84995	0.663502	5308
2	85011	0.663627	5309
2	85027	0.663752	5310
2	85043	0.663877	5311
2	85059	0.664002	5312
2	85075	0.664127	5313
2	85091	0.664252	5314
2	85107	0.664377	5315
2	85123	0.664502	5316
2	85139	0.664627	5317
2	85155	0.664752	5318
2	85171	0.664877	5319
2	85187	0.665002	5320
2	85203	0.665127	5321
2	85219	0.665252	5322
2	85235	0.665377	5323
2	85251	0.665502	5324
2	85267	0.665627	5325
2	85283	0.665752	5326
2	85299	0.665877	5327
2	85315	0.666002	5328
2	85331	0.666127	5329
2	85347	0.666252	5330
2	85363	0.666377	5331
2	85379	0.666502	5332
2	85395	0.666627	5333
2	85411	0.666752	5334
2	85427	0.666877	5335
2	85443	0.667002	5336
2	85463	0.667127	5337
2	85479	0.667252	5338
2	85495	0.667377	5339
2	85511	0.667502	5340
2	85527	0.667627	5341
2	85543	0.667752	5342
2	85559	0.667877	5343
2	85575	0.668002	5344
2	85591	0.668127	5345
2	85607	0.668252	5346
2	85623	0.668377	5347
2	85639	0.668502	5348
2	85655	0.668627	5349
2	85671	0.668752	5350
2	85687	0.668877	5351
2	85703	0.669002	5352
2	85719	0.669127	5353
2	85735	0.669252	5354
2	85751	0.669377	5355
2	85767	0.669502	5356
2	85783	0.669627	5357
2	85799	0.669752	5358
2	85815	0.669877	5359
2	85831	0.670002	5360
2	85847	0.670127	5361
2	85863	0.670252	5362
2	85879	0.670377	5363
2	85895	0.670502	5364
2	85911	0.670627	5365
2	85927	0.670752	5366
2	85943	0.670877	5367
2	85959	0.671002	5368
2	85975	0.671127	5369
2	85991	0.671252	5370
2	86007	0.671377	5371
2	86023	0.671502	5372
2	86039	0.671627	5373
2	86055	0.671752	5374
2	86071	0.671877	5375
2	86087	0.672002	5376
2	86103	0.672127	5377
2	86119	0.672252	5378
2	86135	0.672377	5379
2	86151	0.672502	5380
2	86167	0.672627	5381
2	86183	0.672752	5382
2	86199	0.672877	5383
2	86215	0.673002	5384
2	86231	0.673127	5385
2	86247	0.673252	5386
2	86263	0.673377	5387
2	86279	0.673502	5388
2	86295	0.673627	5389
2	86311	0.673752	5390
2	86327	0.673877	5391
2	86343	0.674002	5392
2	86359	0.674127	5393
2	86375	0.674252	5394
2	86391	0.674377	5395
2	86407	0.674502	5396
2	86423	0.674627	5397
2	86439	0.674752	5398
2	86455	0.674877	5399
2	86471	0.675002	5400
2	86487	0.675127	5401
2	86503	0.675252	5402
2	86519	0.675377	5403
2	86535	0.675502	5404
2	86551	0.675627	5405
2	86567	0.675752	5406
2	86583	0.675877	5407
2	86599	0.676002	5408
2	86615	0.676127	5409
2	86631	0.676252	5410
2	86647	0.676377	5411
2	86663	0.676502	5412
2	86679	0.676627	5413
2	86695	0.676752	5414
2	86711	0.676877	5415
2	86727	0.677002	5416
2	86743	0.677127	5417
2	86759	0.677252	5418
2	86775	0.677377	5419
2	86791	0.677502	5420
2	86807	0.677627	5421
2	86823	0.677752	5422
2	86839	0.677877	5423
2	86855	0.678002	5424
2	86871	0.678127	5425
2	86887	0.678252	5426
2	86903	0.678377	5427
2	86919	0.678502	5428
2	86935	0.678627	5429
2	86951	0.678752	5430
2	86967	0.678877	5431
2	86983	0.679002	5432
2	86999	0.679127	5433
2	87015	0.679252	5434
2	87031	0.679377	5435
2	87047	0.679502	5436
2	87063	0.679627	5437
2	87079	0.679752	5438
2	87095	0.679877	5439
2	87111	0.680002	5440
2	87127	0.680127	5441
2	87143	0.680252	5442
2	87159	0.680377	5443
2	87175	0.680502	5444
2	87191	0.680627	5445
2	87207	0.680752	5446
2	87223	0.680877	5447
2	87239	0.681002	5448
2	87255	0.681127	5449
2	87271	0.681252	5450
2	87287	0.681377	5451
2	87303	0.681502	5452
2	87319	0.681627	5453
2	87335	0.681752	5454
2	87351	0.681877	5455
2	87367	0.682002	5456
2	87383	0.682127	5457
2	87399	0.682252	5458
2	87415	0.682377	5459
2	87431	0.682502	5460
2	87447	0.682627	5461
2	87463	0.682752	5462
2	87479	0.682877	5463
2	87495	0.683002	5464
2	87511	0.683127	5465
2	87527	0.683252	5466
2	87543	0.683377	5467
2	87559	0.683502	5468
2	87575	0.683627	5469
2	87591	0.683752	5470
2	87607	0.683877	5471
2	87623	0.684002	5472
2	87639	0.684127	5473
2	87655	0.684252	5474
2	87671	0.684377	5475
2	87687	0.684502	5476
2	87703	0.684627	5477
2	87719	0.684752	5478
2	87735	0.684877	5479
2	87751	0.685002	5480
2	87767	0.685127	5481
2	87783	0.685252	5482
2	87799	0.685377	5483
2	87815	0.685502	5484
2	87831	0.685627	5485
2	87847	0.685752	5486
2	87863	0.685877	5487
2	87879	0.686002	5488
2	87895	0.686127	5489
2	87911	0.686252	5490
2	87927	0.686377	5491
2	87943	0.686502	5492
2	87959	0.686627	5493
2	87975	0.686752	5494
2	87991	0.686877	5495
2	88007	0.687002	5496
2	88023	0.687127	5497
2	88039	0.687252	5498
2	88055	0.687377	5499
2	88071	0.687502	5500
2	88087	0.687627	5501
2	88103	0.687752	5502
2	88119	0.687877	5503
2	88135	0.688002	5504
2	88151	0.688127	5505
2	88167	0.688252	5506
2	88183	0.688377	5507
2	88199	0.688502	5508
2	88215	0.688627	5509
2	88231	0.688752	5510
2	88247	0.688877	5511
2	88263	0.689002	5512
2	88279	0.689127	5513
2	88295	0.689252	5514
2	88311	0.689377	5515
2	88327	0.689502	5516
2	88343	0.689627	5517
2	88359	0.689752	5518
2	88375	0.689877	5519
2	88391	0.690002	5520
2	88407	0.690127	5521
2	88423	0.690252	5522
2	88439	0.690377	5523
2	88455	0.690502	5524
2	88471	0.690627	5525
2	88487	0.690752	5526
2	88503	0.690877	5527
2	88519	0.691002	5528
2	88535	0.691127	5529
2	88551	0.691252	5530
2	88567	0.691377	5531
2	88583	0.691502	5532
2	88599	0.691627	5533
2	88615	0.691752	5534
2	88631	0.691877	5535
2	88647	0.692002	5536
2	88663	0.692127	5537
2	88679	0.692252	5538
2	88695	0.692377	5539
2	88711	0.692502	5540
2	88727	0.692627	5541
2	88743	0.692752	5542
2	88759	0.692877	5543
2	88775	0.693002	5544
2	88791	0.693127	5545
2	88807	0.693252	5546
2	88823	0.693377	5547
2	88839	0.693502	5548
2	88855	0.693627	5549
2	88871	0.693752	5550
2	88887	0.693877	5551
2	88903	0.694002	5552
2	88919	0.694127	5553
2	88935	0.694252	5554
2	88951	0.694377	5555
2	88967	0.694502	5556
2	88983	0.694627	5557
2	88999	0.694752	5558
2	89015	0.694877	5559
2	89031	0.695002	5560
2	89047	0.695127	5561
2	89063	0.695252	5562
2	89079	0.695377	5563
2	89095	0.695502	5564
2	89111	0.695627	5565
2	89127	0.695752	5566
2	89143	0.695877	5567
2	89159	0.696002	5568
2	89175	0.696127	5569
2	89191	0.696252	5570
2	89207	0.696377	5571
2	89223	0.696502	5572
2	89239	0.696627	5573
2	89255	0.696752	5574
2	89271	0.696877	5575
2	89287	0.697002	5576
2	89303	0.697127	5577
2	89319	0.697252	5578
2	89335	0.697377	5579
2	89351	0.697502	5580
2	89367	0.697627	5581
2	89383	0.697752	5582
2	89399	0.697877	5583
2	89415	0.698002	5584
2	89431	0.698127	5585
2	89447	0.698252	5586
2	89463	0.698377	5587
2	89479	0.698502	5588
2	89495	0.698627	5589
2	89511	0.698752	5590
2	89527	0.698877	5591
2	89543	0.699002	5592
2	89559	0.699127	5593
2	89575	0.699252	5594
2	89591	0.699377	5595
2	89607	0.699502	5596
2	89623	0.699627	5597
2	89639	0.699752	5598
2	89655	0.699877	5599
2	89671	0.700002	5600
2	89687	0.700127	5601
2	89703	0.700252	5602
2	89719	0.700377	5603
2	89735	0.700502	5604
2	89751	0.700627	5605
2	89767	0.700752	5606
2	89783	0.700877	5607
2	89799	0.701002	5608
2	89815	0.701127	5609
2	89831	0.701252	5610
2	89847	0.701377	5611
2	89863	0.701502	5612
2	89879	0.701627	5613
2	89895	0.701752	5614
2	89911	0.701877	5615
2	89927	0.702002	5616
2	89943	0.702127	5617
2	89959	0.702252	5618
2	89975	0.702377	5619
2	89991	0.702502	5620
2	90007	0.702627	5621
2	90023	0.702752	5622
2	90039	0.702877	5623
2	90055	0.703002	5624
2	90071	0.703127	5625
2	90087	0.703252	5626
2	90103	0.703377	5627
2	90119	0.703502	5628
2	90135	0.703627	5629
2	90151	0.703752	5630
2	90167	0.703877	5631
2	90183	0.704002	5632
2	90199	0.704127	5633
2	90215	0.704252	5634
2	90235	0.704377	5635
2	90251	0.704502	5636
2	90267	0.704627	5637
2	90283	0.704752	5638
2	90299	0.704877	5639
2	90315	0.705002	5640
2	90331	0.705127	5641
2	90347	0.705252	5642
2	90363	0.705377	5643
2	90379	0.705502	5644
2	90395	0.705627	5645
2	90411	0.705752	5646
2	90427	0.705877	5647
2	90443	0.706002	5648
2	90459	0.706127	5649
2	90475	0.706252	5650
2	90491	0.706377	5651
2	90507	0.706502	5652
2	90523	0.706627	5653
2	90539	0.706752	5654
2	90555	0.706877	5655
2	90571	0.707002	5656
2	90587	0.707127	5657
2	90603	0.707252	5658
2	90619	0.707377	5659
2	90635	0.707502	5660
2	90651	0.707627	5661
2	90667	0.707752	5662
2	90683	0.707877	5663
2	90699	0.708002	5664
2	90715	0.708127	5665
2	90731	0.708252	5666
2	90747	0.708377	5667
2	90763	0.708502	5668
2	90779	0.708627	5669
2	90795	0.708752	5670
2	90811	0.708877	5671
2	90827	0.709002	5672
2	90843	0.709127	5673
2	90859	0.709252	5674
2	90875	0.709377	5675
2	90891	0.709502	5676
2	90907	0.709627	5677
2	90923	0.709752	5678
2	90939	0.709877	5679
2	90955	0.710002	5680
2	90971	0.710127	5681
2	90987	0.710252	5682
2	91003	0.710377	5683
2	91019	0.710502	5684
2	91035	0.710627	5685
2	91051	0.710752	5686
2	91067	0.710877	5687
2	91083	0.711002	5688
2	91099	0.711127	5689
2	91115	0.711252	5690
2	91131	0.711377	5691
2	91147	0.711502	5692
2	91163	0.711627	5693
2	91179	0.711752	5694
2	91195	0.711877	5695
2	91211	0.712002	5696
2	91227	0.712127	5697
2	91243	0.712252	5698
2	91259	0.712377	5699
2	91275	0.712502	5700
2	91291	0.712627	5701
2	91307	0.712752	5702
2	91323	0.712877	5703
2	91339	0.713002	5704
2	91355	0.713127	5705
2	91371	0.713252	5706
2	91387	0.713377	5707
2	91403	0.713502	5708
2	91419	0.713627	5709
2	91435	0.713752	5710
2	91451	0.713877	5711
2	91467	0.714002	5712
2	91483	0.714127	5713
2	91499	0.714252	5714
2	91515	0.714377	5715
2	91531	0.714502	5716
2	91547	0.714627	5717
2	91563	0.714752	5718
2	91579	0.714877	5719
2	91595	0.715002	5720
2	91611	0.715127	5721
2	91627	0.715252	5722
2	91643	0.715377	5723
2	91659	0.715502	5724
2	91675	0.715627	5725
2	91691	0.715752	5726
2	91707	0.715877	5727
2	91723	0.716002	5728
2	91739	0.716127	5729
2	91755	0.716252	5730
2	91771	0.716377	5731
2	91787	0.716502	5732
2	91803	0.716627	5733
2	91819	0.716752	5734
2	91835	0.716877	5735
2	91851	0.717002	5736
2	91867	0.717127	5737
2	91883	0.717252	5738
2	91899	0.717377	5739
2	91915	0.717502	5740
2	91931	0.717627	5741
2	91947	0.717752	5742
2	91963	0.717877	5743
2	91979	0.718002	5744
2	91995	0.718127	5745
2	92011	0.718252	5746
2	92027	0.718377	5747
2	92043	0.718502	5748
2	92059	0.718627	5749
2	92075	0.718752	5750
2	92091	0.718877	5751
2	92107	0.719002	5752
2	92123	0.719127	5753
2	92139	0.719252	5754
2	92155	0.719377	5755
2	92171	0.719502	5756
2	92187	0.719627	5757
2	92203	0.719752	5758
2	92219	0.719877	5759
2	92235	0.720002	5760
2	92251	0.720127	5761
2	92267	0.720252	5762
2	92283	0.720377	5763
2	92299	0.720502	5764
2	92315	0.720627	5765
2	92331	0.720752	5766
2	92347	0.720877	5767
2	92363	0.721002	5768
2	92379	0.721127	5769
2	92395	0.721252	5770
2	92411	0.721377	5771
2	92427	0.721502	5772
2	92443	0.721627	5773
2	92459	0.721752	5774
2	92475	0.721877	5775
2	92491	0.722002	5776
2	92507	0.722127	5777
2	92523	0.722252	5778
2	92539	0.722377	5779
2	92555	0.722502	5780
2	92571	0.722627	5781
2	92587	0.722752	5782
2	92603	0.722877	5783
2	92619	0.723002	5784
2	92635	0.723127	5785
2	92651	0.723252	5786
2	92667	0.723377	5787
2	92683	0.723502	5788
2	92699	0.723627	5789
2	92715	0.723752	5790
2	92731	0.723877	5791
2	92747	0.724002	5792
2	92763	0.724127	5793
2	92779	0.724252	5794
2	92795	0.724377	5795
2	92811	0.724502	5796
2	92827	0.724627	5797
2	92843	0.724752	5798
2	92859	0.724877	5799
2	92875	0.725002	5800
2	92891	0.725127	5801
2	92907	0.725252	5802
2	92923	0.725377	5803
2	92939	0.725502	5804
2	92955	0.725627	5805
2	92971	0.725752	5806
2	92987	0.725877	5807
2	93003	0.726002	5808
2	93019	0.726127	5809
2	93035	0.726252	5810
2	93051	0.726377	5811
2	93067	0.726502	5812
2	93083	0.726627	5813
2	93099	0.726752	5814
2	93115	0.726877	5815
2	93131	0.727002	5816
2	93147	0.727127	5817
2	93163	0.727252	5818
2	93179	0.727377	5819
2	93195	0.727502	5820
2	93211	0.727627	5821
2	93227	0.727752	5822
2	93243	0.727877	5823
2	93259	0.728002	5824
2	93275	0.728127	5825
2	93291	0.728252	5826
2	93307	0.728377	5827
2	93323	0.728502	5828
2	93339	0.728627	5829
2	93355	0.728752	5830
2	93371	0.728877	5831
2	93387	0.729002	5832
2	93403	0.729127	5833
2	93419	0.729252	5834
2	93435	0.729377	5835
2	93451	0.729502	5836
2	93467	0.729627	5837
2	93483	0.729752	5838
2	93499	0.729877	5839
2	93515	0.730002	5840
2	93531	0.730127	5841
2	93547	0.730252	5842
2	93563	0.730377	5843
2	93579	0.730502	5844
2	93595	0.730627	5845
2	93611	0.730752	5846
2	93627	0.730877	5847
2	93643	0.731002	5848
2	93659	0.731127	5849
2	93675	0.731252	5850
2	93691	0.731377	5851
2	93707	0.731502	5852
2	93723	0.731627	5853
2	93739	0.731752	5854
2	93755	0.731877	5855
2	93771	0.732002	5856
2	93787	0.732127	5857
2	93803	0.732252	5858
2	93819	0.732377	5859
2	93835	0.732502	5860
2	93851	0.732627	5861
2	93867	0.732752	5862
2	93883	0.732877	5863
2	93899	0.733002	5864
2	93915	0.733127	5865
2	93931	0.733252	5866
2	93947	0.733377	5867
2	93963	0.733502	5868
2	93979	0.733627	5869
2	93995	0.733752	5870
2	94011	0.733877	5871
2	94027	0.734002	5872
2	94043	0.734127	5873
2	94059	0.734252	5874
2	94075	0.734377	5875
2	94091	0.734502	5876
2	94107	0.734627	5877
2	94123	0.734752	5878
2	94139	0.734877	5879
2	94155	0.735002	5880
2	94171	0.735127	5881
2	94187	0.735252	5882
2	94203	0.735377	5883
2	94219	0.735502	5884
2	94235	0.735627	5885
2	94251	0.735752	5886
2	94267	0.735877	5887
2	94283	0.736002	5888
2	94299	0.736127	5889
2	94315	0.736252	5890
2	94331	0.736377	5891
2	94347	0.736502	5892
2	94363	0.736627	5893
2	94379	0.736752	5894
2	94395	0.736877	5895
2	94411	0.737002	5896
2	94427	0.737127	5897
2	94443	0.737252	5898
2	94459	0.737377	5899
2	94475	0.737502	5900
2	94491	0.737627	5901
2	94507	0.737752	5902
2	94523	0.737877	5903
2	94539	0.738002	5904
2	94555	0.738127	5905
2	94571	0.738252	5906
2	94587	0.738377	5907
2	94603	0.738502	5908
2	94619	0.738627	5909
2	94635	0.738752	5910
2	94651	0.738877	5911
2	94667	0.739002	5912
2	94683	0.739127	5913
2	94699	0.739252	5914
2	94715	0.739377	5915
2	94731	0.739502	5916
2	94747	0.739627	5917
2	94763	0.739752	5918
2	94779	0.739877	5919
2	94795	0.740002	5920
2	94811	0.740127	5921
2	94827	0.740252	5922
2	94843	0.740377	5923
2	94859	0.740502	5924
2	94875	0.740627	5925
2	94891	0.740752	5926
2	94907	0.740877	5927
2	94923	0.741002	5928
2	94939	0.741127	5929
2	94955	0.741252	5930
2	94971	0.741377	5931
2	94991	0.741502	5932
2	95007	0.741627	5933
2	95023	0.741752	5934
2	95039	0.741877	5935
2	95055	0.742002	5936
2	95071	0.742127	5937
2	95087	0.742252	5938
2	95103	0.742377	5939
2	95119	0.742502	5940
2	95135	0.742627	5941
2	95151	0.742752	5942
2	95167	0.742877	5943
2	95183	0.743002	5944
2	95199	0.743127	5945
2	95215	0.743252	5946
2	95231	0.743377	5947
2	95247	0.743502	5948
2	95263	0.743627	5949
2	95279	0.743752	5950
2	95295	0.743877	5951
2	95311	0.744002	5952
2	95327	0.744127	5953
2	95343	0.744252	5954
2	95359	0.744377	5955
2	95375	0.744502	5956
2	95391	0.744627	5957
2	95407	0.744752	5958
2	95423	0.744877	5959
2	95439	0.745002	5960
2	95455	0.745127	5961
2	95471	0.745252	5962
2	95487	0.745377	5963
2	95503	0.745502	5964
2	95519	0.745627	5965
2	95535	0.745752	5966
2	95551	0.745877	5967
2	95567	0.746002	5968
2	95583	0.746127	5969
2	95599	0.746252	5970
2	95615	0.746377	5971
2	95631	0.746502	5972
2	95647	0.746627	5973
2	95663	0.746752	5974
2	95679	0.746877	5975
2	95695	0.747002	5976
2	95711	0.747127	5977
2	95727	0.747252	5978
2	95743	0.747377	5979
2	95759	0.747502	5980
2	95775	0.747627	5981
2	95791	0.747752	5982
2	95807	0.747877	5983
2	95823	0.748002	5984
2	95839	0.748127	5985
2	95855	0.748252	5986
2	95871	0.748377	5987
2	95887	0.748502	5988
2	95903	0.748627	5989
2	95919	0.748752	5990
2	95935	0.748877	5991
2	95951	0.749002	5992
2	95967	0.749127	5993
2	95983	0.749252	5994
2	95999	0.749377	5995
2	96015	0.749502	5996
2	96031	0.749627	5997
2	96047	0.749752	5998
2	96063	0.749877	5999
2	96079	0.750002	6000
2	96095	0.750127	6001
2	96111	0.750252	6002
2	96127	0.750377	6003
2	96143	0.750502	6004
2	96159	0.750627	6005
2	96175	0.750752	6006
2	96191	0.750877	6007
2	96207	0.751002	6008
2	96223	0.751127	6009
2	96239	0.751252	6010
2	96255	0.751377	6011
2	96271	0.751502	6012
2	96287	0.751627	6013
2	96303	0.751752	6014
2	96319	0.751877	6015
2	96335	0.752002	6016
2	96351	0.752127	6017
2	96367	0.752252	6018
2	96383	0.752377	6019
2	96399	0.752502	6020
2	96415	0.752627	6021
2	96431	0.752752	6022
2	96447	0.752877	6023
2	96463	0.753002	6024
2	96479	0.753127	6025
2	96495	0.753252	6026
2	96511	0.753377	6027
2	96527	0.753502	6028
2	96543	0.753627	6029
2	96559	0.753752	6030
2	96575	0.753877	6031
2	96591	0.754002	6032
2	96607	0.754127	6033
2	96623	0.754252	6034
2	96639	0.754377	6035
2	96655	0.754502	6036
2	96671	0.754627	6037
2	96687	0.754752	6038
2	96703	0.754877	6039
2	96719	0.755002	6040
2	96735	0.755127	6041
2	96751	0.755252	6042
2	96767	0.755377	6043
2	96783	0.755502	6044
2	96799	0.755627	6045
2	96815	0.755752	6046
2	96831	0.755877	6047
2	96847	0.756002	6048
2	96863	0.756127	6049
2	96879	0.756252	6050
2	96895	0.756377	6051
2	96911	0.756502	6052
2	96927	0.756627	6053
2	96943	0.756752	6054
2	96959	0.756877	6055
2	96975	0.757002	6056
2	96991	0.757127	6057
2	97007	0.757252	6058
2	97023	0.757377	6059
2	97039	0.757502	6060
2	97055	0.757627	6061
2	97071	0.757752	6062
2	97087	0.757877	6063
2	97103	0.758002	6064
2	97119	0.758127	6065
2	97135	0.758252	6066
2	97151	0.758377	6067
2	97167	0.758502	6068
2	97183	0.758627	6069
2	97199	0.758752	6070
2	97215	0.758877	6071
2	97231	0.759002	6072
2	97247	0.759127	6073
2	97263	0.759252	6074
2	97279	0.759377	6075
2	97295	0.759502	6076
2	97311	0.759627	6077
2	97327	0.759752	6078
2	97343	0.759877	6079
2	97359	0.760002	6080
2	97375	0.760127	6081
2	97391	0.760252	6082
2	97407	0.760377	6083
2	97423	0.760502	6084
2	97439	0.760627	6085
2	97455	0.760752	6086
2	97471	0.760877	6087
2	97487	0.761002	6088
2	97503	0.761127	6089
2	97519	0.761252	6090
2	97535	0.761377	6091
2	97551	0.761502	6092
2	97567	0.761627	6093
2	97583	0.761752	6094
2	97599	0.761877	6095
2	97615	0.762002	6096
2	97631	0.762127	6097
2	97647	0.762252	6098
2	97663	0.762377	6099
2	97679	0.762502	6100
2	97695	0.762627	6101
2	97711	0.762752	6102
2	97727	0.762877	6103
2	97743	0.763002	6104
2	97759	0.763127	6105
2	97775	0.763252	6106
2	97791	0.763377	6107
2	97807	0.763502	6108
2	97823	0.763627	6109
2	97839	0.763752	6110
2	97855	0.763877	6111
2	97871	0.764002	6112
2	97887	0.764127	6113
2	97903	0.764252	6114
2	97919	0.764377	6115
2	97935	0.764502	6116
2	97951	0.764627	6117
2	97967	0.764752	6118
2	97983	0.764877	6119
2	97999	0.765002	6120
2	98015	0.765127	6121
2	98031	0.765252	6122
2	98047	0.765377	6123
2	98063	0.765502	6124
2	98079	0.765627	6125
2	98095	0.765752	6126
2	98111	0.765877	6127
2	98127	0.766002	6128
2	98143	0.766127	6129
2	98159	0.766252	6130
2	98175	0.766377	6131
2	98191	0.766502	6132
2	98207	0.766627	6133
2	98223	0.766752	6134
2	98239	0.766877	6135
2	98255	0.767002	6136
2	98271	0.767127	6137
2	98287	0.767252	6138
2	98303	0.767377	6139
2	98319	0.767502	6140
2	98335	0.767627	6141
2	98351	0.767752	6142
2	98367	0.767877	6143
2	98383	0.768002	6144
2	98399	0.768127	6145
2	98415	0.768252	6146
2	98431	0.768377	6147
2	98447	0.768502	6148
2	98463	0.768627	6149
2	98479	0.768752	6150
2	98495	0.768877	6151
2	98511	0.769002	6152
2	98527	0.769127	6153
2	98543	0.769252	6154
2	98559	0.769377	6155
2	98575	0.769502	6156
2	98591	0.769627	6157
2	98607	0.769752	6158
2	98623	0.769877	6159
2	98639	0.770002	6160
2	98655	0.770127	6161
2	98671	0.770252	6162
2	98687	0.770377	6163
2	98703	0.770502	6164
2	98719	0.770627	6165
2	98735	0.770752	6166
2	98751	0.770877	6167
2	98767	0.771002	6168
2	98783	0.771127	6169
2	98799	0.771252	6170
2	98815	0.771377	6171
2	98831	0.771502	6172
2	98847	0.771627	6173
2	98863	0.771752	6174
2	98879	0.771877	6175
2	98895	0.772002	6176
2	98911	0.772127	6177
2	98927	0.772252	6178
2	98943	0.772377	6179
2	98959	0.772502	6180
2	98975	0.772627	6181
2	98991	0.772752	6182
2	99007	0.772877	6183
2	99023	0.773002	6184
2	99039	0.773127	6185
2	99055	0.773252	6186
2	99071	0.773377	6187
2	99087	0.773502	6188
2	99103	0.773627	6189
2	99119	0.773752	6190
2	99135	0.773877	6191
2	99151	0.774002	6192
2	99167	0.774127	6193
2	99183	0.774252	6194
2	99199	0.774377	6195
2	99215	0.774502	6196
2	99231	0.774627	6197
2	99247	0.774752	6198
2	99263	0.774877	6199
2	99279	0.775002	6200
2	99295	0.775127	6201
2	99311	0.775252	6202
2	99327	0.775377	6203
2	99343	0.775502	6204
2	99359	0.775627	6205
2	99375	0.775752	6206
2	99391	0.775877	6207
2	99407	0.776002	6208
2	99423	0.776127	6209
2	99439	0.776252	6210
2	99455	0.776377	6211
2	99471	0.776502	6212
2	99487	0.776627	6213
2	99503	0.776752	6214
2	99519	0.776877	6215
2	99535	0.777002	6216
2	99551	0.777127	6217
2	99567	0.777252	6218
2	99583	0.777377	6219
2	99599	0.777502	6220
2	99615	0.777627	6221
2	99631	0.777752	6222
2	99647	0.777877	6223
2	99663	0.778002	6224
2	99679	0.778127	6225
2	99695	0.778252	6226
2	99711	0.778377	6227
2	99727	0.778502	6228
2	99747	0.778627	6229
2	99763	0.778752	6230
2	99779	0.778877	6231
2	99795	0.779002	6232
2	99811	0.779127	6233
2	99827	0.779252	6234
2	99843	0.779377	6235
2	99859	0.779502	6236
2	99875	0.779627	6237
2	99891	0.779752	6238
2	99907	0.779877	6239
2	99923	0.780002	6240
2	99939	0.780127	6241
2	99955	0.780252	6242
2	99971	0.780377	6243
2	99987	0.780502	6244
2	100003	0.780627	6245
2	100019	0.780752	6246
2	100035	0.780877	6247
2	100051	0.781002	6248
2	100067	0.781127	6249
2	100083	0.781252	6250
2	100099	0.781377	6251
2	100115	0.781502	6252
2	100131	0.781627	6253
2	100147	0.781752	6254
2	100163	0.781877	6255
2	100179	0.782002	6256
2	100195	0.782127	6257
2	100211	0.782252	6258
2	100227	0.782377	6259
2	100243	0.782502	6260
2	100259	0.782627	6261
2	100275	0.782752	6262
2	100291	0.782877	6263
2	100307	0.783002	6264
2	100323	0.783127	6265
2	100339	0.783252	6266
2	100355	0.783377	6267
2	100371	0.783502	6268
2	100387	0.783627	6269
2	100403	0.783752	6270
2	100419	0.783877	6271
2	100435	0.784002	6272
2	100451	0.784127	6273
2	100467	0.784252	6274
2	100483	0.784377	6275
2	100499	0.784502	6276
2	100515	0.784627	6277
2	100531	0.784752	6278
2	100547	0.784877	6279
2	100563	0.785002	6280
2	100579	0.785127	6281
2	100595	0.785252	6282
2	100611	0.785377	6283
2	100627	0.785502	6284
2	100643	0.785627	6285
2	100659	0.785752	6286
2	100675	0.785877	6287
2	100691	0.786002	6288
2	100707	0.786127	6289
2	100723	0.786252	6290
2	100739	0.786377	6291
2	100755	0.786502	6292
2	100771	0.786627	6293
2	100787	0.786752	6294
2	100803	0.786877	6295
2	100819	0.787002	6296
2	100835	0.787127	6297
2	100851	0.787252	6298
2	100867	0.787377	6299
2	100883	0.787502	6300
2	100899	0.787627	6301
2	100915	0.787752	6302
2	100931	0.787877	6303
2	100947	0.788002	6304
2	100963	0.788127	6305
2	100979	0.788252	6306
2	100995	0.788377	6307
2	101011	0.788502	6308
2	101027	0.788627	6309
2	101043	0.788752	6310
2	101059	0.788877	6311
2	101075	0.789002	6312
2	101091	0.789127	6313
2	101107	0.789252	6314
2	101123	0.789377	6315
2	101139	0.789502	6316
2	101155	0.789627	6317
2	101171	0.789752	6318
2	101187	0.789877	6319
2	101203	0.790002	6320
2	101219	0.790127	6321
2	101235	0.790252	6322
2	101251	0.790377	6323
2	101267	0.790502	6324
2	101283	0.790627	6325
2	101299	0.790752	6326
2	101315	0.790877	6327
2	101331	0.791002	6328
2	101347	0.791127	6329
2	101363	0.791252	6330
2	101379	0.791377	6331
2	101395	0.791502	6332
2	101411	0.791627	6333
2	101427	0.791752	6334
2	101443	0.791877	6335
2	101459	0.792002	6336
2	101475	0.792127	6337
2	101491	0.792252	6338
2	101507	0.792377	6339
2	101523	0.792502	6340
2	101539	0.792627	6341
2	101555	0.792752	6342
2	101571	0.792877	6343
2	101587	0.793002	6344
2	101603	0.793127	6345
2	101619	0.793252	6346
2	101635	0.793377	6347
2	101651	0.793502	6348
2	101667	0.793627	6349
2	101683	0.793752	6350
2	101699	0.793877	6351
2	101715	0.794002	6352
2	101731	0.794127	6353
2	101747	0.794252	6354
2	101763	0.794377	6355
2	101779	0.794502	6356
2	101795	0.794627	6357
2	101811	0.794752	6358
2	101827	0.794877	6359
2	101843	0.795002	6360
2	101859	0.795127	6361
2	101875	0.795252	6362
2	101891	0.795377	6363
2	101907	0.795502	6364
2	101923	0.795627	6365
2	101939	0.795752	6366
2	101955	0.795877	6367
2	101971	0.796002	6368
2	101987	0.796127	6369
2	102003	0.796252	6370
2	102019	0.796377	6371
2	102035	0.796502	6372
2	102051	0.796627	6373
2	102067	0.796752	6374
2	102083	0.796877	6375
2	102099	0.797002	6376
2	102115	0.797127	6377
2	102131	0.797252	6378
2	102147	0.797377	6379
2	102163	0.797502	6380
2	102179	0.797627	6381
2	102195	0.797752	6382
2	102211	0.797877	6383
2	102227	0.798002	6384
2	102243	0.798127	6385
2	102259	0.798252	6386
2	102275	0.798377	6387
2	102291	0.798502	6388
2	102307	0.798627	6389
2	102323	0.798752	6390
2	102339	0.798877	6391
2	102355	0.799002	6392
2	102371	0.799127	6393
2	102387	0.799252	6394
2	102403	0.799377	6395
2	102419	0.799502	6396
2	102435	0.799627	6397
2	102451	0.799752	6398
2	102467	0.799877	6399
2	102483	0.800002	6400
2	102499	0.800127	6401
2	102515	0.800252	6402
2	102531	0.800377	6403
2	102547	0.800502	6404
2	102563	0.800627	6405
2	102579	0.800752	6406
2	102595	0.800877	6407
2	102611	0.801002	6408
2	102627	0.801127	6409
2	102643	0.801252	6410
2	102659	0.801377	6411
2	102675	0.801502	6412
2	102691	0.801627	6413
2	102707	0.801752	6414
2	102723	0.801877	6415
2	102739	0.802002	6416
2	102755	0.802127	6417
2	102771	0.802252	6418
2	102787	0.802377	6419
2	102803	0.802502	6420
2	102819	0.802627	6421
2	102835	0.802752	6422
2	102851	0.802877	6423
2	102867	0.803002	6424
2	102883	0.803127	6425
2	102899	0.803252	6426
2	102915	0.803377	6427
2	102931	0.803502	6428
2	102947	0.803627	6429
2	102963	0.803752	6430
2	102979	0.803877	6431
2	102995	0.804002	6432
2	103011	0.804127	6433
2	103027	0.804252	6434
2	103043	0.804377	6435
2	103059	0.804502	6436
2	103075	0.804627	6437
2	103091	0.804752	6438
2	103107	0.804877	6439
2	103123	0.805002	6440
2	103139	0.805127	6441
2	103155	0.805252	6442
2	103171	0.805377	6443
2	103187	0.805502	6444
2	103203	0.805627	6445
2	103219	0.805752	6446
2	103235	0.805877	6447
2	103251	0.806002	6448
2	103267	0.806127	6449
2	103283	0.806252	6450
2	103299	0.806377	6451
2	103315	0.806502	6452
2	103331	0.806627	6453
2	103347	0.806752	6454
2	103363	0.806877	6455
2	103379	0.807002	6456
2	103395	0.807127	6457
2	103411	0.807252	6458
2	103427	0.807377	6459
2	103443	0.807502	6460
2	103459	0.807627	6461
2	103475	0.807752	6462
2	103491	0.807877	6463
2	103507	0.808002	6464
2	103523	0.808127	6465
2	103539	0.808252	6466
2	103555	0.808377	6467
2	103571	0.808502	6468
2	103587	0.808627	6469
2	103603	0.808752	6470
2	103619	0.808877	6471
2	103635	0.809002	6472
2	103651	0.809127	6473
2	103667	0.809252	6474
2	103683	0.809377	6475
2	103699	0.809502	6476
2	103715	0.809627	6477
2	103731	0.809752	6478
2	103747	0.809877	6479
2	103763	0.810002	6480
2	103779	0.810127	6481
2	103795	0.810252	6482
2	103811	0.810377	6483
2	103827	0.810502	6484
2	103843	0.810627	6485
2	103859	0.810752	6486
2	103875	0.810877	6487
2	103891	0.811002	6488
2	103907	0.811127	6489
2	103923	0.811252	6490
2	103939	0.811377	6491
2	103955	0.811502	6492
2	103971	0.811627	6493
2	103987	0.811752	6494
2	104003	0.811877	6495
2	104019	0.812002	6496
2	104035	0.812127	6497
2	104051	0.812252	6498
2	104067	0.812377	6499
2	104083	0.812502	6500
2	104099	0.812627	6501
2	104115	0.812752	6502
2	104131	0.812877	6503
2	104147	0.813002	6504
2	104163	0.813127	6505
2	104179	0.813252	6506
2	104195	0.813377	6507
2	104211	0.813502	6508
2	104227	0.813627	6509
2	104243	0.813752	6510
2	104259	0.813877	6511
2	104275	0.814002	6512
2	104291	0.814127	6513
2	104307	0.814252	6514
2	104323	0.814377	6515
2	104339	0.814502	6516
2	104355	0.814627	6517
2	104371	0.814752	6518
2	104387	0.814877	6519
2	104403	0.815002	6520
2	104419	0.815127	6521
2	104435	0.815252	6522
2	104451	0.815377	6523
2	104467	0.815502	6524
2	104483	0.815627	6525
2	104501	0.815752	6526
2	104519	0.815877	6527
2	104535	0.816002	6528
2	104551	0.816127	6529
2	104567	0.816252	6530
2	104583	0.816377	6531
2	104599	0.816502	6532
2	104615	0.816627	6533
2	104631	0.816752	6534
2	104647	0.816877	6535
2	104663	0.817002	6536
2	104679	0.817127	6537
2	104695	0.817252	6538
2	104711	0.817377	6539
2	104727	0.817502	6540
2	104743	0.817627	6541
2	104759	0.817752	6542
2	104775	0.817877	6543
2	104791	0.818002	6544
2	104807	0.818127	6545
2	104823	0.818252	6546
2	104839	0.818377	6547
2	104855	0.818502	6548
2	104871	0.818627	6549
2	104887	0.818752	6550
2	104903	0.818877	6551
2	104919	0.819002	6552
2	104935	0.819127	6553
2	104951	0.819252	6554
2	104967	0.819377	6555
2	104983	0.819502	6556
2	104999	0.819627	6557
2	105015	0.819752	6558
2	105031	0.819877	6559
2	105047	0.820002	6560
2	105063	0.820127	6561
2	105079	0.820252	6562
2	105095	0.820377	6563
2	105111	0.820502	6564
2	105127	0.820627	6565
2	105143	0.820752	6566
2	105159	0.820877	6567
2	105175	0.821002	6568
2	105191	0.821127	6569
2	105207	0.821252	6570
2	105223	0.821377	6571
2	105239	0.821502	6572
2	105255	0.821627	6573
2	105271	0.821752	6574
2	105287	0.821877	6575
2	105303	0.822002	6576
2	105319	0.822127	6577
2	105335	0.822252	6578
2	105351	0.822377	6579
2	105367	0.822502	6580
2	105383	0.822627	6581
2	105399	0.822752	6582
2	105415	0.822877	6583
2	105431	0.823002	6584
2	105447	0.823127	6585
2	105463	0.823252	6586
2	105479	0.823377	6587
2	105495	0.823502	6588
2	105511	0.823627	6589
2	105527	0.823752	6590
2	105543	0.823877	6591
2	105559	0.824002	6592
2	105575	0.824127	6593
2	105591	0.824252	6594
2	105607	0.824377	6595
2	105623	0.824502	6596
2	105639	0.824627	6597
2	105655	0.824752	6598
2	105671	0.824877	6599
2	105687	0.825002	6600
2	105703	0.825127	6601
2	105719	0.825252	6602
2	105735	0.825377	6603
2	105751	0.825502	6604
2	105767	0.825627	6605
2	105783	0.825752	6606
2	105799	0.825877	6607
2	105815	0.826002	6608
2	105831	0.826127	6609
2	105847	0.826252	6610
2	105863	0.826377	6611
2	105879	0.826502	6612
2	105895	0.826627	6613
2	105911	0.826752	6614
2	105927	0.826877	6615
2	105943	0.827002	6616
2	105959	0.827127	6617
2	105975	0.827252	6618
2	105991	0.827377	6619
2	106007	0.827502	6620
2	106023	0.827627	6621
2	106039	0.827752	6622
2	106055	0.827877	6623
2	106071	0.828002	6624
2	106087	0.828127	6625
2	106103	0.828252	6626
2	106119	0.828377	6627
2	106135	0.828502	6628
2	106151	0.828627	6629
2	106167	0.828752	6630
2	106183	0.828877	6631
2	106199	0.829002	6632
2	106215	0.829127	6633
2	106231	0.829252	6634
2	106247	0.829377	6635
2	106263	0.829502	6636
2	106279	0.829627	6637
2	106295	0.829752	6638
2	106311	0.829877	6639
2	106327	0.830002	6640
2	106343	0.830127	6641
2	106359	0.830252	6642
2	106375	0.830377	6643
2	106391	0.830502	6644
2	106407	0.830627	6645
2	106423	0.830752	6646
2	106439	0.830877	6647
2	106455	0.831002	6648
2	106471	0.831127	6649
2	106487	0.831252	6650
2	106503	0.831377	6651
2	106519	0.831502	6652
2	106535	0.831627	6653
2	106551	0.831752	6654
2	106567	0.831877	6655
2	106583	0.832002	6656
2	106599	0.832127	6657
2	106615	0.832252	6658
2	106631	0.832377	6659
2	106647	0.832502	6660
2	106663	0.832627	6661
2	106679	0.832752	6662
2	106695	0.832877	6663
2	106711	0.833002	6664
2	106727	0.833127	6665
2	106743	0.833252	6666
2	106759	0.833377	6667
2	106775	0.833502	6668
2	106791	0.833627	6669
2	106807	0.833752	6670
2	106823	0.833877	6671
2	106839	0.834002	6672
2	106855	0.834127	6673
2	106871	0.834252	6674
2	106887	0.834377	6675
2	106903	0.834502	6676
2	106919	0.834627	6677
2	106935	0.834752	6678
2	106951	0.834877	6679
2	106967	0.835002	6680
2	106983	0.835127	6681
2	106999	0.835252	6682
2	107015	0.835377	6683
2	107031	0.835502	6684
2	107047	0.835627	6685
2	107063	0.835752	6686
2	107079	0.835877	6687
2	107095	0.836002	6688
2	107111	0.836127	6689
2	107127	0.836252	6690
2	107143	0.836377	6691
2	107159	0.836502	6692
2	107175	0.836627	6693
2	107191	0.836752	6694
2	107207	0.836877	6695
2	107223	0.837002	6696
2	107239	0.837127	6697
2	107255	0.837252	6698
2	107271	0.837377	6699
2	107287	0.837502	6700
2	107303	0.837627	6701
2	107319	0.837752	6702
2	107335	0.837877	6703
2	107351	0.838002	6704
2	107367	0.838127	6705
2	107383	0.838252	6706
2	107399	0.838377	6707
2	107415	0.838502	6708
2	107431	0.838627	6709
2	107447	0.838752	6710
2	107463	0.838877	6711
2	107479	0.839002	6712
2	107495	0.839127	6713
2	107511	0.839252	6714
2	107527	0.839377	6715
2	107543	0.839502	6716
2	107559	0.839627	6717
2	107575	0.839752	6718
2	107591	0.839877	6719
2	107607	0.840002	6720
2	107623	0.840127	6721
2	107639	0.840252	6722
2	107655	0.840377	6723
2	107671	0.840502	6724
2	107687	0.840627	6725
2	107703	0.840752	6726
2	107719	0.840877	6727
2	107735	0.841002	6728
2	107751	0.841127	6729
2	107767	0.841252	6730
2	107783	0.841377	6731
2	107799	0.841502	6732
2	107815	0.841627	6733
2	107831	0.841752	6734
2	107847	0.841877	6735
2	107863	0.842002	6736
2	107879	0.842127	6737
2	107895	0.842252	6738
2	107911	0.842377	6739
2	107927	0.842502	6740
2	107943	0.842627	6741
2	107959	0.842752	6742
2	107975	0.842877	6743
2	107991	0.843002	6744
2	108007	0.843127	6745
2	108023	0.843252	6746
2	108039	0.843377	6747
2	108055	0.843502	6748
2	108071	0.843627	6749
2	108087	0.843752	6750
2	108103	0.843877	6751
2	108119	0.844002	6752
2	108135	0.844127	6753
2	108151	0.844252	6754
2	108167	0.844377	6755
2	108183	0.844502	6756
2	108199	0.844627	6757
2	108215	0.844752	6758
2	108231	0.844877	6759
2	108247	0.845002	6760
2	108263	0.845127	6761
2	108279	0.845252	6762
2	108295	0.845377	6763
2	108311	0.845502	6764
2	108327	0.845627	6765
2	108343	0.845752	6766
2	108359	0.845877	6767
2	108375	0.846002	6768
2	108391	0.846127	6769
2	108407	0.846252	6770
2	108423	0.846377	6771
2	108439	0.846502	6772
2	108455	0.846627	6773
2	108471	0.846752	6774
2	108487	0.846877	6775
2	108503	0.847002	6776
2	108519	0.847127	6777
2	108535	0.847252	6778
2	108551	0.847377	6779
2	108567	0.847502	6780
2	108583	0.847627	6781
2	108599	0.847752	6782
2	108615	0.847877	6783
2	108631	0.848002	6784
2	108647	0.848127	6785
2	108663	0.848252	6786
2	108679	0.848377	6787
2	108695	0.848502	6788
2	108711	0.848627	6789
2	108727	0.848752	6790
2	108743	0.848877	6791
2	108759	0.849002	6792
2	108775	0.849127	6793
2	108791	0.849252	6794
2	108807	0.849377	6795
2	108823	0.849502	6796
2	108839	0.849627	6797
2	108855	0.849752	6798
2	108871	0.849877	6799
2	108887	0.850002	6800
2	108903	0.850127	6801
2	108919	0.850252	6802
2	108935	0.850377	6803
2	108951	0.850502	6804
2	108967	0.850627	6805
2	108983	0.850752	6806
2	108999	0.850877	6807
2	109015	0.851002	6808
2	109031	0.851127	6809
2	109047	0.851252	6810
2	109063	0.851377	6811
2	109079	0.851502	6812
2	109095	0.851627	6813
2	109111	0.851752	6814
2	109127	0.851877	6815
2	109143	0.852002	6816
2	109159	0.852127	6817
2	109175	0.852252	6818
2	109191	0.852377	6819
2	109207	0.852502	6820
2	109223	0.852627	6821
2	109239	0.852752	6822
2	109255	0.852877	6823
2	109275	0.853002	6824
2	109291	0.853127	6825
2	109307	0.853252	6826
2	109323	0.853377	6827
2	109339	0.853502	6828
2	109355	0.853627	6829
2	109371	0.853752	6830
2	109387	0.853877	6831
2	109403	0.854002	6832
2	109419	0.854127	6833
2	109435	0.854252	6834
2	109451	0.854377	6835
2	109467	0.854502	6836
2	109483	0.854627	6837
2	109499	0.854752	6838
2	109515	0.854877	6839
2	109531	0.855002	6840
2	109547	0.855127	6841
2	109563	0.855252	6842
2	109579	0.855377	6843
2	109595	0.855502	6844
2	109611	0.855627	6845
2	109627	0.855752	6846
2	109643	0.855877	6847
2	109659	0.856002	6848
2	109675	0.856127	6849
2	109691	0.856252	6850
2	109707	0.856377	6851
2	109723	0.856502	6852
2	109739	0.856627	6853
2	109755	0.856752	6854
2	109771	0.856877	6855
2	109787	0.857002	6856
2	109803	0.857127	6857
2	109819	0.857252	6858
2	109835	0.857377	6859
2	109851	0.857502	6860
2	109867	0.857627	6861
2	109883	0.857752	6862
2	109899	0.857877	6863
2	109915	0.858002	6864
2	109931	0.858127	6865
2	109947	0.858252	6866
2	109963	0.858377	6867
2	109979	0.858502	6868
2	109995	0.858627	6869
2	110011	0.858752	6870
2	110027	0.858877	6871
2	110043	0.859002	6872
2	110059	0.859127	6873
2	110075	0.859252	6874
2	110091	0.859377	6875
2	110107	0.859502	6876
2	110123	0.859627	6877
2	110139	0.859752	6878
2	110155	0.859877	6879
2	110171	0.860002	6880
2	110187	0.860127	6881
2	110203	0.860252	6882
2	110219	0.860377	6883
2	110235	0.860502	6884
2	110251	0.860627	6885
2	110267	0.860752	6886
2	110283	0.860877	6887
2	110299	0.861002	6888
2	110315	0.861127	6889
2	110331	0.861252	6890
2	110347	0.861377	6891
2	110363	0.861502	6892
2	110379	0.861627	6893
2	110395	0.861752	6894
2	110411	0.861877	6895
2	110427	0.862002	6896
2	110443	0.862127	6897
2	110459	0.862252	6898
2	110475	0.862377	6899
2	110491	0.862502	6900
2	110507	0.862627	6901
2	110523	0.862752	6902
2	110539	0.862877	6903
2	110555	0.863002	6904
2	110571	0.863127	6905
2	110587	0.863252	6906
2	110603	0.863377	6907
2	110619	0.863502	6908
2	110635	0.863627	6909
2	110651	0.863752	6910
2	110667	0.863877	6911
2	110683	0.864002	6912
2	110699	0.864127	6913
2	110715	0.864252	6914
2	110731	0.864377	6915
2	110747	0.864502	6916
2	110763	0.864627	6917
2	110779	0.864752	6918
2	110795	0.864877	6919
2	110811	0.865002	6920
2	110827	0.865127	6921
2	110843	0.865252	6922
2	110859	0.865377	6923
2	110875	0.865502	6924
2	110891	0.865627	6925
2	110907	0.865752	6926
2	110923	0.865877	6927
2	110939	0.866002	6928
2	110955	0.866127	6929
2	110971	0.866252	6930
2	110987	0.866377	6931
2	111003	0.866502	6932
2	111019	0.866627	6933
2	111035	0.866752	6934
2	111051	0.866877	6935
2	111067	0.867002	6936
2	111083	0.867127	6937
2	111099	0.867252	6938
2	111115	0.867377	6939
2	111131	0.867502	6940
2	111147	0.867627	6941
2	111163	0.867752	6942
2	111179	0.867877	6943
2	111195	0.868002	6944
2	111211	0.868127	6945
2	111227	0.868252	6946
2	111243	0.868377	6947
2	111259	0.868502	6948
2	111275	0.868627	6949
2	111291	0.868752	6950
2	111307	0.868877	6951
2	111323	0.869002	6952
2	111339	0.869127	6953
2	111355	0.869252	6954
2	111371	0.869377	6955
2	111387	0.869502	6956
2	111403	0.869627	6957
2	111419	0.869752	6958
2	111435	0.869877	6959
2	111451	0.870002	6960
2	111467	0.870127	6961
2	111483	0.870252	6962
2	111499	0.870377	6963
2	111515	0.870502	6964
2	111531	0.870627	6965
2	111547	0.870752	6966
2	111563	0.870877	6967
2	111579	0.871002	6968
2	111595	0.871127	6969
2	111611	0.871252	6970
2	111627	0.871377	6971
2	111643	0.871502	6972
2	111659	0.871627	6973
2	111675	0.871752	6974
2	111691	0.871877	6975
2	111707	0.872002	6976
2	111723	0.872127	6977
2	111739	0.872252	6978
2	111755	0.872377	6979
2	111771	0.872502	6980
2	111787	0.872627	6981
2	111803	0.872752	6982
2	111819	0.872877	6983
2	111835	0.873002	6984
2	111851	0.873127	6985
2	111867	0.873252	6986
2	111883	0.873377	6987
2	111899	0.873502	6988
2	111915	0.873627	6989
2	111931	0.873752	6990
2	111947	0.873877	6991
2	111963	0.874002	6992
2	111979	0.874127	6993
2	111995	0.874252	6994
2	112011	0.874377	6995
2	112027	0.874502	6996
2	112043	0.874627	6997
2	112059	0.874752	6998
2	112075	0.874877	6999
2	112091	0.875002	7000
2	112107	0.875127	7001
2	112123	0.875252	7002
2	112139	0.875377	7003
2	112155	0.875502	7004
2	112171	0.875627	7005
2	112187	0.875752	7006
2	112203	0.875877	7007
2	112219	0.876002	7008
2	112235	0.876127	7009
2	112251	0.876252	7010
2	112267	0.876377	7011
2	112283	0.876502	7012
2	112299	0.876627	7013
2	112315	0.876752	7014
2	112331	0.876877	7015
2	112347	0.877002	7016
2	112363	0.877127	7017
2	112379	0.877252	7018
2	112395	0.877377	7019
2	112411	0.877502	7020
2	112427	0.877627	7021
2	112443	0.877752	7022
2	112459	0.877877	7023
2	112475	0.878002	7024
2	112491	0.878127	7025
2	112507	0.878252	7026
2	112523	0.878377	7027
2	112539	0.878502	7028
2	112555	0.878627	7029
2	112571	0.878752	7030
2	112587	0.878877	7031
2	112603	0.879002	7032
2	112619	0.879127	7033
2	112635	0.879252	7034
2	112651	0.879377	7035
2	112667	0.879502	7036
2	112683	0.879627	7037
2	112699	0.879752	7038
2	112715	0.879877	7039
2	112731	0.880002	7040
2	112747	0.880127	7041
2	112763	0.880252	7042
2	112779	0.880377	7043
2	112795	0.880502	7044
2	112811	0.880627	7045
2	112827	0.880752	7046
2	112843	0.880877	7047
2	112859	0.881002	7048
2	112875	0.881127	7049
2	112891	0.881252	7050
2	112907	0.881377	7051
2	112923	0.881502	7052
2	112939	0.881627	7053
2	112955	0.881752	7054
2	112971	0.881877	7055
2	112987	0.882002	7056
2	113003	0.882127	7057
2	113019	0.882252	7058
2	113035	0.882377	7059
2	113051	0.882502	7060
2	113067	0.882627	7061
2	113083	0.882752	7062
2	113099	0.882877	7063
2	113115	0.883002	7064
2	113131	0.883127	7065
2	113147	0.883252	7066
2	113163	0.883377	7067
2	113179	0.883502	7068
2	113195	0.883627	7069
2	113211	0.883752	7070
2	113227	0.883877	7071
2	113243	0.884002	7072
2	113259	0.884127	7073
2	113275	0.884252	7074
2	113291	0.884377	7075
2	113307	0.884502	7076
2	113323	0.884627	7077
2	113339	0.884752	7078
2	113355	0.884877	7079
2	113371	0.885002	7080
2	113387	0.885127	7081
2	113403	0.885252	7082
2	113419	0.885377	7083
2	113435	0.885502	7084
2	113451	0.885627	7085
2	113467	0.885752	7086
2	113483	0.885877	7087
2	113499	0.886002	7088
2	113515	0.886127	7089
2	113531	0.886252	7090
2	113547	0.886377	7091
2	113563	0.886502	7092
2	113579	0.886627	7093
2	113595	0.886752	7094
2	113611	0.886877	7095
2	113627	0.887002	7096
2	113643	0.887127	7097
2	113659	0.887252	7098
2	113675	0.887377	7099
2	113691	0.887502	7100
2	113707	0.887627	7101
2	113723	0.887752	7102
2	113739	0.887877	7103
2	113755	0.888002	7104
2	113771	0.888127	7105
2	113787	0.888252	7106
2	113803	0.888377	7107
2	113819	0.888502	7108
2	113835	0.888627	7109
2	113851	0.888752	7110
2	113867	0.888877	7111
2	113883	0.889002	7112
2	113899	0.889127	7113
2	113915	0.889252	7114
2	113931	0.889377	7115
2	113947	0.889502	7116
2	113963	0.889627	7117
2	113979	0.889752	7118
2	113995	0.889877	7119
2	114011	0.890002	7120
2	114031	0.890127	7121
2	114047	0.890252	7122
2	114063	0.890377	7123
2	114079	0.890502	7124
2	114095	0.890627	7125
2	114111	0.890752	7126
2	114127	0.890877	7127
2	114143	0.891002	7128
2	114159	0.891127	7129
2	114175	0.891252	7130
2	114191	0.891377	7131
2	114207	0.891502	7132
2	114223	0.891627	7133
2	114239	0.891752	7134
2	114255	0.891877	7135
2	114271	0.892002	7136
2	114287	0.892127	7137
2	114303	0.892252	7138
2	114319	0.892377	7139
2	114335	0.892502	7140
2	114351	0.892627	7141
2	114367	0.892752	7142
2	114383	0.892877	7143
2	114399	0.893002	7144
2	114415	0.893127	7145
2	114431	0.893252	7146
2	114447	0.893377	7147
2	114463	0.893502	7148
2	114479	0.893627	7149
2	114495	0.893752	7150
2	114511	0.893877	7151
2	114527	0.894002	7152
2	114543	0.894127	7153
2	114559	0.894252	7154
2	114575	0.894377	7155
2	114591	0.894502	7156
2	114607	0.894627	7157
2	114623	0.894752	7158
2	114639	0.894877	7159
2	114655	0.895002	7160
2	114671	0.895127	7161
2	114687	0.895252	7162
2	114703	0.895377	7163
2	114719	0.895502	7164
2	114735	0.895627	7165
2	114751	0.895752	7166
2	114767	0.895877	7167
2	114783	0.896002	7168
2	114799	0.896127	7169
2	114815	0.896252	7170
2	114831	0.896377	7171
2	114847	0.896502	7172
2	114863	0.896627	7173
2	114879	0.896752	7174
2	114895	0.896877	7175
2	114911	0.897002	7176
2	114927	0.897127	7177
2	114943	0.897252	7178
2	114959	0.897377	7179
2	114975	0.897502	7180
2	114991	0.897627	7181
2	115007	0.897752	7182
2	115023	0.897877	7183
2	115039	0.898002	7184
2	115055	0.898127	7185
2	115071	0.898252	7186
2	115087	0.898377	7187
2	115103	0.898502	7188
2	115119	0.898627	7189
2	115135	0.898752	7190
2	115151	0.898877	7191
2	115167	0.899002	7192
2	115183	0.899127	7193
2	115199	0.899252	7194
2	115215	0.899377	7195
2	115231	0.899502	7196
2	115247	0.899627	7197
2	115263	0.899752	7198
2	115279	0.899877	7199
2	115295	0.900002	7200
2	115311	0.900127	7201
2	115327	0.900252	7202
2	115343	0.900377	7203
2	115359	0.900502	7204
2	115375	0.900627	7205
2	115391	0.900752	7206
2	115407	0.900877	7207
2	115423	0.901002	7208
2	115439	0.901127	7209
2	115455	0.901252	7210
2	115471	0.901377	7211
2	115487	0.901502	7212
2	115503	0.901627	7213
2	115519	0.901752	7214
2	115535	0.901877	7215
2	115551	0.902002	7216
2	115567	0.902127	7217
2	115583	0.902252	7218
2	115599	0.902377	7219
2	115615	0.902502	7220
2	115631	0.902627	7221
2	115647	0.902752	7222
2	115663	0.902877	7223
2	115679	0.903002	7224
2	115695	0.903127	7225
2	115711	0.903252	7226
2	115727	0.903377	7227
2	115743	0.903502	7228
2	115759	0.903627	7229
2	115775	0.903752	7230
2	115791	0.903877	7231
2	115807	0.904002	7232
2	115823	0.904127	7233
2	115839	0.904252	7234
2	115855	0.904377	7235
2	115871	0.904502	7236
2	115887	0.904627	7237
2	115903	0.904752	7238
2	115919	0.904877	7239
2	115935	0.905002	7240
2	115951	0.905127	7241
2	115967	0.905252	7242
2	115983	0.905377	7243
2	115999	0.905502	7244
2	116015	0.905627	7245
2	116031	0.905752	7246
2	116047	0.905877	7247
2	116063	0.906002	7248
2	116079	0.906127	7249
2	116095	0.906252	7250
2	116111	0.906377	7251
2	116127	0.906502	7252
2	116143	0.906627	7253
2	116159	0.906752	7254
2	116175	0.906877	7255
2	116191	0.907002	7256
2	116207	0.907127	7257
2	116223	0.907252	7258
2	116239	0.907377	7259
2	116255	0.907502	7260
2	116271	0.907627	7261
2	116287	0.907752	7262
2	116303	0.907877	7263
2	116319	0.908002	7264
2	116335	0.908127	7265
2	116351	0.908252	7266
2	116367	0.908377	7267
2	116383	0.908502	7268
2	116399	0.908627	7269
2	116415	0.908752	7270
2	116431	0.908877	7271
2	116447	0.909002	7272
2	116463	0.909127	7273
2	116479	0.909252	7274
2	116495	0.909377	7275
2	116511	0.909502	7276
2	116527	0.909627	7277
2	116543	0.909752	7278
2	116559	0.909877	7279
2	116575	0.910002	7280
2	116591	0.910127	7281
2	116607	0.910252	7282
2	116623	0.910377	7283
2	116639	0.910502	7284
2	116655	0.910627	7285
2	116671	0.910752	7286
2	116687	0.910877	7287
2	116703	0.911002	7288
2	116719	0.911127	7289
2	116735	0.911252	7290
2	116751	0.911377	7291
2	116767	0.911502	7292
2	116783	0.911627	7293
2	116799	0.911752	7294
2	116815	0.911877	7295
2	116831	0.912002	7296
2	116847	0.912127	7297
2	116863	0.912252	7298
2	116879	0.912377	7299
2	116895	0.912502	7300
2	116911	0.912627	7301
2	116927	0.912752	7302
2	116943	0.912877	7303
2	116959	0.913002	7304
2	116975	0.913127	7305
2	116991	0.913252	7306
2	117007	0.913377	7307
2	117023	0.913502	7308
2	117039	0.913627	7309
2	117055	0.913752	7310
2	117071	0.913877	7311
2	117087	0.914002	7312
2	117103	0.914127	7313
2	117119	0.914252	7314
2	117135	0.914377	7315
2	117151	0.914502	7316
2	117167	0.914627	7317
2	117183	0.914752	7318
2	117199	0.914877	7319
2	117215	0.915002	7320
2	117231	0.915127	7321
2	117247	0.915252	7322
2	117263	0.915377	7323
2	117279	0.915502	7324
2	117295	0.915627	7325
2	117311	0.915752	7326
2	117327	0.915877	7327
2	117343	0.916002	7328
2	117359	0.916127	7329
2	117375	0.916252	7330
2	117391	0.916377	7331
2	117407	0.916502	7332
2	117423	0.916627	7333
2	117439	0.916752	7334
2	117455	0.916877	7335
2	117471	0.917002	7336
2	117487	0.917127	7337
2	117503	0.917252	7338
2	117519	0.917377	7339
2	117535	0.917502	7340
2	117551	0.917627	7341
2	117567	0.917752	7342
2	117583	0.917877	7343
2	117599	0.918002	7344
2	117615	0.918127	7345
2	117631	0.918252	7346
2	117647	0.918377	7347
2	117663	0.918502	7348
2	117679	0.918627	7349
2	117695	0.918752	7350
2	117711	0.918877	7351
2	117727	0.919002	7352
2	117743	0.919127	7353
2	117759	0.919252	7354
2	117775	0.919377	7355
2	117791	0.919502	7356
2	117807	0.919627	7357
2	117823	0.919752	7358
2	117839	0.919877	7359
2	117855	0.920002	7360
2	117871	0.920127	7361
2	117887	0.920252	7362
2	117903	0.920377	7363
2	117919	0.920502	7364
2	117935	0.920627	7365
2	117951	0.920752	7366
2	117967	0.920877	7367
2	117983	0.921002	7368
2	117999	0.921127	7369
2	118015	0.921252	7370
2	118031	0.921377	7371
2	118047	0.921502	7372
2	118063	0.921627	7373
2	118079	0.921752	7374
2	118095	0.921877	7375
2	118111	0.922002	7376
2	118127	0.922127	7377
2	118143	0.922252	7378
2	118159	0.922377	7379
2	118175	0.922502	7380
2	118191	0.922627	7381
2	118207	0.922752	7382
2	118223	0.922877	7383
2	118239	0.923002	7384
2	118255	0.923127	7385
2	118271	0.923252	7386
2	118287	0.923377	7387
2	118303	0.923502	7388
2	118319	0.923627	7389
2	118335	0.923752	7390
2	118351	0.923877	7391
2	118367	0.924002	7392
2	118383	0.924127	7393
2	118399	0.924252	7394
2	118415	0.924377	7395
2	118431	0.924502	7396
2	118447	0.924627	7397
2	118463	0.924752	7398
2	118479	0.924877	7399
2	118495	0.925002	7400
2	118511	0.925127	7401
2	118527	0.925252	7402
2	118543	0.925377	7403
2	118559	0.925502	7404
2	118575	0.925627	7405
2	118591	0.925752	7406
2	118607	0.925877	7407
2	118623	0.926002	7408
2	118639	0.926127	7409
2	118655	0.926252	7410
2	118671	0.926377	7411
2	118687	0.926502	7412
2	118703	0.926627	7413
2	118719	0.926752	7414
2	118735	0.926877	7415
2	118751	0.927002	7416
2	118767	0.927127	7417
2	118787	0.927252	7418
2	118803	0.927377	7419
2	118819	0.927502	7420
2	118835	0.927627	7421
2	118851	0.927752	7422
2	118867	0.927877	7423
2	118883	0.928002	7424
2	118899	0.928127	7425
2	118915	0.928252	7426
2	118931	0.928377	7427
2	118947	0.928502	7428
2	118963	0.928627	7429
2	118979	0.928752	7430
2	118995	0.928877	7431
2	119011	0.929002	7432
2	119027	0.929127	7433
2	119043	0.929252	7434
2	119059	0.929377	7435
2	119075	0.929502	7436
2	119091	0.929627	7437
2	119107	0.929752	7438
2	119123	0.929877	7439
2	119139	0.930002	7440
2	119155	0.930127	7441
2	119171	0.930252	7442
2	119187	0.930377	7443
2	119203	0.930502	7444
2	119219	0.930627	7445
2	119235	0.930752	7446
2	119251	0.930877	7447
2	119267	0.931002	7448
2	119283	0.931127	7449
2	119299	0.931252	7450
2	119315	0.931377	7451
2	119331	0.931502	7452
2	119347	0.931627	7453
2	119363	0.931752	7454
2	119379	0.931877	7455
2	119395	0.932002	7456
2	119411	0.932127	7457
2	119427	0.932252	7458
2	119443	0.932377	7459
2	119459	0.932502	7460
2	119475	0.932627	7461
2	119491	0.932752	7462
2	119507	0.932877	7463
2	119523	0.933002	7464
2	119539	0.933127	7465
2	119555	0.933252	7466
2	119571	0.933377	7467
2	119587	0.933502	7468
2	119603	0.933627	7469
2	119619	0.933752	7470
2	119635	0.933877	7471
2	119651	0.934002	7472
2	119667	0.934127	7473
2	119683	0.934252	7474
2	119699	0.934377	7475
2	119715	0.934502	7476
2	119731	0.934627	7477
2	119747	0.934752	7478
2	119763	0.934877	7479
2	119779	0.935002	7480
2	119795	0.935127	7481
2	119811	0.935252	7482
2	119827	0.935377	7483
2	119843	0.935502	7484
2	119859	0.935627	7485
2	119875	0.935752	7486
2	119891	0.935877	7487
2	119907	0.936002	7488
2	119923	0.936127	7489
2	119939	0.936252	7490
2	119955	0.936377	7491
2	119971	0.936502	7492
2	119987	0.936627	7493
2	120003	0.936752	7494
2	120019	0.936877	7495
2	120035	0.937002	7496
2	120051	0.937127	7497
2	120067	0.937252	7498
2	120083	0.937377	7499
2	120099	0.937502	7500
2	120115	0.937627	7501
2	120131	0.937752	7502
2	120147	0.937877	7503
2	120163	0.938002	7504
2	120179	0.938127	7505
2	120195	0.938252	7506
2	120211	0.938377	7507
2	120227	0.938502	7508
2	120243	0.938627	7509
2	120259	0.938752	7510
2	120275	0.938877	7511
2	120291	0.939002	7512
2	120307	0.939127	7513
2	120323	0.939252	7514
2	120339	0.939377	7515
2	120355	0.939502	7516
2	120371	0.939627	7517
2	120387	0.939752	7518
2	120403	0.939877	7519
2	120419	0.940002	7520
2	120435	0.940127	7521
2	120451	0.940252	7522
2	120467	0.940377	7523
2	120483	0.940502	7524
2	120499	0.940627	7525
2	120515	0.940752	7526
2	120531	0.940877	7527
2	120547	0.941002	7528
2	120563	0.941127	7529
2	120579	0.941252	7530
2	120595	0.941377	7531
2	120611	0.941502	7532
2	120627	0.941627	7533
2	120643	0.941752	7534
2	120659	0.941877	7535
2	120675	0.942002	7536
2	120691	0.942127	7537
2	120707	0.942252	7538
2	120723	0.942377	7539
2	120739	0.942502	7540
2	120755	0.942627	7541
2	120771	0.942752	7542
2	120787	0.942877	7543
2	120803	0.943002	7544
2	120819	0.943127	7545
2	120835	0.943252	7546
2	120851	0.943377	7547
2	120867	0.943502	7548
2	120883	0.943627	7549
2	120899	0.943752	7550
2	120915	0.943877	7551
2	120931	0.944002	7552
2	120947	0.944127	7553
2	120963	0.944252	7554
2	120979	0.944377	7555
2	120995	0.944502	7556
2	121011	0.944627	7557
2	121027	0.944752	7558
2	121043	0.944877	7559
2	121059	0.945002	7560
2	121075	0.945127	7561
2	121091	0.945252	7562
2	121107	0.945377	7563
2	121123	0.945502	7564
2	121139	0.945627	7565
2	121155	0.945752	7566
2	121171	0.945877	7567
2	121187	0.946002	7568
2	121203	0.946127	7569
2	121219	0.946252	7570
2	121235	0.946377	7571
2	121251	0.946502	7572
2	121267	0.946627	7573
2	121283	0.946752	7574
2	121299	0.946877	7575
2	121315	0.947002	7576
2	121331	0.947127	7577
2	121347	0.947252	7578
2	121363	0.947377	7579
2	121379	0.947502	7580
2	121395	0.947627	7581
2	121411	0.947752	7582
2	121427	0.947877	7583
2	121443	0.948002	7584
2	121459	0.948127	7585
2	121475	0.948252	7586
2	121491	0.948377	7587
2	121507	0.948502	7588
2	121523	0.948627	7589
2	121539	0.948752	7590
2	121555	0.948877	7591
2	121571	0.949002	7592
2	121587	0.949127	7593
2	121603	0.949252	7594
2	121619	0.949377	7595
2	121635	0.949502	7596
2	121651	0.949627	7597
2	121667	0.949752	7598
2	121683	0.949877	7599
2	121699	0.950002	7600
2	121715	0.950127	7601
2	121731	0.950252	7602
2	121747	0.950377	7603
2	121763	0.950502	7604
2	121779	0.950627	7605
2	121795	0.950752	7606
2	121811	0.950877	7607
2	121827	0.951002	7608
2	121843	0.951127	7609
2	121859	0.951252	7610
2	121875	0.951377	7611
2	121891	0.951502	7612
2	121907	0.951627	7613
2	121923	0.951752	7614
2	121939	0.951877	7615
2	121955	0.952002	7616
2	121971	0.952127	7617
2	121987	0.952252	7618
2	122003	0.952377	7619
2	122019	0.952502	7620
2	122035	0.952627	7621
2	122051	0.952752	7622
2	122067	0.952877	7623
2	122083	0.953002	7624
2	122099	0.953127	7625
2	122115	0.953252	7626
2	122131	0.953377	7627
2	122147	0.953502	7628
2	122163	0.953627	7629
2	122179	0.953752	7630
2	122195	0.953877	7631
2	122211	0.954002	7632
2	122227	0.954127	7633
2	122243	0.954252	7634
2	122259	0.954377	7635
2	122275	0.954502	7636
2	122291	0.954627	7637
2	122307	0.954752	7638
2	122323	0.954877	7639
2	122339	0.955002	7640
2	122355	0.955127	7641
2	122371	0.955252	7642
2	122387	0.955377	7643
2	122403	0.955502	7644
2	122419	0.955627	7645
2	122435	0.955752	7646
2	122451	0.955877	7647
2	122467	0.956002	7648
2	122483	0.956127	7649
2	122499	0.956252	7650
2	122515	0.956377	7651
2	122531	0.956502	7652
2	122547	0.956627	7653
2	122563	0.956752	7654
2	122579	0.956877	7655
2	122595	0.957002	7656
2	122611	0.957127	7657
2	122627	0.957252	7658
2	122643	0.957377	7659
2	122659	0.957502	7660
2	122675	0.957627	7661
2	122691	0.957752	7662
2	122707	0.957877	7663
2	122723	0.958002	7664
2	122739	0.958127	7665
2	122755	0.958252	7666
2	122771	0.958377	7667
2	122787	0.958502	7668
2	122803	0.958627	7669
2	122819	0.958752	7670
2	122835	0.958877	7671
2	122851	0.959002	7672
2	122867	0.959127	7673
2	122883	0.959252	7674
2	122899	0.959377	7675
2	122915	0.959502	7676
2	122931	0.959627	7677
2	122947	0.959752	7678
2	122963	0.959877	7679
2	122979	0.960002	7680
2	122995	0.960127	7681
2	123011	0.960252	7682
2	123027	0.960377	7683
2	123043	0.960502	7684
2	123059	0.960627	7685
2	123075	0.960752	7686
2	123091	0.960877	7687
2	123107	0.961002	7688
2	123123	0.961127	7689
2	123139	0.961252	7690
2	123155	0.961377	7691
2	123171	0.961502	7692
2	123187	0.961627	7693
2	123203	0.961752	7694
2	123219	0.961877	7695
2	123235	0.962002	7696
2	123251	0.962127	7697
2	123267	0.962252	7698
2	123283	0.962377	7699
2	123299	0.962502	7700
2	123315	0.962627	7701
2	123331	0.962752	7702
2	123347	0.962877	7703
2	123363	0.963002	7704
2	123379	0.963127	7705
2	123395	0.963252	7706
2	123411	0.963377	7707
2	123427	0.963502	7708
2	123443	0.963627	7709
2	123459	0.963752	7710
2	123475	0.963877	7711
2	123491	0.964002	7712
2	123507	0.964127	7713
2	123523	0.964252	7714
2	123539	0.964377	7715
2	123559	0.964502	7716
2	123575	0.964627	7717
2	123591	0.964752	7718
2	123607	0.964877	7719
2	123623	0.965002	7720
2	123639	0.965127	7721
2	123655	0.965252	7722
2	123671	0.965377	7723
2	123687	0.965502	7724
2	123703	0.965627	7725
2	123719	0.965752	7726
2	123735	0.965877	7727
2	123751	0.966002	7728
2	123767	0.966127	7729
2	123783	0.966252	7730
2	123799	0.966377	7731
2	123815	0.966502	7732
2	123831	0.966627	7733
2	123847	0.966752	7734
2	123863	0.966877	7735
2	123879	0.967002	7736
2	123895	0.967127	7737
2	123911	0.967252	7738
2	123927	0.967377	7739
2	123943	0.967502	7740
2	123959	0.967627	7741
2	123975	0.967752	7742
2	123991	0.967877	7743
2	124007	0.968002	7744
2	124023	0.968127	7745
2	124039	0.968252	7746
2	124055	0.968377	7747
2	124071	0.968502	7748
2	124087	0.968627	7749
2	124103	0.968752	7750
2	124119	0.968877	7751
2	124135	0.969002	7752
2	124151	0.969127	7753
2	124167	0.969252	7754
2	124183	0.969377	7755
2	124199	0.969502	7756
2	124215	0.969627	7757
2	124231	0.969752	7758
2	124247	0.969877	7759
2	124263	0.970002	7760
2	124279	0.970127	7761
2	124295	0.970252	7762
2	124311	0.970377	7763
2	124327	0.970502	7764
2	124343	0.970627	7765
2	124359	0.970752	7766
2	124375	0.970877	7767
2	124391	0.971002	7768
2	124407	0.971127	7769
2	124423	0.971252	7770
2	124439	0.971377	7771
2	124455	0.971502	7772
2	124471	0.971627	7773
2	124487	0.971752	7774
2	124503	0.971877	7775
2	124519	0.972002	7776
2	124535	0.972127	7777
2	124551	0.972252	7778
2	124567	0.972377	7779
2	124583	0.972502	7780
2	124599	0.972627	7781
2	124615	0.972752	7782
2	124631	0.972877	7783
2	124647	0.973002	7784
2	124663	0.973127	7785
2	124679	0.973252	7786
2	124695	0.973377	7787
2	124711	0.973502	7788
2	124727	0.973627	7789
2	124743	0.973752	7790
2	124759	0.973877	7791
2	124775	0.974002	7792
2	124791	0.974127	7793
2	124807	0.974252	7794
2	124823	0.974377	7795
2	124839	0.974502	7796
2	124855	0.974627	7797
2	124871	0.974752	7798
2	124887	0.974877	7799
2	124903	0.975002	7800
2	124919	0.975127	7801
2	124935	0.975252	7802
2	124951	0.975377	7803
2	124967	0.975502	7804
2	124983	0.975627	7805
2	124999	0.975752	7806
2	125015	0.975877	7807
2	125031	0.976002	7808
2	125047	0.976127	7809
2	125063	0.976252	7810
2	125079	0.976377	7811
2	125095	0.976502	7812
2	125111	0.976627	7813
2	125127	0.976752	7814
2	125143	0.976877	7815
2	125159	0.977002	7816
2	125175	0.977127	7817
2	125191	0.977252	7818
2	125207	0.977377	7819
2	125223	0.977502	7820
2	125239	0.977627	7821
2	125255	0.977752	7822
2	125271	0.977877	7823
2	125287	0.978002	7824
2	125303	0.978127	7825
2	125319	0.978252	7826
2	125335	0.978377	7827
2	125351	0.978502	7828
2	125367	0.978627	7829
2	125383	0.978752	7830
2	125399	0.978877	7831
2	125415	0.979002	7832
2	125431	0.979127	7833
2	125447	0.979252	7834
2	125463	0.979377	7835
2	125479	0.979502	7836
2	125495	0.979627	7837
2	125511	0.979752	7838
2	125527	0.979877	7839
2	125543	0.980002	7840
2	125559	0.980127	7841
2	125575	0.980252	7842
2	125591	0.980377	7843
2	125607	0.980502	7844
2	125623	0.980627	7845
2	125639	0.980752	7846
2	125655	0.980877	7847
2	125671	0.981002	7848
2	125687	0.981127	7849
2	125703	0.981252	7850
2	125719	0.981377	7851
2	125735	0.981502	7852
2	125751	0.981627	7853
2	125767	0.981752	7854
2	125783	0.981877	7855
2	125799	0.982002	7856
2	125815	0.982127	7857
2	125831	0.982252	7858
2	125847	0.982377	7859
2	125863	0.982502	7860
2	125879	0.982627	7861
2	125895	0.982752	7862
2	125911	0.982877	7863
2	125927	0.983002	7864
2	125943	0.983127	7865
2	125959	0.983252	7866
2	125975	0.983377	7867
2	125991	0.983502	7868
2	126007	0.983627	7869
2	126023	0.983752	7870
2	126039	0.983877	7871
2	126055	0.984002	7872
2	126071	0.984127	7873
2	126087	0.984252	7874
2	126103	0.984377	7875
2	126119	0.984502	7876
2	126135	0.984627	7877
2	126151	0.984752	7878
2	126167	0.984877	7879
2	126183	0.985002	7880
2	126199	0.985127	7881
2	126215	0.985252	7882
2	126231	0.985377	7883
2	126247	0.985502	7884
2	126263	0.985627	7885
2	126279	0.985752	7886
2	126295	0.985877	7887
2	126311	0.986002	7888
2	126327	0.986127	7889
2	126343	0.986252	7890
2	126359	0.986377	7891
2	126375	0.986502	7892
2	126391	0.986627	7893
2	126407	0.986752	7894
2	126423	0.986877	7895
2	126439	0.987002	7896
2	126455	0.987127	7897
2	126471	0.987252	7898
2	126487	0.987377	7899
2	126503	0.987502	7900
2	126519	0.987627	7901
2	126535	0.987752	7902
2	126551	0.987877	7903
2	126567	0.988002	7904
2	126583	0.988127	7905
2	126599	0.988252	7906
2	126615	0.988377	7907
2	126631	0.988502	7908
2	126647	0.988627	7909
2	126663	0.988752	7910
2	126679	0.988877	7911
2	126695	0.989002	7912
2	126711	0.989127	7913
2	126727	0.989252	7914
2	126743	0.989377	7915
2	126759	0.989502	7916
2	126775	0.989627	7917
2	126791	0.989752	7918
2	126807	0.989877	7919
2	126823	0.990002	7920
2	126839	0.990127	7921
2	126855	0.990252	7922
2	126871	0.990377	7923
2	126887	0.990502	7924
2	126903	0.990627	7925
2	126919	0.990752	7926
2	126935	0.990877	7927
2	126951	0.991002	7928
2	126967	0.991127	7929
2	126983	0.991252	7930
2	126999	0.991377	7931
2	127015	0.991502	7932
2	127031	0.991627	7933
2	127047	0.991752	7934
2	127063	0.991877	7935
2	127079	0.992002	7936
2	127095	0.992127	7937
2	127111	0.992252	7938
2	127127	0.992377	7939
2	127143	0.992502	7940
2	127159	0.992627	7941
2	127175	0.992752	7942
2	127191	0.992877	7943
2	127207	0.993002	7944
2	127223	0.993127	7945
2	127239	0.993252	7946
2	127255	0.993377	7947
2	127271	0.993502	7948
2	127287	0.993627	7949
2	127303	0.993752	7950
2	127319	0.993877	7951
2	127335	0.994002	7952
2	127351	0.994127	7953
2	127367	0.994252	7954
2	127383	0.994377	7955
2	127399	0.994502	7956
2	127415	0.994627	7957
2	127431	0.994752	7958
2	127447	0.994877	7959
2	127463	0.995002	7960
2	127479	0.995127	7961
2	127495	0.995252	7962
2	127511	0.995377	7963
2	127527	0.995502	7964
2	127543	0.995627	7965
2	127559	0.995752	7966
2	127575	0.995877	7967
2	127591	0.996002	7968
2	127607	0.996127	7969
2	127623	0.996252	7970
2	127639	0.996377	7971
2	127655	0.996502	7972
2	127671	0.996627	7973
2	127687	0.996752	7974
2	127703	0.996877	7975
2	127719	0.997002	7976
2	127735	0.997127	7977
2	127751	0.997252	7978
2	127767	0.997377	7979
2	127783	0.997502	7980
2	127799	0.997627	7981
2	127815	0.997752	7982
2	127831	0.997877	7983
2	127847	0.998002	7984
2	127863	0.998127	7985
2	127879	0.998252	7986
2	127895	0.998377	7987
2	127911	0.998502	7988
2	127927	0.998627	7989
2	127943	0.998752	7990
2	127959	0.998877	7991
2	127975	0.999002	7992
2	127991	0.999127	7993
2	128007	0.999252	7994
2	128023	0.999377	7995
2	128039	0.999502	7996
2	128055	0.999627	7997
2	128071	0.999752	7998
2	128087	0.999877	7999
3	16	0.000127	1
3	32	0.000252	2
3	48	0.000377	3
3	64	0.000502	4
3	80	0.000627	5
3	96	0.000752	6
3	112	0.000877	7
3	128	0.001002	8
3	144	0.001127	9
3	160	0.001252	10
3	176	0.001377	11
3	192	0.001502	12
3	208	0.001627	13
3	224	0.001752	14
3	240	0.001877	15
3	256	0.002002	16
3	272	0.002127	17
3	288	0.002252	18
3	304	0.002377	19
3	320	0.002502	20
3	336	0.002627	21
3	352	0.002752	22
3	368	0.002877	23
3	384	0.003002	24
3	400	0.003127	25
3	416	0.003252	26
3	432	0.003377	27
3	448	0.003502	28
3	464	0.003627	29
3	480	0.003752	30
3	496	0.003877	31
3	512	0.004002	32
3	528	0.004127	33
3	544	0.004252	34
3	560	0.004377	35
3	576	0.004502	36
3	592	0.004627	37
3	608	0.004752	38
3	624	0.004877	39
3	640	0.005002	40
3	656	0.005127	41
3	672	0.005252	42
3	688	0.005377	43
3	704	0.005502	44
3	720	0.005627	45
3	736	0.005752	46
3	752	0.005877	47
3	768	0.006002	48
3	784	0.006127	49
3	800	0.006252	50
3	816	0.006377	51
3	832	0.006502	52
3	848	0.006627	53
3	864	0.006752	54
3	880	0.006877	55
3	896	0.007002	56
3	912	0.007127	57
3	928	0.007252	58
3	944	0.007377	59
3	960	0.007502	60
3	976	0.007627	61
3	992	0.007752	62
3	1008	0.007877	63
3	1024	0.008002	64
3	1040	0.008127	65
3	1056	0.008252	66
3	1072	0.008377	67
3	1088	0.008502	68
3	1104	0.008627	69
3	1120	0.008752	70
3	1136	0.008877	71
3	1152	0.009002	72
3	1168	0.009127	73
3	1184	0.009252	74
3	1200	0.009377	75
3	1216	0.009502	76
3	1232	0.009627	77
3	1248	0.009752	78
3	1264	0.009877	79
3	1280	0.010002	80
3	1296	0.010127	81
3	1312	0.010252	82
3	1328	0.010377	83
3	1344	0.010502	84
3	1360	0.010627	85
3	1376	0.010752	86
3	1392	0.010877	87
3	1408	0.011002	88
3	1424	0.011127	89
3	1440	0.011252	90
3	1456	0.011377	91
3	1472	0.011502	92
3	1488	0.011627	93
3	1504	0.011752	94
3	1520	0.011877	95
3	1536	0.012002	96
3	1552	0.012127	97
3	1568	0.012252	98
3	1584	0.012377	99
3	1600	0.012502	100
3	1616	0.012627	101
3	1632	0.012752	102
3	1648	0.012877	103
3	1664	0.013002	104
3	1680	0.013127	105
3	1696	0.013252	106
3	1712	0.013377	107
3	1728	0.013502	108
3	1744	0.013627	109
3	1760	0.013752	110
3	1776	0.013877	111
3	1792	0.014002	112
3	1808	0.014127	113
3	1824	0.014252	114
3	1840	0.014377	115
3	1856	0.014502	116
3	1872	0.014627	117
3	1888	0.014752	118
3	1904	0.014877	119
3	1920	0.015002	120
3	1936	0.015127	121
3	1952	0.015252	122
3	1968	0.015377	123
3	1984	0.015502	124
3	2000	0.015627	125
3	2016	0.015752	126
3	2032	0.015877	127
3	2048	0.016002	128
3	2064	0.016127	129
3	2080	0.016252	130
3	2096	0.016377	131
3	2112	0.016502	132
3	2128	0.016627	133
3	2144	0.016752	134
3	2160	0.016877	135
3	2176	0.017002	136
3	2192	0.017127	137
3	2208	0.017252	138
3	2224	0.017377	139
3	2240	0.017502	140
3	2256	0.017627	141
3	2272	0.017752	142
3	2288	0.017877	143
3	2304	0.018002	144
3	2320	0.018127	145
3	2336	0.018252	146
3	2352	0.018377	147
3	2368	0.018502	148
3	2384	0.018627	149
3	2400	0.018752	150
3	2416	0.018877	151
3	2432	0.019002	152
3	2448	0.019127	153
3	2464	0.019252	154
3	2480	0.019377	155
3	2496	0.019502	156
3	2512	0.019627	157
3	2528	0.019752	158
3	2544	0.019877	159
3	2560	0.020002	160
3	2576	0.020127	161
3	2592	0.020252	162
3	2608	0.020377	163
3	2624	0.020502	164
3	2640	0.020627	165
3	2656	0.020752	166
3	2672	0.020877	167
3	2688	0.021002	168
3	2704	0.021127	169
3	2720	0.021252	170
3	2736	0.021377	171
3	2752	0.021502	172
3	2768	0.021627	173
3	2784	0.021752	174
3	2800	0.021877	175
3	2816	0.022002	176
3	2832	0.022127	177
3	2848	0.022252	178
3	2864	0.022377	179
3	2880	0.022502	180
3	2896	0.022627	181
3	2912	0.022752	182
3	2928	0.022877	183
3	2944	0.023002	184
3	2960	0.023127	185
3	2976	0.023252	186
3	2992	0.023377	187
3	3008	0.023502	188
3	3024	0.023627	189
3	3040	0.023752	190
3	3056	0.023877	191
3	3072	0.024002	192
3	3088	0.024127	193
3	3104	0.024252	194
3	3120	0.024377	195
3	3136	0.024502	196
3	3152	0.024627	197
3	3168	0.024752	198
3	3184	0.024877	199
3	3200	0.025002	200
3	3216	0.025127	201
3	3232	0.025252	202
3	3248	0.025377	203
3	3264	0.025502	204
3	3280	0.025627	205
3	3296	0.025752	206
3	3312	0.025877	207
3	3328	0.026002	208
3	3344	0.026127	209
3	3360	0.026252	210
3	3376	0.026377	211
3	3392	0.026502	212
3	3408	0.026627	213
3	3424	0.026752	214
3	3440	0.026877	215
3	3456	0.027002	216
3	3472	0.027127	217
3	3488	0.027252	218
3	3504	0.027377	219
3	3520	0.027502	220
3	3536	0.027627	221
3	3552	0.027752	222
3	3568	0.027877	223
3	3584	0.028002	224
3	3600	0.028127	225
3	3616	0.028252	226
3	3632	0.028377	227
3	3648	0.028502	228
3	3664	0.028627	229
3	3680	0.028752	230
3	3696	0.028877	231
3	3712	0.029002	232
3	3728	0.029127	233
3	3744	0.029252	234
3	3760	0.029377	235
3	3776	0.029502	236
3	3792	0.029627	237
3	3808	0.029752	238
3	3824	0.029877	239
3	3840	0.030002	240
3	3856	0.030127	241
3	3872	0.030252	242
3	3888	0.030377	243
3	3904	0.030502	244
3	3920	0.030627	245
3	3936	0.030752	246
3	3952	0.030877	247
3	3968	0.031002	248
3	3984	0.031127	249
3	4000	0.031252	250
3	4016	0.031377	251
3	4032	0.031502	252
3	4048	0.031627	253
3	4064	0.031752	254
3	4080	0.031877	255
3	4096	0.032002	256
3	4112	0.032127	257
3	4128	0.032252	258
3	4144	0.032377	259
3	4160	0.032502	260
3	4176	0.032627	261
3	4192	0.032752	262
3	4208	0.032877	263
3	4224	0.033002	264
3	4240	0.033127	265
3	4256	0.033252	266
3	4272	0.033377	267
3	4288	0.033502	268
3	4304	0.033627	269
3	4320	0.033752	270
3	4336	0.033877	271
3	4352	0.034002	272
3	4368	0.034127	273
3	4384	0.034252	274
3	4400	0.034377	275
3	4416	0.034502	276
3	4432	0.034627	277
3	4448	0.034752	278
3	4464	0.034877	279
3	4480	0.035002	280
3	4496	0.035127	281
3	4512	0.035252	282
3	4530	0.035377	283
3	4548	0.035502	284
3	4564	0.035627	285
3	4580	0.035752	286
3	4596	0.035877	287
3	4612	0.036002	288
3	4628	0.036127	289
3	4644	0.036252	290
3	4660	0.036377	291
3	4676	0.036502	292
3	4692	0.036627	293
3	4708	0.036752	294
3	4724	0.036877	295
3	4740	0.037002	296
3	4756	0.037127	297
3	4772	0.037252	298
3	4788	0.037377	299
3	4804	0.037502	300
3	4820	0.037627	301
3	4836	0.037752	302
3	4852	0.037877	303
3	4868	0.038002	304
3	4884	0.038127	305
3	4900	0.038252	306
3	4916	0.038377	307
3	4932	0.038502	308
3	4948	0.038627	309
3	4964	0.038752	310
3	4980	0.038877	311
3	4996	0.039002	312
3	5012	0.039127	313
3	5028	0.039252	314
3	5044	0.039377	315
3	5060	0.039502	316
3	5076	0.039627	317
3	5092	0.039752	318
3	5108	0.039877	319
3	5124	0.040002	320
3	5140	0.040127	321
3	5156	0.040252	322
3	5172	0.040377	323
3	5188	0.040502	324
3	5204	0.040627	325
3	5220	0.040752	326
3	5236	0.040877	327
3	5252	0.041002	328
3	5268	0.041127	329
3	5284	0.041252	330
3	5300	0.041377	331
3	5316	0.041502	332
3	5332	0.041627	333
3	5348	0.041752	334
3	5364	0.041877	335
3	5380	0.042002	336
3	5396	0.042127	337
3	5412	0.042252	338
3	5428	0.042377	339
3	5444	0.042502	340
3	5460	0.042627	341
3	5476	0.042752	342
3	5492	0.042877	343
3	5508	0.043002	344
3	5524	0.043127	345
3	5540	0.043252	346
3	5556	0.043377	347
3	5572	0.043502	348
3	5588	0.043627	349
3	5604	0.043752	350
3	5620	0.043877	351
3	5636	0.044002	352
3	5652	0.044127	353
3	5668	0.044252	354
3	5684	0.044377	355
3	5700	0.044502	356
3	5716	0.044627	357
3	5732	0.044752	358
3	5748	0.044877	359
3	5764	0.045002	360
3	5780	0.045127	361
3	5796	0.045252	362
3	5812	0.045377	363
3	5828	0.045502	364
3	5844	0.045627	365
3	5860	0.045752	366
3	5876	0.045877	367
3	5892	0.046002	368
3	5908	0.046127	369
3	5924	0.046252	370
3	5940	0.046377	371
3	5956	0.046502	372
3	5972	0.046627	373
3	5988	0.046752	374
3	6004	0.046877	375
3	6020	0.047002	376
3	6036	0.047127	377
3	6052	0.047252	378
3	6068	0.047377	379
3	6084	0.047502	380
3	6100	0.047627	381
3	6116	0.047752	382
3	6132	0.047877	383
3	6148	0.048002	384
3	6164	0.048127	385
3	6180	0.048252	386
3	6196	0.048377	387
3	6212	0.048502	388
3	6228	0.048627	389
3	6244	0.048752	390
3	6260	0.048877	391
3	6276	0.049002	392
3	6292	0.049127	393
3	6308	0.049252	394
3	6324	0.049377	395
3	6340	0.049502	396
3	6356	0.049627	397
3	6372	0.049752	398
3	6388	0.049877	399
3	6404	0.050002	400
3	6420	0.050127	401
3	6436	0.050252	402
3	6452	0.050377	403
3	6468	0.050502	404
3	6484	0.050627	405
3	6500	0.050752	406
3	6516	0.050877	407
3	6532	0.051002	408
3	6548	0.051127	409
3	6564	0.051252	410
3	6580	0.051377	411
3	6596	0.051502	412
3	6612	0.051627	413
3	6628	0.051752	414
3	6644	0.051877	415
3	6660	0.052002	416
3	6676	0.052127	417
3	6692	0.052252	418
3	6708	0.052377	419
3	6724	0.052502	420
3	6740	0.052627	421
3	6756	0.052752	422
3	6772	0.052877	423
3	6788	0.053002	424
3	6804	0.053127	425
3	6820	0.053252	426
3	6836	0.053377	427
3	6852	0.053502	428
3	6868	0.053627	429
3	6884	0.053752	430
3	6900	0.053877	431
3	6916	0.054002	432
3	6932	0.054127	433
3	6948	0.054252	434
3	6964	0.054377	435
3	6980	0.054502	436
3	6996	0.054627	437
3	7012	0.054752	438
3	7028	0.054877	439
3	7044	0.055002	440
3	7060	0.055127	441
3	7076	0.055252	442
3	7092	0.055377	443
3	7108	0.055502	444
3	7124	0.055627	445
3	7140	0.055752	446
3	7156	0.055877	447
3	7172	0.056002	448
3	7188	0.056127	449
3	7204	0.056252	450
3	7220	0.056377	451
3	7236	0.056502	452
3	7252	0.056627	453
3	7268	0.056752	454
3	7284	0.056877	455
3	7300	0.057002	456
3	7316	0.057127	457
3	7332	0.057252	458
3	7348	0.057377	459
3	7364	0.057502	460
3	7380	0.057627	461
3	7396	0.057752	462
3	7412	0.057877	463
3	7428	0.058002	464
3	7444	0.058127	465
3	7460	0.058252	466
3	7476	0.058377	467
3	7492	0.058502	468
3	7508	0.058627	469
3	7524	0.058752	470
3	7540	0.058877	471
3	7556	0.059002	472
3	7572	0.059127	473
3	7588	0.059252	474
3	7604	0.059377	475
3	7620	0.059502	476
3	7636	0.059627	477
3	7652	0.059752	478
3	7668	0.059877	479
3	7684	0.060002	480
3	7700	0.060127	481
3	7716	0.060252	482
3	7732	0.060377	483
3	7748	0.060502	484
3	7764	0.060627	485
3	7780	0.060752	486
3	7796	0.060877	487
3	7812	0.061002	488
3	7828	0.061127	489
3	7844	0.061252	490
3	7860	0.061377	491
3	7876	0.061502	492
3	7892	0.061627	493
3	7908	0.061752	494
3	7924	0.061877	495
3	7940	0.062002	496
3	7956	0.062127	497
3	7972	0.062252	498
3	7988	0.062377	499
3	8004	0.062502	500
3	8020	0.062627	501
3	8036	0.062752	502
3	8052	0.062877	503
3	8068	0.063002	504
3	8084	0.063127	505
3	8100	0.063252	506
3	8116	0.063377	507
3	8132	0.063502	508
3	8148	0.063627	509
3	8164	0.063752	510
3	8180	0.063877	511
3	8196	0.064002	512
3	8212	0.064127	513
3	8228	0.064252	514
3	8244	0.064377	515
3	8260	0.064502	516
3	8276	0.064627	517
3	8292	0.064752	518
3	8308	0.064877	519
3	8324	0.065002	520
3	8340	0.065127	521
3	8356	0.065252	522
3	8372	0.065377	523
3	8388	0.065502	524
3	8404	0.065627	525
3	8420	0.065752	526
3	8436	0.065877	527
3	8452	0.066002	528
3	8468	0.066127	529
3	8484	0.066252	530
3	8500	0.066377	531
3	8516	0.066502	532
3	8532	0.066627	533
3	8548	0.066752	534
3	8564	0.066877	535
3	8580	0.067002	536
3	8596	0.067127	537
3	8612	0.067252	538
3	8628	0.067377	539
3	8644	0.067502	540
3	8660	0.067627	541
3	8676	0.067752	542
3	8692	0.067877	543
3	8708	0.068002	544
3	8724	0.068127	545
3	8740	0.068252	546
3	8756	0.068377	547
3	8772	0.068502	548
3	8788	0.068627	549
3	8804	0.068752	550
3	8820	0.068877	551
3	8836	0.069002	552
3	8852	0.069127	553
3	8868	0.069252	554
3	8884	0.069377	555
3	8900	0.069502	556
3	8916	0.069627	557
3	8932	0.069752	558
3	8948	0.069877	559
3	8964	0.070002	560
3	8980	0.070127	561
3	8996	0.070252	562
3	9012	0.070377	563
3	9028	0.070502	564
3	9044	0.070627	565
3	9060	0.070752	566
3	9076	0.070877	567
3	9092	0.071002	568
3	9108	0.071127	569
3	9124	0.071252	570
3	9140	0.071377	571
3	9156	0.071502	572
3	9172	0.071627	573
3	9188	0.071752	574
3	9204	0.071877	575
3	9220	0.072002	576
3	9236	0.072127	577
3	9252	0.072252	578
3	9268	0.072377	579
3	9284	0.072502	580
3	9304	0.072627	581
3	9320	0.072752	582
3	9336	0.072877	583
3	9352	0.073002	584
3	9368	0.073127	585
3	9384	0.073252	586
3	9400	0.073377	587
3	9416	0.073502	588
3	9432	0.073627	589
3	9448	0.073752	590
3	9464	0.073877	591
3	9480	0.074002	592
3	9496	0.074127	593
3	9512	0.074252	594
3	9528	0.074377	595
3	9544	0.074502	596
3	9560	0.074627	597
3	9576	0.074752	598
3	9592	0.074877	599
3	9608	0.075002	600
3	9624	0.075127	601
3	9640	0.075252	602
3	9656	0.075377	603
3	9672	0.075502	604
3	9688	0.075627	605
3	9704	0.075752	606
3	9720	0.075877	607
3	9736	0.076002	608
3	9752	0.076127	609
3	9768	0.076252	610
3	9784	0.076377	611
3	9800	0.076502	612
3	9816	0.076627	613
3	9832	0.076752	614
3	9848	0.076877	615
3	9864	0.077002	616
3	9880	0.077127	617
3	9896	0.077252	618
3	9912	0.077377	619
3	9928	0.077502	620
3	9944	0.077627	621
3	9960	0.077752	622
3	9976	0.077877	623
3	9992	0.078002	624
3	10008	0.078127	625
3	10024	0.078252	626
3	10040	0.078377	627
3	10056	0.078502	628
3	10072	0.078627	629
3	10088	0.078752	630
3	10104	0.078877	631
3	10120	0.079002	632
3	10136	0.079127	633
3	10152	0.079252	634
3	10168	0.079377	635
3	10184	0.079502	636
3	10200	0.079627	637
3	10216	0.079752	638
3	10232	0.079877	639
3	10248	0.080002	640
3	10264	0.080127	641
3	10280	0.080252	642
3	10296	0.080377	643
3	10312	0.080502	644
3	10328	0.080627	645
3	10344	0.080752	646
3	10360	0.080877	647
3	10376	0.081002	648
3	10392	0.081127	649
3	10408	0.081252	650
3	10424	0.081377	651
3	10440	0.081502	652
3	10456	0.081627	653
3	10472	0.081752	654
3	10488	0.081877	655
3	10504	0.082002	656
3	10520	0.082127	657
3	10536	0.082252	658
3	10552	0.082377	659
3	10568	0.082502	660
3	10584	0.082627	661
3	10600	0.082752	662
3	10616	0.082877	663
3	10632	0.083002	664
3	10648	0.083127	665
3	10664	0.083252	666
3	10680	0.083377	667
3	10696	0.083502	668
3	10712	0.083627	669
3	10728	0.083752	670
3	10744	0.083877	671
3	10760	0.084002	672
3	10776	0.084127	673
3	10792	0.084252	674
3	10808	0.084377	675
3	10824	0.084502	676
3	10840	0.084627	677
3	10856	0.084752	678
3	10872	0.084877	679
3	10888	0.085002	680
3	10904	0.085127	681
3	10920	0.085252	682
3	10936	0.085377	683
3	10952	0.085502	684
3	10968	0.085627	685
3	10984	0.085752	686
3	11000	0.085877	687
3	11016	0.086002	688
3	11032	0.086127	689
3	11048	0.086252	690
3	11064	0.086377	691
3	11080	0.086502	692
3	11096	0.086627	693
3	11112	0.086752	694
3	11128	0.086877	695
3	11144	0.087002	696
3	11160	0.087127	697
3	11176	0.087252	698
3	11192	0.087377	699
3	11208	0.087502	700
3	11224	0.087627	701
3	11240	0.087752	702
3	11256	0.087877	703
3	11272	0.088002	704
3	11288	0.088127	705
3	11304	0.088252	706
3	11320	0.088377	707
3	11336	0.088502	708
3	11352	0.088627	709
3	11368	0.088752	710
3	11384	0.088877	711
3	11400	0.089002	712
3	11416	0.089127	713
3	11432	0.089252	714
3	11448	0.089377	715
3	11464	0.089502	716
3	11480	0.089627	717
3	11496	0.089752	718
3	11512	0.089877	719
3	11528	0.090002	720
3	11544	0.090127	721
3	11560	0.090252	722
3	11576	0.090377	723
3	11592	0.090502	724
3	11608	0.090627	725
3	11624	0.090752	726
3	11640	0.090877	727
3	11656	0.091002	728
3	11672	0.091127	729
3	11688	0.091252	730
3	11704	0.091377	731
3	11720	0.091502	732
3	11736	0.091627	733
3	11752	0.091752	734
3	11768	0.091877	735
3	11784	0.092002	736
3	11800	0.092127	737
3	11816	0.092252	738
3	11832	0.092377	739
3	11848	0.092502	740
3	11864	0.092627	741
3	11880	0.092752	742
3	11896	0.092877	743
3	11912	0.093002	744
3	11928	0.093127	745
3	11944	0.093252	746
3	11960	0.093377	747
3	11976	0.093502	748
3	11992	0.093627	749
3	12008	0.093752	750
3	12024	0.093877	751
3	12040	0.094002	752
3	12056	0.094127	753
3	12072	0.094252	754
3	12088	0.094377	755
3	12104	0.094502	756
3	12120	0.094627	757
3	12136	0.094752	758
3	12152	0.094877	759
3	12168	0.095002	760
3	12184	0.095127	761
3	12200	0.095252	762
3	12216	0.095377	763
3	12232	0.095502	764
3	12248	0.095627	765
3	12264	0.095752	766
3	12280	0.095877	767
3	12296	0.096002	768
3	12312	0.096127	769
3	12328	0.096252	770
3	12344	0.096377	771
3	12360	0.096502	772
3	12376	0.096627	773
3	12392	0.096752	774
3	12408	0.096877	775
3	12424	0.097002	776
3	12440	0.097127	777
3	12456	0.097252	778
3	12472	0.097377	779
3	12488	0.097502	780
3	12504	0.097627	781
3	12520	0.097752	782
3	12536	0.097877	783
3	12552	0.098002	784
3	12568	0.098127	785
3	12584	0.098252	786
3	12600	0.098377	787
3	12616	0.098502	788
3	12632	0.098627	789
3	12648	0.098752	790
3	12664	0.098877	791
3	12680	0.099002	792
3	12696	0.099127	793
3	12712	0.099252	794
3	12728	0.099377	795
3	12744	0.099502	796
3	12760	0.099627	797
3	12776	0.099752	798
3	12792	0.099877	799
3	12808	0.100002	800
3	12824	0.100127	801
3	12840	0.100252	802
3	12856	0.100377	803
3	12872	0.100502	804
3	12888	0.100627	805
3	12904	0.100752	806
3	12920	0.100877	807
3	12936	0.101002	808
3	12952	0.101127	809
3	12968	0.101252	810
3	12984	0.101377	811
3	13000	0.101502	812
3	13016	0.101627	813
3	13032	0.101752	814
3	13048	0.101877	815
3	13064	0.102002	816
3	13080	0.102127	817
3	13096	0.102252	818
3	13112	0.102377	819
3	13128	0.102502	820
3	13144	0.102627	821
3	13160	0.102752	822
3	13176	0.102877	823
3	13192	0.103002	824
3	13208	0.103127	825
3	13224	0.103252	826
3	13240	0.103377	827
3	13256	0.103502	828
3	13272	0.103627	829
3	13288	0.103752	830
3	13304	0.103877	831
3	13320	0.104002	832
3	13336	0.104127	833
3	13352	0.104252	834
3	13368	0.104377	835
3	13384	0.104502	836
3	13400	0.104627	837
3	13416	0.104752	838
3	13432	0.104877	839
3	13448	0.105002	840
3	13464	0.105127	841
3	13480	0.105252	842
3	13496	0.105377	843
3	13512	0.105502	844
3	13528	0.105627	845
3	13544	0.105752	846
3	13560	0.105877	847
3	13576	0.106002	848
3	13592	0.106127	849
3	13608	0.106252	850
3	13624	0.106377	851
3	13640	0.106502	852
3	13656	0.106627	853
3	13672	0.106752	854
3	13688	0.106877	855
3	13704	0.107002	856
3	13720	0.107127	857
3	13736	0.107252	858
3	13752	0.107377	859
3	13768	0.107502	860
3	13784	0.107627	861
3	13800	0.107752	862
3	13816	0.107877	863
3	13832	0.108002	864
3	13848	0.108127	865
3	13864	0.108252	866
3	13880	0.108377	867
3	13896	0.108502	868
3	13912	0.108627	869
3	13928	0.108752	870
3	13944	0.108877	871
3	13960	0.109002	872
3	13976	0.109127	873
3	13992	0.109252	874
3	14008	0.109377	875
3	14024	0.109502	876
3	14040	0.109627	877
3	14060	0.109752	878
3	14076	0.109877	879
3	14092	0.110002	880
3	14108	0.110127	881
3	14124	0.110252	882
3	14140	0.110377	883
3	14156	0.110502	884
3	14172	0.110627	885
3	14188	0.110752	886
3	14204	0.110877	887
3	14220	0.111002	888
3	14236	0.111127	889
3	14252	0.111252	890
3	14268	0.111377	891
3	14284	0.111502	892
3	14300	0.111627	893
3	14316	0.111752	894
3	14332	0.111877	895
3	14348	0.112002	896
3	14364	0.112127	897
3	14380	0.112252	898
3	14396	0.112377	899
3	14412	0.112502	900
3	14428	0.112627	901
3	14444	0.112752	902
3	14460	0.112877	903
3	14476	0.113002	904
3	14492	0.113127	905
3	14508	0.113252	906
3	14524	0.113377	907
3	14540	0.113502	908
3	14556	0.113627	909
3	14572	0.113752	910
3	14588	0.113877	911
3	14604	0.114002	912
3	14620	0.114127	913
3	14636	0.114252	914
3	14652	0.114377	915
3	14668	0.114502	916
3	14684	0.114627	917
3	14700	0.114752	918
3	14716	0.114877	919
3	14732	0.115002	920
3	14748	0.115127	921
3	14764	0.115252	922
3	14780	0.115377	923
3	14796	0.115502	924
3	14812	0.115627	925
3	14828	0.115752	926
3	14844	0.115877	927
3	14860	0.116002	928
3	14876	0.116127	929
3	14892	0.116252	930
3	14908	0.116377	931
3	14924	0.116502	932
3	14940	0.116627	933
3	14956	0.116752	934
3	14972	0.116877	935
3	14988	0.117002	936
3	15004	0.117127	937
3	15020	0.117252	938
3	15036	0.117377	939
3	15052	0.117502	940
3	15068	0.117627	941
3	15084	0.117752	942
3	15100	0.117877	943
3	15116	0.118002	944
3	15132	0.118127	945
3	15148	0.118252	946
3	15164	0.118377	947
3	15180	0.118502	948
3	15196	0.118627	949
3	15212	0.118752	950
3	15228	0.118877	951
3	15244	0.119002	952
3	15260	0.119127	953
3	15276	0.119252	954
3	15292	0.119377	955
3	15308	0.119502	956
3	15324	0.119627	957
3	15340	0.119752	958
3	15356	0.119877	959
3	15372	0.120002	960
3	15388	0.120127	961
3	15404	0.120252	962
3	15420	0.120377	963
3	15436	0.120502	964
3	15452	0.120627	965
3	15468	0.120752	966
3	15484	0.120877	967
3	15500	0.121002	968
3	15516	0.121127	969
3	15532	0.121252	970
3	15548	0.121377	971
3	15564	0.121502	972
3	15580	0.121627	973
3	15596	0.121752	974
3	15612	0.121877	975
3	15628	0.122002	976
3	15644	0.122127	977
3	15660	0.122252	978
3	15676	0.122377	979
3	15692	0.122502	980
3	15708	0.122627	981
3	15724	0.122752	982
3	15740	0.122877	983
3	15756	0.123002	984
3	15772	0.123127	985
3	15788	0.123252	986
3	15804	0.123377	987
3	15820	0.123502	988
3	15836	0.123627	989
3	15852	0.123752	990
3	15868	0.123877	991
3	15884	0.124002	992
3	15900	0.124127	993
3	15916	0.124252	994
3	15932	0.124377	995
3	15948	0.124502	996
3	15964	0.124627	997
3	15980	0.124752	998
3	15996	0.124877	999
3	16012	0.125002	1000
3	16028	0.125127	1001
3	16044	0.125252	1002
3	16060	0.125377	1003
3	16076	0.125502	1004
3	16092	0.125627	1005
3	16108	0.125752	1006
3	16124	0.125877	1007
3	16140	0.126002	1008
3	16156	0.126127	1009
3	16172	0.126252	1010
3	16188	0.126377	1011
3	16204	0.126502	1012
3	16220	0.126627	1013
3	16236	0.126752	1014
3	16252	0.126877	1015
3	16268	0.127002	1016
3	16284	0.127127	1017
3	16300	0.127252	1018
3	16316	0.127377	1019
3	16332	0.127502	1020
3	16348	0.127627	1021
3	16364	0.127752	1022
3	16380	0.127877	1023
3	16396	0.128002	1024
3	16412	0.128127	1025
3	16428	0.128252	1026
3	16444	0.128377	1027
3	16460	0.128502	1028
3	16476	0.128627	1029
3	16492	0.128752	1030
3	16508	0.128877	1031
3	16524	0.129002	1032
3	16540	0.129127	1033
3	16556	0.129252	1034
3	16572	0.129377	1035
3	16588	0.129502	1036
3	16604	0.129627	1037
3	16620	0.129752	1038
3	16636	0.129877	1039
3	16652	0.130002	1040
3	16668	0.130127	1041
3	16684	0.130252	1042
3	16700	0.130377	1043
3	16716	0.130502	1044
3	16732	0.130627	1045
3	16748	0.130752	1046
3	16764	0.130877	1047
3	16780	0.131002	1048
3	16796	0.131127	1049
3	16812	0.131252	1050
3	16828	0.131377	1051
3	16844	0.131502	1052
3	16860	0.131627	1053
3	16876	0.131752	1054
3	16892	0.131877	1055
3	16908	0.132002	1056
3	16924	0.132127	1057
3	16940	0.132252	1058
3	16956	0.132377	1059
3	16972	0.132502	1060
3	16988	0.132627	1061
3	17004	0.132752	1062
3	17020	0.132877	1063
3	17036	0.133002	1064
3	17052	0.133127	1065
3	17068	0.133252	1066
3	17084	0.133377	1067
3	17100	0.133502	1068
3	17116	0.133627	1069
3	17132	0.133752	1070
3	17148	0.133877	1071
3	17164	0.134002	1072
3	17180	0.134127	1073
3	17196	0.134252	1074
3	17212	0.134377	1075
3	17228	0.134502	1076
3	17244	0.134627	1077
3	17260	0.134752	1078
3	17276	0.134877	1079
3	17292	0.135002	1080
3	17308	0.135127	1081
3	17324	0.135252	1082
3	17340	0.135377	1083
3	17356	0.135502	1084
3	17372	0.135627	1085
3	17388	0.135752	1086
3	17404	0.135877	1087
3	17420	0.136002	1088
3	17436	0.136127	1089
3	17452	0.136252	1090
3	17468	0.136377	1091
3	17484	0.136502	1092
3	17500	0.136627	1093
3	17516	0.136752	1094
3	17532	0.136877	1095
3	17548	0.137002	1096
3	17564	0.137127	1097
3	17580	0.137252	1098
3	17596	0.137377	1099
3	17612	0.137502	1100
3	17628	0.137627	1101
3	17644	0.137752	1102
3	17660	0.137877	1103
3	17676	0.138002	1104
3	17692	0.138127	1105
3	17708	0.138252	1106
3	17724	0.138377	1107
3	17740	0.138502	1108
3	17756	0.138627	1109
3	17772	0.138752	1110
3	17788	0.138877	1111
3	17804	0.139002	1112
3	17820	0.139127	1113
3	17836	0.139252	1114
3	17852	0.139377	1115
3	17868	0.139502	1116
3	17884	0.139627	1117
3	17900	0.139752	1118
3	17916	0.139877	1119
3	17932	0.140002	1120
3	17948	0.140127	1121
3	17964	0.140252	1122
3	17980	0.140377	1123
3	17996	0.140502	1124
3	18012	0.140627	1125
3	18028	0.140752	1126
3	18044	0.140877	1127
3	18060	0.141002	1128
3	18076	0.141127	1129
3	18092	0.141252	1130
3	18108	0.141377	1131
3	18124	0.141502	1132
3	18140	0.141627	1133
3	18156	0.141752	1134
3	18172	0.141877	1135
3	18188	0.142002	1136
3	18204	0.142127	1137
3	18220	0.142252	1138
3	18236	0.142377	1139
3	18252	0.142502	1140
3	18268	0.142627	1141
3	18284	0.142752	1142
3	18300	0.142877	1143
3	18316	0.143002	1144
3	18332	0.143127	1145
3	18348	0.143252	1146
3	18364	0.143377	1147
3	18380	0.143502	1148
3	18396	0.143627	1149
3	18412	0.143752	1150
3	18428	0.143877	1151
3	18444	0.144002	1152
3	18460	0.144127	1153
3	18476	0.144252	1154
3	18492	0.144377	1155
3	18508	0.144502	1156
3	18524	0.144627	1157
3	18540	0.144752	1158
3	18556	0.144877	1159
3	18572	0.145002	1160
3	18588	0.145127	1161
3	18604	0.145252	1162
3	18620	0.145377	1163
3	18636	0.145502	1164
3	18652	0.145627	1165
3	18668	0.145752	1166
3	18684	0.145877	1167
3	18700	0.146002	1168
3	18716	0.146127	1169
3	18732	0.146252	1170
3	18748	0.146377	1171
3	18764	0.146502	1172
3	18780	0.146627	1173
3	18796	0.146752	1174
3	18816	0.146877	1175
3	18832	0.147002	1176
3	18848	0.147127	1177
3	18864	0.147252	1178
3	18880	0.147377	1179
3	18896	0.147502	1180
3	18912	0.147627	1181
3	18928	0.147752	1182
3	18944	0.147877	1183
3	18960	0.148002	1184
3	18976	0.148127	1185
3	18992	0.148252	1186
3	19008	0.148377	1187
3	19024	0.148502	1188
3	19040	0.148627	1189
3	19056	0.148752	1190
3	19072	0.148877	1191
3	19088	0.149002	1192
3	19104	0.149127	1193
3	19120	0.149252	1194
3	19136	0.149377	1195
3	19152	0.149502	1196
3	19168	0.149627	1197
3	19184	0.149752	1198
3	19200	0.149877	1199
3	19216	0.150002	1200
3	19232	0.150127	1201
3	19248	0.150252	1202
3	19264	0.150377	1203
3	19280	0.150502	1204
3	19296	0.150627	1205
3	19312	0.150752	1206
3	19328	0.150877	1207
3	19344	0.151002	1208
3	19360	0.151127	1209
3	19376	0.151252	1210
3	19392	0.151377	1211
3	19408	0.151502	1212
3	19424	0.151627	1213
3	19440	0.151752	1214
3	19456	0.151877	1215
3	19472	0.152002	1216
3	19488	0.152127	1217
3	19504	0.152252	1218
3	19520	0.152377	1219
3	19536	0.152502	1220
3	19552	0.152627	1221
3	19568	0.152752	1222
3	19584	0.152877	1223
3	19600	0.153002	1224
3	19616	0.153127	1225
3	19632	0.153252	1226
3	19648	0.153377	1227
3	19664	0.153502	1228
3	19680	0.153627	1229
3	19696	0.153752	1230
3	19712	0.153877	1231
3	19728	0.154002	1232
3	19744	0.154127	1233
3	19760	0.154252	1234
3	19776	0.154377	1235
3	19792	0.154502	1236
3	19808	0.154627	1237
3	19824	0.154752	1238
3	19840	0.154877	1239
3	19856	0.155002	1240
3	19872	0.155127	1241
3	19888	0.155252	1242
3	19904	0.155377	1243
3	19920	0.155502	1244
3	19936	0.155627	1245
3	19952	0.155752	1246
3	19968	0.155877	1247
3	19984	0.156002	1248
3	20000	0.156127	1249
3	20016	0.156252	1250
3	20032	0.156377	1251
3	20048	0.156502	1252
3	20064	0.156627	1253
3	20080	0.156752	1254
3	20096	0.156877	1255
3	20112	0.157002	1256
3	20128	0.157127	1257
3	20144	0.157252	1258
3	20160	0.157377	1259
3	20176	0.157502	1260
3	20192	0.157627	1261
3	20208	0.157752	1262
3	20224	0.157877	1263
3	20240	0.158002	1264
3	20256	0.158127	1265
3	20272	0.158252	1266
3	20288	0.158377	1267
3	20304	0.158502	1268
3	20320	0.158627	1269
3	20336	0.158752	1270
3	20352	0.158877	1271
3	20368	0.159002	1272
3	20384	0.159127	1273
3	20400	0.159252	1274
3	20416	0.159377	1275
3	20432	0.159502	1276
3	20448	0.159627	1277
3	20464	0.159752	1278
3	20480	0.159877	1279
3	20496	0.160002	1280
3	20512	0.160127	1281
3	20528	0.160252	1282
3	20544	0.160377	1283
3	20560	0.160502	1284
3	20576	0.160627	1285
3	20592	0.160752	1286
3	20608	0.160877	1287
3	20624	0.161002	1288
3	20640	0.161127	1289
3	20656	0.161252	1290
3	20672	0.161377	1291
3	20688	0.161502	1292
3	20704	0.161627	1293
3	20720	0.161752	1294
3	20736	0.161877	1295
3	20752	0.162002	1296
3	20768	0.162127	1297
3	20784	0.162252	1298
3	20800	0.162377	1299
3	20816	0.162502	1300
3	20832	0.162627	1301
3	20848	0.162752	1302
3	20864	0.162877	1303
3	20880	0.163002	1304
3	20896	0.163127	1305
3	20912	0.163252	1306
3	20928	0.163377	1307
3	20944	0.163502	1308
3	20960	0.163627	1309
3	20976	0.163752	1310
3	20992	0.163877	1311
3	21008	0.164002	1312
3	21024	0.164127	1313
3	21040	0.164252	1314
3	21056	0.164377	1315
3	21072	0.164502	1316
3	21088	0.164627	1317
3	21104	0.164752	1318
3	21120	0.164877	1319
3	21136	0.165002	1320
3	21152	0.165127	1321
3	21168	0.165252	1322
3	21184	0.165377	1323
3	21200	0.165502	1324
3	21216	0.165627	1325
3	21232	0.165752	1326
3	21248	0.165877	1327
3	21264	0.166002	1328
3	21280	0.166127	1329
3	21296	0.166252	1330
3	21312	0.166377	1331
3	21328	0.166502	1332
3	21344	0.166627	1333
3	21360	0.166752	1334
3	21376	0.166877	1335
3	21392	0.167002	1336
3	21408	0.167127	1337
3	21424	0.167252	1338
3	21440	0.167377	1339
3	21456	0.167502	1340
3	21472	0.167627	1341
3	21488	0.167752	1342
3	21504	0.167877	1343
3	21520	0.168002	1344
3	21536	0.168127	1345
3	21552	0.168252	1346
3	21568	0.168377	1347
3	21584	0.168502	1348
3	21600	0.168627	1349
3	21616	0.168752	1350
3	21632	0.168877	1351
3	21648	0.169002	1352
3	21664	0.169127	1353
3	21680	0.169252	1354
3	21696	0.169377	1355
3	21712	0.169502	1356
3	21728	0.169627	1357
3	21744	0.169752	1358
3	21760	0.169877	1359
3	21776	0.170002	1360
3	21792	0.170127	1361
3	21808	0.170252	1362
3	21824	0.170377	1363
3	21840	0.170502	1364
3	21856	0.170627	1365
3	21872	0.170752	1366
3	21888	0.170877	1367
3	21904	0.171002	1368
3	21920	0.171127	1369
3	21936	0.171252	1370
3	21952	0.171377	1371
3	21968	0.171502	1372
3	21984	0.171627	1373
3	22000	0.171752	1374
3	22016	0.171877	1375
3	22032	0.172002	1376
3	22048	0.172127	1377
3	22064	0.172252	1378
3	22080	0.172377	1379
3	22096	0.172502	1380
3	22112	0.172627	1381
3	22128	0.172752	1382
3	22144	0.172877	1383
3	22160	0.173002	1384
3	22176	0.173127	1385
3	22192	0.173252	1386
3	22208	0.173377	1387
3	22224	0.173502	1388
3	22240	0.173627	1389
3	22256	0.173752	1390
3	22272	0.173877	1391
3	22288	0.174002	1392
3	22304	0.174127	1393
3	22320	0.174252	1394
3	22336	0.174377	1395
3	22352	0.174502	1396
3	22368	0.174627	1397
3	22384	0.174752	1398
3	22400	0.174877	1399
3	22416	0.175002	1400
3	22432	0.175127	1401
3	22448	0.175252	1402
3	22464	0.175377	1403
3	22480	0.175502	1404
3	22496	0.175627	1405
3	22512	0.175752	1406
3	22528	0.175877	1407
3	22544	0.176002	1408
3	22560	0.176127	1409
3	22576	0.176252	1410
3	22592	0.176377	1411
3	22608	0.176502	1412
3	22624	0.176627	1413
3	22640	0.176752	1414
3	22656	0.176877	1415
3	22672	0.177002	1416
3	22688	0.177127	1417
3	22704	0.177252	1418
3	22720	0.177377	1419
3	22736	0.177502	1420
3	22752	0.177627	1421
3	22768	0.177752	1422
3	22784	0.177877	1423
3	22800	0.178002	1424
3	22816	0.178127	1425
3	22832	0.178252	1426
3	22848	0.178377	1427
3	22864	0.178502	1428
3	22880	0.178627	1429
3	22896	0.178752	1430
3	22912	0.178877	1431
3	22928	0.179002	1432
3	22944	0.179127	1433
3	22960	0.179252	1434
3	22976	0.179377	1435
3	22992	0.179502	1436
3	23008	0.179627	1437
3	23024	0.179752	1438
3	23040	0.179877	1439
3	23056	0.180002	1440
3	23072	0.180127	1441
3	23088	0.180252	1442
3	23104	0.180377	1443
3	23120	0.180502	1444
3	23136	0.180627	1445
3	23152	0.180752	1446
3	23168	0.180877	1447
3	23184	0.181002	1448
3	23200	0.181127	1449
3	23216	0.181252	1450
3	23232	0.181377	1451
3	23248	0.181502	1452
3	23264	0.181627	1453
3	23280	0.181752	1454
3	23296	0.181877	1455
3	23312	0.182002	1456
3	23328	0.182127	1457
3	23344	0.182252	1458
3	23360	0.182377	1459
3	23376	0.182502	1460
3	23392	0.182627	1461
3	23408	0.182752	1462
3	23424	0.182877	1463
3	23440	0.183002	1464
3	23456	0.183127	1465
3	23472	0.183252	1466
3	23488	0.183377	1467
3	23504	0.183502	1468
3	23520	0.183627	1469
3	23536	0.183752	1470
3	23552	0.183877	1471
3	23568	0.184002	1472
3	23588	0.184127	1473
3	23604	0.184252	1474
3	23620	0.184377	1475
3	23636	0.184502	1476
3	23652	0.184627	1477
3	23668	0.184752	1478
3	23684	0.184877	1479
3	23700	0.185002	1480
3	23716	0.185127	1481
3	23732	0.185252	1482
3	23748	0.185377	1483
3	23764	0.185502	1484
3	23780	0.185627	1485
3	23796	0.185752	1486
3	23812	0.185877	1487
3	23828	0.186002	1488
3	23844	0.186127	1489
3	23860	0.186252	1490
3	23876	0.186377	1491
3	23892	0.186502	1492
3	23908	0.186627	1493
3	23924	0.186752	1494
3	23940	0.186877	1495
3	23956	0.187002	1496
3	23972	0.187127	1497
3	23988	0.187252	1498
3	24004	0.187377	1499
3	24020	0.187502	1500
3	24036	0.187627	1501
3	24052	0.187752	1502
3	24068	0.187877	1503
3	24084	0.188002	1504
3	24100	0.188127	1505
3	24116	0.188252	1506
3	24132	0.188377	1507
3	24148	0.188502	1508
3	24164	0.188627	1509
3	24180	0.188752	1510
3	24196	0.188877	1511
3	24212	0.189002	1512
3	24228	0.189127	1513
3	24244	0.189252	1514
3	24260	0.189377	1515
3	24276	0.189502	1516
3	24292	0.189627	1517
3	24308	0.189752	1518
3	24324	0.189877	1519
3	24340	0.190002	1520
3	24356	0.190127	1521
3	24372	0.190252	1522
3	24388	0.190377	1523
3	24404	0.190502	1524
3	24420	0.190627	1525
3	24436	0.190752	1526
3	24452	0.190877	1527
3	24468	0.191002	1528
3	24484	0.191127	1529
3	24500	0.191252	1530
3	24516	0.191377	1531
3	24532	0.191502	1532
3	24548	0.191627	1533
3	24564	0.191752	1534
3	24580	0.191877	1535
3	24596	0.192002	1536
3	24612	0.192127	1537
3	24628	0.192252	1538
3	24644	0.192377	1539
3	24660	0.192502	1540
3	24676	0.192627	1541
3	24692	0.192752	1542
3	24708	0.192877	1543
3	24724	0.193002	1544
3	24740	0.193127	1545
3	24756	0.193252	1546
3	24772	0.193377	1547
3	24788	0.193502	1548
3	24804	0.193627	1549
3	24820	0.193752	1550
3	24836	0.193877	1551
3	24852	0.194002	1552
3	24868	0.194127	1553
3	24884	0.194252	1554
3	24900	0.194377	1555
3	24916	0.194502	1556
3	24932	0.194627	1557
3	24948	0.194752	1558
3	24964	0.194877	1559
3	24980	0.195002	1560
3	24996	0.195127	1561
3	25012	0.195252	1562
3	25028	0.195377	1563
3	25044	0.195502	1564
3	25060	0.195627	1565
3	25076	0.195752	1566
3	25092	0.195877	1567
3	25108	0.196002	1568
3	25124	0.196127	1569
3	25140	0.196252	1570
3	25156	0.196377	1571
3	25172	0.196502	1572
3	25188	0.196627	1573
3	25204	0.196752	1574
3	25220	0.196877	1575
3	25236	0.197002	1576
3	25252	0.197127	1577
3	25268	0.197252	1578
3	25284	0.197377	1579
3	25300	0.197502	1580
3	25316	0.197627	1581
3	25332	0.197752	1582
3	25348	0.197877	1583
3	25364	0.198002	1584
3	25380	0.198127	1585
3	25396	0.198252	1586
3	25412	0.198377	1587
3	25428	0.198502	1588
3	25444	0.198627	1589
3	25460	0.198752	1590
3	25476	0.198877	1591
3	25492	0.199002	1592
3	25508	0.199127	1593
3	25524	0.199252	1594
3	25540	0.199377	1595
3	25556	0.199502	1596
3	25572	0.199627	1597
3	25588	0.199752	1598
3	25604	0.199877	1599
3	25620	0.200002	1600
3	25636	0.200127	1601
3	25652	0.200252	1602
3	25668	0.200377	1603
3	25684	0.200502	1604
3	25700	0.200627	1605
3	25716	0.200752	1606
3	25732	0.200877	1607
3	25748	0.201002	1608
3	25764	0.201127	1609
3	25780	0.201252	1610
3	25796	0.201377	1611
3	25812	0.201502	1612
3	25828	0.201627	1613
3	25844	0.201752	1614
3	25860	0.201877	1615
3	25876	0.202002	1616
3	25892	0.202127	1617
3	25908	0.202252	1618
3	25924	0.202377	1619
3	25940	0.202502	1620
3	25956	0.202627	1621
3	25972	0.202752	1622
3	25988	0.202877	1623
3	26004	0.203002	1624
3	26020	0.203127	1625
3	26036	0.203252	1626
3	26052	0.203377	1627
3	26068	0.203502	1628
3	26084	0.203627	1629
3	26100	0.203752	1630
3	26116	0.203877	1631
3	26132	0.204002	1632
3	26148	0.204127	1633
3	26164	0.204252	1634
3	26180	0.204377	1635
3	26196	0.204502	1636
3	26212	0.204627	1637
3	26228	0.204752	1638
3	26244	0.204877	1639
3	26260	0.205002	1640
3	26276	0.205127	1641
3	26292	0.205252	1642
3	26308	0.205377	1643
3	26324	0.205502	1644
3	26340	0.205627	1645
3	26356	0.205752	1646
3	26372	0.205877	1647
3	26388	0.206002	1648
3	26404	0.206127	1649
3	26420	0.206252	1650
3	26436	0.206377	1651
3	26452	0.206502	1652
3	26468	0.206627	1653
3	26484	0.206752	1654
3	26500	0.206877	1655
3	26516	0.207002	1656
3	26532	0.207127	1657
3	26548	0.207252	1658
3	26564	0.207377	1659
3	26580	0.207502	1660
3	26596	0.207627	1661
3	26612	0.207752	1662
3	26628	0.207877	1663
3	26644	0.208002	1664
3	26660	0.208127	1665
3	26676	0.208252	1666
3	26692	0.208377	1667
3	26708	0.208502	1668
3	26724	0.208627	1669
3	26740	0.208752	1670
3	26756	0.208877	1671
3	26772	0.209002	1672
3	26788	0.209127	1673
3	26804	0.209252	1674
3	26820	0.209377	1675
3	26836	0.209502	1676
3	26852	0.209627	1677
3	26868	0.209752	1678
3	26884	0.209877	1679
3	26900	0.210002	1680
3	26916	0.210127	1681
3	26932	0.210252	1682
3	26948	0.210377	1683
3	26964	0.210502	1684
3	26980	0.210627	1685
3	26996	0.210752	1686
3	27012	0.210877	1687
3	27028	0.211002	1688
3	27044	0.211127	1689
3	27060	0.211252	1690
3	27076	0.211377	1691
3	27092	0.211502	1692
3	27108	0.211627	1693
3	27124	0.211752	1694
3	27140	0.211877	1695
3	27156	0.212002	1696
3	27172	0.212127	1697
3	27188	0.212252	1698
3	27204	0.212377	1699
3	27220	0.212502	1700
3	27236	0.212627	1701
3	27252	0.212752	1702
3	27268	0.212877	1703
3	27284	0.213002	1704
3	27300	0.213127	1705
3	27316	0.213252	1706
3	27332	0.213377	1707
3	27348	0.213502	1708
3	27364	0.213627	1709
3	27380	0.213752	1710
3	27396	0.213877	1711
3	27412	0.214002	1712
3	27428	0.214127	1713
3	27444	0.214252	1714
3	27460	0.214377	1715
3	27476	0.214502	1716
3	27492	0.214627	1717
3	27508	0.214752	1718
3	27524	0.214877	1719
3	27540	0.215002	1720
3	27556	0.215127	1721
3	27572	0.215252	1722
3	27588	0.215377	1723
3	27604	0.215502	1724
3	27620	0.215627	1725
3	27636	0.215752	1726
3	27652	0.215877	1727
3	27668	0.216002	1728
3	27684	0.216127	1729
3	27700	0.216252	1730
3	27716	0.216377	1731
3	27732	0.216502	1732
3	27748	0.216627	1733
3	27764	0.216752	1734
3	27780	0.216877	1735
3	27796	0.217002	1736
3	27812	0.217127	1737
3	27828	0.217252	1738
3	27844	0.217377	1739
3	27860	0.217502	1740
3	27876	0.217627	1741
3	27892	0.217752	1742
3	27908	0.217877	1743
3	27924	0.218002	1744
3	27940	0.218127	1745
3	27956	0.218252	1746
3	27972	0.218377	1747
3	27988	0.218502	1748
3	28004	0.218627	1749
3	28020	0.218752	1750
3	28036	0.218877	1751
3	28052	0.219002	1752
3	28068	0.219127	1753
3	28084	0.219252	1754
3	28100	0.219377	1755
3	28116	0.219502	1756
3	28132	0.219627	1757
3	28148	0.219752	1758
3	28164	0.219877	1759
3	28180	0.220002	1760
3	28196	0.220127	1761
3	28212	0.220252	1762
3	28228	0.220377	1763
3	28244	0.220502	1764
3	28260	0.220627	1765
3	28276	0.220752	1766
3	28292	0.220877	1767
3	28308	0.221002	1768
3	28324	0.221127	1769
3	28344	0.221252	1770
3	28360	0.221377	1771
3	28376	0.221502	1772
3	28392	0.221627	1773
3	28408	0.221752	1774
3	28424	0.221877	1775
3	28440	0.222002	1776
3	28456	0.222127	1777
3	28472	0.222252	1778
3	28488	0.222377	1779
3	28504	0.222502	1780
3	28520	0.222627	1781
3	28536	0.222752	1782
3	28552	0.222877	1783
3	28568	0.223002	1784
3	28584	0.223127	1785
3	28600	0.223252	1786
3	28616	0.223377	1787
3	28632	0.223502	1788
3	28648	0.223627	1789
3	28664	0.223752	1790
3	28680	0.223877	1791
3	28696	0.224002	1792
3	28712	0.224127	1793
3	28728	0.224252	1794
3	28744	0.224377	1795
3	28760	0.224502	1796
3	28776	0.224627	1797
3	28792	0.224752	1798
3	28808	0.224877	1799
3	28824	0.225002	1800
3	28840	0.225127	1801
3	28856	0.225252	1802
3	28872	0.225377	1803
3	28888	0.225502	1804
3	28904	0.225627	1805
3	28920	0.225752	1806
3	28936	0.225877	1807
3	28952	0.226002	1808
3	28968	0.226127	1809
3	28984	0.226252	1810
3	29000	0.226377	1811
3	29016	0.226502	1812
3	29032	0.226627	1813
3	29048	0.226752	1814
3	29064	0.226877	1815
3	29080	0.227002	1816
3	29096	0.227127	1817
3	29112	0.227252	1818
3	29128	0.227377	1819
3	29144	0.227502	1820
3	29160	0.227627	1821
3	29176	0.227752	1822
3	29192	0.227877	1823
3	29208	0.228002	1824
3	29224	0.228127	1825
3	29240	0.228252	1826
3	29256	0.228377	1827
3	29272	0.228502	1828
3	29288	0.228627	1829
3	29304	0.228752	1830
3	29320	0.228877	1831
3	29336	0.229002	1832
3	29352	0.229127	1833
3	29368	0.229252	1834
3	29384	0.229377	1835
3	29400	0.229502	1836
3	29416	0.229627	1837
3	29432	0.229752	1838
3	29448	0.229877	1839
3	29464	0.230002	1840
3	29480	0.230127	1841
3	29496	0.230252	1842
3	29512	0.230377	1843
3	29528	0.230502	1844
3	29544	0.230627	1845
3	29560	0.230752	1846
3	29576	0.230877	1847
3	29592	0.231002	1848
3	29608	0.231127	1849
3	29624	0.231252	1850
3	29640	0.231377	1851
3	29656	0.231502	1852
3	29672	0.231627	1853
3	29688	0.231752	1854
3	29704	0.231877	1855
3	29720	0.232002	1856
3	29736	0.232127	1857
3	29752	0.232252	1858
3	29768	0.232377	1859
3	29784	0.232502	1860
3	29800	0.232627	1861
3	29816	0.232752	1862
3	29832	0.232877	1863
3	29848	0.233002	1864
3	29864	0.233127	1865
3	29880	0.233252	1866
3	29896	0.233377	1867
3	29912	0.233502	1868
3	29928	0.233627	1869
3	29944	0.233752	1870
3	29960	0.233877	1871
3	29976	0.234002	1872
3	29992	0.234127	1873
3	30008	0.234252	1874
3	30024	0.234377	1875
3	30040	0.234502	1876
3	30056	0.234627	1877
3	30072	0.234752	1878
3	30088	0.234877	1879
3	30104	0.235002	1880
3	30120	0.235127	1881
3	30136	0.235252	1882
3	30152	0.235377	1883
3	30168	0.235502	1884
3	30184	0.235627	1885
3	30200	0.235752	1886
3	30216	0.235877	1887
3	30232	0.236002	1888
3	30248	0.236127	1889
3	30264	0.236252	1890
3	30280	0.236377	1891
3	30296	0.236502	1892
3	30312	0.236627	1893
3	30328	0.236752	1894
3	30344	0.236877	1895
3	30360	0.237002	1896
3	30376	0.237127	1897
3	30392	0.237252	1898
3	30408	0.237377	1899
3	30424	0.237502	1900
3	30440	0.237627	1901
3	30456	0.237752	1902
3	30472	0.237877	1903
3	30488	0.238002	1904
3	30504	0.238127	1905
3	30520	0.238252	1906
3	30536	0.238377	1907
3	30552	0.238502	1908
3	30568	0.238627	1909
3	30584	0.238752	1910
3	30600	0.238877	1911
3	30616	0.239002	1912
3	30632	0.239127	1913
3	30648	0.239252	1914
3	30664	0.239377	1915
3	30680	0.239502	1916
3	30696	0.239627	1917
3	30712	0.239752	1918
3	30728	0.239877	1919
3	30744	0.240002	1920
3	30760	0.240127	1921
3	30776	0.240252	1922
3	30792	0.240377	1923
3	30808	0.240502	1924
3	30824	0.240627	1925
3	30840	0.240752	1926
3	30856	0.240877	1927
3	30872	0.241002	1928
3	30888	0.241127	1929
3	30904	0.241252	1930
3	30920	0.241377	1931
3	30936	0.241502	1932
3	30952	0.241627	1933
3	30968	0.241752	1934
3	30984	0.241877	1935
3	31000	0.242002	1936
3	31016	0.242127	1937
3	31032	0.242252	1938
3	31048	0.242377	1939
3	31064	0.242502	1940
3	31080	0.242627	1941
3	31096	0.242752	1942
3	31112	0.242877	1943
3	31128	0.243002	1944
3	31144	0.243127	1945
3	31160	0.243252	1946
3	31176	0.243377	1947
3	31192	0.243502	1948
3	31208	0.243627	1949
3	31224	0.243752	1950
3	31240	0.243877	1951
3	31256	0.244002	1952
3	31272	0.244127	1953
3	31288	0.244252	1954
3	31304	0.244377	1955
3	31320	0.244502	1956
3	31336	0.244627	1957
3	31352	0.244752	1958
3	31368	0.244877	1959
3	31384	0.245002	1960
3	31400	0.245127	1961
3	31416	0.245252	1962
3	31432	0.245377	1963
3	31448	0.245502	1964
3	31464	0.245627	1965
3	31480	0.245752	1966
3	31496	0.245877	1967
3	31512	0.246002	1968
3	31528	0.246127	1969
3	31544	0.246252	1970
3	31560	0.246377	1971
3	31576	0.246502	1972
3	31592	0.246627	1973
3	31608	0.246752	1974
3	31624	0.246877	1975
3	31640	0.247002	1976
3	31656	0.247127	1977
3	31672	0.247252	1978
3	31688	0.247377	1979
3	31704	0.247502	1980
3	31720	0.247627	1981
3	31736	0.247752	1982
3	31752	0.247877	1983
3	31768	0.248002	1984
3	31784	0.248127	1985
3	31800	0.248252	1986
3	31816	0.248377	1987
3	31832	0.248502	1988
3	31848	0.248627	1989
3	31864	0.248752	1990
3	31880	0.248877	1991
3	31896	0.249002	1992
3	31912	0.249127	1993
3	31928	0.249252	1994
3	31944	0.249377	1995
3	31960	0.249502	1996
3	31976	0.249627	1997
3	31992	0.249752	1998
3	32008	0.249877	1999
3	32024	0.250002	2000
3	32040	0.250127	2001
3	32056	0.250252	2002
3	32072	0.250377	2003
3	32088	0.250502	2004
3	32104	0.250627	2005
3	32120	0.250752	2006
3	32136	0.250877	2007
3	32152	0.251002	2008
3	32168	0.251127	2009
3	32184	0.251252	2010
3	32200	0.251377	2011
3	32216	0.251502	2012
3	32232	0.251627	2013
3	32248	0.251752	2014
3	32264	0.251877	2015
3	32280	0.252002	2016
3	32296	0.252127	2017
3	32312	0.252252	2018
3	32328	0.252377	2019
3	32344	0.252502	2020
3	32360	0.252627	2021
3	32376	0.252752	2022
3	32392	0.252877	2023
3	32408	0.253002	2024
3	32424	0.253127	2025
3	32440	0.253252	2026
3	32456	0.253377	2027
3	32472	0.253502	2028
3	32488	0.253627	2029
3	32504	0.253752	2030
3	32520	0.253877	2031
3	32536	0.254002	2032
3	32552	0.254127	2033
3	32568	0.254252	2034
3	32584	0.254377	2035
3	32600	0.254502	2036
3	32616	0.254627	2037
3	32632	0.254752	2038
3	32648	0.254877	2039
3	32664	0.255002	2040
3	32680	0.255127	2041
3	32696	0.255252	2042
3	32712	0.255377	2043
3	32728	0.255502	2044
3	32744	0.255627	2045
3	32760	0.255752	2046
3	32776	0.255877	2047
3	32792	0.256002	2048
3	32808	0.256127	2049
3	32824	0.256252	2050
3	32840	0.256377	2051
3	32856	0.256502	2052
3	32872	0.256627	2053
3	32888	0.256752	2054
3	32904	0.256877	2055
3	32920	0.257002	2056
3	32936	0.257127	2057
3	32952	0.257252	2058
3	32968	0.257377	2059
3	32984	0.257502	2060
3	33000	0.257627	2061
3	33016	0.257752	2062
3	33032	0.257877	2063
3	33048	0.258002	2064
3	33064	0.258127	2065
3	33080	0.258252	2066
3	33100	0.258377	2067
3	33116	0.258502	2068
3	33132	0.258627	2069
3	33148	0.258752	2070
3	33164	0.258877	2071
3	33180	0.259002	2072
3	33196	0.259127	2073
3	33212	0.259252	2074
3	33228	0.259377	2075
3	33244	0.259502	2076
3	33260	0.259627	2077
3	33276	0.259752	2078
3	33292	0.259877	2079
3	33308	0.260002	2080
3	33324	0.260127	2081
3	33340	0.260252	2082
3	33356	0.260377	2083
3	33372	0.260502	2084
3	33388	0.260627	2085
3	33404	0.260752	2086
3	33420	0.260877	2087
3	33436	0.261002	2088
3	33452	0.261127	2089
3	33468	0.261252	2090
3	33484	0.261377	2091
3	33500	0.261502	2092
3	33516	0.261627	2093
3	33532	0.261752	2094
3	33548	0.261877	2095
3	33564	0.262002	2096
3	33580	0.262127	2097
3	33596	0.262252	2098
3	33612	0.262377	2099
3	33628	0.262502	2100
3	33644	0.262627	2101
3	33660	0.262752	2102
3	33676	0.262877	2103
3	33692	0.263002	2104
3	33708	0.263127	2105
3	33724	0.263252	2106
3	33740	0.263377	2107
3	33756	0.263502	2108
3	33772	0.263627	2109
3	33788	0.263752	2110
3	33804	0.263877	2111
3	33820	0.264002	2112
3	33836	0.264127	2113
3	33852	0.264252	2114
3	33868	0.264377	2115
3	33884	0.264502	2116
3	33900	0.264627	2117
3	33916	0.264752	2118
3	33932	0.264877	2119
3	33948	0.265002	2120
3	33964	0.265127	2121
3	33980	0.265252	2122
3	33996	0.265377	2123
3	34012	0.265502	2124
3	34028	0.265627	2125
3	34044	0.265752	2126
3	34060	0.265877	2127
3	34076	0.266002	2128
3	34092	0.266127	2129
3	34108	0.266252	2130
3	34124	0.266377	2131
3	34140	0.266502	2132
3	34156	0.266627	2133
3	34172	0.266752	2134
3	34188	0.266877	2135
3	34204	0.267002	2136
3	34220	0.267127	2137
3	34236	0.267252	2138
3	34252	0.267377	2139
3	34268	0.267502	2140
3	34284	0.267627	2141
3	34300	0.267752	2142
3	34316	0.267877	2143
3	34332	0.268002	2144
3	34348	0.268127	2145
3	34364	0.268252	2146
3	34380	0.268377	2147
3	34396	0.268502	2148
3	34412	0.268627	2149
3	34428	0.268752	2150
3	34444	0.268877	2151
3	34460	0.269002	2152
3	34476	0.269127	2153
3	34492	0.269252	2154
3	34508	0.269377	2155
3	34524	0.269502	2156
3	34540	0.269627	2157
3	34556	0.269752	2158
3	34572	0.269877	2159
3	34588	0.270002	2160
3	34604	0.270127	2161
3	34620	0.270252	2162
3	34636	0.270377	2163
3	34652	0.270502	2164
3	34668	0.270627	2165
3	34684	0.270752	2166
3	34700	0.270877	2167
3	34716	0.271002	2168
3	34732	0.271127	2169
3	34748	0.271252	2170
3	34764	0.271377	2171
3	34780	0.271502	2172
3	34796	0.271627	2173
3	34812	0.271752	2174
3	34828	0.271877	2175
3	34844	0.272002	2176
3	34860	0.272127	2177
3	34876	0.272252	2178
3	34892	0.272377	2179
3	34908	0.272502	2180
3	34924	0.272627	2181
3	34940	0.272752	2182
3	34956	0.272877	2183
3	34972	0.273002	2184
3	34988	0.273127	2185
3	35004	0.273252	2186
3	35020	0.273377	2187
3	35036	0.273502	2188
3	35052	0.273627	2189
3	35068	0.273752	2190
3	35084	0.273877	2191
3	35100	0.274002	2192
3	35116	0.274127	2193
3	35132	0.274252	2194
3	35148	0.274377	2195
3	35164	0.274502	2196
3	35180	0.274627	2197
3	35196	0.274752	2198
3	35212	0.274877	2199
3	35228	0.275002	2200
3	35244	0.275127	2201
3	35260	0.275252	2202
3	35276	0.275377	2203
3	35292	0.275502	2204
3	35308	0.275627	2205
3	35324	0.275752	2206
3	35340	0.275877	2207
3	35356	0.276002	2208
3	35372	0.276127	2209
3	35388	0.276252	2210
3	35404	0.276377	2211
3	35420	0.276502	2212
3	35436	0.276627	2213
3	35452	0.276752	2214
3	35468	0.276877	2215
3	35484	0.277002	2216
3	35500	0.277127	2217
3	35516	0.277252	2218
3	35532	0.277377	2219
3	35548	0.277502	2220
3	35564	0.277627	2221
3	35580	0.277752	2222
3	35596	0.277877	2223
3	35612	0.278002	2224
3	35628	0.278127	2225
3	35644	0.278252	2226
3	35660	0.278377	2227
3	35676	0.278502	2228
3	35692	0.278627	2229
3	35708	0.278752	2230
3	35724	0.278877	2231
3	35740	0.279002	2232
3	35756	0.279127	2233
3	35772	0.279252	2234
3	35788	0.279377	2235
3	35804	0.279502	2236
3	35820	0.279627	2237
3	35836	0.279752	2238
3	35852	0.279877	2239
3	35868	0.280002	2240
3	35884	0.280127	2241
3	35900	0.280252	2242
3	35916	0.280377	2243
3	35932	0.280502	2244
3	35948	0.280627	2245
3	35964	0.280752	2246
3	35980	0.280877	2247
3	35996	0.281002	2248
3	36012	0.281127	2249
3	36028	0.281252	2250
3	36044	0.281377	2251
3	36060	0.281502	2252
3	36076	0.281627	2253
3	36092	0.281752	2254
3	36108	0.281877	2255
3	36124	0.282002	2256
3	36140	0.282127	2257
3	36156	0.282252	2258
3	36172	0.282377	2259
3	36188	0.282502	2260
3	36204	0.282627	2261
3	36220	0.282752	2262
3	36236	0.282877	2263
3	36252	0.283002	2264
3	36268	0.283127	2265
3	36284	0.283252	2266
3	36300	0.283377	2267
3	36316	0.283502	2268
3	36332	0.283627	2269
3	36348	0.283752	2270
3	36364	0.283877	2271
3	36380	0.284002	2272
3	36396	0.284127	2273
3	36412	0.284252	2274
3	36428	0.284377	2275
3	36444	0.284502	2276
3	36460	0.284627	2277
3	36476	0.284752	2278
3	36492	0.284877	2279
3	36508	0.285002	2280
3	36524	0.285127	2281
3	36540	0.285252	2282
3	36556	0.285377	2283
3	36572	0.285502	2284
3	36588	0.285627	2285
3	36604	0.285752	2286
3	36620	0.285877	2287
3	36636	0.286002	2288
3	36652	0.286127	2289
3	36668	0.286252	2290
3	36684	0.286377	2291
3	36700	0.286502	2292
3	36716	0.286627	2293
3	36732	0.286752	2294
3	36748	0.286877	2295
3	36764	0.287002	2296
3	36780	0.287127	2297
3	36796	0.287252	2298
3	36812	0.287377	2299
3	36828	0.287502	2300
3	36844	0.287627	2301
3	36860	0.287752	2302
3	36876	0.287877	2303
3	36892	0.288002	2304
3	36908	0.288127	2305
3	36924	0.288252	2306
3	36940	0.288377	2307
3	36956	0.288502	2308
3	36972	0.288627	2309
3	36988	0.288752	2310
3	37004	0.288877	2311
3	37020	0.289002	2312
3	37036	0.289127	2313
3	37052	0.289252	2314
3	37068	0.289377	2315
3	37084	0.289502	2316
3	37100	0.289627	2317
3	37116	0.289752	2318
3	37132	0.289877	2319
3	37148	0.290002	2320
3	37164	0.290127	2321
3	37180	0.290252	2322
3	37196	0.290377	2323
3	37212	0.290502	2324
3	37228	0.290627	2325
3	37244	0.290752	2326
3	37260	0.290877	2327
3	37276	0.291002	2328
3	37292	0.291127	2329
3	37308	0.291252	2330
3	37324	0.291377	2331
3	37340	0.291502	2332
3	37356	0.291627	2333
3	37372	0.291752	2334
3	37388	0.291877	2335
3	37404	0.292002	2336
3	37420	0.292127	2337
3	37436	0.292252	2338
3	37452	0.292377	2339
3	37468	0.292502	2340
3	37484	0.292627	2341
3	37500	0.292752	2342
3	37516	0.292877	2343
3	37532	0.293002	2344
3	37548	0.293127	2345
3	37564	0.293252	2346
3	37580	0.293377	2347
3	37596	0.293502	2348
3	37612	0.293627	2349
3	37628	0.293752	2350
3	37644	0.293877	2351
3	37660	0.294002	2352
3	37676	0.294127	2353
3	37692	0.294252	2354
3	37708	0.294377	2355
3	37724	0.294502	2356
3	37740	0.294627	2357
3	37756	0.294752	2358
3	37772	0.294877	2359
3	37788	0.295002	2360
3	37804	0.295127	2361
3	37820	0.295252	2362
3	37836	0.295377	2363
3	37854	0.295502	2364
3	37872	0.295627	2365
3	37888	0.295752	2366
3	37904	0.295877	2367
3	37920	0.296002	2368
3	37936	0.296127	2369
3	37952	0.296252	2370
3	37968	0.296377	2371
3	37984	0.296502	2372
3	38000	0.296627	2373
3	38016	0.296752	2374
3	38032	0.296877	2375
3	38048	0.297002	2376
3	38064	0.297127	2377
3	38080	0.297252	2378
3	38096	0.297377	2379
3	38112	0.297502	2380
3	38128	0.297627	2381
3	38144	0.297752	2382
3	38160	0.297877	2383
3	38176	0.298002	2384
3	38192	0.298127	2385
3	38208	0.298252	2386
3	38224	0.298377	2387
3	38240	0.298502	2388
3	38256	0.298627	2389
3	38272	0.298752	2390
3	38288	0.298877	2391
3	38304	0.299002	2392
3	38320	0.299127	2393
3	38336	0.299252	2394
3	38352	0.299377	2395
3	38368	0.299502	2396
3	38384	0.299627	2397
3	38400	0.299752	2398
3	38416	0.299877	2399
3	38432	0.300002	2400
3	38448	0.300127	2401
3	38464	0.300252	2402
3	38480	0.300377	2403
3	38496	0.300502	2404
3	38512	0.300627	2405
3	38528	0.300752	2406
3	38544	0.300877	2407
3	38560	0.301002	2408
3	38576	0.301127	2409
3	38592	0.301252	2410
3	38608	0.301377	2411
3	38624	0.301502	2412
3	38640	0.301627	2413
3	38656	0.301752	2414
3	38672	0.301877	2415
3	38688	0.302002	2416
3	38704	0.302127	2417
3	38720	0.302252	2418
3	38736	0.302377	2419
3	38752	0.302502	2420
3	38768	0.302627	2421
3	38784	0.302752	2422
3	38800	0.302877	2423
3	38816	0.303002	2424
3	38832	0.303127	2425
3	38848	0.303252	2426
3	38864	0.303377	2427
3	38880	0.303502	2428
3	38896	0.303627	2429
3	38912	0.303752	2430
3	38928	0.303877	2431
3	38944	0.304002	2432
3	38960	0.304127	2433
3	38976	0.304252	2434
3	38992	0.304377	2435
3	39008	0.304502	2436
3	39024	0.304627	2437
3	39040	0.304752	2438
3	39056	0.304877	2439
3	39072	0.305002	2440
3	39088	0.305127	2441
3	39104	0.305252	2442
3	39120	0.305377	2443
3	39136	0.305502	2444
3	39152	0.305627	2445
3	39168	0.305752	2446
3	39184	0.305877	2447
3	39200	0.306002	2448
3	39216	0.306127	2449
3	39232	0.306252	2450
3	39248	0.306377	2451
3	39264	0.306502	2452
3	39280	0.306627	2453
3	39296	0.306752	2454
3	39312	0.306877	2455
3	39328	0.307002	2456
3	39344	0.307127	2457
3	39360	0.307252	2458
3	39376	0.307377	2459
3	39392	0.307502	2460
3	39408	0.307627	2461
3	39424	0.307752	2462
3	39440	0.307877	2463
3	39456	0.308002	2464
3	39472	0.308127	2465
3	39488	0.308252	2466
3	39504	0.308377	2467
3	39520	0.308502	2468
3	39536	0.308627	2469
3	39552	0.308752	2470
3	39568	0.308877	2471
3	39584	0.309002	2472
3	39600	0.309127	2473
3	39616	0.309252	2474
3	39632	0.309377	2475
3	39648	0.309502	2476
3	39664	0.309627	2477
3	39680	0.309752	2478
3	39696	0.309877	2479
3	39712	0.310002	2480
3	39728	0.310127	2481
3	39744	0.310252	2482
3	39760	0.310377	2483
3	39776	0.310502	2484
3	39792	0.310627	2485
3	39808	0.310752	2486
3	39824	0.310877	2487
3	39840	0.311002	2488
3	39856	0.311127	2489
3	39872	0.311252	2490
3	39888	0.311377	2491
3	39904	0.311502	2492
3	39920	0.311627	2493
3	39936	0.311752	2494
3	39952	0.311877	2495
3	39968	0.312002	2496
3	39984	0.312127	2497
3	40000	0.312252	2498
3	40016	0.312377	2499
3	40032	0.312502	2500
3	40048	0.312627	2501
3	40064	0.312752	2502
3	40080	0.312877	2503
3	40096	0.313002	2504
3	40112	0.313127	2505
3	40128	0.313252	2506
3	40144	0.313377	2507
3	40160	0.313502	2508
3	40176	0.313627	2509
3	40192	0.313752	2510
3	40208	0.313877	2511
3	40224	0.314002	2512
3	40240	0.314127	2513
3	40256	0.314252	2514
3	40272	0.314377	2515
3	40288	0.314502	2516
3	40304	0.314627	2517
3	40320	0.314752	2518
3	40336	0.314877	2519
3	40352	0.315002	2520
3	40368	0.315127	2521
3	40384	0.315252	2522
3	40400	0.315377	2523
3	40416	0.315502	2524
3	40432	0.315627	2525
3	40448	0.315752	2526
3	40464	0.315877	2527
3	40480	0.316002	2528
3	40496	0.316127	2529
3	40512	0.316252	2530
3	40528	0.316377	2531
3	40544	0.316502	2532
3	40560	0.316627	2533
3	40576	0.316752	2534
3	40592	0.316877	2535
3	40608	0.317002	2536
3	40624	0.317127	2537
3	40640	0.317252	2538
3	40656	0.317377	2539
3	40672	0.317502	2540
3	40688	0.317627	2541
3	40704	0.317752	2542
3	40720	0.317877	2543
3	40736	0.318002	2544
3	40752	0.318127	2545
3	40768	0.318252	2546
3	40784	0.318377	2547
3	40800	0.318502	2548
3	40816	0.318627	2549
3	40832	0.318752	2550
3	40848	0.318877	2551
3	40864	0.319002	2552
3	40880	0.319127	2553
3	40896	0.319252	2554
3	40912	0.319377	2555
3	40928	0.319502	2556
3	40944	0.319627	2557
3	40960	0.319752	2558
3	40976	0.319877	2559
3	40992	0.320002	2560
3	41008	0.320127	2561
3	41024	0.320252	2562
3	41040	0.320377	2563
3	41056	0.320502	2564
3	41072	0.320627	2565
3	41088	0.320752	2566
3	41104	0.320877	2567
3	41120	0.321002	2568
3	41136	0.321127	2569
3	41152	0.321252	2570
3	41168	0.321377	2571
3	41184	0.321502	2572
3	41200	0.321627	2573
3	41216	0.321752	2574
3	41232	0.321877	2575
3	41248	0.322002	2576
3	41264	0.322127	2577
3	41280	0.322252	2578
3	41296	0.322377	2579
3	41312	0.322502	2580
3	41328	0.322627	2581
3	41344	0.322752	2582
3	41360	0.322877	2583
3	41376	0.323002	2584
3	41392	0.323127	2585
3	41408	0.323252	2586
3	41424	0.323377	2587
3	41440	0.323502	2588
3	41456	0.323627	2589
3	41472	0.323752	2590
3	41488	0.323877	2591
3	41504	0.324002	2592
3	41520	0.324127	2593
3	41536	0.324252	2594
3	41552	0.324377	2595
3	41568	0.324502	2596
3	41584	0.324627	2597
3	41600	0.324752	2598
3	41616	0.324877	2599
3	41632	0.325002	2600
3	41648	0.325127	2601
3	41664	0.325252	2602
3	41680	0.325377	2603
3	41696	0.325502	2604
3	41712	0.325627	2605
3	41728	0.325752	2606
3	41744	0.325877	2607
3	41760	0.326002	2608
3	41776	0.326127	2609
3	41792	0.326252	2610
3	41808	0.326377	2611
3	41824	0.326502	2612
3	41840	0.326627	2613
3	41856	0.326752	2614
3	41872	0.326877	2615
3	41888	0.327002	2616
3	41904	0.327127	2617
3	41920	0.327252	2618
3	41936	0.327377	2619
3	41952	0.327502	2620
3	41968	0.327627	2621
3	41984	0.327752	2622
3	42000	0.327877	2623
3	42016	0.328002	2624
3	42032	0.328127	2625
3	42048	0.328252	2626
3	42064	0.328377	2627
3	42080	0.328502	2628
3	42096	0.328627	2629
3	42112	0.328752	2630
3	42128	0.328877	2631
3	42144	0.329002	2632
3	42160	0.329127	2633
3	42176	0.329252	2634
3	42192	0.329377	2635
3	42208	0.329502	2636
3	42224	0.329627	2637
3	42240	0.329752	2638
3	42256	0.329877	2639
3	42272	0.330002	2640
3	42288	0.330127	2641
3	42304	0.330252	2642
3	42320	0.330377	2643
3	42336	0.330502	2644
3	42352	0.330627	2645
3	42368	0.330752	2646
3	42384	0.330877	2647
3	42400	0.331002	2648
3	42416	0.331127	2649
3	42432	0.331252	2650
3	42448	0.331377	2651
3	42464	0.331502	2652
3	42480	0.331627	2653
3	42496	0.331752	2654
3	42512	0.331877	2655
3	42528	0.332002	2656
3	42544	0.332127	2657
3	42560	0.332252	2658
3	42576	0.332377	2659
3	42592	0.332502	2660
3	42608	0.332627	2661
3	42628	0.332752	2662
3	42644	0.332877	2663
3	42660	0.333002	2664
3	42676	0.333127	2665
3	42692	0.333252	2666
3	42708	0.333377	2667
3	42724	0.333502	2668
3	42740	0.333627	2669
3	42756	0.333752	2670
3	42772	0.333877	2671
3	42788	0.334002	2672
3	42804	0.334127	2673
3	42820	0.334252	2674
3	42836	0.334377	2675
3	42852	0.334502	2676
3	42868	0.334627	2677
3	42884	0.334752	2678
3	42900	0.334877	2679
3	42916	0.335002	2680
3	42932	0.335127	2681
3	42948	0.335252	2682
3	42964	0.335377	2683
3	42980	0.335502	2684
3	42996	0.335627	2685
3	43012	0.335752	2686
3	43028	0.335877	2687
3	43044	0.336002	2688
3	43060	0.336127	2689
3	43076	0.336252	2690
3	43092	0.336377	2691
3	43108	0.336502	2692
3	43124	0.336627	2693
3	43140	0.336752	2694
3	43156	0.336877	2695
3	43172	0.337002	2696
3	43188	0.337127	2697
3	43204	0.337252	2698
3	43220	0.337377	2699
3	43236	0.337502	2700
3	43252	0.337627	2701
3	43268	0.337752	2702
3	43284	0.337877	2703
3	43300	0.338002	2704
3	43316	0.338127	2705
3	43332	0.338252	2706
3	43348	0.338377	2707
3	43364	0.338502	2708
3	43380	0.338627	2709
3	43396	0.338752	2710
3	43412	0.338877	2711
3	43428	0.339002	2712
3	43444	0.339127	2713
3	43460	0.339252	2714
3	43476	0.339377	2715
3	43492	0.339502	2716
3	43508	0.339627	2717
3	43524	0.339752	2718
3	43540	0.339877	2719
3	43556	0.340002	2720
3	43572	0.340127	2721
3	43588	0.340252	2722
3	43604	0.340377	2723
3	43620	0.340502	2724
3	43636	0.340627	2725
3	43652	0.340752	2726
3	43668	0.340877	2727
3	43684	0.341002	2728
3	43700	0.341127	2729
3	43716	0.341252	2730
3	43732	0.341377	2731
3	43748	0.341502	2732
3	43764	0.341627	2733
3	43780	0.341752	2734
3	43796	0.341877	2735
3	43812	0.342002	2736
3	43828	0.342127	2737
3	43844	0.342252	2738
3	43860	0.342377	2739
3	43876	0.342502	2740
3	43892	0.342627	2741
3	43908	0.342752	2742
3	43924	0.342877	2743
3	43940	0.343002	2744
3	43956	0.343127	2745
3	43972	0.343252	2746
3	43988	0.343377	2747
3	44004	0.343502	2748
3	44020	0.343627	2749
3	44036	0.343752	2750
3	44052	0.343877	2751
3	44068	0.344002	2752
3	44084	0.344127	2753
3	44100	0.344252	2754
3	44116	0.344377	2755
3	44132	0.344502	2756
3	44148	0.344627	2757
3	44164	0.344752	2758
3	44180	0.344877	2759
3	44196	0.345002	2760
3	44212	0.345127	2761
3	44228	0.345252	2762
3	44244	0.345377	2763
3	44260	0.345502	2764
3	44276	0.345627	2765
3	44292	0.345752	2766
3	44308	0.345877	2767
3	44324	0.346002	2768
3	44340	0.346127	2769
3	44356	0.346252	2770
3	44372	0.346377	2771
3	44388	0.346502	2772
3	44404	0.346627	2773
3	44420	0.346752	2774
3	44436	0.346877	2775
3	44452	0.347002	2776
3	44468	0.347127	2777
3	44484	0.347252	2778
3	44500	0.347377	2779
3	44516	0.347502	2780
3	44532	0.347627	2781
3	44548	0.347752	2782
3	44564	0.347877	2783
3	44580	0.348002	2784
3	44596	0.348127	2785
3	44612	0.348252	2786
3	44628	0.348377	2787
3	44644	0.348502	2788
3	44660	0.348627	2789
3	44676	0.348752	2790
3	44692	0.348877	2791
3	44708	0.349002	2792
3	44724	0.349127	2793
3	44740	0.349252	2794
3	44756	0.349377	2795
3	44772	0.349502	2796
3	44788	0.349627	2797
3	44804	0.349752	2798
3	44820	0.349877	2799
3	44836	0.350002	2800
3	44852	0.350127	2801
3	44868	0.350252	2802
3	44884	0.350377	2803
3	44900	0.350502	2804
3	44916	0.350627	2805
3	44932	0.350752	2806
3	44948	0.350877	2807
3	44964	0.351002	2808
3	44980	0.351127	2809
3	44996	0.351252	2810
3	45012	0.351377	2811
3	45028	0.351502	2812
3	45044	0.351627	2813
3	45060	0.351752	2814
3	45076	0.351877	2815
3	45092	0.352002	2816
3	45108	0.352127	2817
3	45124	0.352252	2818
3	45140	0.352377	2819
3	45156	0.352502	2820
3	45172	0.352627	2821
3	45188	0.352752	2822
3	45204	0.352877	2823
3	45220	0.353002	2824
3	45236	0.353127	2825
3	45252	0.353252	2826
3	45268	0.353377	2827
3	45284	0.353502	2828
3	45300	0.353627	2829
3	45316	0.353752	2830
3	45332	0.353877	2831
3	45348	0.354002	2832
3	45364	0.354127	2833
3	45380	0.354252	2834
3	45396	0.354377	2835
3	45412	0.354502	2836
3	45428	0.354627	2837
3	45444	0.354752	2838
3	45460	0.354877	2839
3	45476	0.355002	2840
3	45492	0.355127	2841
3	45508	0.355252	2842
3	45524	0.355377	2843
3	45540	0.355502	2844
3	45556	0.355627	2845
3	45572	0.355752	2846
3	45588	0.355877	2847
3	45604	0.356002	2848
3	45620	0.356127	2849
3	45636	0.356252	2850
3	45652	0.356377	2851
3	45668	0.356502	2852
3	45684	0.356627	2853
3	45700	0.356752	2854
3	45716	0.356877	2855
3	45732	0.357002	2856
3	45748	0.357127	2857
3	45764	0.357252	2858
3	45780	0.357377	2859
3	45796	0.357502	2860
3	45812	0.357627	2861
3	45828	0.357752	2862
3	45844	0.357877	2863
3	45860	0.358002	2864
3	45876	0.358127	2865
3	45892	0.358252	2866
3	45908	0.358377	2867
3	45924	0.358502	2868
3	45940	0.358627	2869
3	45956	0.358752	2870
3	45972	0.358877	2871
3	45988	0.359002	2872
3	46004	0.359127	2873
3	46020	0.359252	2874
3	46036	0.359377	2875
3	46052	0.359502	2876
3	46068	0.359627	2877
3	46084	0.359752	2878
3	46100	0.359877	2879
3	46116	0.360002	2880
3	46132	0.360127	2881
3	46148	0.360252	2882
3	46164	0.360377	2883
3	46180	0.360502	2884
3	46196	0.360627	2885
3	46212	0.360752	2886
3	46228	0.360877	2887
3	46244	0.361002	2888
3	46260	0.361127	2889
3	46276	0.361252	2890
3	46292	0.361377	2891
3	46308	0.361502	2892
3	46324	0.361627	2893
3	46340	0.361752	2894
3	46356	0.361877	2895
3	46372	0.362002	2896
3	46388	0.362127	2897
3	46404	0.362252	2898
3	46420	0.362377	2899
3	46436	0.362502	2900
3	46452	0.362627	2901
3	46468	0.362752	2902
3	46484	0.362877	2903
3	46500	0.363002	2904
3	46516	0.363127	2905
3	46532	0.363252	2906
3	46548	0.363377	2907
3	46564	0.363502	2908
3	46580	0.363627	2909
3	46596	0.363752	2910
3	46612	0.363877	2911
3	46628	0.364002	2912
3	46644	0.364127	2913
3	46660	0.364252	2914
3	46676	0.364377	2915
3	46692	0.364502	2916
3	46708	0.364627	2917
3	46724	0.364752	2918
3	46740	0.364877	2919
3	46756	0.365002	2920
3	46772	0.365127	2921
3	46788	0.365252	2922
3	46804	0.365377	2923
3	46820	0.365502	2924
3	46836	0.365627	2925
3	46852	0.365752	2926
3	46868	0.365877	2927
3	46884	0.366002	2928
3	46900	0.366127	2929
3	46916	0.366252	2930
3	46932	0.366377	2931
3	46948	0.366502	2932
3	46964	0.366627	2933
3	46980	0.366752	2934
3	46996	0.366877	2935
3	47012	0.367002	2936
3	47028	0.367127	2937
3	47044	0.367252	2938
3	47060	0.367377	2939
3	47076	0.367502	2940
3	47092	0.367627	2941
3	47108	0.367752	2942
3	47124	0.367877	2943
3	47140	0.368002	2944
3	47156	0.368127	2945
3	47172	0.368252	2946
3	47188	0.368377	2947
3	47204	0.368502	2948
3	47220	0.368627	2949
3	47236	0.368752	2950
3	47252	0.368877	2951
3	47268	0.369002	2952
3	47284	0.369127	2953
3	47300	0.369252	2954
3	47316	0.369377	2955
3	47332	0.369502	2956
3	47348	0.369627	2957
3	47364	0.369752	2958
3	47384	0.369877	2959
3	47400	0.370002	2960
3	47416	0.370127	2961
3	47432	0.370252	2962
3	47448	0.370377	2963
3	47464	0.370502	2964
3	47480	0.370627	2965
3	47496	0.370752	2966
3	47512	0.370877	2967
3	47528	0.371002	2968
3	47544	0.371127	2969
3	47560	0.371252	2970
3	47576	0.371377	2971
3	47592	0.371502	2972
3	47608	0.371627	2973
3	47624	0.371752	2974
3	47640	0.371877	2975
3	47656	0.372002	2976
3	47672	0.372127	2977
3	47688	0.372252	2978
3	47704	0.372377	2979
3	47720	0.372502	2980
3	47736	0.372627	2981
3	47752	0.372752	2982
3	47768	0.372877	2983
3	47784	0.373002	2984
3	47800	0.373127	2985
3	47816	0.373252	2986
3	47832	0.373377	2987
3	47848	0.373502	2988
3	47864	0.373627	2989
3	47880	0.373752	2990
3	47896	0.373877	2991
3	47912	0.374002	2992
3	47928	0.374127	2993
3	47944	0.374252	2994
3	47960	0.374377	2995
3	47976	0.374502	2996
3	47992	0.374627	2997
3	48008	0.374752	2998
3	48024	0.374877	2999
3	48040	0.375002	3000
3	48056	0.375127	3001
3	48072	0.375252	3002
3	48088	0.375377	3003
3	48104	0.375502	3004
3	48120	0.375627	3005
3	48136	0.375752	3006
3	48152	0.375877	3007
3	48168	0.376002	3008
3	48184	0.376127	3009
3	48200	0.376252	3010
3	48216	0.376377	3011
3	48232	0.376502	3012
3	48248	0.376627	3013
3	48264	0.376752	3014
3	48280	0.376877	3015
3	48296	0.377002	3016
3	48312	0.377127	3017
3	48328	0.377252	3018
3	48344	0.377377	3019
3	48360	0.377502	3020
3	48376	0.377627	3021
3	48392	0.377752	3022
3	48408	0.377877	3023
3	48424	0.378002	3024
3	48440	0.378127	3025
3	48456	0.378252	3026
3	48472	0.378377	3027
3	48488	0.378502	3028
3	48504	0.378627	3029
3	48520	0.378752	3030
3	48536	0.378877	3031
3	48552	0.379002	3032
3	48568	0.379127	3033
3	48584	0.379252	3034
3	48600	0.379377	3035
3	48616	0.379502	3036
3	48632	0.379627	3037
3	48648	0.379752	3038
3	48664	0.379877	3039
3	48680	0.380002	3040
3	48696	0.380127	3041
3	48712	0.380252	3042
3	48728	0.380377	3043
3	48744	0.380502	3044
3	48760	0.380627	3045
3	48776	0.380752	3046
3	48792	0.380877	3047
3	48808	0.381002	3048
3	48824	0.381127	3049
3	48840	0.381252	3050
3	48856	0.381377	3051
3	48872	0.381502	3052
3	48888	0.381627	3053
3	48904	0.381752	3054
3	48920	0.381877	3055
3	48936	0.382002	3056
3	48952	0.382127	3057
3	48968	0.382252	3058
3	48984	0.382377	3059
3	49000	0.382502	3060
3	49016	0.382627	3061
3	49032	0.382752	3062
3	49048	0.382877	3063
3	49064	0.383002	3064
3	49080	0.383127	3065
3	49096	0.383252	3066
3	49112	0.383377	3067
3	49128	0.383502	3068
3	49144	0.383627	3069
3	49160	0.383752	3070
3	49176	0.383877	3071
3	49192	0.384002	3072
3	49208	0.384127	3073
3	49224	0.384252	3074
3	49240	0.384377	3075
3	49256	0.384502	3076
3	49272	0.384627	3077
3	49288	0.384752	3078
3	49304	0.384877	3079
3	49320	0.385002	3080
3	49336	0.385127	3081
3	49352	0.385252	3082
3	49368	0.385377	3083
3	49384	0.385502	3084
3	49400	0.385627	3085
3	49416	0.385752	3086
3	49432	0.385877	3087
3	49448	0.386002	3088
3	49464	0.386127	3089
3	49480	0.386252	3090
3	49496	0.386377	3091
3	49512	0.386502	3092
3	49528	0.386627	3093
3	49544	0.386752	3094
3	49560	0.386877	3095
3	49576	0.387002	3096
3	49592	0.387127	3097
3	49608	0.387252	3098
3	49624	0.387377	3099
3	49640	0.387502	3100
3	49656	0.387627	3101
3	49672	0.387752	3102
3	49688	0.387877	3103
3	49704	0.388002	3104
3	49720	0.388127	3105
3	49736	0.388252	3106
3	49752	0.388377	3107
3	49768	0.388502	3108
3	49784	0.388627	3109
3	49800	0.388752	3110
3	49816	0.388877	3111
3	49832	0.389002	3112
3	49848	0.389127	3113
3	49864	0.389252	3114
3	49880	0.389377	3115
3	49896	0.389502	3116
3	49912	0.389627	3117
3	49928	0.389752	3118
3	49944	0.389877	3119
3	49960	0.390002	3120
3	49976	0.390127	3121
3	49992	0.390252	3122
3	50008	0.390377	3123
3	50024	0.390502	3124
3	50040	0.390627	3125
3	50056	0.390752	3126
3	50072	0.390877	3127
3	50088	0.391002	3128
3	50104	0.391127	3129
3	50120	0.391252	3130
3	50136	0.391377	3131
3	50152	0.391502	3132
3	50168	0.391627	3133
3	50184	0.391752	3134
3	50200	0.391877	3135
3	50216	0.392002	3136
3	50232	0.392127	3137
3	50248	0.392252	3138
3	50264	0.392377	3139
3	50280	0.392502	3140
3	50296	0.392627	3141
3	50312	0.392752	3142
3	50328	0.392877	3143
3	50344	0.393002	3144
3	50360	0.393127	3145
3	50376	0.393252	3146
3	50392	0.393377	3147
3	50408	0.393502	3148
3	50424	0.393627	3149
3	50440	0.393752	3150
3	50456	0.393877	3151
3	50472	0.394002	3152
3	50488	0.394127	3153
3	50504	0.394252	3154
3	50520	0.394377	3155
3	50536	0.394502	3156
3	50552	0.394627	3157
3	50568	0.394752	3158
3	50584	0.394877	3159
3	50600	0.395002	3160
3	50616	0.395127	3161
3	50632	0.395252	3162
3	50648	0.395377	3163
3	50664	0.395502	3164
3	50680	0.395627	3165
3	50696	0.395752	3166
3	50712	0.395877	3167
3	50728	0.396002	3168
3	50744	0.396127	3169
3	50760	0.396252	3170
3	50776	0.396377	3171
3	50792	0.396502	3172
3	50808	0.396627	3173
3	50824	0.396752	3174
3	50840	0.396877	3175
3	50856	0.397002	3176
3	50872	0.397127	3177
3	50888	0.397252	3178
3	50904	0.397377	3179
3	50920	0.397502	3180
3	50936	0.397627	3181
3	50952	0.397752	3182
3	50968	0.397877	3183
3	50984	0.398002	3184
3	51000	0.398127	3185
3	51016	0.398252	3186
3	51032	0.398377	3187
3	51048	0.398502	3188
3	51064	0.398627	3189
3	51080	0.398752	3190
3	51096	0.398877	3191
3	51112	0.399002	3192
3	51128	0.399127	3193
3	51144	0.399252	3194
3	51160	0.399377	3195
3	51176	0.399502	3196
3	51192	0.399627	3197
3	51208	0.399752	3198
3	51224	0.399877	3199
3	51240	0.400002	3200
3	51256	0.400127	3201
3	51272	0.400252	3202
3	51288	0.400377	3203
3	51304	0.400502	3204
3	51320	0.400627	3205
3	51336	0.400752	3206
3	51352	0.400877	3207
3	51368	0.401002	3208
3	51384	0.401127	3209
3	51400	0.401252	3210
3	51416	0.401377	3211
3	51432	0.401502	3212
3	51448	0.401627	3213
3	51464	0.401752	3214
3	51480	0.401877	3215
3	51496	0.402002	3216
3	51512	0.402127	3217
3	51528	0.402252	3218
3	51544	0.402377	3219
3	51560	0.402502	3220
3	51576	0.402627	3221
3	51592	0.402752	3222
3	51608	0.402877	3223
3	51624	0.403002	3224
3	51640	0.403127	3225
3	51656	0.403252	3226
3	51672	0.403377	3227
3	51688	0.403502	3228
3	51704	0.403627	3229
3	51720	0.403752	3230
3	51736	0.403877	3231
3	51752	0.404002	3232
3	51768	0.404127	3233
3	51784	0.404252	3234
3	51800	0.404377	3235
3	51816	0.404502	3236
3	51832	0.404627	3237
3	51848	0.404752	3238
3	51864	0.404877	3239
3	51880	0.405002	3240
3	51896	0.405127	3241
3	51912	0.405252	3242
3	51928	0.405377	3243
3	51944	0.405502	3244
3	51960	0.405627	3245
3	51976	0.405752	3246
3	51992	0.405877	3247
3	52008	0.406002	3248
3	52024	0.406127	3249
3	52040	0.406252	3250
3	52056	0.406377	3251
3	52072	0.406502	3252
3	52088	0.406627	3253
3	52104	0.406752	3254
3	52120	0.406877	3255
3	52140	0.407002	3256
3	52156	0.407127	3257
3	52172	0.407252	3258
3	52188	0.407377	3259
3	52204	0.407502	3260
3	52220	0.407627	3261
3	52236	0.407752	3262
3	52252	0.407877	3263
3	52268	0.408002	3264
3	52284	0.408127	3265
3	52300	0.408252	3266
3	52316	0.408377	3267
3	52332	0.408502	3268
3	52348	0.408627	3269
3	52364	0.408752	3270
3	52380	0.408877	3271
3	52396	0.409002	3272
3	52412	0.409127	3273
3	52428	0.409252	3274
3	52444	0.409377	3275
3	52460	0.409502	3276
3	52476	0.409627	3277
3	52492	0.409752	3278
3	52508	0.409877	3279
3	52524	0.410002	3280
3	52540	0.410127	3281
3	52556	0.410252	3282
3	52572	0.410377	3283
3	52588	0.410502	3284
3	52604	0.410627	3285
3	52620	0.410752	3286
3	52636	0.410877	3287
3	52652	0.411002	3288
3	52668	0.411127	3289
3	52684	0.411252	3290
3	52700	0.411377	3291
3	52716	0.411502	3292
3	52732	0.411627	3293
3	52748	0.411752	3294
3	52764	0.411877	3295
3	52780	0.412002	3296
3	52796	0.412127	3297
3	52812	0.412252	3298
3	52828	0.412377	3299
3	52844	0.412502	3300
3	52860	0.412627	3301
3	52876	0.412752	3302
3	52892	0.412877	3303
3	52908	0.413002	3304
3	52924	0.413127	3305
3	52940	0.413252	3306
3	52956	0.413377	3307
3	52972	0.413502	3308
3	52988	0.413627	3309
3	53004	0.413752	3310
3	53020	0.413877	3311
3	53036	0.414002	3312
3	53052	0.414127	3313
3	53068	0.414252	3314
3	53084	0.414377	3315
3	53100	0.414502	3316
3	53116	0.414627	3317
3	53132	0.414752	3318
3	53148	0.414877	3319
3	53164	0.415002	3320
3	53180	0.415127	3321
3	53196	0.415252	3322
3	53212	0.415377	3323
3	53228	0.415502	3324
3	53244	0.415627	3325
3	53260	0.415752	3326
3	53276	0.415877	3327
3	53292	0.416002	3328
3	53308	0.416127	3329
3	53324	0.416252	3330
3	53340	0.416377	3331
3	53356	0.416502	3332
3	53372	0.416627	3333
3	53388	0.416752	3334
3	53404	0.416877	3335
3	53420	0.417002	3336
3	53436	0.417127	3337
3	53452	0.417252	3338
3	53468	0.417377	3339
3	53484	0.417502	3340
3	53500	0.417627	3341
3	53516	0.417752	3342
3	53532	0.417877	3343
3	53548	0.418002	3344
3	53564	0.418127	3345
3	53580	0.418252	3346
3	53596	0.418377	3347
3	53612	0.418502	3348
3	53628	0.418627	3349
3	53644	0.418752	3350
3	53660	0.418877	3351
3	53676	0.419002	3352
3	53692	0.419127	3353
3	53708	0.419252	3354
3	53724	0.419377	3355
3	53740	0.419502	3356
3	53756	0.419627	3357
3	53772	0.419752	3358
3	53788	0.419877	3359
3	53804	0.420002	3360
3	53820	0.420127	3361
3	53836	0.420252	3362
3	53852	0.420377	3363
3	53868	0.420502	3364
3	53884	0.420627	3365
3	53900	0.420752	3366
3	53916	0.420877	3367
3	53932	0.421002	3368
3	53948	0.421127	3369
3	53964	0.421252	3370
3	53980	0.421377	3371
3	53996	0.421502	3372
3	54012	0.421627	3373
3	54028	0.421752	3374
3	54044	0.421877	3375
3	54060	0.422002	3376
3	54076	0.422127	3377
3	54092	0.422252	3378
3	54108	0.422377	3379
3	54124	0.422502	3380
3	54140	0.422627	3381
3	54156	0.422752	3382
3	54172	0.422877	3383
3	54188	0.423002	3384
3	54204	0.423127	3385
3	54220	0.423252	3386
3	54236	0.423377	3387
3	54252	0.423502	3388
3	54268	0.423627	3389
3	54284	0.423752	3390
3	54300	0.423877	3391
3	54316	0.424002	3392
3	54332	0.424127	3393
3	54348	0.424252	3394
3	54364	0.424377	3395
3	54380	0.424502	3396
3	54396	0.424627	3397
3	54412	0.424752	3398
3	54428	0.424877	3399
3	54444	0.425002	3400
3	54460	0.425127	3401
3	54476	0.425252	3402
3	54492	0.425377	3403
3	54508	0.425502	3404
3	54524	0.425627	3405
3	54540	0.425752	3406
3	54556	0.425877	3407
3	54572	0.426002	3408
3	54588	0.426127	3409
3	54604	0.426252	3410
3	54620	0.426377	3411
3	54636	0.426502	3412
3	54652	0.426627	3413
3	54668	0.426752	3414
3	54684	0.426877	3415
3	54700	0.427002	3416
3	54716	0.427127	3417
3	54732	0.427252	3418
3	54748	0.427377	3419
3	54764	0.427502	3420
3	54780	0.427627	3421
3	54796	0.427752	3422
3	54812	0.427877	3423
3	54828	0.428002	3424
3	54844	0.428127	3425
3	54860	0.428252	3426
3	54876	0.428377	3427
3	54892	0.428502	3428
3	54908	0.428627	3429
3	54924	0.428752	3430
3	54940	0.428877	3431
3	54956	0.429002	3432
3	54972	0.429127	3433
3	54988	0.429252	3434
3	55004	0.429377	3435
3	55020	0.429502	3436
3	55036	0.429627	3437
3	55052	0.429752	3438
3	55068	0.429877	3439
3	55084	0.430002	3440
3	55100	0.430127	3441
3	55116	0.430252	3442
3	55132	0.430377	3443
3	55148	0.430502	3444
3	55164	0.430627	3445
3	55180	0.430752	3446
3	55196	0.430877	3447
3	55212	0.431002	3448
3	55228	0.431127	3449
3	55244	0.431252	3450
3	55260	0.431377	3451
3	55276	0.431502	3452
3	55292	0.431627	3453
3	55308	0.431752	3454
3	55324	0.431877	3455
3	55340	0.432002	3456
3	55356	0.432127	3457
3	55372	0.432252	3458
3	55388	0.432377	3459
3	55404	0.432502	3460
3	55420	0.432627	3461
3	55436	0.432752	3462
3	55452	0.432877	3463
3	55468	0.433002	3464
3	55484	0.433127	3465
3	55500	0.433252	3466
3	55516	0.433377	3467
3	55532	0.433502	3468
3	55548	0.433627	3469
3	55564	0.433752	3470
3	55580	0.433877	3471
3	55596	0.434002	3472
3	55612	0.434127	3473
3	55628	0.434252	3474
3	55644	0.434377	3475
3	55660	0.434502	3476
3	55676	0.434627	3477
3	55692	0.434752	3478
3	55708	0.434877	3479
3	55724	0.435002	3480
3	55740	0.435127	3481
3	55756	0.435252	3482
3	55772	0.435377	3483
3	55788	0.435502	3484
3	55804	0.435627	3485
3	55820	0.435752	3486
3	55836	0.435877	3487
3	55852	0.436002	3488
3	55868	0.436127	3489
3	55884	0.436252	3490
3	55900	0.436377	3491
3	55916	0.436502	3492
3	55932	0.436627	3493
3	55948	0.436752	3494
3	55964	0.436877	3495
3	55980	0.437002	3496
3	55996	0.437127	3497
3	56012	0.437252	3498
3	56028	0.437377	3499
3	56044	0.437502	3500
3	56060	0.437627	3501
3	56076	0.437752	3502
3	56092	0.437877	3503
3	56108	0.438002	3504
3	56124	0.438127	3505
3	56140	0.438252	3506
3	56156	0.438377	3507
3	56172	0.438502	3508
3	56188	0.438627	3509
3	56204	0.438752	3510
3	56220	0.438877	3511
3	56236	0.439002	3512
3	56252	0.439127	3513
3	56268	0.439252	3514
3	56284	0.439377	3515
3	56300	0.439502	3516
3	56316	0.439627	3517
3	56332	0.439752	3518
3	56348	0.439877	3519
3	56364	0.440002	3520
3	56380	0.440127	3521
3	56396	0.440252	3522
3	56412	0.440377	3523
3	56428	0.440502	3524
3	56444	0.440627	3525
3	56460	0.440752	3526
3	56476	0.440877	3527
3	56492	0.441002	3528
3	56508	0.441127	3529
3	56524	0.441252	3530
3	56540	0.441377	3531
3	56556	0.441502	3532
3	56572	0.441627	3533
3	56588	0.441752	3534
3	56604	0.441877	3535
3	56620	0.442002	3536
3	56636	0.442127	3537
3	56652	0.442252	3538
3	56668	0.442377	3539
3	56684	0.442502	3540
3	56700	0.442627	3541
3	56716	0.442752	3542
3	56732	0.442877	3543
3	56748	0.443002	3544
3	56764	0.443127	3545
3	56780	0.443252	3546
3	56796	0.443377	3547
3	56812	0.443502	3548
3	56828	0.443627	3549
3	56844	0.443752	3550
3	56860	0.443877	3551
3	56876	0.444002	3552
3	56892	0.444127	3553
3	56912	0.444252	3554
3	56928	0.444377	3555
3	56944	0.444502	3556
3	56960	0.444627	3557
3	56976	0.444752	3558
3	56992	0.444877	3559
3	57008	0.445002	3560
3	57024	0.445127	3561
3	57040	0.445252	3562
3	57056	0.445377	3563
3	57072	0.445502	3564
3	57088	0.445627	3565
3	57104	0.445752	3566
3	57120	0.445877	3567
3	57136	0.446002	3568
3	57152	0.446127	3569
3	57168	0.446252	3570
3	57184	0.446377	3571
3	57200	0.446502	3572
3	57216	0.446627	3573
3	57232	0.446752	3574
3	57248	0.446877	3575
3	57264	0.447002	3576
3	57280	0.447127	3577
3	57296	0.447252	3578
3	57312	0.447377	3579
3	57328	0.447502	3580
3	57344	0.447627	3581
3	57360	0.447752	3582
3	57376	0.447877	3583
3	57392	0.448002	3584
3	57408	0.448127	3585
3	57424	0.448252	3586
3	57440	0.448377	3587
3	57456	0.448502	3588
3	57472	0.448627	3589
3	57488	0.448752	3590
3	57504	0.448877	3591
3	57520	0.449002	3592
3	57536	0.449127	3593
3	57552	0.449252	3594
3	57568	0.449377	3595
3	57584	0.449502	3596
3	57600	0.449627	3597
3	57616	0.449752	3598
3	57632	0.449877	3599
3	57648	0.450002	3600
3	57664	0.450127	3601
3	57680	0.450252	3602
3	57696	0.450377	3603
3	57712	0.450502	3604
3	57728	0.450627	3605
3	57744	0.450752	3606
3	57760	0.450877	3607
3	57776	0.451002	3608
3	57792	0.451127	3609
3	57808	0.451252	3610
3	57824	0.451377	3611
3	57840	0.451502	3612
3	57856	0.451627	3613
3	57872	0.451752	3614
3	57888	0.451877	3615
3	57904	0.452002	3616
3	57920	0.452127	3617
3	57936	0.452252	3618
3	57952	0.452377	3619
3	57968	0.452502	3620
3	57984	0.452627	3621
3	58000	0.452752	3622
3	58016	0.452877	3623
3	58032	0.453002	3624
3	58048	0.453127	3625
3	58064	0.453252	3626
3	58080	0.453377	3627
3	58096	0.453502	3628
3	58112	0.453627	3629
3	58128	0.453752	3630
3	58144	0.453877	3631
3	58160	0.454002	3632
3	58176	0.454127	3633
3	58192	0.454252	3634
3	58208	0.454377	3635
3	58224	0.454502	3636
3	58240	0.454627	3637
3	58256	0.454752	3638
3	58272	0.454877	3639
3	58288	0.455002	3640
3	58304	0.455127	3641
3	58320	0.455252	3642
3	58336	0.455377	3643
3	58352	0.455502	3644
3	58368	0.455627	3645
3	58384	0.455752	3646
3	58400	0.455877	3647
3	58416	0.456002	3648
3	58432	0.456127	3649
3	58448	0.456252	3650
3	58464	0.456377	3651
3	58480	0.456502	3652
3	58496	0.456627	3653
3	58512	0.456752	3654
3	58528	0.456877	3655
3	58544	0.457002	3656
3	58560	0.457127	3657
3	58576	0.457252	3658
3	58592	0.457377	3659
3	58608	0.457502	3660
3	58624	0.457627	3661
3	58640	0.457752	3662
3	58656	0.457877	3663
3	58672	0.458002	3664
3	58688	0.458127	3665
3	58704	0.458252	3666
3	58720	0.458377	3667
3	58736	0.458502	3668
3	58752	0.458627	3669
3	58768	0.458752	3670
3	58784	0.458877	3671
3	58800	0.459002	3672
3	58816	0.459127	3673
3	58832	0.459252	3674
3	58848	0.459377	3675
3	58864	0.459502	3676
3	58880	0.459627	3677
3	58896	0.459752	3678
3	58912	0.459877	3679
3	58928	0.460002	3680
3	58944	0.460127	3681
3	58960	0.460252	3682
3	58976	0.460377	3683
3	58992	0.460502	3684
3	59008	0.460627	3685
3	59024	0.460752	3686
3	59040	0.460877	3687
3	59056	0.461002	3688
3	59072	0.461127	3689
3	59088	0.461252	3690
3	59104	0.461377	3691
3	59120	0.461502	3692
3	59136	0.461627	3693
3	59152	0.461752	3694
3	59168	0.461877	3695
3	59184	0.462002	3696
3	59200	0.462127	3697
3	59216	0.462252	3698
3	59232	0.462377	3699
3	59248	0.462502	3700
3	59264	0.462627	3701
3	59280	0.462752	3702
3	59296	0.462877	3703
3	59312	0.463002	3704
3	59328	0.463127	3705
3	59344	0.463252	3706
3	59360	0.463377	3707
3	59376	0.463502	3708
3	59392	0.463627	3709
3	59408	0.463752	3710
3	59424	0.463877	3711
3	59440	0.464002	3712
3	59456	0.464127	3713
3	59472	0.464252	3714
3	59488	0.464377	3715
3	59504	0.464502	3716
3	59520	0.464627	3717
3	59536	0.464752	3718
3	59552	0.464877	3719
3	59568	0.465002	3720
3	59584	0.465127	3721
3	59600	0.465252	3722
3	59616	0.465377	3723
3	59632	0.465502	3724
3	59648	0.465627	3725
3	59664	0.465752	3726
3	59680	0.465877	3727
3	59696	0.466002	3728
3	59712	0.466127	3729
3	59728	0.466252	3730
3	59744	0.466377	3731
3	59760	0.466502	3732
3	59776	0.466627	3733
3	59792	0.466752	3734
3	59808	0.466877	3735
3	59824	0.467002	3736
3	59840	0.467127	3737
3	59856	0.467252	3738
3	59872	0.467377	3739
3	59888	0.467502	3740
3	59904	0.467627	3741
3	59920	0.467752	3742
3	59936	0.467877	3743
3	59952	0.468002	3744
3	59968	0.468127	3745
3	59984	0.468252	3746
3	60000	0.468377	3747
3	60016	0.468502	3748
3	60032	0.468627	3749
3	60048	0.468752	3750
3	60064	0.468877	3751
3	60080	0.469002	3752
3	60096	0.469127	3753
3	60112	0.469252	3754
3	60128	0.469377	3755
3	60144	0.469502	3756
3	60160	0.469627	3757
3	60176	0.469752	3758
3	60192	0.469877	3759
3	60208	0.470002	3760
3	60224	0.470127	3761
3	60240	0.470252	3762
3	60256	0.470377	3763
3	60272	0.470502	3764
3	60288	0.470627	3765
3	60304	0.470752	3766
3	60320	0.470877	3767
3	60336	0.471002	3768
3	60352	0.471127	3769
3	60368	0.471252	3770
3	60384	0.471377	3771
3	60400	0.471502	3772
3	60416	0.471627	3773
3	60432	0.471752	3774
3	60448	0.471877	3775
3	60464	0.472002	3776
3	60480	0.472127	3777
3	60496	0.472252	3778
3	60512	0.472377	3779
3	60528	0.472502	3780
3	60544	0.472627	3781
3	60560	0.472752	3782
3	60576	0.472877	3783
3	60592	0.473002	3784
3	60608	0.473127	3785
3	60624	0.473252	3786
3	60640	0.473377	3787
3	60656	0.473502	3788
3	60672	0.473627	3789
3	60688	0.473752	3790
3	60704	0.473877	3791
3	60720	0.474002	3792
3	60736	0.474127	3793
3	60752	0.474252	3794
3	60768	0.474377	3795
3	60784	0.474502	3796
3	60800	0.474627	3797
3	60816	0.474752	3798
3	60832	0.474877	3799
3	60848	0.475002	3800
3	60864	0.475127	3801
3	60880	0.475252	3802
3	60896	0.475377	3803
3	60912	0.475502	3804
3	60928	0.475627	3805
3	60944	0.475752	3806
3	60960	0.475877	3807
3	60976	0.476002	3808
3	60992	0.476127	3809
3	61008	0.476252	3810
3	61024	0.476377	3811
3	61040	0.476502	3812
3	61056	0.476627	3813
3	61072	0.476752	3814
3	61088	0.476877	3815
3	61104	0.477002	3816
3	61120	0.477127	3817
3	61136	0.477252	3818
3	61152	0.477377	3819
3	61168	0.477502	3820
3	61184	0.477627	3821
3	61200	0.477752	3822
3	61216	0.477877	3823
3	61232	0.478002	3824
3	61248	0.478127	3825
3	61264	0.478252	3826
3	61280	0.478377	3827
3	61296	0.478502	3828
3	61312	0.478627	3829
3	61328	0.478752	3830
3	61344	0.478877	3831
3	61360	0.479002	3832
3	61376	0.479127	3833
3	61392	0.479252	3834
3	61408	0.479377	3835
3	61424	0.479502	3836
3	61440	0.479627	3837
3	61456	0.479752	3838
3	61472	0.479877	3839
3	61488	0.480002	3840
3	61504	0.480127	3841
3	61520	0.480252	3842
3	61536	0.480377	3843
3	61552	0.480502	3844
3	61568	0.480627	3845
3	61584	0.480752	3846
3	61600	0.480877	3847
3	61616	0.481002	3848
3	61632	0.481127	3849
3	61648	0.481252	3850
3	61668	0.481377	3851
3	61684	0.481502	3852
3	61700	0.481627	3853
3	61716	0.481752	3854
3	61732	0.481877	3855
3	61748	0.482002	3856
3	61764	0.482127	3857
3	61780	0.482252	3858
3	61796	0.482377	3859
3	61812	0.482502	3860
3	61828	0.482627	3861
3	61844	0.482752	3862
3	61860	0.482877	3863
3	61876	0.483002	3864
3	61892	0.483127	3865
3	61908	0.483252	3866
3	61924	0.483377	3867
3	61940	0.483502	3868
3	61956	0.483627	3869
3	61972	0.483752	3870
3	61988	0.483877	3871
3	62004	0.484002	3872
3	62020	0.484127	3873
3	62036	0.484252	3874
3	62052	0.484377	3875
3	62068	0.484502	3876
3	62084	0.484627	3877
3	62100	0.484752	3878
3	62116	0.484877	3879
3	62132	0.485002	3880
3	62148	0.485127	3881
3	62164	0.485252	3882
3	62180	0.485377	3883
3	62196	0.485502	3884
3	62212	0.485627	3885
3	62228	0.485752	3886
3	62244	0.485877	3887
3	62260	0.486002	3888
3	62276	0.486127	3889
3	62292	0.486252	3890
3	62308	0.486377	3891
3	62324	0.486502	3892
3	62340	0.486627	3893
3	62356	0.486752	3894
3	62372	0.486877	3895
3	62388	0.487002	3896
3	62404	0.487127	3897
3	62420	0.487252	3898
3	62436	0.487377	3899
3	62452	0.487502	3900
3	62468	0.487627	3901
3	62484	0.487752	3902
3	62500	0.487877	3903
3	62516	0.488002	3904
3	62532	0.488127	3905
3	62548	0.488252	3906
3	62564	0.488377	3907
3	62580	0.488502	3908
3	62596	0.488627	3909
3	62612	0.488752	3910
3	62628	0.488877	3911
3	62644	0.489002	3912
3	62660	0.489127	3913
3	62676	0.489252	3914
3	62692	0.489377	3915
3	62708	0.489502	3916
3	62724	0.489627	3917
3	62740	0.489752	3918
3	62756	0.489877	3919
3	62772	0.490002	3920
3	62788	0.490127	3921
3	62804	0.490252	3922
3	62820	0.490377	3923
3	62836	0.490502	3924
3	62852	0.490627	3925
3	62868	0.490752	3926
3	62884	0.490877	3927
3	62900	0.491002	3928
3	62916	0.491127	3929
3	62932	0.491252	3930
3	62948	0.491377	3931
3	62964	0.491502	3932
3	62980	0.491627	3933
3	62996	0.491752	3934
3	63012	0.491877	3935
3	63028	0.492002	3936
3	63044	0.492127	3937
3	63060	0.492252	3938
3	63076	0.492377	3939
3	63092	0.492502	3940
3	63108	0.492627	3941
3	63124	0.492752	3942
3	63140	0.492877	3943
3	63156	0.493002	3944
3	63172	0.493127	3945
3	63188	0.493252	3946
3	63204	0.493377	3947
3	63220	0.493502	3948
3	63236	0.493627	3949
3	63252	0.493752	3950
3	63268	0.493877	3951
3	63284	0.494002	3952
3	63300	0.494127	3953
3	63316	0.494252	3954
3	63332	0.494377	3955
3	63348	0.494502	3956
3	63364	0.494627	3957
3	63380	0.494752	3958
3	63396	0.494877	3959
3	63412	0.495002	3960
3	63428	0.495127	3961
3	63444	0.495252	3962
3	63460	0.495377	3963
3	63476	0.495502	3964
3	63492	0.495627	3965
3	63508	0.495752	3966
3	63524	0.495877	3967
3	63540	0.496002	3968
3	63556	0.496127	3969
3	63572	0.496252	3970
3	63588	0.496377	3971
3	63604	0.496502	3972
3	63620	0.496627	3973
3	63636	0.496752	3974
3	63652	0.496877	3975
3	63668	0.497002	3976
3	63684	0.497127	3977
3	63700	0.497252	3978
3	63716	0.497377	3979
3	63732	0.497502	3980
3	63748	0.497627	3981
3	63764	0.497752	3982
3	63780	0.497877	3983
3	63796	0.498002	3984
3	63812	0.498127	3985
3	63828	0.498252	3986
3	63844	0.498377	3987
3	63860	0.498502	3988
3	63876	0.498627	3989
3	63892	0.498752	3990
3	63908	0.498877	3991
3	63924	0.499002	3992
3	63940	0.499127	3993
3	63956	0.499252	3994
3	63972	0.499377	3995
3	63988	0.499502	3996
3	64004	0.499627	3997
3	64020	0.499752	3998
3	64036	0.499877	3999
3	64052	0.500002	4000
3	64068	0.500127	4001
3	64084	0.500252	4002
3	64100	0.500377	4003
3	64116	0.500502	4004
3	64132	0.500627	4005
3	64148	0.500752	4006
3	64164	0.500877	4007
3	64180	0.501002	4008
3	64196	0.501127	4009
3	64212	0.501252	4010
3	64228	0.501377	4011
3	64244	0.501502	4012
3	64260	0.501627	4013
3	64276	0.501752	4014
3	64292	0.501877	4015
3	64308	0.502002	4016
3	64324	0.502127	4017
3	64340	0.502252	4018
3	64356	0.502377	4019
3	64372	0.502502	4020
3	64388	0.502627	4021
3	64404	0.502752	4022
3	64420	0.502877	4023
3	64436	0.503002	4024
3	64452	0.503127	4025
3	64468	0.503252	4026
3	64484	0.503377	4027
3	64500	0.503502	4028
3	64516	0.503627	4029
3	64532	0.503752	4030
3	64548	0.503877	4031
3	64564	0.504002	4032
3	64580	0.504127	4033
3	64596	0.504252	4034
3	64612	0.504377	4035
3	64628	0.504502	4036
3	64644	0.504627	4037
3	64660	0.504752	4038
3	64676	0.504877	4039
3	64692	0.505002	4040
3	64708	0.505127	4041
3	64724	0.505252	4042
3	64740	0.505377	4043
3	64756	0.505502	4044
3	64772	0.505627	4045
3	64788	0.505752	4046
3	64804	0.505877	4047
3	64820	0.506002	4048
3	64836	0.506127	4049
3	64852	0.506252	4050
3	64868	0.506377	4051
3	64884	0.506502	4052
3	64900	0.506627	4053
3	64916	0.506752	4054
3	64932	0.506877	4055
3	64948	0.507002	4056
3	64964	0.507127	4057
3	64980	0.507252	4058
3	64996	0.507377	4059
3	65012	0.507502	4060
3	65028	0.507627	4061
3	65044	0.507752	4062
3	65060	0.507877	4063
3	65076	0.508002	4064
3	65092	0.508127	4065
3	65108	0.508252	4066
3	65124	0.508377	4067
3	65140	0.508502	4068
3	65156	0.508627	4069
3	65172	0.508752	4070
3	65188	0.508877	4071
3	65204	0.509002	4072
3	65220	0.509127	4073
3	65236	0.509252	4074
3	65252	0.509377	4075
3	65268	0.509502	4076
3	65284	0.509627	4077
3	65300	0.509752	4078
3	65316	0.509877	4079
3	65332	0.510002	4080
3	65348	0.510127	4081
3	65364	0.510252	4082
3	65380	0.510377	4083
3	65396	0.510502	4084
3	65412	0.510627	4085
3	65428	0.510752	4086
3	65444	0.510877	4087
3	65460	0.511002	4088
3	65476	0.511127	4089
3	65492	0.511252	4090
3	65508	0.511377	4091
3	65524	0.511502	4092
3	65540	0.511627	4093
3	65556	0.511752	4094
3	65572	0.511877	4095
3	65588	0.512002	4096
3	65604	0.512127	4097
3	65620	0.512252	4098
3	65636	0.512377	4099
3	65652	0.512502	4100
3	65668	0.512627	4101
3	65684	0.512752	4102
3	65700	0.512877	4103
3	65716	0.513002	4104
3	65732	0.513127	4105
3	65748	0.513252	4106
3	65764	0.513377	4107
3	65780	0.513502	4108
3	65796	0.513627	4109
3	65812	0.513752	4110
3	65828	0.513877	4111
3	65844	0.514002	4112
3	65860	0.514127	4113
3	65876	0.514252	4114
3	65892	0.514377	4115
3	65908	0.514502	4116
3	65924	0.514627	4117
3	65940	0.514752	4118
3	65956	0.514877	4119
3	65972	0.515002	4120
3	65988	0.515127	4121
3	66004	0.515252	4122
3	66020	0.515377	4123
3	66036	0.515502	4124
3	66052	0.515627	4125
3	66068	0.515752	4126
3	66084	0.515877	4127
3	66100	0.516002	4128
3	66116	0.516127	4129
3	66132	0.516252	4130
3	66148	0.516377	4131
3	66164	0.516502	4132
3	66180	0.516627	4133
3	66196	0.516752	4134
3	66212	0.516877	4135
3	66228	0.517002	4136
3	66244	0.517127	4137
3	66260	0.517252	4138
3	66276	0.517377	4139
3	66292	0.517502	4140
3	66308	0.517627	4141
3	66324	0.517752	4142
3	66340	0.517877	4143
3	66356	0.518002	4144
3	66372	0.518127	4145
3	66388	0.518252	4146
3	66404	0.518377	4147
3	66424	0.518502	4148
3	66440	0.518627	4149
3	66456	0.518752	4150
3	66472	0.518877	4151
3	66488	0.519002	4152
3	66504	0.519127	4153
3	66520	0.519252	4154
3	66536	0.519377	4155
3	66552	0.519502	4156
3	66568	0.519627	4157
3	66584	0.519752	4158
3	66600	0.519877	4159
3	66616	0.520002	4160
3	66632	0.520127	4161
3	66648	0.520252	4162
3	66664	0.520377	4163
3	66680	0.520502	4164
3	66696	0.520627	4165
3	66712	0.520752	4166
3	66728	0.520877	4167
3	66744	0.521002	4168
3	66760	0.521127	4169
3	66776	0.521252	4170
3	66792	0.521377	4171
3	66808	0.521502	4172
3	66824	0.521627	4173
3	66840	0.521752	4174
3	66856	0.521877	4175
3	66872	0.522002	4176
3	66888	0.522127	4177
3	66904	0.522252	4178
3	66920	0.522377	4179
3	66936	0.522502	4180
3	66952	0.522627	4181
3	66968	0.522752	4182
3	66984	0.522877	4183
3	67000	0.523002	4184
3	67016	0.523127	4185
3	67032	0.523252	4186
3	67048	0.523377	4187
3	67064	0.523502	4188
3	67080	0.523627	4189
3	67096	0.523752	4190
3	67112	0.523877	4191
3	67128	0.524002	4192
3	67144	0.524127	4193
3	67160	0.524252	4194
3	67176	0.524377	4195
3	67192	0.524502	4196
3	67208	0.524627	4197
3	67224	0.524752	4198
3	67240	0.524877	4199
3	67256	0.525002	4200
3	67272	0.525127	4201
3	67288	0.525252	4202
3	67304	0.525377	4203
3	67320	0.525502	4204
3	67336	0.525627	4205
3	67352	0.525752	4206
3	67368	0.525877	4207
3	67384	0.526002	4208
3	67400	0.526127	4209
3	67416	0.526252	4210
3	67432	0.526377	4211
3	67448	0.526502	4212
3	67464	0.526627	4213
3	67480	0.526752	4214
3	67496	0.526877	4215
3	67512	0.527002	4216
3	67528	0.527127	4217
3	67544	0.527252	4218
3	67560	0.527377	4219
3	67576	0.527502	4220
3	67592	0.527627	4221
3	67608	0.527752	4222
3	67624	0.527877	4223
3	67640	0.528002	4224
3	67656	0.528127	4225
3	67672	0.528252	4226
3	67688	0.528377	4227
3	67704	0.528502	4228
3	67720	0.528627	4229
3	67736	0.528752	4230
3	67752	0.528877	4231
3	67768	0.529002	4232
3	67784	0.529127	4233
3	67800	0.529252	4234
3	67816	0.529377	4235
3	67832	0.529502	4236
3	67848	0.529627	4237
3	67864	0.529752	4238
3	67880	0.529877	4239
3	67896	0.530002	4240
3	67912	0.530127	4241
3	67928	0.530252	4242
3	67944	0.530377	4243
3	67960	0.530502	4244
3	67976	0.530627	4245
3	67992	0.530752	4246
3	68008	0.530877	4247
3	68024	0.531002	4248
3	68040	0.531127	4249
3	68056	0.531252	4250
3	68072	0.531377	4251
3	68088	0.531502	4252
3	68104	0.531627	4253
3	68120	0.531752	4254
3	68136	0.531877	4255
3	68152	0.532002	4256
3	68168	0.532127	4257
3	68184	0.532252	4258
3	68200	0.532377	4259
3	68216	0.532502	4260
3	68232	0.532627	4261
3	68248	0.532752	4262
3	68264	0.532877	4263
3	68280	0.533002	4264
3	68296	0.533127	4265
3	68312	0.533252	4266
3	68328	0.533377	4267
3	68344	0.533502	4268
3	68360	0.533627	4269
3	68376	0.533752	4270
3	68392	0.533877	4271
3	68408	0.534002	4272
3	68424	0.534127	4273
3	68440	0.534252	4274
3	68456	0.534377	4275
3	68472	0.534502	4276
3	68488	0.534627	4277
3	68504	0.534752	4278
3	68520	0.534877	4279
3	68536	0.535002	4280
3	68552	0.535127	4281
3	68568	0.535252	4282
3	68584	0.535377	4283
3	68600	0.535502	4284
3	68616	0.535627	4285
3	68632	0.535752	4286
3	68648	0.535877	4287
3	68664	0.536002	4288
3	68680	0.536127	4289
3	68696	0.536252	4290
3	68712	0.536377	4291
3	68728	0.536502	4292
3	68744	0.536627	4293
3	68760	0.536752	4294
3	68776	0.536877	4295
3	68792	0.537002	4296
3	68808	0.537127	4297
3	68824	0.537252	4298
3	68840	0.537377	4299
3	68856	0.537502	4300
3	68872	0.537627	4301
3	68888	0.537752	4302
3	68904	0.537877	4303
3	68920	0.538002	4304
3	68936	0.538127	4305
3	68952	0.538252	4306
3	68968	0.538377	4307
3	68984	0.538502	4308
3	69000	0.538627	4309
3	69016	0.538752	4310
3	69032	0.538877	4311
3	69048	0.539002	4312
3	69064	0.539127	4313
3	69080	0.539252	4314
3	69096	0.539377	4315
3	69112	0.539502	4316
3	69128	0.539627	4317
3	69144	0.539752	4318
3	69160	0.539877	4319
3	69176	0.540002	4320
3	69192	0.540127	4321
3	69208	0.540252	4322
3	69224	0.540377	4323
3	69240	0.540502	4324
3	69256	0.540627	4325
3	69272	0.540752	4326
3	69288	0.540877	4327
3	69304	0.541002	4328
3	69320	0.541127	4329
3	69336	0.541252	4330
3	69352	0.541377	4331
3	69368	0.541502	4332
3	69384	0.541627	4333
3	69400	0.541752	4334
3	69416	0.541877	4335
3	69432	0.542002	4336
3	69448	0.542127	4337
3	69464	0.542252	4338
3	69480	0.542377	4339
3	69496	0.542502	4340
3	69512	0.542627	4341
3	69528	0.542752	4342
3	69544	0.542877	4343
3	69560	0.543002	4344
3	69576	0.543127	4345
3	69592	0.543252	4346
3	69608	0.543377	4347
3	69624	0.543502	4348
3	69640	0.543627	4349
3	69656	0.543752	4350
3	69672	0.543877	4351
3	69688	0.544002	4352
3	69704	0.544127	4353
3	69720	0.544252	4354
3	69736	0.544377	4355
3	69752	0.544502	4356
3	69768	0.544627	4357
3	69784	0.544752	4358
3	69800	0.544877	4359
3	69816	0.545002	4360
3	69832	0.545127	4361
3	69848	0.545252	4362
3	69864	0.545377	4363
3	69880	0.545502	4364
3	69896	0.545627	4365
3	69912	0.545752	4366
3	69928	0.545877	4367
3	69944	0.546002	4368
3	69960	0.546127	4369
3	69976	0.546252	4370
3	69992	0.546377	4371
3	70008	0.546502	4372
3	70024	0.546627	4373
3	70040	0.546752	4374
3	70056	0.546877	4375
3	70072	0.547002	4376
3	70088	0.547127	4377
3	70104	0.547252	4378
3	70120	0.547377	4379
3	70136	0.547502	4380
3	70152	0.547627	4381
3	70168	0.547752	4382
3	70184	0.547877	4383
3	70200	0.548002	4384
3	70216	0.548127	4385
3	70232	0.548252	4386
3	70248	0.548377	4387
3	70264	0.548502	4388
3	70280	0.548627	4389
3	70296	0.548752	4390
3	70312	0.548877	4391
3	70328	0.549002	4392
3	70344	0.549127	4393
3	70360	0.549252	4394
3	70376	0.549377	4395
3	70392	0.549502	4396
3	70408	0.549627	4397
3	70424	0.549752	4398
3	70440	0.549877	4399
3	70456	0.550002	4400
3	70472	0.550127	4401
3	70488	0.550252	4402
3	70504	0.550377	4403
3	70520	0.550502	4404
3	70536	0.550627	4405
3	70552	0.550752	4406
3	70568	0.550877	4407
3	70584	0.551002	4408
3	70600	0.551127	4409
3	70616	0.551252	4410
3	70632	0.551377	4411
3	70648	0.551502	4412
3	70664	0.551627	4413
3	70680	0.551752	4414
3	70696	0.551877	4415
3	70712	0.552002	4416
3	70728	0.552127	4417
3	70744	0.552252	4418
3	70760	0.552377	4419
3	70776	0.552502	4420
3	70792	0.552627	4421
3	70808	0.552752	4422
3	70824	0.552877	4423
3	70840	0.553002	4424
3	70856	0.553127	4425
3	70872	0.553252	4426
3	70888	0.553377	4427
3	70904	0.553502	4428
3	70920	0.553627	4429
3	70936	0.553752	4430
3	70952	0.553877	4431
3	70968	0.554002	4432
3	70984	0.554127	4433
3	71000	0.554252	4434
3	71016	0.554377	4435
3	71032	0.554502	4436
3	71048	0.554627	4437
3	71064	0.554752	4438
3	71080	0.554877	4439
3	71096	0.555002	4440
3	71112	0.555127	4441
3	71128	0.555252	4442
3	71144	0.555377	4443
3	71160	0.555502	4444
3	71178	0.555627	4445
3	71196	0.555752	4446
3	71212	0.555877	4447
3	71228	0.556002	4448
3	71244	0.556127	4449
3	71260	0.556252	4450
3	71276	0.556377	4451
3	71292	0.556502	4452
3	71308	0.556627	4453
3	71324	0.556752	4454
3	71340	0.556877	4455
3	71356	0.557002	4456
3	71372	0.557127	4457
3	71388	0.557252	4458
3	71404	0.557377	4459
3	71420	0.557502	4460
3	71436	0.557627	4461
3	71452	0.557752	4462
3	71468	0.557877	4463
3	71484	0.558002	4464
3	71500	0.558127	4465
3	71516	0.558252	4466
3	71532	0.558377	4467
3	71548	0.558502	4468
3	71564	0.558627	4469
3	71580	0.558752	4470
3	71596	0.558877	4471
3	71612	0.559002	4472
3	71628	0.559127	4473
3	71644	0.559252	4474
3	71660	0.559377	4475
3	71676	0.559502	4476
3	71692	0.559627	4477
3	71708	0.559752	4478
3	71724	0.559877	4479
3	71740	0.560002	4480
3	71756	0.560127	4481
3	71772	0.560252	4482
3	71788	0.560377	4483
3	71804	0.560502	4484
3	71820	0.560627	4485
3	71836	0.560752	4486
3	71852	0.560877	4487
3	71868	0.561002	4488
3	71884	0.561127	4489
3	71900	0.561252	4490
3	71916	0.561377	4491
3	71932	0.561502	4492
3	71948	0.561627	4493
3	71964	0.561752	4494
3	71980	0.561877	4495
3	71996	0.562002	4496
3	72012	0.562127	4497
3	72028	0.562252	4498
3	72044	0.562377	4499
3	72060	0.562502	4500
3	72076	0.562627	4501
3	72092	0.562752	4502
3	72108	0.562877	4503
3	72124	0.563002	4504
3	72140	0.563127	4505
3	72156	0.563252	4506
3	72172	0.563377	4507
3	72188	0.563502	4508
3	72204	0.563627	4509
3	72220	0.563752	4510
3	72236	0.563877	4511
3	72252	0.564002	4512
3	72268	0.564127	4513
3	72284	0.564252	4514
3	72300	0.564377	4515
3	72316	0.564502	4516
3	72332	0.564627	4517
3	72348	0.564752	4518
3	72364	0.564877	4519
3	72380	0.565002	4520
3	72396	0.565127	4521
3	72412	0.565252	4522
3	72428	0.565377	4523
3	72444	0.565502	4524
3	72460	0.565627	4525
3	72476	0.565752	4526
3	72492	0.565877	4527
3	72508	0.566002	4528
3	72524	0.566127	4529
3	72540	0.566252	4530
3	72556	0.566377	4531
3	72572	0.566502	4532
3	72588	0.566627	4533
3	72604	0.566752	4534
3	72620	0.566877	4535
3	72636	0.567002	4536
3	72652	0.567127	4537
3	72668	0.567252	4538
3	72684	0.567377	4539
3	72700	0.567502	4540
3	72716	0.567627	4541
3	72732	0.567752	4542
3	72748	0.567877	4543
3	72764	0.568002	4544
3	72780	0.568127	4545
3	72796	0.568252	4546
3	72812	0.568377	4547
3	72828	0.568502	4548
3	72844	0.568627	4549
3	72860	0.568752	4550
3	72876	0.568877	4551
3	72892	0.569002	4552
3	72908	0.569127	4553
3	72924	0.569252	4554
3	72940	0.569377	4555
3	72956	0.569502	4556
3	72972	0.569627	4557
3	72988	0.569752	4558
3	73004	0.569877	4559
3	73020	0.570002	4560
3	73036	0.570127	4561
3	73052	0.570252	4562
3	73068	0.570377	4563
3	73084	0.570502	4564
3	73100	0.570627	4565
3	73116	0.570752	4566
3	73132	0.570877	4567
3	73148	0.571002	4568
3	73164	0.571127	4569
3	73180	0.571252	4570
3	73196	0.571377	4571
3	73212	0.571502	4572
3	73228	0.571627	4573
3	73244	0.571752	4574
3	73260	0.571877	4575
3	73276	0.572002	4576
3	73292	0.572127	4577
3	73308	0.572252	4578
3	73324	0.572377	4579
3	73340	0.572502	4580
3	73356	0.572627	4581
3	73372	0.572752	4582
3	73388	0.572877	4583
3	73404	0.573002	4584
3	73420	0.573127	4585
3	73436	0.573252	4586
3	73452	0.573377	4587
3	73468	0.573502	4588
3	73484	0.573627	4589
3	73500	0.573752	4590
3	73516	0.573877	4591
3	73532	0.574002	4592
3	73548	0.574127	4593
3	73564	0.574252	4594
3	73580	0.574377	4595
3	73596	0.574502	4596
3	73612	0.574627	4597
3	73628	0.574752	4598
3	73644	0.574877	4599
3	73660	0.575002	4600
3	73676	0.575127	4601
3	73692	0.575252	4602
3	73708	0.575377	4603
3	73724	0.575502	4604
3	73740	0.575627	4605
3	73756	0.575752	4606
3	73772	0.575877	4607
3	73788	0.576002	4608
3	73804	0.576127	4609
3	73820	0.576252	4610
3	73836	0.576377	4611
3	73852	0.576502	4612
3	73868	0.576627	4613
3	73884	0.576752	4614
3	73900	0.576877	4615
3	73916	0.577002	4616
3	73932	0.577127	4617
3	73948	0.577252	4618
3	73964	0.577377	4619
3	73980	0.577502	4620
3	73996	0.577627	4621
3	74012	0.577752	4622
3	74028	0.577877	4623
3	74044	0.578002	4624
3	74060	0.578127	4625
3	74076	0.578252	4626
3	74092	0.578377	4627
3	74108	0.578502	4628
3	74124	0.578627	4629
3	74140	0.578752	4630
3	74156	0.578877	4631
3	74172	0.579002	4632
3	74188	0.579127	4633
3	74204	0.579252	4634
3	74220	0.579377	4635
3	74236	0.579502	4636
3	74252	0.579627	4637
3	74268	0.579752	4638
3	74284	0.579877	4639
3	74300	0.580002	4640
3	74316	0.580127	4641
3	74332	0.580252	4642
3	74348	0.580377	4643
3	74364	0.580502	4644
3	74380	0.580627	4645
3	74396	0.580752	4646
3	74412	0.580877	4647
3	74428	0.581002	4648
3	74444	0.581127	4649
3	74460	0.581252	4650
3	74476	0.581377	4651
3	74492	0.581502	4652
3	74508	0.581627	4653
3	74524	0.581752	4654
3	74540	0.581877	4655
3	74556	0.582002	4656
3	74572	0.582127	4657
3	74588	0.582252	4658
3	74604	0.582377	4659
3	74620	0.582502	4660
3	74636	0.582627	4661
3	74652	0.582752	4662
3	74668	0.582877	4663
3	74684	0.583002	4664
3	74700	0.583127	4665
3	74716	0.583252	4666
3	74732	0.583377	4667
3	74748	0.583502	4668
3	74764	0.583627	4669
3	74780	0.583752	4670
3	74796	0.583877	4671
3	74812	0.584002	4672
3	74828	0.584127	4673
3	74844	0.584252	4674
3	74860	0.584377	4675
3	74876	0.584502	4676
3	74892	0.584627	4677
3	74908	0.584752	4678
3	74924	0.584877	4679
3	74940	0.585002	4680
3	74956	0.585127	4681
3	74972	0.585252	4682
3	74988	0.585377	4683
3	75004	0.585502	4684
3	75020	0.585627	4685
3	75036	0.585752	4686
3	75052	0.585877	4687
3	75068	0.586002	4688
3	75084	0.586127	4689
3	75100	0.586252	4690
3	75116	0.586377	4691
3	75132	0.586502	4692
3	75148	0.586627	4693
3	75164	0.586752	4694
3	75180	0.586877	4695
3	75196	0.587002	4696
3	75212	0.587127	4697
3	75228	0.587252	4698
3	75244	0.587377	4699
3	75260	0.587502	4700
3	75276	0.587627	4701
3	75292	0.587752	4702
3	75308	0.587877	4703
3	75324	0.588002	4704
3	75340	0.588127	4705
3	75356	0.588252	4706
3	75372	0.588377	4707
3	75388	0.588502	4708
3	75404	0.588627	4709
3	75420	0.588752	4710
3	75436	0.588877	4711
3	75452	0.589002	4712
3	75468	0.589127	4713
3	75484	0.589252	4714
3	75500	0.589377	4715
3	75516	0.589502	4716
3	75532	0.589627	4717
3	75548	0.589752	4718
3	75564	0.589877	4719
3	75580	0.590002	4720
3	75596	0.590127	4721
3	75612	0.590252	4722
3	75628	0.590377	4723
3	75644	0.590502	4724
3	75660	0.590627	4725
3	75676	0.590752	4726
3	75692	0.590877	4727
3	75708	0.591002	4728
3	75724	0.591127	4729
3	75740	0.591252	4730
3	75756	0.591377	4731
3	75772	0.591502	4732
3	75788	0.591627	4733
3	75804	0.591752	4734
3	75820	0.591877	4735
3	75836	0.592002	4736
3	75852	0.592127	4737
3	75868	0.592252	4738
3	75884	0.592377	4739
3	75900	0.592502	4740
3	75916	0.592627	4741
3	75932	0.592752	4742
3	75952	0.592877	4743
3	75968	0.593002	4744
3	75984	0.593127	4745
3	76000	0.593252	4746
3	76016	0.593377	4747
3	76032	0.593502	4748
3	76048	0.593627	4749
3	76064	0.593752	4750
3	76080	0.593877	4751
3	76096	0.594002	4752
3	76112	0.594127	4753
3	76128	0.594252	4754
3	76144	0.594377	4755
3	76160	0.594502	4756
3	76176	0.594627	4757
3	76192	0.594752	4758
3	76208	0.594877	4759
3	76224	0.595002	4760
3	76240	0.595127	4761
3	76256	0.595252	4762
3	76272	0.595377	4763
3	76288	0.595502	4764
3	76304	0.595627	4765
3	76320	0.595752	4766
3	76336	0.595877	4767
3	76352	0.596002	4768
3	76368	0.596127	4769
3	76384	0.596252	4770
3	76400	0.596377	4771
3	76416	0.596502	4772
3	76432	0.596627	4773
3	76448	0.596752	4774
3	76464	0.596877	4775
3	76480	0.597002	4776
3	76496	0.597127	4777
3	76512	0.597252	4778
3	76528	0.597377	4779
3	76544	0.597502	4780
3	76560	0.597627	4781
3	76576	0.597752	4782
3	76592	0.597877	4783
3	76608	0.598002	4784
3	76624	0.598127	4785
3	76640	0.598252	4786
3	76656	0.598377	4787
3	76672	0.598502	4788
3	76688	0.598627	4789
3	76704	0.598752	4790
3	76720	0.598877	4791
3	76736	0.599002	4792
3	76752	0.599127	4793
3	76768	0.599252	4794
3	76784	0.599377	4795
3	76800	0.599502	4796
3	76816	0.599627	4797
3	76832	0.599752	4798
3	76848	0.599877	4799
3	76864	0.600002	4800
3	76880	0.600127	4801
3	76896	0.600252	4802
3	76912	0.600377	4803
3	76928	0.600502	4804
3	76944	0.600627	4805
3	76960	0.600752	4806
3	76976	0.600877	4807
3	76992	0.601002	4808
3	77008	0.601127	4809
3	77024	0.601252	4810
3	77040	0.601377	4811
3	77056	0.601502	4812
3	77072	0.601627	4813
3	77088	0.601752	4814
3	77104	0.601877	4815
3	77120	0.602002	4816
3	77136	0.602127	4817
3	77152	0.602252	4818
3	77168	0.602377	4819
3	77184	0.602502	4820
3	77200	0.602627	4821
3	77216	0.602752	4822
3	77232	0.602877	4823
3	77248	0.603002	4824
3	77264	0.603127	4825
3	77280	0.603252	4826
3	77296	0.603377	4827
3	77312	0.603502	4828
3	77328	0.603627	4829
3	77344	0.603752	4830
3	77360	0.603877	4831
3	77376	0.604002	4832
3	77392	0.604127	4833
3	77408	0.604252	4834
3	77424	0.604377	4835
3	77440	0.604502	4836
3	77456	0.604627	4837
3	77472	0.604752	4838
3	77488	0.604877	4839
3	77504	0.605002	4840
3	77520	0.605127	4841
3	77536	0.605252	4842
3	77552	0.605377	4843
3	77568	0.605502	4844
3	77584	0.605627	4845
3	77600	0.605752	4846
3	77616	0.605877	4847
3	77632	0.606002	4848
3	77648	0.606127	4849
3	77664	0.606252	4850
3	77680	0.606377	4851
3	77696	0.606502	4852
3	77712	0.606627	4853
3	77728	0.606752	4854
3	77744	0.606877	4855
3	77760	0.607002	4856
3	77776	0.607127	4857
3	77792	0.607252	4858
3	77808	0.607377	4859
3	77824	0.607502	4860
3	77840	0.607627	4861
3	77856	0.607752	4862
3	77872	0.607877	4863
3	77888	0.608002	4864
3	77904	0.608127	4865
3	77920	0.608252	4866
3	77936	0.608377	4867
3	77952	0.608502	4868
3	77968	0.608627	4869
3	77984	0.608752	4870
3	78000	0.608877	4871
3	78016	0.609002	4872
3	78032	0.609127	4873
3	78048	0.609252	4874
3	78064	0.609377	4875
3	78080	0.609502	4876
3	78096	0.609627	4877
3	78112	0.609752	4878
3	78128	0.609877	4879
3	78144	0.610002	4880
3	78160	0.610127	4881
3	78176	0.610252	4882
3	78192	0.610377	4883
3	78208	0.610502	4884
3	78224	0.610627	4885
3	78240	0.610752	4886
3	78256	0.610877	4887
3	78272	0.611002	4888
3	78288	0.611127	4889
3	78304	0.611252	4890
3	78320	0.611377	4891
3	78336	0.611502	4892
3	78352	0.611627	4893
3	78368	0.611752	4894
3	78384	0.611877	4895
3	78400	0.612002	4896
3	78416	0.612127	4897
3	78432	0.612252	4898
3	78448	0.612377	4899
3	78464	0.612502	4900
3	78480	0.612627	4901
3	78496	0.612752	4902
3	78512	0.612877	4903
3	78528	0.613002	4904
3	78544	0.613127	4905
3	78560	0.613252	4906
3	78576	0.613377	4907
3	78592	0.613502	4908
3	78608	0.613627	4909
3	78624	0.613752	4910
3	78640	0.613877	4911
3	78656	0.614002	4912
3	78672	0.614127	4913
3	78688	0.614252	4914
3	78704	0.614377	4915
3	78720	0.614502	4916
3	78736	0.614627	4917
3	78752	0.614752	4918
3	78768	0.614877	4919
3	78784	0.615002	4920
3	78800	0.615127	4921
3	78816	0.615252	4922
3	78832	0.615377	4923
3	78848	0.615502	4924
3	78864	0.615627	4925
3	78880	0.615752	4926
3	78896	0.615877	4927
3	78912	0.616002	4928
3	78928	0.616127	4929
3	78944	0.616252	4930
3	78960	0.616377	4931
3	78976	0.616502	4932
3	78992	0.616627	4933
3	79008	0.616752	4934
3	79024	0.616877	4935
3	79040	0.617002	4936
3	79056	0.617127	4937
3	79072	0.617252	4938
3	79088	0.617377	4939
3	79104	0.617502	4940
3	79120	0.617627	4941
3	79136	0.617752	4942
3	79152	0.617877	4943
3	79168	0.618002	4944
3	79184	0.618127	4945
3	79200	0.618252	4946
3	79216	0.618377	4947
3	79232	0.618502	4948
3	79248	0.618627	4949
3	79264	0.618752	4950
3	79280	0.618877	4951
3	79296	0.619002	4952
3	79312	0.619127	4953
3	79328	0.619252	4954
3	79344	0.619377	4955
3	79360	0.619502	4956
3	79376	0.619627	4957
3	79392	0.619752	4958
3	79408	0.619877	4959
3	79424	0.620002	4960
3	79440	0.620127	4961
3	79456	0.620252	4962
3	79472	0.620377	4963
3	79488	0.620502	4964
3	79504	0.620627	4965
3	79520	0.620752	4966
3	79536	0.620877	4967
3	79552	0.621002	4968
3	79568	0.621127	4969
3	79584	0.621252	4970
3	79600	0.621377	4971
3	79616	0.621502	4972
3	79632	0.621627	4973
3	79648	0.621752	4974
3	79664	0.621877	4975
3	79680	0.622002	4976
3	79696	0.622127	4977
3	79712	0.622252	4978
3	79728	0.622377	4979
3	79744	0.622502	4980
3	79760	0.622627	4981
3	79776	0.622752	4982
3	79792	0.622877	4983
3	79808	0.623002	4984
3	79824	0.623127	4985
3	79840	0.623252	4986
3	79856	0.623377	4987
3	79872	0.623502	4988
3	79888	0.623627	4989
3	79904	0.623752	4990
3	79920	0.623877	4991
3	79936	0.624002	4992
3	79952	0.624127	4993
3	79968	0.624252	4994
3	79984	0.624377	4995
3	80000	0.624502	4996
3	80016	0.624627	4997
3	80032	0.624752	4998
3	80048	0.624877	4999
3	80064	0.625002	5000
3	80080	0.625127	5001
3	80096	0.625252	5002
3	80112	0.625377	5003
3	80128	0.625502	5004
3	80144	0.625627	5005
3	80160	0.625752	5006
3	80176	0.625877	5007
3	80192	0.626002	5008
3	80208	0.626127	5009
3	80224	0.626252	5010
3	80240	0.626377	5011
3	80256	0.626502	5012
3	80272	0.626627	5013
3	80288	0.626752	5014
3	80304	0.626877	5015
3	80320	0.627002	5016
3	80336	0.627127	5017
3	80352	0.627252	5018
3	80368	0.627377	5019
3	80384	0.627502	5020
3	80400	0.627627	5021
3	80416	0.627752	5022
3	80432	0.627877	5023
3	80448	0.628002	5024
3	80464	0.628127	5025
3	80480	0.628252	5026
3	80496	0.628377	5027
3	80512	0.628502	5028
3	80528	0.628627	5029
3	80544	0.628752	5030
3	80560	0.628877	5031
3	80576	0.629002	5032
3	80592	0.629127	5033
3	80608	0.629252	5034
3	80624	0.629377	5035
3	80640	0.629502	5036
3	80656	0.629627	5037
3	80672	0.629752	5038
3	80688	0.629877	5039
3	80708	0.630002	5040
3	80724	0.630127	5041
3	80740	0.630252	5042
3	80756	0.630377	5043
3	80772	0.630502	5044
3	80788	0.630627	5045
3	80804	0.630752	5046
3	80820	0.630877	5047
3	80836	0.631002	5048
3	80852	0.631127	5049
3	80868	0.631252	5050
3	80884	0.631377	5051
3	80900	0.631502	5052
3	80916	0.631627	5053
3	80932	0.631752	5054
3	80948	0.631877	5055
3	80964	0.632002	5056
3	80980	0.632127	5057
3	80996	0.632252	5058
3	81012	0.632377	5059
3	81028	0.632502	5060
3	81044	0.632627	5061
3	81060	0.632752	5062
3	81076	0.632877	5063
3	81092	0.633002	5064
3	81108	0.633127	5065
3	81124	0.633252	5066
3	81140	0.633377	5067
3	81156	0.633502	5068
3	81172	0.633627	5069
3	81188	0.633752	5070
3	81204	0.633877	5071
3	81220	0.634002	5072
3	81236	0.634127	5073
3	81252	0.634252	5074
3	81268	0.634377	5075
3	81284	0.634502	5076
3	81300	0.634627	5077
3	81316	0.634752	5078
3	81332	0.634877	5079
3	81348	0.635002	5080
3	81364	0.635127	5081
3	81380	0.635252	5082
3	81396	0.635377	5083
3	81412	0.635502	5084
3	81428	0.635627	5085
3	81444	0.635752	5086
3	81460	0.635877	5087
3	81476	0.636002	5088
3	81492	0.636127	5089
3	81508	0.636252	5090
3	81524	0.636377	5091
3	81540	0.636502	5092
3	81556	0.636627	5093
3	81572	0.636752	5094
3	81588	0.636877	5095
3	81604	0.637002	5096
3	81620	0.637127	5097
3	81636	0.637252	5098
3	81652	0.637377	5099
3	81668	0.637502	5100
3	81684	0.637627	5101
3	81700	0.637752	5102
3	81716	0.637877	5103
3	81732	0.638002	5104
3	81748	0.638127	5105
3	81764	0.638252	5106
3	81780	0.638377	5107
3	81796	0.638502	5108
3	81812	0.638627	5109
3	81828	0.638752	5110
3	81844	0.638877	5111
3	81860	0.639002	5112
3	81876	0.639127	5113
3	81892	0.639252	5114
3	81908	0.639377	5115
3	81924	0.639502	5116
3	81940	0.639627	5117
3	81956	0.639752	5118
3	81972	0.639877	5119
3	81988	0.640002	5120
3	82004	0.640127	5121
3	82020	0.640252	5122
3	82036	0.640377	5123
3	82052	0.640502	5124
3	82068	0.640627	5125
3	82084	0.640752	5126
3	82100	0.640877	5127
3	82116	0.641002	5128
3	82132	0.641127	5129
3	82148	0.641252	5130
3	82164	0.641377	5131
3	82180	0.641502	5132
3	82196	0.641627	5133
3	82212	0.641752	5134
3	82228	0.641877	5135
3	82244	0.642002	5136
3	82260	0.642127	5137
3	82276	0.642252	5138
3	82292	0.642377	5139
3	82308	0.642502	5140
3	82324	0.642627	5141
3	82340	0.642752	5142
3	82356	0.642877	5143
3	82372	0.643002	5144
3	82388	0.643127	5145
3	82404	0.643252	5146
3	82420	0.643377	5147
3	82436	0.643502	5148
3	82452	0.643627	5149
3	82468	0.643752	5150
3	82484	0.643877	5151
3	82500	0.644002	5152
3	82516	0.644127	5153
3	82532	0.644252	5154
3	82548	0.644377	5155
3	82564	0.644502	5156
3	82580	0.644627	5157
3	82596	0.644752	5158
3	82612	0.644877	5159
3	82628	0.645002	5160
3	82644	0.645127	5161
3	82660	0.645252	5162
3	82676	0.645377	5163
3	82692	0.645502	5164
3	82708	0.645627	5165
3	82724	0.645752	5166
3	82740	0.645877	5167
3	82756	0.646002	5168
3	82772	0.646127	5169
3	82788	0.646252	5170
3	82804	0.646377	5171
3	82820	0.646502	5172
3	82836	0.646627	5173
3	82852	0.646752	5174
3	82868	0.646877	5175
3	82884	0.647002	5176
3	82900	0.647127	5177
3	82916	0.647252	5178
3	82932	0.647377	5179
3	82948	0.647502	5180
3	82964	0.647627	5181
3	82980	0.647752	5182
3	82996	0.647877	5183
3	83012	0.648002	5184
3	83028	0.648127	5185
3	83044	0.648252	5186
3	83060	0.648377	5187
3	83076	0.648502	5188
3	83092	0.648627	5189
3	83108	0.648752	5190
3	83124	0.648877	5191
3	83140	0.649002	5192
3	83156	0.649127	5193
3	83172	0.649252	5194
3	83188	0.649377	5195
3	83204	0.649502	5196
3	83220	0.649627	5197
3	83236	0.649752	5198
3	83252	0.649877	5199
3	83268	0.650002	5200
3	83284	0.650127	5201
3	83300	0.650252	5202
3	83316	0.650377	5203
3	83332	0.650502	5204
3	83348	0.650627	5205
3	83364	0.650752	5206
3	83380	0.650877	5207
3	83396	0.651002	5208
3	83412	0.651127	5209
3	83428	0.651252	5210
3	83444	0.651377	5211
3	83460	0.651502	5212
3	83476	0.651627	5213
3	83492	0.651752	5214
3	83508	0.651877	5215
3	83524	0.652002	5216
3	83540	0.652127	5217
3	83556	0.652252	5218
3	83572	0.652377	5219
3	83588	0.652502	5220
3	83604	0.652627	5221
3	83620	0.652752	5222
3	83636	0.652877	5223
3	83652	0.653002	5224
3	83668	0.653127	5225
3	83684	0.653252	5226
3	83700	0.653377	5227
3	83716	0.653502	5228
3	83732	0.653627	5229
3	83748	0.653752	5230
3	83764	0.653877	5231
3	83780	0.654002	5232
3	83796	0.654127	5233
3	83812	0.654252	5234
3	83828	0.654377	5235
3	83844	0.654502	5236
3	83860	0.654627	5237
3	83876	0.654752	5238
3	83892	0.654877	5239
3	83908	0.655002	5240
3	83924	0.655127	5241
3	83940	0.655252	5242
3	83956	0.655377	5243
3	83972	0.655502	5244
3	83988	0.655627	5245
3	84004	0.655752	5246
3	84020	0.655877	5247
3	84036	0.656002	5248
3	84052	0.656127	5249
3	84068	0.656252	5250
3	84084	0.656377	5251
3	84100	0.656502	5252
3	84116	0.656627	5253
3	84132	0.656752	5254
3	84148	0.656877	5255
3	84164	0.657002	5256
3	84180	0.657127	5257
3	84196	0.657252	5258
3	84212	0.657377	5259
3	84228	0.657502	5260
3	84244	0.657627	5261
3	84260	0.657752	5262
3	84276	0.657877	5263
3	84292	0.658002	5264
3	84308	0.658127	5265
3	84324	0.658252	5266
3	84340	0.658377	5267
3	84356	0.658502	5268
3	84372	0.658627	5269
3	84388	0.658752	5270
3	84404	0.658877	5271
3	84420	0.659002	5272
3	84436	0.659127	5273
3	84452	0.659252	5274
3	84468	0.659377	5275
3	84484	0.659502	5276
3	84500	0.659627	5277
3	84516	0.659752	5278
3	84532	0.659877	5279
3	84548	0.660002	5280
3	84564	0.660127	5281
3	84580	0.660252	5282
3	84596	0.660377	5283
3	84612	0.660502	5284
3	84628	0.660627	5285
3	84644	0.660752	5286
3	84660	0.660877	5287
3	84676	0.661002	5288
3	84692	0.661127	5289
3	84708	0.661252	5290
3	84724	0.661377	5291
3	84740	0.661502	5292
3	84756	0.661627	5293
3	84772	0.661752	5294
3	84788	0.661877	5295
3	84804	0.662002	5296
3	84820	0.662127	5297
3	84836	0.662252	5298
3	84852	0.662377	5299
3	84868	0.662502	5300
3	84884	0.662627	5301
3	84900	0.662752	5302
3	84916	0.662877	5303
3	84932	0.663002	5304
3	84948	0.663127	5305
3	84964	0.663252	5306
3	84980	0.663377	5307
3	84996	0.663502	5308
3	85012	0.663627	5309
3	85028	0.663752	5310
3	85044	0.663877	5311
3	85060	0.664002	5312
3	85076	0.664127	5313
3	85092	0.664252	5314
3	85108	0.664377	5315
3	85124	0.664502	5316
3	85140	0.664627	5317
3	85156	0.664752	5318
3	85172	0.664877	5319
3	85188	0.665002	5320
3	85204	0.665127	5321
3	85220	0.665252	5322
3	85236	0.665377	5323
3	85252	0.665502	5324
3	85268	0.665627	5325
3	85284	0.665752	5326
3	85300	0.665877	5327
3	85316	0.666002	5328
3	85332	0.666127	5329
3	85348	0.666252	5330
3	85364	0.666377	5331
3	85380	0.666502	5332
3	85396	0.666627	5333
3	85412	0.666752	5334
3	85428	0.666877	5335
3	85444	0.667002	5336
3	85464	0.667127	5337
3	85480	0.667252	5338
3	85496	0.667377	5339
3	85512	0.667502	5340
3	85528	0.667627	5341
3	85544	0.667752	5342
3	85560	0.667877	5343
3	85576	0.668002	5344
3	85592	0.668127	5345
3	85608	0.668252	5346
3	85624	0.668377	5347
3	85640	0.668502	5348
3	85656	0.668627	5349
3	85672	0.668752	5350
3	85688	0.668877	5351
3	85704	0.669002	5352
3	85720	0.669127	5353
3	85736	0.669252	5354
3	85752	0.669377	5355
3	85768	0.669502	5356
3	85784	0.669627	5357
3	85800	0.669752	5358
3	85816	0.669877	5359
3	85832	0.670002	5360
3	85848	0.670127	5361
3	85864	0.670252	5362
3	85880	0.670377	5363
3	85896	0.670502	5364
3	85912	0.670627	5365
3	85928	0.670752	5366
3	85944	0.670877	5367
3	85960	0.671002	5368
3	85976	0.671127	5369
3	85992	0.671252	5370
3	86008	0.671377	5371
3	86024	0.671502	5372
3	86040	0.671627	5373
3	86056	0.671752	5374
3	86072	0.671877	5375
3	86088	0.672002	5376
3	86104	0.672127	5377
3	86120	0.672252	5378
3	86136	0.672377	5379
3	86152	0.672502	5380
3	86168	0.672627	5381
3	86184	0.672752	5382
3	86200	0.672877	5383
3	86216	0.673002	5384
3	86232	0.673127	5385
3	86248	0.673252	5386
3	86264	0.673377	5387
3	86280	0.673502	5388
3	86296	0.673627	5389
3	86312	0.673752	5390
3	86328	0.673877	5391
3	86344	0.674002	5392
3	86360	0.674127	5393
3	86376	0.674252	5394
3	86392	0.674377	5395
3	86408	0.674502	5396
3	86424	0.674627	5397
3	86440	0.674752	5398
3	86456	0.674877	5399
3	86472	0.675002	5400
3	86488	0.675127	5401
3	86504	0.675252	5402
3	86520	0.675377	5403
3	86536	0.675502	5404
3	86552	0.675627	5405
3	86568	0.675752	5406
3	86584	0.675877	5407
3	86600	0.676002	5408
3	86616	0.676127	5409
3	86632	0.676252	5410
3	86648	0.676377	5411
3	86664	0.676502	5412
3	86680	0.676627	5413
3	86696	0.676752	5414
3	86712	0.676877	5415
3	86728	0.677002	5416
3	86744	0.677127	5417
3	86760	0.677252	5418
3	86776	0.677377	5419
3	86792	0.677502	5420
3	86808	0.677627	5421
3	86824	0.677752	5422
3	86840	0.677877	5423
3	86856	0.678002	5424
3	86872	0.678127	5425
3	86888	0.678252	5426
3	86904	0.678377	5427
3	86920	0.678502	5428
3	86936	0.678627	5429
3	86952	0.678752	5430
3	86968	0.678877	5431
3	86984	0.679002	5432
3	87000	0.679127	5433
3	87016	0.679252	5434
3	87032	0.679377	5435
3	87048	0.679502	5436
3	87064	0.679627	5437
3	87080	0.679752	5438
3	87096	0.679877	5439
3	87112	0.680002	5440
3	87128	0.680127	5441
3	87144	0.680252	5442
3	87160	0.680377	5443
3	87176	0.680502	5444
3	87192	0.680627	5445
3	87208	0.680752	5446
3	87224	0.680877	5447
3	87240	0.681002	5448
3	87256	0.681127	5449
3	87272	0.681252	5450
3	87288	0.681377	5451
3	87304	0.681502	5452
3	87320	0.681627	5453
3	87336	0.681752	5454
3	87352	0.681877	5455
3	87368	0.682002	5456
3	87384	0.682127	5457
3	87400	0.682252	5458
3	87416	0.682377	5459
3	87432	0.682502	5460
3	87448	0.682627	5461
3	87464	0.682752	5462
3	87480	0.682877	5463
3	87496	0.683002	5464
3	87512	0.683127	5465
3	87528	0.683252	5466
3	87544	0.683377	5467
3	87560	0.683502	5468
3	87576	0.683627	5469
3	87592	0.683752	5470
3	87608	0.683877	5471
3	87624	0.684002	5472
3	87640	0.684127	5473
3	87656	0.684252	5474
3	87672	0.684377	5475
3	87688	0.684502	5476
3	87704	0.684627	5477
3	87720	0.684752	5478
3	87736	0.684877	5479
3	87752	0.685002	5480
3	87768	0.685127	5481
3	87784	0.685252	5482
3	87800	0.685377	5483
3	87816	0.685502	5484
3	87832	0.685627	5485
3	87848	0.685752	5486
3	87864	0.685877	5487
3	87880	0.686002	5488
3	87896	0.686127	5489
3	87912	0.686252	5490
3	87928	0.686377	5491
3	87944	0.686502	5492
3	87960	0.686627	5493
3	87976	0.686752	5494
3	87992	0.686877	5495
3	88008	0.687002	5496
3	88024	0.687127	5497
3	88040	0.687252	5498
3	88056	0.687377	5499
3	88072	0.687502	5500
3	88088	0.687627	5501
3	88104	0.687752	5502
3	88120	0.687877	5503
3	88136	0.688002	5504
3	88152	0.688127	5505
3	88168	0.688252	5506
3	88184	0.688377	5507
3	88200	0.688502	5508
3	88216	0.688627	5509
3	88232	0.688752	5510
3	88248	0.688877	5511
3	88264	0.689002	5512
3	88280	0.689127	5513
3	88296	0.689252	5514
3	88312	0.689377	5515
3	88328	0.689502	5516
3	88344	0.689627	5517
3	88360	0.689752	5518
3	88376	0.689877	5519
3	88392	0.690002	5520
3	88408	0.690127	5521
3	88424	0.690252	5522
3	88440	0.690377	5523
3	88456	0.690502	5524
3	88472	0.690627	5525
3	88488	0.690752	5526
3	88504	0.690877	5527
3	88520	0.691002	5528
3	88536	0.691127	5529
3	88552	0.691252	5530
3	88568	0.691377	5531
3	88584	0.691502	5532
3	88600	0.691627	5533
3	88616	0.691752	5534
3	88632	0.691877	5535
3	88648	0.692002	5536
3	88664	0.692127	5537
3	88680	0.692252	5538
3	88696	0.692377	5539
3	88712	0.692502	5540
3	88728	0.692627	5541
3	88744	0.692752	5542
3	88760	0.692877	5543
3	88776	0.693002	5544
3	88792	0.693127	5545
3	88808	0.693252	5546
3	88824	0.693377	5547
3	88840	0.693502	5548
3	88856	0.693627	5549
3	88872	0.693752	5550
3	88888	0.693877	5551
3	88904	0.694002	5552
3	88920	0.694127	5553
3	88936	0.694252	5554
3	88952	0.694377	5555
3	88968	0.694502	5556
3	88984	0.694627	5557
3	89000	0.694752	5558
3	89016	0.694877	5559
3	89032	0.695002	5560
3	89048	0.695127	5561
3	89064	0.695252	5562
3	89080	0.695377	5563
3	89096	0.695502	5564
3	89112	0.695627	5565
3	89128	0.695752	5566
3	89144	0.695877	5567
3	89160	0.696002	5568
3	89176	0.696127	5569
3	89192	0.696252	5570
3	89208	0.696377	5571
3	89224	0.696502	5572
3	89240	0.696627	5573
3	89256	0.696752	5574
3	89272	0.696877	5575
3	89288	0.697002	5576
3	89304	0.697127	5577
3	89320	0.697252	5578
3	89336	0.697377	5579
3	89352	0.697502	5580
3	89368	0.697627	5581
3	89384	0.697752	5582
3	89400	0.697877	5583
3	89416	0.698002	5584
3	89432	0.698127	5585
3	89448	0.698252	5586
3	89464	0.698377	5587
3	89480	0.698502	5588
3	89496	0.698627	5589
3	89512	0.698752	5590
3	89528	0.698877	5591
3	89544	0.699002	5592
3	89560	0.699127	5593
3	89576	0.699252	5594
3	89592	0.699377	5595
3	89608	0.699502	5596
3	89624	0.699627	5597
3	89640	0.699752	5598
3	89656	0.699877	5599
3	89672	0.700002	5600
3	89688	0.700127	5601
3	89704	0.700252	5602
3	89720	0.700377	5603
3	89736	0.700502	5604
3	89752	0.700627	5605
3	89768	0.700752	5606
3	89784	0.700877	5607
3	89800	0.701002	5608
3	89816	0.701127	5609
3	89832	0.701252	5610
3	89848	0.701377	5611
3	89864	0.701502	5612
3	89880	0.701627	5613
3	89896	0.701752	5614
3	89912	0.701877	5615
3	89928	0.702002	5616
3	89944	0.702127	5617
3	89960	0.702252	5618
3	89976	0.702377	5619
3	89992	0.702502	5620
3	90008	0.702627	5621
3	90024	0.702752	5622
3	90040	0.702877	5623
3	90056	0.703002	5624
3	90072	0.703127	5625
3	90088	0.703252	5626
3	90104	0.703377	5627
3	90120	0.703502	5628
3	90136	0.703627	5629
3	90152	0.703752	5630
3	90168	0.703877	5631
3	90184	0.704002	5632
3	90200	0.704127	5633
3	90216	0.704252	5634
3	90236	0.704377	5635
3	90252	0.704502	5636
3	90268	0.704627	5637
3	90284	0.704752	5638
3	90300	0.704877	5639
3	90316	0.705002	5640
3	90332	0.705127	5641
3	90348	0.705252	5642
3	90364	0.705377	5643
3	90380	0.705502	5644
3	90396	0.705627	5645
3	90412	0.705752	5646
3	90428	0.705877	5647
3	90444	0.706002	5648
3	90460	0.706127	5649
3	90476	0.706252	5650
3	90492	0.706377	5651
3	90508	0.706502	5652
3	90524	0.706627	5653
3	90540	0.706752	5654
3	90556	0.706877	5655
3	90572	0.707002	5656
3	90588	0.707127	5657
3	90604	0.707252	5658
3	90620	0.707377	5659
3	90636	0.707502	5660
3	90652	0.707627	5661
3	90668	0.707752	5662
3	90684	0.707877	5663
3	90700	0.708002	5664
3	90716	0.708127	5665
3	90732	0.708252	5666
3	90748	0.708377	5667
3	90764	0.708502	5668
3	90780	0.708627	5669
3	90796	0.708752	5670
3	90812	0.708877	5671
3	90828	0.709002	5672
3	90844	0.709127	5673
3	90860	0.709252	5674
3	90876	0.709377	5675
3	90892	0.709502	5676
3	90908	0.709627	5677
3	90924	0.709752	5678
3	90940	0.709877	5679
3	90956	0.710002	5680
3	90972	0.710127	5681
3	90988	0.710252	5682
3	91004	0.710377	5683
3	91020	0.710502	5684
3	91036	0.710627	5685
3	91052	0.710752	5686
3	91068	0.710877	5687
3	91084	0.711002	5688
3	91100	0.711127	5689
3	91116	0.711252	5690
3	91132	0.711377	5691
3	91148	0.711502	5692
3	91164	0.711627	5693
3	91180	0.711752	5694
3	91196	0.711877	5695
3	91212	0.712002	5696
3	91228	0.712127	5697
3	91244	0.712252	5698
3	91260	0.712377	5699
3	91276	0.712502	5700
3	91292	0.712627	5701
3	91308	0.712752	5702
3	91324	0.712877	5703
3	91340	0.713002	5704
3	91356	0.713127	5705
3	91372	0.713252	5706
3	91388	0.713377	5707
3	91404	0.713502	5708
3	91420	0.713627	5709
3	91436	0.713752	5710
3	91452	0.713877	5711
3	91468	0.714002	5712
3	91484	0.714127	5713
3	91500	0.714252	5714
3	91516	0.714377	5715
3	91532	0.714502	5716
3	91548	0.714627	5717
3	91564	0.714752	5718
3	91580	0.714877	5719
3	91596	0.715002	5720
3	91612	0.715127	5721
3	91628	0.715252	5722
3	91644	0.715377	5723
3	91660	0.715502	5724
3	91676	0.715627	5725
3	91692	0.715752	5726
3	91708	0.715877	5727
3	91724	0.716002	5728
3	91740	0.716127	5729
3	91756	0.716252	5730
3	91772	0.716377	5731
3	91788	0.716502	5732
3	91804	0.716627	5733
3	91820	0.716752	5734
3	91836	0.716877	5735
3	91852	0.717002	5736
3	91868	0.717127	5737
3	91884	0.717252	5738
3	91900	0.717377	5739
3	91916	0.717502	5740
3	91932	0.717627	5741
3	91948	0.717752	5742
3	91964	0.717877	5743
3	91980	0.718002	5744
3	91996	0.718127	5745
3	92012	0.718252	5746
3	92028	0.718377	5747
3	92044	0.718502	5748
3	92060	0.718627	5749
3	92076	0.718752	5750
3	92092	0.718877	5751
3	92108	0.719002	5752
3	92124	0.719127	5753
3	92140	0.719252	5754
3	92156	0.719377	5755
3	92172	0.719502	5756
3	92188	0.719627	5757
3	92204	0.719752	5758
3	92220	0.719877	5759
3	92236	0.720002	5760
3	92252	0.720127	5761
3	92268	0.720252	5762
3	92284	0.720377	5763
3	92300	0.720502	5764
3	92316	0.720627	5765
3	92332	0.720752	5766
3	92348	0.720877	5767
3	92364	0.721002	5768
3	92380	0.721127	5769
3	92396	0.721252	5770
3	92412	0.721377	5771
3	92428	0.721502	5772
3	92444	0.721627	5773
3	92460	0.721752	5774
3	92476	0.721877	5775
3	92492	0.722002	5776
3	92508	0.722127	5777
3	92524	0.722252	5778
3	92540	0.722377	5779
3	92556	0.722502	5780
3	92572	0.722627	5781
3	92588	0.722752	5782
3	92604	0.722877	5783
3	92620	0.723002	5784
3	92636	0.723127	5785
3	92652	0.723252	5786
3	92668	0.723377	5787
3	92684	0.723502	5788
3	92700	0.723627	5789
3	92716	0.723752	5790
3	92732	0.723877	5791
3	92748	0.724002	5792
3	92764	0.724127	5793
3	92780	0.724252	5794
3	92796	0.724377	5795
3	92812	0.724502	5796
3	92828	0.724627	5797
3	92844	0.724752	5798
3	92860	0.724877	5799
3	92876	0.725002	5800
3	92892	0.725127	5801
3	92908	0.725252	5802
3	92924	0.725377	5803
3	92940	0.725502	5804
3	92956	0.725627	5805
3	92972	0.725752	5806
3	92988	0.725877	5807
3	93004	0.726002	5808
3	93020	0.726127	5809
3	93036	0.726252	5810
3	93052	0.726377	5811
3	93068	0.726502	5812
3	93084	0.726627	5813
3	93100	0.726752	5814
3	93116	0.726877	5815
3	93132	0.727002	5816
3	93148	0.727127	5817
3	93164	0.727252	5818
3	93180	0.727377	5819
3	93196	0.727502	5820
3	93212	0.727627	5821
3	93228	0.727752	5822
3	93244	0.727877	5823
3	93260	0.728002	5824
3	93276	0.728127	5825
3	93292	0.728252	5826
3	93308	0.728377	5827
3	93324	0.728502	5828
3	93340	0.728627	5829
3	93356	0.728752	5830
3	93372	0.728877	5831
3	93388	0.729002	5832
3	93404	0.729127	5833
3	93420	0.729252	5834
3	93436	0.729377	5835
3	93452	0.729502	5836
3	93468	0.729627	5837
3	93484	0.729752	5838
3	93500	0.729877	5839
3	93516	0.730002	5840
3	93532	0.730127	5841
3	93548	0.730252	5842
3	93564	0.730377	5843
3	93580	0.730502	5844
3	93596	0.730627	5845
3	93612	0.730752	5846
3	93628	0.730877	5847
3	93644	0.731002	5848
3	93660	0.731127	5849
3	93676	0.731252	5850
3	93692	0.731377	5851
3	93708	0.731502	5852
3	93724	0.731627	5853
3	93740	0.731752	5854
3	93756	0.731877	5855
3	93772	0.732002	5856
3	93788	0.732127	5857
3	93804	0.732252	5858
3	93820	0.732377	5859
3	93836	0.732502	5860
3	93852	0.732627	5861
3	93868	0.732752	5862
3	93884	0.732877	5863
3	93900	0.733002	5864
3	93916	0.733127	5865
3	93932	0.733252	5866
3	93948	0.733377	5867
3	93964	0.733502	5868
3	93980	0.733627	5869
3	93996	0.733752	5870
3	94012	0.733877	5871
3	94028	0.734002	5872
3	94044	0.734127	5873
3	94060	0.734252	5874
3	94076	0.734377	5875
3	94092	0.734502	5876
3	94108	0.734627	5877
3	94124	0.734752	5878
3	94140	0.734877	5879
3	94156	0.735002	5880
3	94172	0.735127	5881
3	94188	0.735252	5882
3	94204	0.735377	5883
3	94220	0.735502	5884
3	94236	0.735627	5885
3	94252	0.735752	5886
3	94268	0.735877	5887
3	94284	0.736002	5888
3	94300	0.736127	5889
3	94316	0.736252	5890
3	94332	0.736377	5891
3	94348	0.736502	5892
3	94364	0.736627	5893
3	94380	0.736752	5894
3	94396	0.736877	5895
3	94412	0.737002	5896
3	94428	0.737127	5897
3	94444	0.737252	5898
3	94460	0.737377	5899
3	94476	0.737502	5900
3	94492	0.737627	5901
3	94508	0.737752	5902
3	94524	0.737877	5903
3	94540	0.738002	5904
3	94556	0.738127	5905
3	94572	0.738252	5906
3	94588	0.738377	5907
3	94604	0.738502	5908
3	94620	0.738627	5909
3	94636	0.738752	5910
3	94652	0.738877	5911
3	94668	0.739002	5912
3	94684	0.739127	5913
3	94700	0.739252	5914
3	94716	0.739377	5915
3	94732	0.739502	5916
3	94748	0.739627	5917
3	94764	0.739752	5918
3	94780	0.739877	5919
3	94796	0.740002	5920
3	94812	0.740127	5921
3	94828	0.740252	5922
3	94844	0.740377	5923
3	94860	0.740502	5924
3	94876	0.740627	5925
3	94892	0.740752	5926
3	94908	0.740877	5927
3	94924	0.741002	5928
3	94940	0.741127	5929
3	94956	0.741252	5930
3	94972	0.741377	5931
3	94992	0.741502	5932
3	95008	0.741627	5933
3	95024	0.741752	5934
3	95040	0.741877	5935
3	95056	0.742002	5936
3	95072	0.742127	5937
3	95088	0.742252	5938
3	95104	0.742377	5939
3	95120	0.742502	5940
3	95136	0.742627	5941
3	95152	0.742752	5942
3	95168	0.742877	5943
3	95184	0.743002	5944
3	95200	0.743127	5945
3	95216	0.743252	5946
3	95232	0.743377	5947
3	95248	0.743502	5948
3	95264	0.743627	5949
3	95280	0.743752	5950
3	95296	0.743877	5951
3	95312	0.744002	5952
3	95328	0.744127	5953
3	95344	0.744252	5954
3	95360	0.744377	5955
3	95376	0.744502	5956
3	95392	0.744627	5957
3	95408	0.744752	5958
3	95424	0.744877	5959
3	95440	0.745002	5960
3	95456	0.745127	5961
3	95472	0.745252	5962
3	95488	0.745377	5963
3	95504	0.745502	5964
3	95520	0.745627	5965
3	95536	0.745752	5966
3	95552	0.745877	5967
3	95568	0.746002	5968
3	95584	0.746127	5969
3	95600	0.746252	5970
3	95616	0.746377	5971
3	95632	0.746502	5972
3	95648	0.746627	5973
3	95664	0.746752	5974
3	95680	0.746877	5975
3	95696	0.747002	5976
3	95712	0.747127	5977
3	95728	0.747252	5978
3	95744	0.747377	5979
3	95760	0.747502	5980
3	95776	0.747627	5981
3	95792	0.747752	5982
3	95808	0.747877	5983
3	95824	0.748002	5984
3	95840	0.748127	5985
3	95856	0.748252	5986
3	95872	0.748377	5987
3	95888	0.748502	5988
3	95904	0.748627	5989
3	95920	0.748752	5990
3	95936	0.748877	5991
3	95952	0.749002	5992
3	95968	0.749127	5993
3	95984	0.749252	5994
3	96000	0.749377	5995
3	96016	0.749502	5996
3	96032	0.749627	5997
3	96048	0.749752	5998
3	96064	0.749877	5999
3	96080	0.750002	6000
3	96096	0.750127	6001
3	96112	0.750252	6002
3	96128	0.750377	6003
3	96144	0.750502	6004
3	96160	0.750627	6005
3	96176	0.750752	6006
3	96192	0.750877	6007
3	96208	0.751002	6008
3	96224	0.751127	6009
3	96240	0.751252	6010
3	96256	0.751377	6011
3	96272	0.751502	6012
3	96288	0.751627	6013
3	96304	0.751752	6014
3	96320	0.751877	6015
3	96336	0.752002	6016
3	96352	0.752127	6017
3	96368	0.752252	6018
3	96384	0.752377	6019
3	96400	0.752502	6020
3	96416	0.752627	6021
3	96432	0.752752	6022
3	96448	0.752877	6023
3	96464	0.753002	6024
3	96480	0.753127	6025
3	96496	0.753252	6026
3	96512	0.753377	6027
3	96528	0.753502	6028
3	96544	0.753627	6029
3	96560	0.753752	6030
3	96576	0.753877	6031
3	96592	0.754002	6032
3	96608	0.754127	6033
3	96624	0.754252	6034
3	96640	0.754377	6035
3	96656	0.754502	6036
3	96672	0.754627	6037
3	96688	0.754752	6038
3	96704	0.754877	6039
3	96720	0.755002	6040
3	96736	0.755127	6041
3	96752	0.755252	6042
3	96768	0.755377	6043
3	96784	0.755502	6044
3	96800	0.755627	6045
3	96816	0.755752	6046
3	96832	0.755877	6047
3	96848	0.756002	6048
3	96864	0.756127	6049
3	96880	0.756252	6050
3	96896	0.756377	6051
3	96912	0.756502	6052
3	96928	0.756627	6053
3	96944	0.756752	6054
3	96960	0.756877	6055
3	96976	0.757002	6056
3	96992	0.757127	6057
3	97008	0.757252	6058
3	97024	0.757377	6059
3	97040	0.757502	6060
3	97056	0.757627	6061
3	97072	0.757752	6062
3	97088	0.757877	6063
3	97104	0.758002	6064
3	97120	0.758127	6065
3	97136	0.758252	6066
3	97152	0.758377	6067
3	97168	0.758502	6068
3	97184	0.758627	6069
3	97200	0.758752	6070
3	97216	0.758877	6071
3	97232	0.759002	6072
3	97248	0.759127	6073
3	97264	0.759252	6074
3	97280	0.759377	6075
3	97296	0.759502	6076
3	97312	0.759627	6077
3	97328	0.759752	6078
3	97344	0.759877	6079
3	97360	0.760002	6080
3	97376	0.760127	6081
3	97392	0.760252	6082
3	97408	0.760377	6083
3	97424	0.760502	6084
3	97440	0.760627	6085
3	97456	0.760752	6086
3	97472	0.760877	6087
3	97488	0.761002	6088
3	97504	0.761127	6089
3	97520	0.761252	6090
3	97536	0.761377	6091
3	97552	0.761502	6092
3	97568	0.761627	6093
3	97584	0.761752	6094
3	97600	0.761877	6095
3	97616	0.762002	6096
3	97632	0.762127	6097
3	97648	0.762252	6098
3	97664	0.762377	6099
3	97680	0.762502	6100
3	97696	0.762627	6101
3	97712	0.762752	6102
3	97728	0.762877	6103
3	97744	0.763002	6104
3	97760	0.763127	6105
3	97776	0.763252	6106
3	97792	0.763377	6107
3	97808	0.763502	6108
3	97824	0.763627	6109
3	97840	0.763752	6110
3	97856	0.763877	6111
3	97872	0.764002	6112
3	97888	0.764127	6113
3	97904	0.764252	6114
3	97920	0.764377	6115
3	97936	0.764502	6116
3	97952	0.764627	6117
3	97968	0.764752	6118
3	97984	0.764877	6119
3	98000	0.765002	6120
3	98016	0.765127	6121
3	98032	0.765252	6122
3	98048	0.765377	6123
3	98064	0.765502	6124
3	98080	0.765627	6125
3	98096	0.765752	6126
3	98112	0.765877	6127
3	98128	0.766002	6128
3	98144	0.766127	6129
3	98160	0.766252	6130
3	98176	0.766377	6131
3	98192	0.766502	6132
3	98208	0.766627	6133
3	98224	0.766752	6134
3	98240	0.766877	6135
3	98256	0.767002	6136
3	98272	0.767127	6137
3	98288	0.767252	6138
3	98304	0.767377	6139
3	98320	0.767502	6140
3	98336	0.767627	6141
3	98352	0.767752	6142
3	98368	0.767877	6143
3	98384	0.768002	6144
3	98400	0.768127	6145
3	98416	0.768252	6146
3	98432	0.768377	6147
3	98448	0.768502	6148
3	98464	0.768627	6149
3	98480	0.768752	6150
3	98496	0.768877	6151
3	98512	0.769002	6152
3	98528	0.769127	6153
3	98544	0.769252	6154
3	98560	0.769377	6155
3	98576	0.769502	6156
3	98592	0.769627	6157
3	98608	0.769752	6158
3	98624	0.769877	6159
3	98640	0.770002	6160
3	98656	0.770127	6161
3	98672	0.770252	6162
3	98688	0.770377	6163
3	98704	0.770502	6164
3	98720	0.770627	6165
3	98736	0.770752	6166
3	98752	0.770877	6167
3	98768	0.771002	6168
3	98784	0.771127	6169
3	98800	0.771252	6170
3	98816	0.771377	6171
3	98832	0.771502	6172
3	98848	0.771627	6173
3	98864	0.771752	6174
3	98880	0.771877	6175
3	98896	0.772002	6176
3	98912	0.772127	6177
3	98928	0.772252	6178
3	98944	0.772377	6179
3	98960	0.772502	6180
3	98976	0.772627	6181
3	98992	0.772752	6182
3	99008	0.772877	6183
3	99024	0.773002	6184
3	99040	0.773127	6185
3	99056	0.773252	6186
3	99072	0.773377	6187
3	99088	0.773502	6188
3	99104	0.773627	6189
3	99120	0.773752	6190
3	99136	0.773877	6191
3	99152	0.774002	6192
3	99168	0.774127	6193
3	99184	0.774252	6194
3	99200	0.774377	6195
3	99216	0.774502	6196
3	99232	0.774627	6197
3	99248	0.774752	6198
3	99264	0.774877	6199
3	99280	0.775002	6200
3	99296	0.775127	6201
3	99312	0.775252	6202
3	99328	0.775377	6203
3	99344	0.775502	6204
3	99360	0.775627	6205
3	99376	0.775752	6206
3	99392	0.775877	6207
3	99408	0.776002	6208
3	99424	0.776127	6209
3	99440	0.776252	6210
3	99456	0.776377	6211
3	99472	0.776502	6212
3	99488	0.776627	6213
3	99504	0.776752	6214
3	99520	0.776877	6215
3	99536	0.777002	6216
3	99552	0.777127	6217
3	99568	0.777252	6218
3	99584	0.777377	6219
3	99600	0.777502	6220
3	99616	0.777627	6221
3	99632	0.777752	6222
3	99648	0.777877	6223
3	99664	0.778002	6224
3	99680	0.778127	6225
3	99696	0.778252	6226
3	99712	0.778377	6227
3	99728	0.778502	6228
3	99748	0.778627	6229
3	99764	0.778752	6230
3	99780	0.778877	6231
3	99796	0.779002	6232
3	99812	0.779127	6233
3	99828	0.779252	6234
3	99844	0.779377	6235
3	99860	0.779502	6236
3	99876	0.779627	6237
3	99892	0.779752	6238
3	99908	0.779877	6239
3	99924	0.780002	6240
3	99940	0.780127	6241
3	99956	0.780252	6242
3	99972	0.780377	6243
3	99988	0.780502	6244
3	100004	0.780627	6245
3	100020	0.780752	6246
3	100036	0.780877	6247
3	100052	0.781002	6248
3	100068	0.781127	6249
3	100084	0.781252	6250
3	100100	0.781377	6251
3	100116	0.781502	6252
3	100132	0.781627	6253
3	100148	0.781752	6254
3	100164	0.781877	6255
3	100180	0.782002	6256
3	100196	0.782127	6257
3	100212	0.782252	6258
3	100228	0.782377	6259
3	100244	0.782502	6260
3	100260	0.782627	6261
3	100276	0.782752	6262
3	100292	0.782877	6263
3	100308	0.783002	6264
3	100324	0.783127	6265
3	100340	0.783252	6266
3	100356	0.783377	6267
3	100372	0.783502	6268
3	100388	0.783627	6269
3	100404	0.783752	6270
3	100420	0.783877	6271
3	100436	0.784002	6272
3	100452	0.784127	6273
3	100468	0.784252	6274
3	100484	0.784377	6275
3	100500	0.784502	6276
3	100516	0.784627	6277
3	100532	0.784752	6278
3	100548	0.784877	6279
3	100564	0.785002	6280
3	100580	0.785127	6281
3	100596	0.785252	6282
3	100612	0.785377	6283
3	100628	0.785502	6284
3	100644	0.785627	6285
3	100660	0.785752	6286
3	100676	0.785877	6287
3	100692	0.786002	6288
3	100708	0.786127	6289
3	100724	0.786252	6290
3	100740	0.786377	6291
3	100756	0.786502	6292
3	100772	0.786627	6293
3	100788	0.786752	6294
3	100804	0.786877	6295
3	100820	0.787002	6296
3	100836	0.787127	6297
3	100852	0.787252	6298
3	100868	0.787377	6299
3	100884	0.787502	6300
3	100900	0.787627	6301
3	100916	0.787752	6302
3	100932	0.787877	6303
3	100948	0.788002	6304
3	100964	0.788127	6305
3	100980	0.788252	6306
3	100996	0.788377	6307
3	101012	0.788502	6308
3	101028	0.788627	6309
3	101044	0.788752	6310
3	101060	0.788877	6311
3	101076	0.789002	6312
3	101092	0.789127	6313
3	101108	0.789252	6314
3	101124	0.789377	6315
3	101140	0.789502	6316
3	101156	0.789627	6317
3	101172	0.789752	6318
3	101188	0.789877	6319
3	101204	0.790002	6320
3	101220	0.790127	6321
3	101236	0.790252	6322
3	101252	0.790377	6323
3	101268	0.790502	6324
3	101284	0.790627	6325
3	101300	0.790752	6326
3	101316	0.790877	6327
3	101332	0.791002	6328
3	101348	0.791127	6329
3	101364	0.791252	6330
3	101380	0.791377	6331
3	101396	0.791502	6332
3	101412	0.791627	6333
3	101428	0.791752	6334
3	101444	0.791877	6335
3	101460	0.792002	6336
3	101476	0.792127	6337
3	101492	0.792252	6338
3	101508	0.792377	6339
3	101524	0.792502	6340
3	101540	0.792627	6341
3	101556	0.792752	6342
3	101572	0.792877	6343
3	101588	0.793002	6344
3	101604	0.793127	6345
3	101620	0.793252	6346
3	101636	0.793377	6347
3	101652	0.793502	6348
3	101668	0.793627	6349
3	101684	0.793752	6350
3	101700	0.793877	6351
3	101716	0.794002	6352
3	101732	0.794127	6353
3	101748	0.794252	6354
3	101764	0.794377	6355
3	101780	0.794502	6356
3	101796	0.794627	6357
3	101812	0.794752	6358
3	101828	0.794877	6359
3	101844	0.795002	6360
3	101860	0.795127	6361
3	101876	0.795252	6362
3	101892	0.795377	6363
3	101908	0.795502	6364
3	101924	0.795627	6365
3	101940	0.795752	6366
3	101956	0.795877	6367
3	101972	0.796002	6368
3	101988	0.796127	6369
3	102004	0.796252	6370
3	102020	0.796377	6371
3	102036	0.796502	6372
3	102052	0.796627	6373
3	102068	0.796752	6374
3	102084	0.796877	6375
3	102100	0.797002	6376
3	102116	0.797127	6377
3	102132	0.797252	6378
3	102148	0.797377	6379
3	102164	0.797502	6380
3	102180	0.797627	6381
3	102196	0.797752	6382
3	102212	0.797877	6383
3	102228	0.798002	6384
3	102244	0.798127	6385
3	102260	0.798252	6386
3	102276	0.798377	6387
3	102292	0.798502	6388
3	102308	0.798627	6389
3	102324	0.798752	6390
3	102340	0.798877	6391
3	102356	0.799002	6392
3	102372	0.799127	6393
3	102388	0.799252	6394
3	102404	0.799377	6395
3	102420	0.799502	6396
3	102436	0.799627	6397
3	102452	0.799752	6398
3	102468	0.799877	6399
3	102484	0.800002	6400
3	102500	0.800127	6401
3	102516	0.800252	6402
3	102532	0.800377	6403
3	102548	0.800502	6404
3	102564	0.800627	6405
3	102580	0.800752	6406
3	102596	0.800877	6407
3	102612	0.801002	6408
3	102628	0.801127	6409
3	102644	0.801252	6410
3	102660	0.801377	6411
3	102676	0.801502	6412
3	102692	0.801627	6413
3	102708	0.801752	6414
3	102724	0.801877	6415
3	102740	0.802002	6416
3	102756	0.802127	6417
3	102772	0.802252	6418
3	102788	0.802377	6419
3	102804	0.802502	6420
3	102820	0.802627	6421
3	102836	0.802752	6422
3	102852	0.802877	6423
3	102868	0.803002	6424
3	102884	0.803127	6425
3	102900	0.803252	6426
3	102916	0.803377	6427
3	102932	0.803502	6428
3	102948	0.803627	6429
3	102964	0.803752	6430
3	102980	0.803877	6431
3	102996	0.804002	6432
3	103012	0.804127	6433
3	103028	0.804252	6434
3	103044	0.804377	6435
3	103060	0.804502	6436
3	103076	0.804627	6437
3	103092	0.804752	6438
3	103108	0.804877	6439
3	103124	0.805002	6440
3	103140	0.805127	6441
3	103156	0.805252	6442
3	103172	0.805377	6443
3	103188	0.805502	6444
3	103204	0.805627	6445
3	103220	0.805752	6446
3	103236	0.805877	6447
3	103252	0.806002	6448
3	103268	0.806127	6449
3	103284	0.806252	6450
3	103300	0.806377	6451
3	103316	0.806502	6452
3	103332	0.806627	6453
3	103348	0.806752	6454
3	103364	0.806877	6455
3	103380	0.807002	6456
3	103396	0.807127	6457
3	103412	0.807252	6458
3	103428	0.807377	6459
3	103444	0.807502	6460
3	103460	0.807627	6461
3	103476	0.807752	6462
3	103492	0.807877	6463
3	103508	0.808002	6464
3	103524	0.808127	6465
3	103540	0.808252	6466
3	103556	0.808377	6467
3	103572	0.808502	6468
3	103588	0.808627	6469
3	103604	0.808752	6470
3	103620	0.808877	6471
3	103636	0.809002	6472
3	103652	0.809127	6473
3	103668	0.809252	6474
3	103684	0.809377	6475
3	103700	0.809502	6476
3	103716	0.809627	6477
3	103732	0.809752	6478
3	103748	0.809877	6479
3	103764	0.810002	6480
3	103780	0.810127	6481
3	103796	0.810252	6482
3	103812	0.810377	6483
3	103828	0.810502	6484
3	103844	0.810627	6485
3	103860	0.810752	6486
3	103876	0.810877	6487
3	103892	0.811002	6488
3	103908	0.811127	6489
3	103924	0.811252	6490
3	103940	0.811377	6491
3	103956	0.811502	6492
3	103972	0.811627	6493
3	103988	0.811752	6494
3	104004	0.811877	6495
3	104020	0.812002	6496
3	104036	0.812127	6497
3	104052	0.812252	6498
3	104068	0.812377	6499
3	104084	0.812502	6500
3	104100	0.812627	6501
3	104116	0.812752	6502
3	104132	0.812877	6503
3	104148	0.813002	6504
3	104164	0.813127	6505
3	104180	0.813252	6506
3	104196	0.813377	6507
3	104212	0.813502	6508
3	104228	0.813627	6509
3	104244	0.813752	6510
3	104260	0.813877	6511
3	104276	0.814002	6512
3	104292	0.814127	6513
3	104308	0.814252	6514
3	104324	0.814377	6515
3	104340	0.814502	6516
3	104356	0.814627	6517
3	104372	0.814752	6518
3	104388	0.814877	6519
3	104404	0.815002	6520
3	104420	0.815127	6521
3	104436	0.815252	6522
3	104452	0.815377	6523
3	104468	0.815502	6524
3	104484	0.815627	6525
3	104502	0.815752	6526
3	104520	0.815877	6527
3	104536	0.816002	6528
3	104552	0.816127	6529
3	104568	0.816252	6530
3	104584	0.816377	6531
3	104600	0.816502	6532
3	104616	0.816627	6533
3	104632	0.816752	6534
3	104648	0.816877	6535
3	104664	0.817002	6536
3	104680	0.817127	6537
3	104696	0.817252	6538
3	104712	0.817377	6539
3	104728	0.817502	6540
3	104744	0.817627	6541
3	104760	0.817752	6542
3	104776	0.817877	6543
3	104792	0.818002	6544
3	104808	0.818127	6545
3	104824	0.818252	6546
3	104840	0.818377	6547
3	104856	0.818502	6548
3	104872	0.818627	6549
3	104888	0.818752	6550
3	104904	0.818877	6551
3	104920	0.819002	6552
3	104936	0.819127	6553
3	104952	0.819252	6554
3	104968	0.819377	6555
3	104984	0.819502	6556
3	105000	0.819627	6557
3	105016	0.819752	6558
3	105032	0.819877	6559
3	105048	0.820002	6560
3	105064	0.820127	6561
3	105080	0.820252	6562
3	105096	0.820377	6563
3	105112	0.820502	6564
3	105128	0.820627	6565
3	105144	0.820752	6566
3	105160	0.820877	6567
3	105176	0.821002	6568
3	105192	0.821127	6569
3	105208	0.821252	6570
3	105224	0.821377	6571
3	105240	0.821502	6572
3	105256	0.821627	6573
3	105272	0.821752	6574
3	105288	0.821877	6575
3	105304	0.822002	6576
3	105320	0.822127	6577
3	105336	0.822252	6578
3	105352	0.822377	6579
3	105368	0.822502	6580
3	105384	0.822627	6581
3	105400	0.822752	6582
3	105416	0.822877	6583
3	105432	0.823002	6584
3	105448	0.823127	6585
3	105464	0.823252	6586
3	105480	0.823377	6587
3	105496	0.823502	6588
3	105512	0.823627	6589
3	105528	0.823752	6590
3	105544	0.823877	6591
3	105560	0.824002	6592
3	105576	0.824127	6593
3	105592	0.824252	6594
3	105608	0.824377	6595
3	105624	0.824502	6596
3	105640	0.824627	6597
3	105656	0.824752	6598
3	105672	0.824877	6599
3	105688	0.825002	6600
3	105704	0.825127	6601
3	105720	0.825252	6602
3	105736	0.825377	6603
3	105752	0.825502	6604
3	105768	0.825627	6605
3	105784	0.825752	6606
3	105800	0.825877	6607
3	105816	0.826002	6608
3	105832	0.826127	6609
3	105848	0.826252	6610
3	105864	0.826377	6611
3	105880	0.826502	6612
3	105896	0.826627	6613
3	105912	0.826752	6614
3	105928	0.826877	6615
3	105944	0.827002	6616
3	105960	0.827127	6617
3	105976	0.827252	6618
3	105992	0.827377	6619
3	106008	0.827502	6620
3	106024	0.827627	6621
3	106040	0.827752	6622
3	106056	0.827877	6623
3	106072	0.828002	6624
3	106088	0.828127	6625
3	106104	0.828252	6626
3	106120	0.828377	6627
3	106136	0.828502	6628
3	106152	0.828627	6629
3	106168	0.828752	6630
3	106184	0.828877	6631
3	106200	0.829002	6632
3	106216	0.829127	6633
3	106232	0.829252	6634
3	106248	0.829377	6635
3	106264	0.829502	6636
3	106280	0.829627	6637
3	106296	0.829752	6638
3	106312	0.829877	6639
3	106328	0.830002	6640
3	106344	0.830127	6641
3	106360	0.830252	6642
3	106376	0.830377	6643
3	106392	0.830502	6644
3	106408	0.830627	6645
3	106424	0.830752	6646
3	106440	0.830877	6647
3	106456	0.831002	6648
3	106472	0.831127	6649
3	106488	0.831252	6650
3	106504	0.831377	6651
3	106520	0.831502	6652
3	106536	0.831627	6653
3	106552	0.831752	6654
3	106568	0.831877	6655
3	106584	0.832002	6656
3	106600	0.832127	6657
3	106616	0.832252	6658
3	106632	0.832377	6659
3	106648	0.832502	6660
3	106664	0.832627	6661
3	106680	0.832752	6662
3	106696	0.832877	6663
3	106712	0.833002	6664
3	106728	0.833127	6665
3	106744	0.833252	6666
3	106760	0.833377	6667
3	106776	0.833502	6668
3	106792	0.833627	6669
3	106808	0.833752	6670
3	106824	0.833877	6671
3	106840	0.834002	6672
3	106856	0.834127	6673
3	106872	0.834252	6674
3	106888	0.834377	6675
3	106904	0.834502	6676
3	106920	0.834627	6677
3	106936	0.834752	6678
3	106952	0.834877	6679
3	106968	0.835002	6680
3	106984	0.835127	6681
3	107000	0.835252	6682
3	107016	0.835377	6683
3	107032	0.835502	6684
3	107048	0.835627	6685
3	107064	0.835752	6686
3	107080	0.835877	6687
3	107096	0.836002	6688
3	107112	0.836127	6689
3	107128	0.836252	6690
3	107144	0.836377	6691
3	107160	0.836502	6692
3	107176	0.836627	6693
3	107192	0.836752	6694
3	107208	0.836877	6695
3	107224	0.837002	6696
3	107240	0.837127	6697
3	107256	0.837252	6698
3	107272	0.837377	6699
3	107288	0.837502	6700
3	107304	0.837627	6701
3	107320	0.837752	6702
3	107336	0.837877	6703
3	107352	0.838002	6704
3	107368	0.838127	6705
3	107384	0.838252	6706
3	107400	0.838377	6707
3	107416	0.838502	6708
3	107432	0.838627	6709
3	107448	0.838752	6710
3	107464	0.838877	6711
3	107480	0.839002	6712
3	107496	0.839127	6713
3	107512	0.839252	6714
3	107528	0.839377	6715
3	107544	0.839502	6716
3	107560	0.839627	6717
3	107576	0.839752	6718
3	107592	0.839877	6719
3	107608	0.840002	6720
3	107624	0.840127	6721
3	107640	0.840252	6722
3	107656	0.840377	6723
3	107672	0.840502	6724
3	107688	0.840627	6725
3	107704	0.840752	6726
3	107720	0.840877	6727
3	107736	0.841002	6728
3	107752	0.841127	6729
3	107768	0.841252	6730
3	107784	0.841377	6731
3	107800	0.841502	6732
3	107816	0.841627	6733
3	107832	0.841752	6734
3	107848	0.841877	6735
3	107864	0.842002	6736
3	107880	0.842127	6737
3	107896	0.842252	6738
3	107912	0.842377	6739
3	107928	0.842502	6740
3	107944	0.842627	6741
3	107960	0.842752	6742
3	107976	0.842877	6743
3	107992	0.843002	6744
3	108008	0.843127	6745
3	108024	0.843252	6746
3	108040	0.843377	6747
3	108056	0.843502	6748
3	108072	0.843627	6749
3	108088	0.843752	6750
3	108104	0.843877	6751
3	108120	0.844002	6752
3	108136	0.844127	6753
3	108152	0.844252	6754
3	108168	0.844377	6755
3	108184	0.844502	6756
3	108200	0.844627	6757
3	108216	0.844752	6758
3	108232	0.844877	6759
3	108248	0.845002	6760
3	108264	0.845127	6761
3	108280	0.845252	6762
3	108296	0.845377	6763
3	108312	0.845502	6764
3	108328	0.845627	6765
3	108344	0.845752	6766
3	108360	0.845877	6767
3	108376	0.846002	6768
3	108392	0.846127	6769
3	108408	0.846252	6770
3	108424	0.846377	6771
3	108440	0.846502	6772
3	108456	0.846627	6773
3	108472	0.846752	6774
3	108488	0.846877	6775
3	108504	0.847002	6776
3	108520	0.847127	6777
3	108536	0.847252	6778
3	108552	0.847377	6779
3	108568	0.847502	6780
3	108584	0.847627	6781
3	108600	0.847752	6782
3	108616	0.847877	6783
3	108632	0.848002	6784
3	108648	0.848127	6785
3	108664	0.848252	6786
3	108680	0.848377	6787
3	108696	0.848502	6788
3	108712	0.848627	6789
3	108728	0.848752	6790
3	108744	0.848877	6791
3	108760	0.849002	6792
3	108776	0.849127	6793
3	108792	0.849252	6794
3	108808	0.849377	6795
3	108824	0.849502	6796
3	108840	0.849627	6797
3	108856	0.849752	6798
3	108872	0.849877	6799
3	108888	0.850002	6800
3	108904	0.850127	6801
3	108920	0.850252	6802
3	108936	0.850377	6803
3	108952	0.850502	6804
3	108968	0.850627	6805
3	108984	0.850752	6806
3	109000	0.850877	6807
3	109016	0.851002	6808
3	109032	0.851127	6809
3	109048	0.851252	6810
3	109064	0.851377	6811
3	109080	0.851502	6812
3	109096	0.851627	6813
3	109112	0.851752	6814
3	109128	0.851877	6815
3	109144	0.852002	6816
3	109160	0.852127	6817
3	109176	0.852252	6818
3	109192	0.852377	6819
3	109208	0.852502	6820
3	109224	0.852627	6821
3	109240	0.852752	6822
3	109256	0.852877	6823
3	109276	0.853002	6824
3	109292	0.853127	6825
3	109308	0.853252	6826
3	109324	0.853377	6827
3	109340	0.853502	6828
3	109356	0.853627	6829
3	109372	0.853752	6830
3	109388	0.853877	6831
3	109404	0.854002	6832
3	109420	0.854127	6833
3	109436	0.854252	6834
3	109452	0.854377	6835
3	109468	0.854502	6836
3	109484	0.854627	6837
3	109500	0.854752	6838
3	109516	0.854877	6839
3	109532	0.855002	6840
3	109548	0.855127	6841
3	109564	0.855252	6842
3	109580	0.855377	6843
3	109596	0.855502	6844
3	109612	0.855627	6845
3	109628	0.855752	6846
3	109644	0.855877	6847
3	109660	0.856002	6848
3	109676	0.856127	6849
3	109692	0.856252	6850
3	109708	0.856377	6851
3	109724	0.856502	6852
3	109740	0.856627	6853
3	109756	0.856752	6854
3	109772	0.856877	6855
3	109788	0.857002	6856
3	109804	0.857127	6857
3	109820	0.857252	6858
3	109836	0.857377	6859
3	109852	0.857502	6860
3	109868	0.857627	6861
3	109884	0.857752	6862
3	109900	0.857877	6863
3	109916	0.858002	6864
3	109932	0.858127	6865
3	109948	0.858252	6866
3	109964	0.858377	6867
3	109980	0.858502	6868
3	109996	0.858627	6869
3	110012	0.858752	6870
3	110028	0.858877	6871
3	110044	0.859002	6872
3	110060	0.859127	6873
3	110076	0.859252	6874
3	110092	0.859377	6875
3	110108	0.859502	6876
3	110124	0.859627	6877
3	110140	0.859752	6878
3	110156	0.859877	6879
3	110172	0.860002	6880
3	110188	0.860127	6881
3	110204	0.860252	6882
3	110220	0.860377	6883
3	110236	0.860502	6884
3	110252	0.860627	6885
3	110268	0.860752	6886
3	110284	0.860877	6887
3	110300	0.861002	6888
3	110316	0.861127	6889
3	110332	0.861252	6890
3	110348	0.861377	6891
3	110364	0.861502	6892
3	110380	0.861627	6893
3	110396	0.861752	6894
3	110412	0.861877	6895
3	110428	0.862002	6896
3	110444	0.862127	6897
3	110460	0.862252	6898
3	110476	0.862377	6899
3	110492	0.862502	6900
3	110508	0.862627	6901
3	110524	0.862752	6902
3	110540	0.862877	6903
3	110556	0.863002	6904
3	110572	0.863127	6905
3	110588	0.863252	6906
3	110604	0.863377	6907
3	110620	0.863502	6908
3	110636	0.863627	6909
3	110652	0.863752	6910
3	110668	0.863877	6911
3	110684	0.864002	6912
3	110700	0.864127	6913
3	110716	0.864252	6914
3	110732	0.864377	6915
3	110748	0.864502	6916
3	110764	0.864627	6917
3	110780	0.864752	6918
3	110796	0.864877	6919
3	110812	0.865002	6920
3	110828	0.865127	6921
3	110844	0.865252	6922
3	110860	0.865377	6923
3	110876	0.865502	6924
3	110892	0.865627	6925
3	110908	0.865752	6926
3	110924	0.865877	6927
3	110940	0.866002	6928
3	110956	0.866127	6929
3	110972	0.866252	6930
3	110988	0.866377	6931
3	111004	0.866502	6932
3	111020	0.866627	6933
3	111036	0.866752	6934
3	111052	0.866877	6935
3	111068	0.867002	6936
3	111084	0.867127	6937
3	111100	0.867252	6938
3	111116	0.867377	6939
3	111132	0.867502	6940
3	111148	0.867627	6941
3	111164	0.867752	6942
3	111180	0.867877	6943
3	111196	0.868002	6944
3	111212	0.868127	6945
3	111228	0.868252	6946
3	111244	0.868377	6947
3	111260	0.868502	6948
3	111276	0.868627	6949
3	111292	0.868752	6950
3	111308	0.868877	6951
3	111324	0.869002	6952
3	111340	0.869127	6953
3	111356	0.869252	6954
3	111372	0.869377	6955
3	111388	0.869502	6956
3	111404	0.869627	6957
3	111420	0.869752	6958
3	111436	0.869877	6959
3	111452	0.870002	6960
3	111468	0.870127	6961
3	111484	0.870252	6962
3	111500	0.870377	6963
3	111516	0.870502	6964
3	111532	0.870627	6965
3	111548	0.870752	6966
3	111564	0.870877	6967
3	111580	0.871002	6968
3	111596	0.871127	6969
3	111612	0.871252	6970
3	111628	0.871377	6971
3	111644	0.871502	6972
3	111660	0.871627	6973
3	111676	0.871752	6974
3	111692	0.871877	6975
3	111708	0.872002	6976
3	111724	0.872127	6977
3	111740	0.872252	6978
3	111756	0.872377	6979
3	111772	0.872502	6980
3	111788	0.872627	6981
3	111804	0.872752	6982
3	111820	0.872877	6983
3	111836	0.873002	6984
3	111852	0.873127	6985
3	111868	0.873252	6986
3	111884	0.873377	6987
3	111900	0.873502	6988
3	111916	0.873627	6989
3	111932	0.873752	6990
3	111948	0.873877	6991
3	111964	0.874002	6992
3	111980	0.874127	6993
3	111996	0.874252	6994
3	112012	0.874377	6995
3	112028	0.874502	6996
3	112044	0.874627	6997
3	112060	0.874752	6998
3	112076	0.874877	6999
3	112092	0.875002	7000
3	112108	0.875127	7001
3	112124	0.875252	7002
3	112140	0.875377	7003
3	112156	0.875502	7004
3	112172	0.875627	7005
3	112188	0.875752	7006
3	112204	0.875877	7007
3	112220	0.876002	7008
3	112236	0.876127	7009
3	112252	0.876252	7010
3	112268	0.876377	7011
3	112284	0.876502	7012
3	112300	0.876627	7013
3	112316	0.876752	7014
3	112332	0.876877	7015
3	112348	0.877002	7016
3	112364	0.877127	7017
3	112380	0.877252	7018
3	112396	0.877377	7019
3	112412	0.877502	7020
3	112428	0.877627	7021
3	112444	0.877752	7022
3	112460	0.877877	7023
3	112476	0.878002	7024
3	112492	0.878127	7025
3	112508	0.878252	7026
3	112524	0.878377	7027
3	112540	0.878502	7028
3	112556	0.878627	7029
3	112572	0.878752	7030
3	112588	0.878877	7031
3	112604	0.879002	7032
3	112620	0.879127	7033
3	112636	0.879252	7034
3	112652	0.879377	7035
3	112668	0.879502	7036
3	112684	0.879627	7037
3	112700	0.879752	7038
3	112716	0.879877	7039
3	112732	0.880002	7040
3	112748	0.880127	7041
3	112764	0.880252	7042
3	112780	0.880377	7043
3	112796	0.880502	7044
3	112812	0.880627	7045
3	112828	0.880752	7046
3	112844	0.880877	7047
3	112860	0.881002	7048
3	112876	0.881127	7049
3	112892	0.881252	7050
3	112908	0.881377	7051
3	112924	0.881502	7052
3	112940	0.881627	7053
3	112956	0.881752	7054
3	112972	0.881877	7055
3	112988	0.882002	7056
3	113004	0.882127	7057
3	113020	0.882252	7058
3	113036	0.882377	7059
3	113052	0.882502	7060
3	113068	0.882627	7061
3	113084	0.882752	7062
3	113100	0.882877	7063
3	113116	0.883002	7064
3	113132	0.883127	7065
3	113148	0.883252	7066
3	113164	0.883377	7067
3	113180	0.883502	7068
3	113196	0.883627	7069
3	113212	0.883752	7070
3	113228	0.883877	7071
3	113244	0.884002	7072
3	113260	0.884127	7073
3	113276	0.884252	7074
3	113292	0.884377	7075
3	113308	0.884502	7076
3	113324	0.884627	7077
3	113340	0.884752	7078
3	113356	0.884877	7079
3	113372	0.885002	7080
3	113388	0.885127	7081
3	113404	0.885252	7082
3	113420	0.885377	7083
3	113436	0.885502	7084
3	113452	0.885627	7085
3	113468	0.885752	7086
3	113484	0.885877	7087
3	113500	0.886002	7088
3	113516	0.886127	7089
3	113532	0.886252	7090
3	113548	0.886377	7091
3	113564	0.886502	7092
3	113580	0.886627	7093
3	113596	0.886752	7094
3	113612	0.886877	7095
3	113628	0.887002	7096
3	113644	0.887127	7097
3	113660	0.887252	7098
3	113676	0.887377	7099
3	113692	0.887502	7100
3	113708	0.887627	7101
3	113724	0.887752	7102
3	113740	0.887877	7103
3	113756	0.888002	7104
3	113772	0.888127	7105
3	113788	0.888252	7106
3	113804	0.888377	7107
3	113820	0.888502	7108
3	113836	0.888627	7109
3	113852	0.888752	7110
3	113868	0.888877	7111
3	113884	0.889002	7112
3	113900	0.889127	7113
3	113916	0.889252	7114
3	113932	0.889377	7115
3	113948	0.889502	7116
3	113964	0.889627	7117
3	113980	0.889752	7118
3	113996	0.889877	7119
3	114012	0.890002	7120
3	114032	0.890127	7121
3	114048	0.890252	7122
3	114064	0.890377	7123
3	114080	0.890502	7124
3	114096	0.890627	7125
3	114112	0.890752	7126
3	114128	0.890877	7127
3	114144	0.891002	7128
3	114160	0.891127	7129
3	114176	0.891252	7130
3	114192	0.891377	7131
3	114208	0.891502	7132
3	114224	0.891627	7133
3	114240	0.891752	7134
3	114256	0.891877	7135
3	114272	0.892002	7136
3	114288	0.892127	7137
3	114304	0.892252	7138
3	114320	0.892377	7139
3	114336	0.892502	7140
3	114352	0.892627	7141
3	114368	0.892752	7142
3	114384	0.892877	7143
3	114400	0.893002	7144
3	114416	0.893127	7145
3	114432	0.893252	7146
3	114448	0.893377	7147
3	114464	0.893502	7148
3	114480	0.893627	7149
3	114496	0.893752	7150
3	114512	0.893877	7151
3	114528	0.894002	7152
3	114544	0.894127	7153
3	114560	0.894252	7154
3	114576	0.894377	7155
3	114592	0.894502	7156
3	114608	0.894627	7157
3	114624	0.894752	7158
3	114640	0.894877	7159
3	114656	0.895002	7160
3	114672	0.895127	7161
3	114688	0.895252	7162
3	114704	0.895377	7163
3	114720	0.895502	7164
3	114736	0.895627	7165
3	114752	0.895752	7166
3	114768	0.895877	7167
3	114784	0.896002	7168
3	114800	0.896127	7169
3	114816	0.896252	7170
3	114832	0.896377	7171
3	114848	0.896502	7172
3	114864	0.896627	7173
3	114880	0.896752	7174
3	114896	0.896877	7175
3	114912	0.897002	7176
3	114928	0.897127	7177
3	114944	0.897252	7178
3	114960	0.897377	7179
3	114976	0.897502	7180
3	114992	0.897627	7181
3	115008	0.897752	7182
3	115024	0.897877	7183
3	115040	0.898002	7184
3	115056	0.898127	7185
3	115072	0.898252	7186
3	115088	0.898377	7187
3	115104	0.898502	7188
3	115120	0.898627	7189
3	115136	0.898752	7190
3	115152	0.898877	7191
3	115168	0.899002	7192
3	115184	0.899127	7193
3	115200	0.899252	7194
3	115216	0.899377	7195
3	115232	0.899502	7196
3	115248	0.899627	7197
3	115264	0.899752	7198
3	115280	0.899877	7199
3	115296	0.900002	7200
3	115312	0.900127	7201
3	115328	0.900252	7202
3	115344	0.900377	7203
3	115360	0.900502	7204
3	115376	0.900627	7205
3	115392	0.900752	7206
3	115408	0.900877	7207
3	115424	0.901002	7208
3	115440	0.901127	7209
3	115456	0.901252	7210
3	115472	0.901377	7211
3	115488	0.901502	7212
3	115504	0.901627	7213
3	115520	0.901752	7214
3	115536	0.901877	7215
3	115552	0.902002	7216
3	115568	0.902127	7217
3	115584	0.902252	7218
3	115600	0.902377	7219
3	115616	0.902502	7220
3	115632	0.902627	7221
3	115648	0.902752	7222
3	115664	0.902877	7223
3	115680	0.903002	7224
3	115696	0.903127	7225
3	115712	0.903252	7226
3	115728	0.903377	7227
3	115744	0.903502	7228
3	115760	0.903627	7229
3	115776	0.903752	7230
3	115792	0.903877	7231
3	115808	0.904002	7232
3	115824	0.904127	7233
3	115840	0.904252	7234
3	115856	0.904377	7235
3	115872	0.904502	7236
3	115888	0.904627	7237
3	115904	0.904752	7238
3	115920	0.904877	7239
3	115936	0.905002	7240
3	115952	0.905127	7241
3	115968	0.905252	7242
3	115984	0.905377	7243
3	116000	0.905502	7244
3	116016	0.905627	7245
3	116032	0.905752	7246
3	116048	0.905877	7247
3	116064	0.906002	7248
3	116080	0.906127	7249
3	116096	0.906252	7250
3	116112	0.906377	7251
3	116128	0.906502	7252
3	116144	0.906627	7253
3	116160	0.906752	7254
3	116176	0.906877	7255
3	116192	0.907002	7256
3	116208	0.907127	7257
3	116224	0.907252	7258
3	116240	0.907377	7259
3	116256	0.907502	7260
3	116272	0.907627	7261
3	116288	0.907752	7262
3	116304	0.907877	7263
3	116320	0.908002	7264
3	116336	0.908127	7265
3	116352	0.908252	7266
3	116368	0.908377	7267
3	116384	0.908502	7268
3	116400	0.908627	7269
3	116416	0.908752	7270
3	116432	0.908877	7271
3	116448	0.909002	7272
3	116464	0.909127	7273
3	116480	0.909252	7274
3	116496	0.909377	7275
3	116512	0.909502	7276
3	116528	0.909627	7277
3	116544	0.909752	7278
3	116560	0.909877	7279
3	116576	0.910002	7280
3	116592	0.910127	7281
3	116608	0.910252	7282
3	116624	0.910377	7283
3	116640	0.910502	7284
3	116656	0.910627	7285
3	116672	0.910752	7286
3	116688	0.910877	7287
3	116704	0.911002	7288
3	116720	0.911127	7289
3	116736	0.911252	7290
3	116752	0.911377	7291
3	116768	0.911502	7292
3	116784	0.911627	7293
3	116800	0.911752	7294
3	116816	0.911877	7295
3	116832	0.912002	7296
3	116848	0.912127	7297
3	116864	0.912252	7298
3	116880	0.912377	7299
3	116896	0.912502	7300
3	116912	0.912627	7301
3	116928	0.912752	7302
3	116944	0.912877	7303
3	116960	0.913002	7304
3	116976	0.913127	7305
3	116992	0.913252	7306
3	117008	0.913377	7307
3	117024	0.913502	7308
3	117040	0.913627	7309
3	117056	0.913752	7310
3	117072	0.913877	7311
3	117088	0.914002	7312
3	117104	0.914127	7313
3	117120	0.914252	7314
3	117136	0.914377	7315
3	117152	0.914502	7316
3	117168	0.914627	7317
3	117184	0.914752	7318
3	117200	0.914877	7319
3	117216	0.915002	7320
3	117232	0.915127	7321
3	117248	0.915252	7322
3	117264	0.915377	7323
3	117280	0.915502	7324
3	117296	0.915627	7325
3	117312	0.915752	7326
3	117328	0.915877	7327
3	117344	0.916002	7328
3	117360	0.916127	7329
3	117376	0.916252	7330
3	117392	0.916377	7331
3	117408	0.916502	7332
3	117424	0.916627	7333
3	117440	0.916752	7334
3	117456	0.916877	7335
3	117472	0.917002	7336
3	117488	0.917127	7337
3	117504	0.917252	7338
3	117520	0.917377	7339
3	117536	0.917502	7340
3	117552	0.917627	7341
3	117568	0.917752	7342
3	117584	0.917877	7343
3	117600	0.918002	7344
3	117616	0.918127	7345
3	117632	0.918252	7346
3	117648	0.918377	7347
3	117664	0.918502	7348
3	117680	0.918627	7349
3	117696	0.918752	7350
3	117712	0.918877	7351
3	117728	0.919002	7352
3	117744	0.919127	7353
3	117760	0.919252	7354
3	117776	0.919377	7355
3	117792	0.919502	7356
3	117808	0.919627	7357
3	117824	0.919752	7358
3	117840	0.919877	7359
3	117856	0.920002	7360
3	117872	0.920127	7361
3	117888	0.920252	7362
3	117904	0.920377	7363
3	117920	0.920502	7364
3	117936	0.920627	7365
3	117952	0.920752	7366
3	117968	0.920877	7367
3	117984	0.921002	7368
3	118000	0.921127	7369
3	118016	0.921252	7370
3	118032	0.921377	7371
3	118048	0.921502	7372
3	118064	0.921627	7373
3	118080	0.921752	7374
3	118096	0.921877	7375
3	118112	0.922002	7376
3	118128	0.922127	7377
3	118144	0.922252	7378
3	118160	0.922377	7379
3	118176	0.922502	7380
3	118192	0.922627	7381
3	118208	0.922752	7382
3	118224	0.922877	7383
3	118240	0.923002	7384
3	118256	0.923127	7385
3	118272	0.923252	7386
3	118288	0.923377	7387
3	118304	0.923502	7388
3	118320	0.923627	7389
3	118336	0.923752	7390
3	118352	0.923877	7391
3	118368	0.924002	7392
3	118384	0.924127	7393
3	118400	0.924252	7394
3	118416	0.924377	7395
3	118432	0.924502	7396
3	118448	0.924627	7397
3	118464	0.924752	7398
3	118480	0.924877	7399
3	118496	0.925002	7400
3	118512	0.925127	7401
3	118528	0.925252	7402
3	118544	0.925377	7403
3	118560	0.925502	7404
3	118576	0.925627	7405
3	118592	0.925752	7406
3	118608	0.925877	7407
3	118624	0.926002	7408
3	118640	0.926127	7409
3	118656	0.926252	7410
3	118672	0.926377	7411
3	118688	0.926502	7412
3	118704	0.926627	7413
3	118720	0.926752	7414
3	118736	0.926877	7415
3	118752	0.927002	7416
3	118768	0.927127	7417
3	118788	0.927252	7418
3	118804	0.927377	7419
3	118820	0.927502	7420
3	118836	0.927627	7421
3	118852	0.927752	7422
3	118868	0.927877	7423
3	118884	0.928002	7424
3	118900	0.928127	7425
3	118916	0.928252	7426
3	118932	0.928377	7427
3	118948	0.928502	7428
3	118964	0.928627	7429
3	118980	0.928752	7430
3	118996	0.928877	7431
3	119012	0.929002	7432
3	119028	0.929127	7433
3	119044	0.929252	7434
3	119060	0.929377	7435
3	119076	0.929502	7436
3	119092	0.929627	7437
3	119108	0.929752	7438
3	119124	0.929877	7439
3	119140	0.930002	7440
3	119156	0.930127	7441
3	119172	0.930252	7442
3	119188	0.930377	7443
3	119204	0.930502	7444
3	119220	0.930627	7445
3	119236	0.930752	7446
3	119252	0.930877	7447
3	119268	0.931002	7448
3	119284	0.931127	7449
3	119300	0.931252	7450
3	119316	0.931377	7451
3	119332	0.931502	7452
3	119348	0.931627	7453
3	119364	0.931752	7454
3	119380	0.931877	7455
3	119396	0.932002	7456
3	119412	0.932127	7457
3	119428	0.932252	7458
3	119444	0.932377	7459
3	119460	0.932502	7460
3	119476	0.932627	7461
3	119492	0.932752	7462
3	119508	0.932877	7463
3	119524	0.933002	7464
3	119540	0.933127	7465
3	119556	0.933252	7466
3	119572	0.933377	7467
3	119588	0.933502	7468
3	119604	0.933627	7469
3	119620	0.933752	7470
3	119636	0.933877	7471
3	119652	0.934002	7472
3	119668	0.934127	7473
3	119684	0.934252	7474
3	119700	0.934377	7475
3	119716	0.934502	7476
3	119732	0.934627	7477
3	119748	0.934752	7478
3	119764	0.934877	7479
3	119780	0.935002	7480
3	119796	0.935127	7481
3	119812	0.935252	7482
3	119828	0.935377	7483
3	119844	0.935502	7484
3	119860	0.935627	7485
3	119876	0.935752	7486
3	119892	0.935877	7487
3	119908	0.936002	7488
3	119924	0.936127	7489
3	119940	0.936252	7490
3	119956	0.936377	7491
3	119972	0.936502	7492
3	119988	0.936627	7493
3	120004	0.936752	7494
3	120020	0.936877	7495
3	120036	0.937002	7496
3	120052	0.937127	7497
3	120068	0.937252	7498
3	120084	0.937377	7499
3	120100	0.937502	7500
3	120116	0.937627	7501
3	120132	0.937752	7502
3	120148	0.937877	7503
3	120164	0.938002	7504
3	120180	0.938127	7505
3	120196	0.938252	7506
3	120212	0.938377	7507
3	120228	0.938502	7508
3	120244	0.938627	7509
3	120260	0.938752	7510
3	120276	0.938877	7511
3	120292	0.939002	7512
3	120308	0.939127	7513
3	120324	0.939252	7514
3	120340	0.939377	7515
3	120356	0.939502	7516
3	120372	0.939627	7517
3	120388	0.939752	7518
3	120404	0.939877	7519
3	120420	0.940002	7520
3	120436	0.940127	7521
3	120452	0.940252	7522
3	120468	0.940377	7523
3	120484	0.940502	7524
3	120500	0.940627	7525
3	120516	0.940752	7526
3	120532	0.940877	7527
3	120548	0.941002	7528
3	120564	0.941127	7529
3	120580	0.941252	7530
3	120596	0.941377	7531
3	120612	0.941502	7532
3	120628	0.941627	7533
3	120644	0.941752	7534
3	120660	0.941877	7535
3	120676	0.942002	7536
3	120692	0.942127	7537
3	120708	0.942252	7538
3	120724	0.942377	7539
3	120740	0.942502	7540
3	120756	0.942627	7541
3	120772	0.942752	7542
3	120788	0.942877	7543
3	120804	0.943002	7544
3	120820	0.943127	7545
3	120836	0.943252	7546
3	120852	0.943377	7547
3	120868	0.943502	7548
3	120884	0.943627	7549
3	120900	0.943752	7550
3	120916	0.943877	7551
3	120932	0.944002	7552
3	120948	0.944127	7553
3	120964	0.944252	7554
3	120980	0.944377	7555
3	120996	0.944502	7556
3	121012	0.944627	7557
3	121028	0.944752	7558
3	121044	0.944877	7559
3	121060	0.945002	7560
3	121076	0.945127	7561
3	121092	0.945252	7562
3	121108	0.945377	7563
3	121124	0.945502	7564
3	121140	0.945627	7565
3	121156	0.945752	7566
3	121172	0.945877	7567
3	121188	0.946002	7568
3	121204	0.946127	7569
3	121220	0.946252	7570
3	121236	0.946377	7571
3	121252	0.946502	7572
3	121268	0.946627	7573
3	121284	0.946752	7574
3	121300	0.946877	7575
3	121316	0.947002	7576
3	121332	0.947127	7577
3	121348	0.947252	7578
3	121364	0.947377	7579
3	121380	0.947502	7580
3	121396	0.947627	7581
3	121412	0.947752	7582
3	121428	0.947877	7583
3	121444	0.948002	7584
3	121460	0.948127	7585
3	121476	0.948252	7586
3	121492	0.948377	7587
3	121508	0.948502	7588
3	121524	0.948627	7589
3	121540	0.948752	7590
3	121556	0.948877	7591
3	121572	0.949002	7592
3	121588	0.949127	7593
3	121604	0.949252	7594
3	121620	0.949377	7595
3	121636	0.949502	7596
3	121652	0.949627	7597
3	121668	0.949752	7598
3	121684	0.949877	7599
3	121700	0.950002	7600
3	121716	0.950127	7601
3	121732	0.950252	7602
3	121748	0.950377	7603
3	121764	0.950502	7604
3	121780	0.950627	7605
3	121796	0.950752	7606
3	121812	0.950877	7607
3	121828	0.951002	7608
3	121844	0.951127	7609
3	121860	0.951252	7610
3	121876	0.951377	7611
3	121892	0.951502	7612
3	121908	0.951627	7613
3	121924	0.951752	7614
3	121940	0.951877	7615
3	121956	0.952002	7616
3	121972	0.952127	7617
3	121988	0.952252	7618
3	122004	0.952377	7619
3	122020	0.952502	7620
3	122036	0.952627	7621
3	122052	0.952752	7622
3	122068	0.952877	7623
3	122084	0.953002	7624
3	122100	0.953127	7625
3	122116	0.953252	7626
3	122132	0.953377	7627
3	122148	0.953502	7628
3	122164	0.953627	7629
3	122180	0.953752	7630
3	122196	0.953877	7631
3	122212	0.954002	7632
3	122228	0.954127	7633
3	122244	0.954252	7634
3	122260	0.954377	7635
3	122276	0.954502	7636
3	122292	0.954627	7637
3	122308	0.954752	7638
3	122324	0.954877	7639
3	122340	0.955002	7640
3	122356	0.955127	7641
3	122372	0.955252	7642
3	122388	0.955377	7643
3	122404	0.955502	7644
3	122420	0.955627	7645
3	122436	0.955752	7646
3	122452	0.955877	7647
3	122468	0.956002	7648
3	122484	0.956127	7649
3	122500	0.956252	7650
3	122516	0.956377	7651
3	122532	0.956502	7652
3	122548	0.956627	7653
3	122564	0.956752	7654
3	122580	0.956877	7655
3	122596	0.957002	7656
3	122612	0.957127	7657
3	122628	0.957252	7658
3	122644	0.957377	7659
3	122660	0.957502	7660
3	122676	0.957627	7661
3	122692	0.957752	7662
3	122708	0.957877	7663
3	122724	0.958002	7664
3	122740	0.958127	7665
3	122756	0.958252	7666
3	122772	0.958377	7667
3	122788	0.958502	7668
3	122804	0.958627	7669
3	122820	0.958752	7670
3	122836	0.958877	7671
3	122852	0.959002	7672
3	122868	0.959127	7673
3	122884	0.959252	7674
3	122900	0.959377	7675
3	122916	0.959502	7676
3	122932	0.959627	7677
3	122948	0.959752	7678
3	122964	0.959877	7679
3	122980	0.960002	7680
3	122996	0.960127	7681
3	123012	0.960252	7682
3	123028	0.960377	7683
3	123044	0.960502	7684
3	123060	0.960627	7685
3	123076	0.960752	7686
3	123092	0.960877	7687
3	123108	0.961002	7688
3	123124	0.961127	7689
3	123140	0.961252	7690
3	123156	0.961377	7691
3	123172	0.961502	7692
3	123188	0.961627	7693
3	123204	0.961752	7694
3	123220	0.961877	7695
3	123236	0.962002	7696
3	123252	0.962127	7697
3	123268	0.962252	7698
3	123284	0.962377	7699
3	123300	0.962502	7700
3	123316	0.962627	7701
3	123332	0.962752	7702
3	123348	0.962877	7703
3	123364	0.963002	7704
3	123380	0.963127	7705
3	123396	0.963252	7706
3	123412	0.963377	7707
3	123428	0.963502	7708
3	123444	0.963627	7709
3	123460	0.963752	7710
3	123476	0.963877	7711
3	123492	0.964002	7712
3	123508	0.964127	7713
3	123524	0.964252	7714
3	123540	0.964377	7715
3	123560	0.964502	7716
3	123576	0.964627	7717
3	123592	0.964752	7718
3	123608	0.964877	7719
3	123624	0.965002	7720
3	123640	0.965127	7721
3	123656	0.965252	7722
3	123672	0.965377	7723
3	123688	0.965502	7724
3	123704	0.965627	7725
3	123720	0.965752	7726
3	123736	0.965877	7727
3	123752	0.966002	7728
3	123768	0.966127	7729
3	123784	0.966252	7730
3	123800	0.966377	7731
3	123816	0.966502	7732
3	123832	0.966627	7733
3	123848	0.966752	7734
3	123864	0.966877	7735
3	123880	0.967002	7736
3	123896	0.967127	7737
3	123912	0.967252	7738
3	123928	0.967377	7739
3	123944	0.967502	7740
3	123960	0.967627	7741
3	123976	0.967752	7742
3	123992	0.967877	7743
3	124008	0.968002	7744
3	124024	0.968127	7745
3	124040	0.968252	7746
3	124056	0.968377	7747
3	124072	0.968502	7748
3	124088	0.968627	7749
3	124104	0.968752	7750
3	124120	0.968877	7751
3	124136	0.969002	7752
3	124152	0.969127	7753
3	124168	0.969252	7754
3	124184	0.969377	7755
3	124200	0.969502	7756
3	124216	0.969627	7757
3	124232	0.969752	7758
3	124248	0.969877	7759
3	124264	0.970002	7760
3	124280	0.970127	7761
3	124296	0.970252	7762
3	124312	0.970377	7763
3	124328	0.970502	7764
3	124344	0.970627	7765
3	124360	0.970752	7766
3	124376	0.970877	7767
3	124392	0.971002	7768
3	124408	0.971127	7769
3	124424	0.971252	7770
3	124440	0.971377	7771
3	124456	0.971502	7772
3	124472	0.971627	7773
3	124488	0.971752	7774
3	124504	0.971877	7775
3	124520	0.972002	7776
3	124536	0.972127	7777
3	124552	0.972252	7778
3	124568	0.972377	7779
3	124584	0.972502	7780
3	124600	0.972627	7781
3	124616	0.972752	7782
3	124632	0.972877	7783
3	124648	0.973002	7784
3	124664	0.973127	7785
3	124680	0.973252	7786
3	124696	0.973377	7787
3	124712	0.973502	7788
3	124728	0.973627	7789
3	124744	0.973752	7790
3	124760	0.973877	7791
3	124776	0.974002	7792
3	124792	0.974127	7793
3	124808	0.974252	7794
3	124824	0.974377	7795
3	124840	0.974502	7796
3	124856	0.974627	7797
3	124872	0.974752	7798
3	124888	0.974877	7799
3	124904	0.975002	7800
3	124920	0.975127	7801
3	124936	0.975252	7802
3	124952	0.975377	7803
3	124968	0.975502	7804
3	124984	0.975627	7805
3	125000	0.975752	7806
3	125016	0.975877	7807
3	125032	0.976002	7808
3	125048	0.976127	7809
3	125064	0.976252	7810
3	125080	0.976377	7811
3	125096	0.976502	7812
3	125112	0.976627	7813
3	125128	0.976752	7814
3	125144	0.976877	7815
3	125160	0.977002	7816
3	125176	0.977127	7817
3	125192	0.977252	7818
3	125208	0.977377	7819
3	125224	0.977502	7820
3	125240	0.977627	7821
3	125256	0.977752	7822
3	125272	0.977877	7823
3	125288	0.978002	7824
3	125304	0.978127	7825
3	125320	0.978252	7826
3	125336	0.978377	7827
3	125352	0.978502	7828
3	125368	0.978627	7829
3	125384	0.978752	7830
3	125400	0.978877	7831
3	125416	0.979002	7832
3	125432	0.979127	7833
3	125448	0.979252	7834
3	125464	0.979377	7835
3	125480	0.979502	7836
3	125496	0.979627	7837
3	125512	0.979752	7838
3	125528	0.979877	7839
3	125544	0.980002	7840
3	125560	0.980127	7841
3	125576	0.980252	7842
3	125592	0.980377	7843
3	125608	0.980502	7844
3	125624	0.980627	7845
3	125640	0.980752	7846
3	125656	0.980877	7847
3	125672	0.981002	7848
3	125688	0.981127	7849
3	125704	0.981252	7850
3	125720	0.981377	7851
3	125736	0.981502	7852
3	125752	0.981627	7853
3	125768	0.981752	7854
3	125784	0.981877	7855
3	125800	0.982002	7856
3	125816	0.982127	7857
3	125832	0.982252	7858
3	125848	0.982377	7859
3	125864	0.982502	7860
3	125880	0.982627	7861
3	125896	0.982752	7862
3	125912	0.982877	7863
3	125928	0.983002	7864
3	125944	0.983127	7865
3	125960	0.983252	7866
3	125976	0.983377	7867
3	125992	0.983502	7868
3	126008	0.983627	7869
3	126024	0.983752	7870
3	126040	0.983877	7871
3	126056	0.984002	7872
3	126072	0.984127	7873
3	126088	0.984252	7874
3	126104	0.984377	7875
3	126120	0.984502	7876
3	126136	0.984627	7877
3	126152	0.984752	7878
3	126168	0.984877	7879
3	126184	0.985002	7880
3	126200	0.985127	7881
3	126216	0.985252	7882
3	126232	0.985377	7883
3	126248	0.985502	7884
3	126264	0.985627	7885
3	126280	0.985752	7886
3	126296	0.985877	7887
3	126312	0.986002	7888
3	126328	0.986127	7889
3	126344	0.986252	7890
3	126360	0.986377	7891
3	126376	0.986502	7892
3	126392	0.986627	7893
3	126408	0.986752	7894
3	126424	0.986877	7895
3	126440	0.987002	7896
3	126456	0.987127	7897
3	126472	0.987252	7898
3	126488	0.987377	7899
3	126504	0.987502	7900
3	126520	0.987627	7901
3	126536	0.987752	7902
3	126552	0.987877	7903
3	126568	0.988002	7904
3	126584	0.988127	7905
3	126600	0.988252	7906
3	126616	0.988377	7907
3	126632	0.988502	7908
3	126648	0.988627	7909
3	126664	0.988752	7910
3	126680	0.988877	7911
3	126696	0.989002	7912
3	126712	0.989127	7913
3	126728	0.989252	7914
3	126744	0.989377	7915
3	126760	0.989502	7916
3	126776	0.989627	7917
3	126792	0.989752	7918
3	126808	0.989877	7919
3	126824	0.990002	7920
3	126840	0.990127	7921
3	126856	0.990252	7922
3	126872	0.990377	7923
3	126888	0.990502	7924
3	126904	0.990627	7925
3	126920	0.990752	7926
3	126936	0.990877	7927
3	126952	0.991002	7928
3	126968	0.991127	7929
3	126984	0.991252	7930
3	127000	0.991377	7931
3	127016	0.991502	7932
3	127032	0.991627	7933
3	127048	0.991752	7934
3	127064	0.991877	7935
3	127080	0.992002	7936
3	127096	0.992127	7937
3	127112	0.992252	7938
3	127128	0.992377	7939
3	127144	0.992502	7940
3	127160	0.992627	7941
3	127176	0.992752	7942
3	127192	0.992877	7943
3	127208	0.993002	7944
3	127224	0.993127	7945
3	127240	0.993252	7946
3	127256	0.993377	7947
3	127272	0.993502	7948
3	127288	0.993627	7949
3	127304	0.993752	7950
3	127320	0.993877	7951
3	127336	0.994002	7952
3	127352	0.994127	7953
3	127368	0.994252	7954
3	127384	0.994377	7955
3	127400	0.994502	7956
3	127416	0.994627	7957
3	127432	0.994752	7958
3	127448	0.994877	7959
3	127464	0.995002	7960
3	127480	0.995127	7961
3	127496	0.995252	7962
3	127512	0.995377	7963
3	127528	0.995502	7964
3	127544	0.995627	7965
3	127560	0.995752	7966
3	127576	0.995877	7967
3	127592	0.996002	7968
3	127608	0.996127	7969
3	127624	0.996252	7970
3	127640	0.996377	7971
3	127656	0.996502	7972
3	127672	0.996627	7973
3	127688	0.996752	7974
3	127704	0.996877	7975
3	127720	0.997002	7976
3	127736	0.997127	7977
3	127752	0.997252	7978
3	127768	0.997377	7979
3	127784	0.997502	7980
3	127800	0.997627	7981
3	127816	0.997752	7982
3	127832	0.997877	7983
3	127848	0.998002	7984
3	127864	0.998127	7985
3	127880	0.998252	7986
3	127896	0.998377	7987
3	127912	0.998502	7988
3	127928	0.998627	7989
3	127944	0.998752	7990
3	127960	0.998877	7991
3	127976	0.999002	7992
3	127992	0.999127	7993
3	128008	0.999252	7994
3	128024	0.999377	7995
3	128040	0.999502	7996
3	128056	0.999627	7997
3	128072	0.999752	7998
3	128088	0.999877	7999

